method,requested_dt,step,time,dt,viscosity,energy,enstrophy,max_abs_u1,max_abs_omega1,max_abs_psi1,max_abs_u_r,max_abs_u_z,max_cartesian_vorticity,amplification,argmax_u1_r,argmax_u1_z,argmax_u1_value,circulation_max,divergence_residual_max,axis_parity_defect,odd_symmetry_defect,wall_u1_max_abs,advective_cfl,viscous_cfl,divergence_relative_denominator,divergence_residual_relative,divergence_residual_argmax_r,divergence_residual_argmax_z,divergence_pointwise_ratio_max,divergence_pointwise_ratio_argmax_r,divergence_pointwise_ratio_argmax_z,axis_parity_defect_u1,axis_parity_defect_omega1,axis_parity_relative_u1,axis_parity_relative_omega1,axis_parity_relative_denominator_u1,axis_parity_relative_denominator_omega1,axis_parity_argmax_z_u1,axis_parity_argmax_z_omega1,argmax_cartesian_vorticity_r,argmax_cartesian_vorticity_z
heun,6.000e-07,0.0,0.0,0.0,0.0005,4008.11113236055,773886.7345045686,3265.5332310870513,0.0,0.0,0.0,0.0,7494.3062310458845,1.0,0.0,0.0859375,3265.533231087051,64.88057619110188,0.0,11.361380314832786,6.366462912410498e-12,0.0,0.0,0.0,0.0,0.0,0.0,0.0,0.0,0.0,0.0,11.361380314832786,0.0,0.0009388669913412475,0.0,12101.160675168838,0.0,0.9140625,0.0,0.171875,0.0
heun,6.000e-07,100.0,5.999805639200652e-05,5.999805639200657e-07,0.0005,4007.990230996263,776901.5905372624,3226.1970287254885,12619.013723951099,9.316632756961969,22.067203505933144,18.633265513923938,7517.280474493829,1.0030655597382412,0.0,0.0859375,3226.197028725488,64.88628936222263,9.737245891533576,175.34270602924516,8.549250196665525e-11,0.0,0.0014309884352916987,1.9660163118532714e-05,1216.7093828263953,0.008002934824842165,0.0,0.0,0.02301826946447006,0.0,0.1953125,9.736577030213084,175.34270602924516,0.0008135397233169493,0.0026970086127191305,11968.164247119108,65013.773112301715,0.09375,0.96875,0.171875,0.0
heun,6.000e-07,200.0,0.00011999611278401369,5.999805639200657e-07,0.0005,4007.722766393826,785877.112587589,3112.441064033569,24685.17040841432,18.366833623782387,43.60678338595447,36.733667247564775,7586.047830481604,1.0122415066328183,0.0,0.0859375,3112.4410640335686,64.90202499776376,18.73183370523475,319.5996678225929,1.7462298274040222e-10,0.0,0.002821054257925883,1.9660163118532714e-05,2384.6850043236454,0.007855055771002154,0.0,0.0,0.02473488978547286,0.0,0.1953125,7.174633600589004,319.5996678225929,0.0006199377589785036,0.0025214416563157857,11573.151492515855,126752.75155467098,0.8359375,0.96875,0.171875,0.0
heun,6.000e-07,300.0,0.00017999416917602087,5.999805639200657e-07,0.0005,4007.315399258416,800524.563640019,2935.841947672658,35710.34732209383,26.914755369641306,64.14073183304599,53.82951073928261,7699.012757384421,1.027314940172917,0.0,0.0859375,2935.8419476726576,64.9207770884915,26.385702724003295,438.2072772511747,2.6557245291769505e-10,0.0,0.00413397250673869,1.9660163118532714e-05,3462.3024233093033,0.007620854419407874,0.0,0.0,0.058368936805583874,0.046875,0.1953125,6.022629280669207,438.2072772511747,0.0005436222648018036,0.0024039988623372156,11078.702383289921,182282.64751554036,0.203125,0.0390625,0.171875,0.0
heun,6.000e-07,400.0,0.00023999222556802806,5.999805639200657e-07,0.0005,4006.7794101173736,820417.8987506485,2714.986249152835,45317.197460855736,34.77808799000982,83.27850992577186,69.55617598001965,7853.607294923561,1.0479432055217117,0.0,0.09375,2714.986249152835,64.93029785159098,32.333546432981166,548.4575426711235,3.7834979593753815e-10,0.0,0.005341741272142786,1.9660163118532714e-05,4420.033830475162,0.007315226008011175,0.0,0.0,0.01714561512934532,0.0,0.9609375,5.370341693218506,548.4575426711235,0.0005102015175241741,0.002391627726260199,10525.922618338845,229323.96068544895,0.21875,0.046875,0.171875,0.0
heun,6.000e-07,500.0,0.0002999902819600327,5.999805639200657e-07,0.0005,4006.1303105005995,845057.3869456907,2482.6334401013905,53266.572938817466,41.85434656766955,100.74286566831117,83.7086931353391,8046.415082209983,1.0736704418184746,0.0,0.109375,2482.6334401013905,64.91225027474457,36.454978504609244,691.8434123864863,4.94765117764473e-10,0.0,0.0064286193807811184,1.9660163118532714e-05,5242.572686326983,0.0069536429317778505,0.0,0.0,0.06199697425531318,0.984375,0.25,6.728585077202297,691.8434123864863,0.0006737573336074971,0.00259310171170258,9986.659501241273,266801.4946209863,0.921875,0.0546875,0.171875,0.0
heun,6.000e-07,600.0,0.0003599883383520372,5.999805639200657e-07,0.0005,4005.3869377972705,873931.6554247686,2288.8906993185387,60018.63991193911,48.180687023113045,116.37948402236769,96.36137404622609,8273.34539492022,1.103950804765235,0.0,0.1328125,2288.8906993185387,64.84107659754379,38.82533013693683,907.8203107048757,5.165929906070232e-10,0.0,0.00740031379716699,1.9660163118532714e-05,5928.060570388792,0.006549415222049674,0.0,0.0,0.22180471578893476,0.0,0.796875,8.853717522339139,907.8203107048757,0.0009326241346740043,0.0030516771414084145,9493.33948497261,297482.42315237096,0.9765625,0.0546875,0.171875,0.0
heun,6.000e-07,700.0,0.00041998639474404167,5.999805639200657e-07,0.0005,4004.5700693532617,906564.9167909905,2140.5326789351684,65614.16419166539,53.69364336303896,130.15154664389325,107.38728672607792,8529.850663998483,1.1381774911549192,0.0,0.140625,2140.532678935168,64.7046327635006,39.639158713929646,1167.3312302983832,4.874891601502895e-10,0.0,0.008247076460513026,1.9660163118532714e-05,6485.302706772025,0.006112152432381914,0.0,0.0,0.03770882419257754,0.0,0.796875,14.461413673707284,1167.3312302983832,0.0015997509666177815,0.003640415248122843,9039.790552076884,320658.81245286786,0.9765625,0.0625,0.171875,0.0
heun,6.000e-07,800.0,0.00047998445113604614,5.999805639200657e-07,0.0005,4003.7007762403523,942543.4245372367,2044.4740110679352,69769.22123320824,58.52485799051213,142.12268064393425,117.04971598102426,8811.173238901185,1.175715665634272,0.0,0.046875,2044.4740110679352,64.81789429692328,39.13611706244865,1469.4478689818643,5.675246939063072e-10,0.0,0.008989126988925244,1.9660163118532714e-05,6930.109260157787,0.00564725830333555,0.0,0.0,0.06952241311694841,0.0,0.7890625,22.581037272888352,1469.4478689818643,0.002592100103500638,0.004342924967905271,8711.483496487115,338354.42238612403,0.9765625,0.0625,0.171875,0.0
heun,6.000e-07,900.0,0.0005399825075280553,5.999805639200657e-07,0.0005,4002.7987942878685,981522.3170646777,2016.1337049954395,72652.28472016627,62.71758853129866,152.4328615485072,125.43517706259732,9112.599930294717,1.2159364255152658,0.0,0.046875,2016.1337049954395,64.8482754137928,38.01884680927742,2130.2844555824995,6.402842700481415e-10,0.0,0.009633109538487094,1.9660163118532714e-05,7281.7128807526715,0.005221140606871555,0.0,0.015625,0.08660977517173882,0.0,0.2109375,34.16963809256413,2130.2844555824995,0.004078850502300935,0.006072091819744228,8377.271506589557,350832.0557102894,0.9765625,0.9765625,0.171875,0.0
heun,6.000e-07,1000.0,0.0005999805639200652,5.999805639200657e-07,0.0005,4001.8811361166963,1023218.5770322966,2012.5173528895343,74521.07944034293,66.3306278974927,161.6569737767939,132.6612557949854,9429.69824407487,1.2582483225747352,0.0,0.046875,2012.5173528895343,64.7575898132052,38.75135886055068,3240.0171787510626,7.930793799459934e-10,0.0,0.010188054407964086,1.9660163118532714e-05,7559.853345547486,0.00512594055589372,0.0,0.9765625,0.049345622597191115,0.0,0.78125,50.21649704282754,3240.0171787510626,0.006164068652590127,0.00894503608606934,8146.647916019996,362213.98634678987,0.9765625,0.9765625,0.171875,0.0
heun,6.000e-07,1100.0,0.0006599786203120751,5.999805639200657e-07,0.0005,4000.961075357293,1067397.2844378208,2025.8500071523079,75642.45075871919,69.52493075304373,169.59580018253178,139.04986150608747,9758.507728131079,1.302122895339601,0.0,0.046875,2025.8500071523079,64.57529892835095,40.760854241877496,4679.958744740346,9.167706593871117e-10,0.0,0.010678683432886962,1.9660163118532714e-05,7782.776256554946,0.0052373154383755,0.0,0.96875,1.0,0.0,0.21875,71.87298990204727,4679.958744740346,0.009058361773212327,0.012199571386187139,7934.435795509111,383616.6531259606,0.9765625,0.9765625,0.171875,0.0
heun,6.000e-07,1200.0,0.000719976676704085,5.999805639200657e-07,0.0005,4000.047556733585,1113857.410979895,2048.2285156943603,76217.7683031315,72.26167884588328,176.3523038166942,144.52335769176656,10095.66414272444,1.3471112377156647,0.0,0.046875,2048.2285156943603,64.74948654170865,44.31177311730244,6708.886607182678,9.531504474580288e-10,0.0,0.011099034322883516,1.9660163118532714e-05,7966.136884416057,0.005562517159853026,0.0,0.03125,0.09856416305467595,0.0,0.046875,103.4050680433138,6708.886607182678,0.013319083048961008,0.016218822073783234,7763.677699372871,413648.2030977574,0.96875,0.96875,0.171875,0.0
heun,6.000e-07,1300.0,0.0007799747330960949,5.999805639200657e-07,0.0005,3999.1450343031916,1162421.2761573698,2073.7622828081844,76943.52154794034,74.68219106498105,182.09411471809221,149.3643821299621,10438.442744053742,1.392849774514349,0.0,0.046875,2073.7622828081844,64.73243070665072,47.67440957512099,9361.787544625811,1.2441887520253658e-09,0.0,0.011470812956148076,1.9660163118532714e-05,8122.6420429808295,0.005869322976791618,0.0,0.03125,0.1817647879552216,0.0,0.953125,145.78562618793512,9361.787544625811,0.019183042068765886,0.020853243853303234,7599.713625468477,448936.7510629704,0.96875,0.96875,0.171875,0.0
heun,6.000e-07,1400.0,0.0008399727894881048,5.999805639200657e-07,0.0005,3998.2537025158126,1212929.484246196,2099.21426627007,77525.92306004347,76.83128736109111,186.97513700253432,153.66257472218223,10784.718138540937,1.4390549046240204,0.0,0.046875,2099.21426627007,64.43039939490022,53.06646297263342,12763.326632983517,1.5497789718210697e-09,0.0,0.011800903454108688,1.9660163118532714e-05,8262.195267590294,0.006422804261331684,0.0,0.0390625,1.0,0.0,0.2265625,201.39875662986015,12763.326632983517,0.02585218087783031,0.02604495238342744,7790.397165392373,490049.9123624775,0.96875,0.96875,0.171875,0.0
heun,6.000e-07,1500.0,0.0008999708458801147,5.999805639200657e-07,0.0005,3997.370050843685,1265241.30103363,2123.7945038779167,78806.31259915026,78.70186174833464,191.12686868955277,157.40372349666927,11132.849392970547,1.4855076707236285,0.015625,0.046875,2123.7945038779153,64.59762803113706,58.5638425580828,17180.17616064148,1.6298145055770874e-09,0.0,0.012088214372691164,1.9660163118532714e-05,8392.317740703982,0.006978268026488023,0.0,0.0390625,1.0,0.0,0.046875,273.70317520603567,17180.17616064148,0.030128737901172088,0.03183404995447423,9084.45538289169,539679.2486413382,0.03125,0.96875,0.171875,0.0
heun,6.000e-07,1600.0,0.0009599689022721246,5.999805639200657e-07,0.0005,3996.4876439634295,1319239.2446196235,2157.5789934959275,80246.20621689882,80.34019923349675,194.79474042644318,160.6803984669935,11498.453444813636,1.5342919131300221,0.046875,0.0390625,2157.5789934959275,64.59964043392739,64.18021486496491,22880.951954792254,1.5133991837501526e-09,0.0,0.012339854858640335,1.9660163118532714e-05,8518.670109891269,0.007534065063799506,0.0,0.0390625,1.0,0.0,0.046875,367.37248834053025,22880.951954792254,0.03561811037684467,0.038252266154337036,10314.204893344344,598159.3838773919,0.03125,0.96875,0.15625,0.0
heun,6.000e-07,1700.0,0.0010199669586641266,5.999805639200657e-07,0.0005,3995.598012915996,1374836.1440125937,2201.4736805996026,82273.50966633942,81.87484274707666,198.5923757287893,163.7496854941533,11888.764783956121,1.5863729633445949,0.046875,0.0390625,2201.4736805996026,64.20886568261747,70.12547954908587,30011.140163737815,1.9354047253727913e-09,0.0,0.012575568466497985,1.9660163118532714e-05,8676.63082387713,0.008082109400818148,0.0,0.0390625,0.7709412286351126,0.0,0.046875,489.6779518964322,30011.140163737815,0.04230897208152821,0.04529589195134116,11573.856035850658,662557.6596654085,0.03125,0.03125,0.15625,0.0
heun,6.000e-07,1800.0,0.0010799650150561256,5.999805639200657e-07,0.0005,3994.6915429096066,1431982.935828041,2257.312085484622,85158.12780086558,83.24190384882807,202.10473909139978,166.48380769765615,12287.991895953583,1.6396436864361632,0.0625,0.0390625,2257.312085484622,64.38348392769196,76.50736353252705,38722.18965603551,2.2264430299401283e-09,0.0,0.012785542249727937,1.9660163118532714e-05,8893.028427585003,0.008603071963113407,0.0,0.9609375,0.6588394614897748,0.0,0.046875,651.513366826126,38722.18965603551,0.05075317866603512,0.0532226468902539,12836.897785519977,727550.9941450562,0.03125,0.03125,0.15625,0.0
heun,6.000e-07,1900.0,0.0011399630714481247,5.999805639200657e-07,0.0005,3993.758260147011,1490675.862485619,2319.462678713822,88876.33424173608,84.46870175319413,205.34184949547526,168.93740350638825,12695.078252625332,1.6939631049548989,0.0625,0.0390625,2319.4626787138213,64.38556644753976,84.05243483642244,49657.86500475649,2.0081643015146255e-09,0.0,0.012973972303738177,1.9660163118532714e-05,9128.152336904917,0.009208044709836875,0.0,0.953125,0.681056928252725,0.0,0.046875,866.5886871769908,49657.86500475649,0.062107194482487395,0.06301329237274635,13953.112749624299,788053.8079332898,0.03125,0.03125,0.15625,0.0
heun,6.000e-07,2000.0,0.0011999611278401237,5.999805639200657e-07,0.0005,3992.788450237436,1550962.3392400588,2387.489340264499,92958.06932081316,85.5787614826403,208.28313290966028,171.1575229652806,13108.275208041803,1.7490978889732998,0.0625,0.0390625,2387.4893402644984,63.889136754083665,93.36076964785207,64299.255085515324,2.3137545213103294e-09,0.0,0.013144471954927444,1.9660163118532714e-05,9386.161333847602,0.009946640200097792,0.0,0.953125,0.8170677703787098,0.0,0.046875,1149.5778537448496,64299.255085515324,0.07506406466919104,0.07465646808171456,15314.623033152602,861268.3768422739,0.03125,0.03125,0.15625,0.0
heun,6.000e-07,2100.0,0.0012599591842321228,5.999805639200657e-07,0.0005,3991.7730793217474,1612945.4143727492,2462.602371746325,97404.62670071422,86.59171448876344,210.87838164617546,173.1834289775269,13586.221591941987,1.8128724892051724,0.0625,0.0390625,2462.602371746325,64.11460905776016,102.86760823035183,84376.06054212525,2.8812792152166367e-09,0.0,0.013300056496582046,1.9660163118532714e-05,9671.4205539825,0.010636246005039351,0.0,0.953125,1.0,0.0,0.046875,1517.1387542441953,84376.06054212525,0.09035785336648089,0.08958082226704292,16790.3363982194,941898.7056247137,0.03125,0.03125,0.140625,0.0
heun,6.000e-07,2200.0,0.0013199572406241218,5.999805639200657e-07,0.0005,3990.704026244063,1676787.3394019112,2545.5987868095076,102223.43150123491,87.52383902349695,214.64138916509566,175.0476780469939,14117.192121273642,1.8837223468120126,0.0625,0.0390625,2545.5987868095076,64.11022415855382,112.32179309621097,110441.00680930074,3.245077095925808e-09,0.0,0.013443226187204288,1.9660163118532714e-05,10027.033954074486,0.01120189615500095,0.0,0.953125,1.0,0.0,0.046875,1994.766693686077,110441.00680930074,0.10821936556948454,0.10470042851753124,18432.622324008124,1054828.603598392,0.03125,0.03125,0.140625,0.0
heun,6.000e-07,2300.0,0.0013799552970161209,5.999805639200657e-07,0.0005,3989.5741565235244,1742713.2497650501,2636.28076578313,108396.36308335987,88.38856752504589,218.60192417195594,176.77713505009177,14662.465012138164,1.9564806347781056,0.0625,0.0390625,2636.28076578313,63.557803959714676,122.42327192349512,141330.7522662687,3.4051481634378433e-09,0.0,0.013576044182467542,1.9660163118532714e-05,10429.917064704416,0.01173770329754435,0.0,0.953125,1.0,0.0,0.046875,2625.275489335356,141330.7522662687,0.13057503667114068,0.11879358931765739,20105.493027332894,1189716.9963300487,0.03125,0.03125,0.140625,0.0
heun,6.000e-07,2400.0,0.00143995335340812,5.999805639200657e-07,0.0005,3988.377271391079,1811016.376163723,2746.557190724285,116123.06458806034,89.1969428836498,222.23952634131905,178.3938857672996,15274.104965117484,2.0380945873072327,0.0625,0.03125,2746.557190724285,63.81035447375434,134.55394780619827,176423.26959092775,4.241883289068937e-09,0.0,0.013700206615367192,1.9660163118532714e-05,10876.345922749446,0.012371245707141336,0.0,0.953125,0.6569006022728954,0.0,0.953125,3468.6011127511447,176423.26959092775,0.15880734968062216,0.13312204147452247,21841.56539182133,1325274.6700454745,0.03125,0.03125,0.125,0.0
heun,6.000e-07,2500.0,0.001499951409800119,5.999805639200657e-07,0.0005,3987.107964614189,1882066.6147411487,2885.484598768459,125230.72845076698,89.95801448103563,225.3878395266127,179.91602896207127,16024.326572287016,2.138200131975486,0.0625,0.03125,2885.484598768459,63.84935837112348,149.46022455221828,219661.39976289123,5.893525667488575e-09,0.0,0.013817103425910067,1.9660163118532714e-05,11372.273379223469,0.013142510698456657,0.0,0.953125,0.4192689669280315,0.0,0.953125,4589.881600136141,219661.39976289123,0.18963123963406348,0.14653925115017657,24204.24825041148,1498993.6009552656,0.03125,0.03125,0.125,0.0
heun,6.000e-07,2600.0,0.001559949466192118,5.999805639200657e-07,0.0005,3985.7614416895685,1956324.5746354496,3041.1195419348655,135187.41915740035,90.6791743156282,229.82025673724561,181.3583486312564,16802.81776802744,2.2420778188139883,0.0625,0.03125,3041.1195419348655,63.51770706806438,166.19852153274405,280453.36877762293,7.741618901491165e-09,0.0,0.013927869988274316,1.9660163118532714e-05,11924.596037357214,0.013937455072866162,0.0,0.953125,0.3092159720200523,0.0,0.953125,6053.305696894095,280453.36877762293,0.22621400503689362,0.1623342215955012,26759.199528370715,1727629.3687257573,0.03125,0.03125,0.125,0.0
heun,6.000e-07,2700.0,0.001619947522584117,5.999805639200657e-07,0.0005,3984.3333845894354,2034363.2193121049,3215.0212331747907,145799.3324086218,91.36644115427013,235.42964305318947,182.73288230854027,17680.879270603073,2.3592416329824273,0.0625,0.03125,3215.0212331747907,63.35706923920243,186.87897642573262,367553.3303068108,9.98261384665966e-09,0.0,0.014033430755099774,1.9660163118532714e-05,12541.05439941036,0.014901376748235705,0.0,0.0,0.23953718421319534,0.0,0.953125,7948.727010141636,367553.3303068108,0.25156270057078933,0.18257622643091473,31597.398947086265,2013150.000369242,0.03125,0.03125,0.109375,0.0
heun,6.000e-07,2800.0,0.0016799455789761161,5.999805639200657e-07,0.0005,3982.8199047562016,2116899.2474380606,3406.433863095876,159351.00564877645,92.02469809960175,240.44355708470704,184.0493961992035,18828.02590091013,2.5123107223605596,0.0625,0.03125,3406.433863095871,63.643790045418875,222.99142927455978,480176.4450444556,1.2332748156040907e-08,0.0,0.014134535746655451,1.9660163118532714e-05,13229.585167925328,0.01685551182777785,0.0,0.0,0.18964053992724497,0.0,0.953125,10447.114056266451,480176.4450444556,0.2822932816909783,0.19636246846703193,37008.01518791627,2445357.551232222,0.03125,0.03125,0.109375,0.0
heun,6.000e-07,2900.0,0.0017399436353681152,5.999805639200657e-07,0.0005,3981.217498181684,2204837.790952491,3611.2418193058056,177362.85372844234,92.6578751950868,244.43008407593953,185.3157503901736,20037.494790862394,2.673695759569464,0.0625,0.03125,3611.241819305785,63.51790835452798,264.7076452342335,608276.9992006477,1.5730620361864567e-08,0.0,0.014231788598062912,1.9660163118532714e-05,13997.23912736528,0.018911418375122082,0.0,0.0,0.20675428490055991,0.0,0.0390625,13821.758976918325,608276.9992006477,0.32149997636875144,0.20388859382563893,42991.47742724919,2983379.24543652,0.03125,0.03125,0.109375,0.0
heun,6.000e-07,3000.0,0.0017999416917601142,5.999805639200657e-07,0.0005,3979.5229142251223,2299338.186308874,3850.243676584344,197771.4237344683,93.26906661962651,250.60508834739812,186.53813323925303,21397.037387533863,2.8551058267267724,0.0625,0.0234375,3850.2436765843304,63.26468596933064,312.8600401401736,748850.300284659,1.964508555829525e-08,0.0,0.014325664559805874,1.9660163118532714e-05,14849.261711809415,0.021069063648555694,0.0,0.0,0.3453366583319117,0.0,0.0390625,18358.412461459127,748850.300284659,0.36893839758290486,0.20902870995428732,49760.10244998631,3582523.66599988,0.03125,0.03125,0.09375,0.0
heun,6.000e-07,3100.0,0.0018599397481521133,5.999805639200657e-07,0.0005,3977.733228724019,2401914.218208295,4186.7256112366385,219536.96061697952,93.86060767006383,259.03943253987836,187.72121534012766,23342.450097566907,3.1146912573266037,0.0625,0.0234375,4186.725611236588,63.29454770641844,369.31733683065613,925774.9935306562,2.37050699070096e-08,0.0,0.014416522321859825,1.9660163118532714e-05,15788.426922090555,0.02339164874709092,0.0,0.0,0.85132279650219,0.0,0.0390625,24181.02289909433,925774.9935306562,0.418734733519771,0.22087937778221298,57747.831654267575,4191314.747560862,0.03125,0.03125,0.09375,0.0
heun,6.000e-07,3200.0,0.0019199378045441124,5.999805639200657e-07,0.0005,3975.846708474072,2514585.9450127482,4551.952518452278,249272.15852211253,94.43417375739578,265.88483859329494,188.86834751479157,25447.459897033037,3.395572466950241,0.0625,0.0234375,4551.952518452177,63.518360431024284,438.23641884493827,1193044.676316727,3.2681033797130796e-08,0.0,0.014504619219017675,1.9660163118532714e-05,16844.76747887088,0.02601617501664165,0.0,0.0,1.0,0.0,0.0390625,31199.102668749154,1193044.676316727,0.462955941826595,0.24825499221295527,67391.08379439508,4805722.8001011275,0.03125,0.0234375,0.09375,0.0
heun,6.000e-07,3300.0,0.0019799358609361114,5.999805639200657e-07,0.0005,3973.8641553617435,2640102.7656223206,4926.7681532514825,291732.20646809245,94.99090284680311,269.61878574958524,189.98180569360622,27819.289470325675,3.7120566751171165,0.0625,0.0234375,4926.768153251321,63.540223008022295,526.6104177544876,1569853.8757339688,4.794255325447601e-08,0.0,0.014590130037069082,1.9660163118532714e-05,18267.444946701286,0.028827809214204435,0.0,0.0,0.6386983816856134,0.0,0.765625,39431.92797167682,1569853.8757339688,0.5006704426534254,0.259981621651087,78758.25016291691,6038326.346932397,0.03125,0.0234375,0.078125,0.0
heun,6.000e-07,3400.0,0.0020399339173281105,5.999805639200657e-07,0.0005,3971.7892431986684,2782260.2498719846,5381.937147052512,338833.9946808964,95.53140234704165,280.9079972554143,191.0628046940833,31630.753531281374,4.220637982505697,0.046875,0.0234375,5381.937147052512,63.401721279478195,642.4254481917833,2016682.820062941,6.677773202466271e-08,0.0,0.0146731480709767,1.9660163118532714e-05,19942.74300910523,0.032213494798507505,0.0,0.0,0.2352356190624992,0.0,0.0390625,51134.26493766892,2016682.820062941,0.5542192456702896,0.2659756912522084,92263.60386641859,7582207.27077891,0.9765625,0.03125,0.078125,0.0
heun,6.000e-07,3500.0,0.0020999319737201095,5.999805639200657e-07,0.0005,3969.6288943970685,2946310.005441683,6004.812689851819,387340.9504389304,96.05554065016709,292.79138407283097,192.11108130033418,35855.82974790412,4.78440947600565,0.046875,0.0234375,6004.812689851819,63.31406206391155,790.3260910096196,2492004.208719394,9.163050869358738e-08,0.0,0.014753653106415115,1.9660163118532714e-05,21890.04791126905,0.03610435638209626,0.0,0.0,0.4943863992019947,0.0,0.03125,68916.20555786142,2492004.208719394,0.6142202550596875,0.26441737182151576,112201.12816234694,9424510.165699404,0.9765625,0.03125,0.078125,0.0
heun,6.000e-07,3600.0,0.0021599300301121086,5.999805639200657e-07,0.0005,3967.3993874588136,3139399.6872723065,6927.740757319399,477658.45842001284,96.58906360315557,297.38330316362,193.17812720631113,41196.953732940965,5.497100393666678,0.046875,0.015625,6927.740757319399,63.55087710544851,968.3380614577163,3005635.3411409464,1.2524766916406904e-07,0.0,0.014835599577377886,1.9660163118532714e-05,24070.290492040243,0.04022959597342351,0.0,0.0,1.0,0.0,0.03125,94058.60574308116,3005635.3411409464,0.6845157781127341,0.25163358739703584,137408.96667482,11944491.878973832,0.9765625,0.9765625,0.0625,0.0
heun,6.000e-07,3653.0,0.002191729,5.999805640518295e-07,0.0005,3966.2026002841053,3256672.442274038,7605.070684270334,528682.7173657912,96.88807957061483,294.25949401265416,193.77615914122967,45825.47421598235,6.114705324709833,0.046875,0.015625,7605.070684270264,63.63182863507521,1072.481142989178,3496094.4849564377,1.463009003825397e-07,0.0,0.014881526945453064,1.966016312285035e-05,25266.621541608583,0.04244655903928575,0.0,0.0,1.0,0.0,0.03125,110360.4638482543,3496094.4849564377,0.7063752832720193,0.25887763884290504,156234.88882149264,13504814.47753769,0.9765625,0.9765625,0.0625,0.0
ssprk3,6.000e-07,0.0,0.0,0.0,0.0005,4008.11113236055,773886.7345045686,3265.5332310870513,0.0,0.0,0.0,0.0,7494.3062310458845,1.0,0.0,0.0859375,3265.533231087051,64.88057619110188,0.0,11.361380314832786,6.366462912410498e-12,0.0,0.0,0.0,0.0,0.0,0.0,0.0,0.0,0.0,0.0,11.361380314832786,0.0,0.0009388669913412475,0.0,12101.160675168838,0.0,0.9140625,0.0,0.171875,0.0
ssprk3,6.000e-07,100.0,5.999805639200652e-05,5.999805639200657e-07,0.0005,4007.99023099227,776901.5888817284,3226.1970940176707,12619.005817197405,9.31662963958391,22.06720008888022,18.63325927916782,7517.280446390919,1.0030655559883397,0.0,0.0859375,3226.1970940176707,64.88628936108319,9.737235269978783,175.34197212324943,9.603695616533514e-11,0.0,0.00143098795647794,1.9660163118532714e-05,1216.708854627659,0.008002929569341058,0.0,0.0,0.02301839691113649,0.0,0.8046875,9.736582764424384,175.34197212324943,0.0008135401954451946,0.0026969992061478096,11968.164350006358,65013.72774732651,0.09375,0.03125,0.171875,0.0
ssprk3,6.000e-07,200.0,0.00011999611278401369,5.999805639200657e-07,0.0005,4007.722766415467,785877.1061146822,3112.441306838119,24685.15750999039,18.36682788848052,43.60677714756898,36.73365577696104,7586.047721355053,1.012241492071557,0.0,0.0859375,3112.441306838119,64.90202499287639,18.73181636337381,319.5986529751681,2.3646862246096134e-10,0.0,0.0028210533770120527,1.9660163118532714e-05,2384.684098145538,0.007855051483733508,0.0,0.0,0.024735123184535183,0.0,0.1953125,7.17463262322417,319.5986529751681,0.0006199376616154752,0.00252143519622273,11573.15173355984,126752.673816066,0.1640625,0.96875,0.171875,0.0
ssprk3,6.000e-07,300.0,0.00017999416917602087,5.999805639200657e-07,0.0005,4007.315399338463,800524.5495744931,2935.8424302834746,35710.33447769125,26.91474787955008,64.1407238396445,53.82949575910016,7699.01252404414,1.0273149090372422,0.0,0.0859375,2935.8424302834746,64.92077707565616,26.385684948804283,438.20577968028374,4.5656634029001e-10,0.0,0.004133971356297945,1.9660163118532714e-05,3462.301391106165,0.007620851557459117,0.0,0.0,0.05837764096760221,0.046875,0.8046875,6.022625742349192,438.20577968028374,0.0005436219170587561,0.0024039917854879345,11078.70296130509,182282.5611657994,0.796875,0.9609375,0.171875,0.0
ssprk3,6.000e-07,400.0,0.00023999222556802806,5.999805639200657e-07,0.0005,4006.779410286114,820417.8748169562,2714.9869109944357,45317.1904705024,34.77807975586447,83.27850150078638,69.55615951172894,7853.6069085620975,1.0479431539677115,0.0,0.09375,2714.9869109944357,64.93029782452184,32.33353464980837,548.4554716330022,6.45741238258779e-10,0.0,0.005341740007419029,1.9660163118532714e-05,4420.032948950991,0.007315224801091608,0.0,0.0,0.017145615723787713,0.0,0.0390625,5.37033727474045,548.4554716330022,0.0005102010695927575,0.00239161937538627,10525.923199312485,229323.89546493837,0.21875,0.953125,0.171875,0.0
ssprk3,6.000e-07,500.0,0.0002999902819600327,5.999805639200657e-07,0.0005,4006.130310776133,845057.3513472299,2482.6339862163845,53266.576660535386,41.8543392696166,100.74285814906845,83.7086785392332,8046.41453074171,1.0736703682335083,0.0,0.109375,2482.6339862163845,64.91225022615772,36.454977321773185,691.8403896188829,8.140244034393618e-10,0.0,0.0064286182598364975,1.9660163118532714e-05,5242.5721811223475,0.006953643376249858,0.0,0.0,0.06198421652688555,0.984375,0.75,6.728587626901572,691.8403896188829,0.0006737575578384237,0.0025930906527175425,9986.65996191345,266801.4667724164,0.921875,0.0546875,0.171875,0.0
ssprk3,6.000e-07,600.0,0.0003599883383520372,5.999805639200657e-07,0.0005,4005.3869381774116,873931.6067423533,2288.890828201145,60018.63393366957,48.18068048974973,116.3794785418329,96.36136097949947,8273.344682844736,1.1039507097497043,0.0,0.1328125,2288.8908282011394,64.84107652414447,38.82534130293243,907.8179891665932,1.1059455573558807e-09,0.0,0.007400312793674893,1.9660163118532714e-05,5928.060564935226,0.006549417111658113,0.0,0.0,0.22181654022398048,0.0,0.203125,8.853661555986037,907.8179891665932,0.0009326182171205576,0.0030516691533744944,9493.339711207402,297482.44109710923,0.9765625,0.0546875,0.171875,0.0
ssprk3,6.000e-07,700.0,0.00041998639474404167,5.999805639200657e-07,0.0005,4004.570069814001,906564.8538731136,2140.532676440184,65614.17474033263,53.69363800040831,130.15154397344222,107.38727600081663,8529.849810093558,1.138177377214429,0.0,0.140625,2140.532676440184,64.70463248886438,39.63918109533279,1167.3277104541194,1.4642864698544145e-09,0.0,0.008247075636839641,1.9660163118532714e-05,6485.303206288022,0.006112155412702897,0.0,0.0,0.03770868104877199,0.0,0.203125,14.461333924497012,1167.3277104541194,0.0015997420693043517,0.0036404041007838976,9039.790977545228,320658.82746444433,0.9765625,0.0625,0.171875,0.0
ssprk3,6.000e-07,800.0,0.00047998445113604614,5.999805639200657e-07,0.0005,4003.7007767423215,942543.3464331705,2044.4732595887335,69769.24598504393,58.52485419548279,142.12268111192964,117.04970839096558,8811.172272352313,1.1757155366631782,0.0,0.046875,2044.4732595887335,64.81789389064024,39.13614743870903,1469.4472315718886,1.5934347175061703e-09,0.0,0.00898912640602762,1.9660163118532714e-05,6930.110168757621,0.005647261946158219,0.0,0.0,0.06952260314250161,0.0,0.7890625,22.580926087277476,1469.4472315718886,0.002592087347563804,0.004342922450429194,8711.48347238389,338354.4717513132,0.9765625,0.0625,0.171875,0.0
ssprk3,6.000e-07,900.0,0.0005399825075280553,5.999805639200657e-07,0.0005,4002.7987947887627,981522.2230115314,2016.1326911415858,72652.31617637038,62.7175858951165,152.43286503337444,125.435171790233,9112.598885963456,1.2159362861653076,0.0,0.046875,2016.1326911415858,64.8482748670404,38.01886865850702,2130.2782110101543,1.4733814168721437e-09,0.0,0.009633109133582632,1.9660163118532714e-05,7281.714040935695,0.0052211427755575,0.0,0.984375,0.08660961862347373,0.0,0.2109375,34.169492650697066,2130.2782110101543,0.0040788332568079825,0.006072071904780374,8377.271268362038,350832.1779478674,0.9765625,0.9765625,0.171875,0.0
ssprk3,6.000e-07,1000.0,0.0005999805639200652,5.999805639200657e-07,0.0005,4001.8811365857155,1023218.4664738391,2012.516241661981,74521.10839245499,66.33062630703697,161.65697782347564,132.66125261407393,9429.697157551722,1.258248177594918,0.0,0.046875,2012.516241661977,64.75758905233579,38.7513697481927,3240.00890856795,1.3260432751849294e-09,0.0,0.010188054163677998,1.9660163118532714e-05,7559.8545849240445,0.005125941155729524,0.0,0.0234375,0.049345598875934274,0.0,0.21875,50.21631948478171,3240.00890856795,0.006164047177896005,0.008945006584845353,8146.647492390253,362214.256393861,0.9765625,0.9765625,0.171875,0.0
ssprk3,6.000e-07,1100.0,0.0006599786203120751,5.999805639200657e-07,0.0005,4000.961075787464,1067397.1570391725,2025.8490076200983,75642.47231494571,69.52492993414415,169.59580620756276,139.0498598682883,9758.50663110971,1.3021227489589575,0.0,0.046875,2025.849007620094,64.57529771910096,40.760851232741516,4679.948513209354,1.862645149230957e-09,0.0,0.01067868330710806,1.9660163118532714e-05,7782.777427053202,0.0052373142640640595,0.0,0.03125,1.0,0.0,0.21875,71.87278170108038,4679.948513209354,0.009058336328730031,0.012199535584791456,7934.4350985427445,383616.9402254631,0.9765625,0.9765625,0.171875,0.0
ssprk3,6.000e-07,1200.0,0.000719976676704085,5.999805639200657e-07,0.0005,4000.0475571487705,1113857.266607135,2048.227779265084,76217.78531139747,72.26167861833939,176.35231125730968,144.52335723667878,10095.663059139913,1.3471110931279613,0.0,0.046875,2048.2277792650793,64.7494849109075,44.31176951696034,6708.872970446013,1.8189894035458565e-09,0.0,0.011099034287933907,1.9660163118532714e-05,7966.137884582901,0.00556251600951048,0.0,0.03125,0.09856390746888129,0.0,0.953125,103.40481539252505,6708.872970446013,0.013319052230911182,0.01621877374580346,7763.676694092439,413648.59486876475,0.03125,0.03125,0.171875,0.0
ssprk3,6.000e-07,1300.0,0.0007799747330960949,5.999805639200657e-07,0.0005,3999.1450347581754,1162421.114806203,2073.7618153549647,76943.52391256523,74.68219114795235,182.09412286458928,149.3643822959047,10438.44168734994,1.3928496335134652,0.0,0.046875,2073.76181535496,64.73242892762845,47.674408673730795,9361.776996308006,1.5861587598919868e-09,0.0,0.011470812968892055,1.9660163118532714e-05,8122.642822195575,0.0058693223027679875,0.0,0.03125,0.18176428546286688,0.0,0.953125,145.7853260024276,9361.776996308006,0.019183004921969296,0.020853213566842565,7599.71269336783,448936.89724607253,0.03125,0.96875,0.171875,0.0
ssprk3,6.000e-07,1400.0,0.0008399727894881048,5.999805639200657e-07,0.0005,3998.253703089824,1212929.3059205997,2099.213937366314,77525.93070623964,76.83128767412146,186.9751450886874,153.6625753482429,10784.717110331061,1.4390547674252132,0.0,0.046875,2099.2139373663126,64.43039798564561,53.0664513156662,12763.316694736015,1.760781742632389e-09,0.0,0.01180090350218859,1.9660163118532714e-05,8262.195817720516,0.006422802422795503,0.0,0.0390625,1.0,0.0,0.2265625,201.39839591414784,12763.316694736015,0.025852161977493578,0.026044952015159155,7790.388907878638,490049.5377110804,0.03125,0.96875,0.171875,0.0
ssprk3,6.000e-07,1500.0,0.0008999708458801147,5.999805639200657e-07,0.0005,3997.3700516293907,1265241.1055891619,2123.794171881122,78806.31907857464,78.70186216144867,191.126875986248,157.40372432289735,11132.848383195911,1.4855075359847207,0.015625,0.046875,2123.794171881122,64.59762489861804,58.56384634015103,17180.151713560335,1.6152625903487206e-09,0.0,0.012088214436143425,1.9660163118532714e-05,8392.31808261876,0.0069782681928419734,0.0,0.0390625,1.0,0.0,0.046875,273.7028208561387,17180.151713560335,0.030128699733955842,0.03183406552208094,9084.455129926115,539678.2167720215,0.03125,0.96875,0.171875,0.0
ssprk3,6.000e-07,1600.0,0.0009599689022721246,5.999805639200657e-07,0.0005,3996.487645054228,1319239.0315953116,2157.578764175904,80246.20280331468,80.34019964291467,194.79474283858684,160.68039928582934,11498.452302230366,1.534291760669843,0.046875,0.0390625,2157.578764175904,64.5996374199058,64.18021827246321,22880.903990882915,1.6952981241047382e-09,0.0,0.01233985492152489,1.9660163118532714e-05,8518.670280023463,0.00753406531333508,0.0,0.0390625,1.0,0.0,0.046875,367.3722741515958,22880.903990882915,0.03561806618551883,0.03825228299497396,10314.21167668439,598157.8666530643,0.03125,0.96875,0.15625,0.0
ssprk3,6.000e-07,1700.0,0.0010199669586641266,5.999805639200657e-07,0.0005,3995.5980143943534,1374835.9124789957,2201.473568551651,82273.49974084082,81.87484309736288,198.5923752988349,163.74968619472577,11888.763555499308,1.5863727994259111,0.046875,0.0390625,2201.473568551651,64.20886394981598,70.12545361819866,30011.100809163414,2.1245796233415604e-09,0.0,0.012575568520300206,1.9660163118532714e-05,8676.630663779306,0.008082106561356607,0.0,0.0390625,0.7709364268881201,0.0,0.046875,489.677917532259,30011.100809163414,0.04230894573095669,0.045295931995213375,11573.86243198139,662556.2050988337,0.03125,0.03125,0.15625,0.0
ssprk3,6.000e-07,1800.0,0.0010799650150561256,5.999805639200657e-07,0.0005,3994.691544838503,1431982.684274963,2257.311954349543,85158.11563992407,83.24190410364966,202.1047357067875,166.48380820729932,12287.990536640807,1.6396435050567622,0.0625,0.0390625,2257.311954349543,64.38347894962102,76.50730596572521,38722.22763189627,2.444721758365631e-09,0.0,0.012785542288867266,1.9660163118532714e-05,8893.028179380995,0.008603065729973942,0.0,0.9609375,0.6588361465613091,0.0,0.046875,651.5133140891849,38722.22763189627,0.05075310949977754,0.053222743681571705,12836.914240536149,727550.3845417835,0.96875,0.03125,0.15625,0.0
ssprk3,6.000e-07,1900.0,0.0011399630714481247,5.999805639200657e-07,0.0005,3993.7582625658615,1490675.5887597348,2319.462628643696,88876.32287452066,84.46870188736195,205.341843213381,168.9374037747239,12695.07671716242,1.6939629000709688,0.0625,0.0390625,2319.462628643696,64.3855623358392,84.05233184007648,49657.99783587782,2.837623469531536e-09,0.0,0.012973972324345686,1.9660163118532714e-05,9128.152033728224,0.009208033732293881,0.0,0.953125,0.6810569746031057,0.0,0.046875,866.5883729324123,49657.99783587782,0.06210707888238306,0.06301339012659005,13953.133660875232,788054.6933932286,0.96875,0.03125,0.15625,0.0
ssprk3,6.000e-07,2000.0,0.0011999611278401237,5.999805639200657e-07,0.0005,3992.788453162933,1550962.040523978,2387.489288587991,92958.06208240849,85.57876148662788,208.28312391512634,171.15752297325577,13108.273453123915,1.7490976548064758,0.0625,0.0390625,2387.489288587991,63.88913355416645,93.36064488992906,64299.354044603184,3.106833901256323e-09,0.0,0.013144471955539916,1.9660163118532714e-05,9386.161001830074,0.00994662726025326,0.0,0.953125,0.8170731175881429,0.0,0.046875,1149.5775144374202,64299.354044603184,0.0750640758210586,0.07465653077868456,15314.616237703893,861268.9790691629,0.96875,0.03125,0.15625,0.0
ssprk3,6.000e-07,2100.0,0.0012599591842321228,5.999805639200657e-07,0.0005,3991.7730827524483,1612945.0871821947,2462.6022058052313,97404.6252820887,86.59171436403547,210.87837022327585,173.18342872807094,13586.21911748288,1.8128721590266301,0.0625,0.0390625,2462.6022058052313,64.11460246452981,102.86760775068888,84375.92906027474,3.782603042178146e-09,0.0,0.013300056477424448,1.9660163118532714e-05,9671.420213273614,0.010636246330141612,0.0,0.953125,1.0,0.0,0.046875,1517.1393061319686,84375.92906027474,0.09035791835759692,0.08958062416402862,16790.330429346526,941899.3208372414,0.96875,0.03125,0.140625,0.0
ssprk3,6.000e-07,2200.0,0.0013199572406241218,5.999805639200657e-07,0.0005,3990.704030165894,1676786.9795735916,2545.5984619530286,102223.43334223352,87.52383877812036,214.6413695936655,175.04767755624073,14117.189215262299,1.883721959049456,0.0625,0.0390625,2545.5984619530286,64.11021968737522,112.32198726947172,110440.676029291,5.01523852096369e-09,0.0,0.013443226149515666,1.9660163118532714e-05,10027.033264646516,0.011201916290185103,0.0,0.046875,1.0,0.0,0.046875,1994.7689667590894,110440.676029291,0.10821952521785372,0.10470034929522662,18432.616135983553,1054826.2424404928,0.96875,0.96875,0.140625,0.0
ssprk3,6.000e-07,2300.0,0.0013799552970161209,5.999805639200657e-07,0.0005,3989.5741609136967,1742712.8524079614,2636.2803952070512,108396.31567075025,88.3885671699213,218.60190158665267,176.7771343398426,14662.461608630885,1.9564801806323615,0.0625,0.0390625,2636.2803952070512,63.55780253128216,122.4235053997927,141330.66995828692,7.320740864557197e-09,0.0,0.013576044127922174,1.9660163118532714e-05,10429.91628261724,0.011737726562947278,0.0,0.046875,1.0,0.0,0.046875,2625.2792098148057,141330.66995828692,0.13057525579509463,0.11879379956044948,20105.48778043007,1189714.1978893378,0.96875,0.96875,0.140625,0.0
ssprk3,6.000e-07,2400.0,0.00143995335340812,5.999805639200657e-07,0.0005,3988.3772762211215,1811015.9355293156,2746.55732230129,116123.037153854,89.19694242977475,222.2395007787337,178.3938848595495,15274.100300581402,2.0380939648965732,0.0625,0.03125,2746.55732230129,63.8103457740608,134.55392406528335,176423.9329537428,9.567162597965018e-09,0.0,0.013700206545654244,1.9660163118532714e-05,10876.34503006584,0.012371244539717293,0.0,0.046875,0.656904934087912,0.0,0.046875,3468.6056580313452,176423.9329537428,0.15880755019383688,0.1331227270851094,21841.56643558599,1325272.8276889161,0.96875,0.96875,0.125,0.0
ssprk3,6.000e-07,2500.0,0.001499951409800119,5.999805639200657e-07,0.0005,3987.1079698549406,1882066.1239289504,2885.484724673731,125230.69711596332,89.95801393811358,225.38781116271406,179.91602787622716,16024.32095728894,2.138199382740279,0.0625,0.03125,2885.484724673731,63.849353211836544,149.45984413480255,219662.58910636464,1.0705311970833344e-08,0.0,0.01381710334251994,1.9660163118532714e-05,11372.272320490156,0.013142478470684449,0.0,0.046875,0.41926657892981256,0.0,0.046875,4589.888948999578,219662.58910636464,0.18963159778866737,0.14653988929657702,24204.241289548823,1498995.1893698862,0.96875,0.96875,0.125,0.0
ssprk3,6.000e-07,2600.0,0.001559949466192118,5.999805639200657e-07,0.0005,3985.761447315864,1956324.0250429837,3041.119420138702,135187.3882913657,90.67917369143352,229.82021765609377,181.35834738286704,16802.81102808863,2.242076919472728,0.0625,0.03125,3041.119420138702,63.51770245795625,166.19812322764847,280454.03802137915,1.3140379451215267e-08,0.0,0.013927869892401119,1.9660163118532714e-05,11924.594681665352,0.013937423255415651,0.0,0.046875,0.3092136112579279,0.0,0.046875,6053.321418020816,280454.03802137915,0.22621484958028662,0.1623345730595539,26759.16912285819,1727629.7509249127,0.96875,0.96875,0.125,0.0
ssprk3,6.000e-07,2700.0,0.001619947522584117,5.999805639200657e-07,0.0005,3984.3333905737213,2034362.59982697,3215.0206958873555,145799.30786162865,91.36644045320371,235.42959729689852,182.73288090640742,17680.870036871525,2.359240400882849,0.0625,0.03125,3215.0206958873555,63.35705813836718,186.87882471955163,367552.95396651793,1.618172973394394e-08,0.0,0.01403343064741946,1.9660163118532714e-05,12541.052548793465,0.014901366850386944,0.0,0.0,0.2395369808698797,0.0,0.046875,7948.75370469458,367552.95396651793,0.2515638018730663,0.18257605448777958,31597.36673365014,2013149.8349972256,0.96875,0.96875,0.109375,0.0
ssprk3,6.000e-07,2800.0,0.0016799455789761161,5.999805639200657e-07,0.0005,3982.8199110465425,2116898.543458857,3406.433030803435,159350.93309622095,92.02469732009281,240.44350453261046,184.04939464018562,18828.014213282302,2.512309162826232,0.0625,0.03125,3406.433030803435,63.64378187746553,222.9911992606294,480176.62568080984,2.129128178015122e-08,0.0,0.014134535626926757,1.9660163118532714e-05,13229.582653580143,0.016855497644915073,0.0,0.0,0.18964167222032213,0.0,0.046875,10447.140510376135,480176.62568080984,0.2822940330605931,0.19636330975971916,37008.01039649926,2445347.994329389,0.96875,0.96875,0.109375,0.0
ssprk3,6.000e-07,2900.0,0.0017399436353681152,5.999805639200657e-07,0.0005,3981.2175046838893,2204836.983076261,3611.241139225012,177362.68815603992,92.65787432900642,244.4300259427314,185.31574865801284,20037.480069267054,2.673693795198796,0.0625,0.03125,3611.241139225012,63.517902851947525,264.70740857451165,608280.5446164338,2.8830807346328452e-08,0.0,0.014231788465037273,1.9660163118532714e-05,13997.235908849942,0.018911405815997342,0.0,0.0,0.20675368348715617,0.0,0.0390625,13821.762250179483,608280.5446164338,0.3214997813955658,0.20389081075313947,42991.51368060656,2983364.1956179608,0.96875,0.96875,0.109375,0.0
ssprk3,6.000e-07,3000.0,0.0017999416917601142,5.999805639200657e-07,0.0005,3979.5229208042806,2299337.247861233,3850.2435671821395,197771.20273541182,93.26906565685994,250.60500423865187,186.53813131371987,21397.01673327972,2.8551030707339553,0.0625,0.0234375,3850.2435671821395,63.264681723344324,312.85991255002045,748857.0349329496,3.576311695698264e-08,0.0,0.014325664411929718,1.9660163118532714e-05,14849.257735861991,0.021069060697521735,0.0,0.0,0.3453381501075804,0.0,0.0390625,18358.388076985808,748857.0349329496,0.36893753634009824,0.20903111283593553,49760.15251552628,3582514.702109025,0.96875,0.96875,0.09375,0.0
ssprk3,6.000e-07,3100.0,0.0018599397481521133,5.999805639200657e-07,0.0005,3977.7332351733658,2401913.110600965,4186.7250613338965,219536.77882421453,93.86060660273797,259.0393269256942,187.72121320547595,23342.42148254542,3.114687439091719,0.0625,0.0234375,4186.7250613338965,63.294533517211036,369.3173141165271,925778.8377535809,4.064596727569651e-08,0.0,0.014416522157923883,1.9660163118532714e-05,15788.421607813394,0.023391655181906144,0.0,0.0,0.851340738558577,0.0,0.0390625,24181.0253072395,925778.8377535809,0.41873473408308104,0.2208799075225548,57747.83732758541,4191322.0995850265,0.96875,0.96875,0.09375,0.0
ssprk3,6.000e-07,3200.0,0.0019199378045441124,5.999805639200657e-07,0.0005,3975.846714393848,2514584.61101224,4551.950956717072,249272.068026216,94.43417257209929,265.88471566145165,188.86834514419857,25447.42113292315,3.3955672944754727,0.0625,0.0234375,4551.950956717072,63.518346955302064,438.23615149950274,1193037.0161762368,4.815098490528518e-08,0.0,0.01450461903696203,1.9660163118532714e-05,16844.7662381697,0.026016161061735227,0.0,0.0,1.0,0.0,0.0390625,31199.23786842308,1193037.0161762368,0.46295846786521444,0.2482523187786394,67391.00812279864,4805743.696758938,0.96875,0.9765625,0.09375,0.0
ssprk3,6.000e-07,3300.0,0.0019799358609361114,5.999805639200657e-07,0.0005,3973.864160074064,2640101.120566447,4926.76537935251,291731.95568759175,94.99090150941493,269.61866008922703,189.98180301882985,27819.23093785953,3.71204886485899,0.0625,0.0234375,4926.76537935251,63.54020917406864,526.6092297748946,1569855.8418886587,8.389776625602251e-08,0.0,0.014590129831652912,1.9660163118532714e-05,18267.44199270151,0.028827748843285973,0.0,0.0,0.6387080723395226,0.0,0.234375,39432.25652040518,1569855.8418886587,0.5006753970292782,0.25998227239222216,78758.12703075419,6038318.795522705,0.96875,0.9765625,0.078125,0.0
ssprk3,6.000e-07,3400.0,0.0020399339173281105,5.999805639200657e-07,0.0005,3971.789245764231,2782258.1656014477,5381.938713173306,338833.49547511165,95.53140080606663,280.90780065044913,191.06280161213326,31630.662477148406,4.220625832730899,0.046875,0.0234375,5381.938713173306,63.401705964217996,642.4229021915207,2016684.5029159691,1.4498548382869852e-07,0.0,0.014673147834290605,1.9660163118532714e-05,19942.7372843601,0.032213376380148914,0.0,0.0,0.2352376001283061,0.0,0.0390625,51134.52859649219,2016684.5029159691,0.5542227579008159,0.2659762273294669,92263.494899001,7582198.31585883,0.0234375,0.96875,0.078125,0.0
ssprk3,6.000e-07,3500.0,0.0020999319737201095,5.999805639200657e-07,0.0005,3969.628893075306,2946307.2766995905,6004.814542012448,387340.66008402046,96.05553885667268,292.791139888443,192.11107771334537,35855.698312959335,4.784391938032057,0.046875,0.0234375,6004.814542012448,63.31405459995098,790.322686448566,2492040.5024700873,2.4205022004990944e-07,0.0,0.014753652830943298,1.9660163118532714e-05,21890.039371777304,0.03610421493656719,0.0,0.0,0.49438823426675227,0.0,0.03125,68916.29296190327,2492040.5024700873,0.6142217987244859,0.26442198848415893,112200.98847845715,9424482.875861064,0.0234375,0.96875,0.078125,0.0
ssprk3,6.000e-07,3600.0,0.0021599300301121086,5.999805639200657e-07,0.0005,3967.3993781365116,3139395.9740077676,6927.733669962203,477658.1876974569,96.58906111881777,297.3830763875019,193.17812223763553,41196.75136716386,5.497073391063519,0.046875,0.015625,6927.733669962203,63.550859334679124,968.3347280854377,3005677.6405655183,3.772797513444113e-07,0.0,0.014835599195795962,1.9660163118532714e-05,24070.280639156525,0.04022947395595344,0.0,0.0,1.0,0.0,0.03125,94058.63293404711,3005677.6405655183,0.6845155190812234,0.25163809546469046,137409.05839548435,11944445.99103744,0.0234375,0.9765625,0.0625,0.0
ssprk3,6.000e-07,3653.0,0.002191729,5.999805640518295e-07,0.0005,3966.2025837817628,3256667.9940814795,7605.060634439982,528682.4555054485,96.88807684216835,294.25934865817055,193.7761536843367,45825.20736960837,6.114669718161908,0.046875,0.015625,7605.060634439982,63.63181613786111,1072.4777395116198,3496121.9454657193,4.6229714635709715e-07,0.0,0.014881526526377259,1.966016312285035e-05,25266.612031323428,0.04244644031348769,0.0,0.0,1.0,0.0,0.03125,110360.6038649216,3496121.9454657193,0.7063754666949972,0.2588804796488477,156235.0464707939,13504772.357529433,0.0234375,0.9765625,0.0625,0.0
rk4,6.000e-07,0.0,0.0,0.0,0.0005,4008.11113236055,773886.7345045686,3265.5332310870513,0.0,0.0,0.0,0.0,7494.3062310458845,1.0,0.0,0.0859375,3265.533231087051,64.88057619110188,0.0,11.361380314832786,6.366462912410498e-12,0.0,0.0,0.0,0.0,0.0,0.0,0.0,0.0,0.0,0.0,11.361380314832786,0.0,0.0009388669913412475,0.0,12101.160675168838,0.0,0.9140625,0.0,0.171875,0.0
rk4,6.000e-07,100.0,5.999805639200652e-05,5.999805639200657e-07,0.0005,4007.990230999826,776901.588883062,3226.197094325254,12619.005818797588,9.316629639942255,22.067200089354515,18.63325927988451,7517.280446364163,1.0030655559847697,0.0,0.0859375,3226.1970943252536,64.88628936101603,9.737235272614726,175.34197238163324,8.731149137020111e-11,0.0,0.0014309879565329799,1.9660163118532714e-05,1216.7088547311569,0.008002929570826751,0.0,0.0,0.023018396910976888,0.0,0.1953125,9.736582799145253,175.34197238163324,0.0008135401983249116,0.002696999209830572,11968.164350320963,65013.727754354215,0.90625,0.96875,0.171875,0.0
rk4,6.000e-07,200.0,0.00011999611278401369,5.999805639200657e-07,0.0005,4007.7227664306056,785877.1061178258,3112.441307386772,24685.157515758794,18.366827889813592,43.60677714936895,36.733655779627185,7586.047721307829,1.0122414920652558,0.0,0.0859375,3112.4413073867718,64.9020249927416,18.73181637273956,319.5986538325669,1.7826096154749393e-10,0.0,0.0028210533772168064,1.9660163118532714e-05,2384.6840985220815,0.007855051486420647,0.0,0.0,0.024735123165841255,0.0,0.1953125,7.174632628652034,319.5986538325669,0.0006199376620691655,0.002521435202467022,11573.151733845734,126752.6738422091,0.8359375,0.96875,0.171875,0.0
rk4,6.000e-07,300.0,0.00017999416917602087,5.999805639200657e-07,0.0005,4007.315399361182,800524.5495802546,2935.8424309643174,35710.33448853409,26.914747882210666,64.14072384334295,53.82949576442133,7699.0125239876825,1.0273149090297087,0.0,0.0859375,2935.842430964317,64.92077707545286,26.385684966049666,438.20578093710355,2.9831426218152046e-10,0.0,0.0041339713567065985,1.9660163118532714e-05,3462.3013918270954,0.007620851560853183,0.0,0.0,0.058377636907546285,0.046875,0.8046875,6.022625742771197,438.20578093710355,0.0005436219170727339,0.0024039917917015904,11078.702961796516,182282.5612174546,0.203125,0.0390625,0.171875,0.0
rk4,6.000e-07,400.0,0.00023999222556802806,5.999805639200657e-07,0.0005,4006.7794103163124,820417.8748262622,2714.986911627005,45317.190485060506,34.778079759884626,83.27850150658026,69.55615951976925,7853.606908510397,1.047943153960813,0.0,0.09375,2714.986911627005,64.93029782424998,32.33353467282814,548.4554729124065,4.147295840084553e-10,0.0,0.005341740008036506,1.9660163118532714e-05,4420.032949969016,0.007315224804614814,0.0,0.0,0.01714561570850335,0.0,0.9609375,5.370337275111524,548.4554729124065,0.000510201069613874,0.002391619380190269,10525.923199604142,229323.89553925314,0.21875,0.046875,0.171875,0.0
rk4,6.000e-07,500.0,0.0002999902819600327,5.999805639200657e-07,0.0005,4006.1303108135526,845057.3513609483,2482.633986590997,53266.57667508841,41.85433927399873,100.74285815677436,83.70867854799747,8046.414530708956,1.0736703682291378,0.0,0.109375,2482.633986590997,64.91225022582088,36.454977346183114,691.8403910063207,5.165929906070232e-10,0.0,0.006428618260509571,1.9660163118532714e-05,5242.572182293309,0.006953643379352816,0.0,0.0,0.06198421635811879,0.984375,0.25,6.728587596691796,691.8403910063207,0.0006737575548049141,0.00259309065736037,9986.65996203939,266801.4668297706,0.921875,0.0546875,0.171875,0.0
rk4,6.000e-07,600.0,0.0003599883383520372,5.999805639200657e-07,0.0005,4005.3869382216317,873931.6067612187,2288.8908283425008,60018.63395895398,48.1806804947601,116.37947855095817,96.3613609895202,8273.344682842986,1.1039507097494707,0.0,0.1328125,2288.8908283425003,64.84107652375646,38.825341323686644,907.8179915333167,5.748006515204906e-10,0.0,0.00740031279444446,1.9660163118532714e-05,5928.0605660680485,0.006549417113907565,0.0,0.0,0.2218165226380189,0.0,0.203125,8.853661550558172,907.8179915333167,0.0009326182165520442,0.0030516691608037266,9493.339711174405,297482.4411484442,0.0234375,0.0546875,0.171875,0.0
rk4,6.000e-07,700.0,0.00041998639474404167,5.999805639200657e-07,0.0005,4004.5700698644773,906564.8538977503,2140.532676559768,65614.17475763928,53.6936380056825,130.1515439832985,107.387276011365,8529.849810131174,1.1381773772194483,0.0,0.140625,2140.532676559768,64.70463248843285,39.63918110834038,1167.3277144699823,5.748006515204906e-10,0.0,0.00824707563764973,1.9660163118532714e-05,6485.303207202977,0.006112155413846289,0.0,0.0,0.03770868122186751,0.0,0.796875,14.461333914958232,1167.3277144699823,0.0015997420682323726,0.003640404111570423,9039.790977640048,320658.8276174681,0.0234375,0.9375,0.171875,0.0
rk4,6.000e-07,800.0,0.00047998445113604614,5.999805639200657e-07,0.0005,4003.7007767984533,942543.3464641725,2044.4732592113398,69769.24598602612,58.52485419995197,142.12268112175747,117.04970839990393,8811.172272433341,1.1757155366739902,0.0,0.046875,2044.473259211339,64.81789389014324,39.136147442048696,1469.4472369079012,5.311449058353901e-10,0.0,0.008989126406714062,1.9660163118532714e-05,6930.110169334797,0.0056472619461697925,0.0,0.0,0.06952260232056304,0.0,0.7890625,22.580926080372592,1469.4472369079012,0.00259208734679748,0.0043429224648009615,8711.48347229552,338354.4718602861,0.0234375,0.0625,0.171875,0.0
rk4,6.000e-07,900.0,0.0005399825075280553,5.999805639200657e-07,0.0005,4002.798794849959,981522.2230495324,2016.1326910059136,72652.31615727575,62.71758589934368,152.43286504245708,125.43517179868736,9112.598886087595,1.2159362861818719,0.0,0.046875,2016.1326910059136,64.84827486652645,38.01886865530378,2130.2782093628775,7.275957614183426e-10,0.0,0.009633109134231906,1.9660163118532714e-05,7281.714041140327,0.005221142774970873,0.0,0.984375,0.08660961924589027,0.0,0.7890625,34.16949265811127,2130.2782093628775,0.004078833257770025,0.006072071899239567,8377.27126820388,350832.1779967167,0.0234375,0.0234375,0.171875,0.0
rk4,6.000e-07,1000.0,0.0005999805639200652,5.999805639200657e-07,0.0005,4001.8811366514524,1023218.4665195369,2012.5162418933285,74521.1083598511,66.33062631036381,161.6569778317089,132.66125262072762,9429.69715771481,1.2582481776166796,0.0,0.046875,2012.5162418933285,64.75758905188668,38.7513697403524,3240.0089070452377,8.731149137020111e-10,0.0,0.010188054164188986,1.9660163118532714e-05,7559.854584802741,0.005125941154774678,0.0,0.0234375,0.04934559867295058,0.0,0.78125,50.2163195130488,3240.0089070452377,0.00616404718148374,0.008945006581861125,8146.647492234362,362214.2563444723,0.0234375,0.0234375,0.171875,0.0
rk4,6.000e-07,1100.0,0.0006599786203120751,5.999805639200657e-07,0.0005,4000.9610758573117,1067397.1570933005,2025.849008182359,75642.47228496769,69.52492993709829,169.59580621496156,139.04985987419658,9758.506631304494,1.3021227489849483,0.0,0.046875,2025.849008182359,64.57529771842042,40.76085122076893,4679.94851423637,9.240466170012951e-10,0.0,0.010678683307561802,1.9660163118532714e-05,7782.777426705787,0.005237314262759504,0.0,0.03125,1.0,0.0,0.21875,71.87278174551466,4679.94851423637,0.009058336334501706,0.012199535597229558,7934.435098392529,383616.93991852924,0.0234375,0.0234375,0.171875,0.0
rk4,6.000e-07,1200.0,0.000719976676704085,5.999805639200657e-07,0.0005,4000.0475572223895,1113857.2666703952,2048.2277799254853,76217.7852975607,72.26167862089896,176.352311263518,144.52335724179792,10095.66305935696,1.347111093156923,0.0,0.046875,2048.2277799254853,64.74948491029777,44.31176950914596,6708.872978817206,1.0986695997416973e-09,0.0,0.011099034288327043,1.9660163118532714e-05,7966.137884124475,0.005562516008849636,0.0,0.96875,0.0985639078233996,0.0,0.953125,103.40481547480886,6708.872978817206,0.01331905224174277,0.016218773789915174,7763.676693956608,413648.59425986814,0.03125,0.03125,0.171875,0.0
rk4,6.000e-07,1300.0,0.0007799747330960949,5.999805639200657e-07,0.0005,3999.145034835303,1162421.1148791893,2073.761815804822,76943.52390740433,74.68219114987689,182.0941228693962,149.36438229975377,10438.441687578794,1.3928496335440024,0.0,0.046875,2073.761815804822,64.73242892742955,47.674408674522056,9361.777013306506,1.2732925824820995e-09,0.0,0.011470812969187654,1.9660163118532714e-05,8122.642821725503,0.005869322303205069,0.0,0.96875,0.1817642857897781,0.0,0.953125,145.7853260541815,9361.777013306506,0.01918300492925627,0.020853213659218616,7599.712693178859,448936.89607251156,0.03125,0.03125,0.171875,0.0
rk4,6.000e-07,1400.0,0.0008399727894881048,5.999805639200657e-07,0.0005,3998.253703170257,1212929.3060037398,2099.213937466109,77525.93070384004,76.8312876757581,186.97514509205018,153.6625753515162,10784.717110561678,1.4390547674559855,0.0,0.046875,2099.213937466108,64.43039798637865,53.06645133931215,12763.316696111113,1.2660166248679161e-09,0.0,0.011800903502439973,1.9660163118532714e-05,8262.195817307384,0.006422802425978606,0.0,0.9609375,1.0,0.0,0.2265625,201.39839604061854,12763.316696111113,0.025852161935623053,0.02604495209856349,7790.388925388135,490049.53619458084,0.96875,0.03125,0.171875,0.0
rk4,6.000e-07,1500.0,0.0008999708458801147,5.999805639200657e-07,0.0005,3997.3700517129646,1265241.1056826971,2123.7941718358493,78806.31906521137,78.70186216284162,191.12687598828805,157.40372432568324,11132.848383420223,1.4855075360146517,0.015625,0.046875,2123.7941718358493,64.5976248981721,58.56384635544964,17180.151682884898,1.775333657860756e-09,0.0,0.012088214436357375,1.9660163118532714e-05,8392.318082299167,0.006978268194930647,0.0,0.0390625,1.0,0.0,0.046875,273.70282126564416,17180.151682884898,0.030128699723927944,0.03183406554183097,9084.455146541615,539678.2154735981,0.96875,0.03125,0.171875,0.0
rk4,6.000e-07,1600.0,0.0009599689022721246,5.999805639200657e-07,0.0005,3996.487645140809,1319239.0316993324,2157.578764396993,80246.20277228636,80.34019964411522,194.79474283728078,160.68039928823043,11498.452302383259,1.5342917606902442,0.046875,0.0390625,2157.578764396993,64.59963742057076,64.18021823282288,22880.903975449037,2.0372681319713593e-09,0.0,0.01233985492170929,1.9660163118532714e-05,8518.670279807668,0.007534065308872587,0.0,0.0390625,1.0,0.0,0.046875,367.3722748784712,22880.903975449037,0.035618066222275716,0.03825228298830152,10314.211686447896,598157.8663539265,0.96875,0.96875,0.15625,0.0
rk4,6.000e-07,1700.0,0.0010199669586641266,5.999805639200657e-07,0.0005,3995.598014483834,1374835.9125935326,2201.473568822446,82273.49971452882,81.87484309832772,198.59237529714292,163.74968619665543,11888.763555626565,1.5863727994428916,0.046875,0.0390625,2201.473568822446,64.20886395242854,70.12545353385212,30011.10091205174,1.7025740817189217e-09,0.0,0.0125755685204484,1.9660163118532714e-05,8676.63066370424,0.008082106551705413,0.0,0.0390625,0.7709364213421807,0.0,0.046875,489.6779182059472,30011.10091205174,0.04230894570104922,0.04529593205869805,11573.862456085822,662556.2064416951,0.96875,0.96875,0.15625,0.0
rk4,6.000e-07,1800.0,0.0010799650150561256,5.999805639200657e-07,0.0005,3994.6915449308003,1431982.6844001114,2257.3119545683517,85158.11563857121,83.24190410453198,202.10473570506926,166.48380820906397,12287.990536751498,1.6396435050715323,0.0625,0.0390625,2257.3119545683517,64.38347894984172,76.50730593779826,38722.22787207691,1.8189894035458565e-09,0.0,0.012785542289002786,1.9660163118532714e-05,8893.028179382296,0.008603065726832365,0.0,0.0390625,0.6588361502445782,0.0,0.046875,651.5133142554041,38722.22787207691,0.05075310946144809,0.05322274379233439,12836.91425350582,727550.3875404114,0.96875,0.96875,0.15625,0.0
rk4,6.000e-07,1900.0,0.0011399630714481247,5.999805639200657e-07,0.0005,3993.7582626609255,1490675.5888957821,2319.4626287536116,88876.32288013681,84.46870188819301,205.3418432119076,168.93740377638602,12695.076717270727,1.693962900085421,0.0625,0.0390625,2319.4626287536116,64.38556233822379,84.05233169037092,49657.9980052677,2.0372681319713593e-09,0.0,0.012973972324473334,1.9660163118532714e-05,9128.15203378856,0.009208033715832594,0.0,0.046875,0.6810569835679093,0.0,0.046875,866.5883728899207,49657.9980052677,0.06210707889680953,0.06301339004577482,13953.133656949976,788054.6970920726,0.96875,0.96875,0.15625,0.0
rk4,6.000e-07,2000.0,0.0011999611278401237,5.999805639200657e-07,0.0005,3992.7884532607504,1550962.040671499,2387.4892884729074,92958.06209379088,85.57876148743063,208.28312391408207,171.15752297486125,13108.273453248748,1.749097654823133,0.0625,0.0390625,2387.4892884729074,63.88913355875563,93.36064499711574,64299.35384795023,2.066371962428093e-09,0.0,0.013144471955663213,1.9660163118532714e-05,9386.161001932569,0.009946627271564295,0.0,0.046875,0.8170731233694426,0.0,0.046875,1149.5775155005977,64299.35384795023,0.07506407597755888,0.07465653051918196,15314.616219938216,861268.979428791,0.03125,0.96875,0.15625,0.0
rk4,6.000e-07,2100.0,0.0012599591842321228,5.999805639200657e-07,0.0005,3991.7730828530453,1612945.0873421011,2462.6022055042954,97404.62529227043,86.59171436482534,210.8783702227868,173.18342872965067,13586.219117479386,1.812872159026164,0.0625,0.0390625,2462.6022055042954,64.11460246608483,102.8676081420208,84375.92857624963,2.4374458007514477e-09,0.0,0.013300056477545768,1.9660163118532714e-05,9671.42021340748,0.010636246370457106,0.0,0.046875,1.0,0.0,0.046875,1517.1393093381776,84375.92857624963,0.09035791856479419,0.0895806237131232,16790.33042632851,941899.3201750715,0.03125,0.96875,0.140625,0.0
rk4,6.000e-07,2200.0,0.0013199572406241218,5.999805639200657e-07,0.0005,3990.70403026933,1676786.9797471452,2545.5984617219788,102223.43334024801,87.52383877890584,214.64136959228202,175.04767755781168,14117.189215294797,1.8837219590537924,0.0625,0.0390625,2545.5984617219788,64.11021969205987,112.3219875810455,110440.67594656767,2.9249349609017372e-09,0.0,0.013443226149636311,1.9660163118532714e-05,10027.03326464233,0.011201916321263156,0.0,0.046875,1.0,0.0,0.046875,1994.7689712413994,110440.67594656767,0.10821952545617253,0.10470034942599206,18432.616136810306,1054826.2403329723,0.03125,0.03125,0.140625,0.0
rk4,6.000e-07,2300.0,0.0013799552970161209,5.999805639200657e-07,0.0005,3989.5741610200635,1742712.8525967535,2636.2803953805933,108396.31561386544,88.38856717070567,218.60190158537586,176.77713434141134,14662.461608730468,1.9564801806456493,0.0625,0.0390625,2636.2803953805933,63.55780253822088,122.42350515277758,141330.67092811968,3.230525180697441e-09,0.0,0.013576044128042648,1.9660163118532714e-05,10429.916282599233,0.011737726539284215,0.0,0.953125,1.0,0.0,0.046875,2625.2792139108496,141330.67092811968,0.1305752559812477,0.11879380030914571,20105.487783136137,1189714.1985551824,0.96875,0.03125,0.140625,0.0
rk4,6.000e-07,2400.0,0.00143995335340812,5.999805639200657e-07,0.0005,3988.3772763305374,1811015.9357351544,2746.5573224409536,116123.03714612049,89.1969424305582,222.23950077759582,178.3938848611164,15274.100300314632,2.0380939648609773,0.0625,0.03125,2746.5573224409536,63.81034577718887,134.55392328382732,176423.93445334118,3.601599019020796e-09,0.0,0.013700206545774578,1.9660163118532714e-05,10876.345029998596,0.01237124446794464,0.0,0.953125,0.6569049172348532,0.0,0.953125,3468.605663369628,176423.93445334118,0.15880755054396875,0.13312272781799117,21841.566421045463,1325272.8316576604,0.96875,0.96875,0.125,0.0
rk4,6.000e-07,2500.0,0.001499951409800119,5.999805639200657e-07,0.0005,3987.1079699675624,1882066.1241536415,2885.4847243786126,125230.69711540065,89.95801393889535,225.38781116194383,179.9160278777907,16024.320957058733,2.138199382709562,0.0625,0.03125,2885.4847243786126,63.84935321918076,149.45984359443355,219662.589519158,4.343746695667505e-09,0.0,0.013817103342640016,1.9660163118532714e-05,11372.27232026726,0.013142478423425679,0.0,0.046875,0.4192665707646255,0.0,0.953125,4589.888961137534,219662.589519158,0.18963159843861457,0.1465398897237675,24204.241270598803,1498995.1878169773,0.96875,0.96875,0.125,0.0
rk4,6.000e-07,2600.0,0.001559949466192118,5.999805639200657e-07,0.0005,3985.761447431878,1956324.0252881106,3041.1194193770857,135187.38830090422,90.6791736922117,229.8202176499031,181.3583473844234,16802.811027980977,2.2420769194583636,0.0625,0.03125,3041.1194193770857,63.51770246595514,166.1981237427426,280454.0368734109,5.107658961309178e-09,0.0,0.013927869892520643,1.9660163118532714e-05,11924.59468114604,0.013937423299218566,0.0,0.046875,0.309213612035245,0.0,0.953125,6053.321436767845,280454.0368734109,0.22621485049585727,0.16233457278663901,26759.16909742714,1727629.7467577637,0.96875,0.96875,0.125,0.0
rk4,6.000e-07,2700.0,0.001619947522584117,5.999805639200657e-07,0.0005,3984.333390693315,2034362.6000939377,3215.0206950503757,145799.30787975423,91.36644045397296,235.4295972899987,182.7328809079459,17680.870035438187,2.359240400691592,0.0625,0.03125,3215.0206950503757,63.357058143028766,186.87882456767147,367552.9539224352,6.261531321147466e-09,0.0,0.014033430647537612,1.9660163118532714e-05,12541.052547944948,0.01490136683928452,0.0,0.0,0.23953698485371103,0.0,0.046875,7948.7537117842585,367552.9539224352,0.25156380189620337,0.18257605597308296,31597.366758926466,2013149.818378283,0.96875,0.96875,0.109375,0.0
rk4,6.000e-07,2800.0,0.0016799455789761161,5.999805639200657e-07,0.0005,3982.8199111698927,2116898.5437491834,3406.433030546667,159350.9329198437,92.02469732084376,240.4435045263289,184.0493946416875,18828.014211702404,2.512309162615419,0.0625,0.03125,3406.433030546667,63.64378188607572,222.9911991771869,480176.6301220078,8.903845477468753e-09,0.0,0.014134535627042099,1.9660163118532714e-05,13229.582652581263,0.016855497639880455,0.0,0.0,0.1896416740535215,0.0,0.046875,10447.140479423892,480176.6301220078,0.2822940316734442,0.1963633129128268,37008.010468705455,2445347.9776804163,0.96875,0.96875,0.109375,0.0
rk4,6.000e-07,2900.0,0.0017399436353681152,5.999805639200657e-07,0.0005,3981.21750481119,2204836.9833913674,3611.2411399064954,177362.68800820754,92.65787432973335,244.4300259396183,185.3157486594667,20037.480067930406,2.6736937950204407,0.0625,0.03125,3611.2411399064954,63.51790286337906,264.7074086891271,608280.5512174456,1.244217240703827e-08,0.0,0.014231788465148927,1.9660163118532714e-05,13997.235907854865,0.018911405825530206,0.0,0.0,0.20675368442633,0.0,0.0390625,13821.76219127691,608280.5512174456,0.3214997796111817,0.20389081290870079,42991.51373600566,2983364.1964526596,0.96875,0.96875,0.109375,0.0
rk4,6.000e-07,3000.0,0.0017999416917601142,5.999805639200657e-07,0.0005,3979.5229209357703,2299337.2482010857,3850.2435663071587,197771.20274091564,93.26906565756641,250.6050042082968,186.53813131513283,21397.016726339385,2.8551030698078743,0.0625,0.0234375,3850.2435663071587,63.26468173626849,312.8599127949983,748857.033721339,1.684782615468381e-08,0.0,0.014325664412038228,1.9660163118532714e-05,14849.25773436679,0.02106906071614087,0.0,0.0,0.34533815470637663,0.0,0.0390625,18358.3880752985,748857.033721339,0.3689375366114199,0.2090311110420313,49760.15247435856,3582514.727057836,0.96875,0.96875,0.09375,0.0
rk4,6.000e-07,3100.0,0.0018599397481521133,5.999805639200657e-07,0.0005,3977.7332353092684,2401913.1109628696,4186.7250589618125,219536.7790452328,93.86060660342662,259.0393268960846,187.72121320685324,23342.421474015824,3.1146874379535756,0.0625,0.0234375,4186.725058961812,63.29453352557715,369.3173140316603,925778.8219294567,2.1641404010716566e-08,0.0,0.014416522158029656,1.9660163118532714e-05,15788.421604351794,0.023391655181659494,0.0,0.0,0.851340724010773,0.0,0.0390625,24181.025476193783,925778.8219294567,0.418734738068874,0.22087990208044786,57747.83718139109,4191322.131210805,0.96875,0.96875,0.09375,0.0
rk4,6.000e-07,3200.0,0.0019199378045441124,5.999805639200657e-07,0.0005,3975.8467145343393,2514584.6113919583,4551.95095289056,249272.0677689505,94.43417257275092,265.884715644693,188.86834514550185,25447.421125707762,3.39556729351269,0.0625,0.0234375,4551.950952890499,63.51834696628497,438.23615042909114,1193037.025841578,2.5976232091749912e-08,0.0,0.014504619037062119,1.9660163118532714e-05,16844.76623556207,0.026016161002216973,0.0,0.0,1.0,0.0,0.0390625,31199.238199815372,1193037.025841578,0.46295847381114485,0.24825232044464218,67391.00797308769,4805743.703441489,0.96875,0.9765625,0.09375,0.0
rk4,6.000e-07,3300.0,0.0019799358609361114,5.999805639200657e-07,0.0005,3973.8641602194452,2640101.1209583054,4926.765374765235,291731.9551517493,94.99090150999704,269.6186601019796,189.9818030199941,27819.23089942229,3.712048859730131,0.0625,0.0234375,4926.765374765108,63.54020918632023,526.6092276870022,1569855.8805824183,3.963329502670974e-08,0.0,0.014590129831742323,1.9660163118532714e-05,18267.441987607723,0.028827748737028626,0.0,0.0,0.6387080718551214,0.0,0.234375,39432.25677837353,1569855.8805824183,0.5006754005220306,0.25998227874911445,78758.12699657178,6038318.796710545,0.96875,0.9765625,0.078125,0.0
rk4,6.000e-07,3400.0,0.0020399339173281105,5.999805639200657e-07,0.0005,3971.7892459147993,2782258.1659895433,5381.938711665733,338833.49472932226,95.53140080657003,280.90780054636724,191.06280161314007,31630.662429606055,4.220625826387104,0.046875,0.0234375,5381.938711665733,63.40170597624947,642.4229003858381,2016684.5612369562,5.874365945402812e-08,0.0,0.014673147834367925,1.9660163118532714e-05,19942.737277396776,0.03221337630085336,0.0,0.0,0.2352375955366265,0.0,0.0390625,51134.52830108619,2016684.5612369562,0.5542227550089794,0.26597623523397584,92263.49484740611,7582198.309796005,0.9765625,0.96875,0.078125,0.0
rk4,6.000e-07,3500.0,0.0020999319737201095,5.999805639200657e-07,0.0005,3969.6288932306416,2946307.2770461673,6004.8145362090245,387340.6599708149,96.05553885709965,292.7911398039663,192.1110777141993,35855.698272374895,4.784391932616686,0.046875,0.0234375,6004.814536208928,63.3140546182775,790.3226863993605,2492040.573466138,1.0190774949474595e-07,0.0,0.014753652831008879,1.9660163118532714e-05,21890.039364795037,0.0361042149458355,0.0,0.0,0.494388237891679,0.0,0.03125,68916.29269086738,2492040.573466138,0.6142217977739821,0.26442199599758553,112200.98821082024,9424482.87656407,0.9765625,0.96875,0.078125,0.0
rk4,6.000e-07,3600.0,0.0021599300301121086,5.999805639200657e-07,0.0005,3967.3993782963976,3139395.9742545323,6927.733652619673,477658.18711712054,96.5890611190386,297.3830764280597,193.1781222380772,41196.75116972404,5.497073364718209,0.046875,0.015625,6927.733652618683,63.550859350328224,968.3347283239091,3005677.587728586,1.9880336489889183e-07,0.0,0.014835599195829881,1.9660163118532714e-05,24070.280632103546,0.04022947397764862,0.0,0.0,1.0,0.0,0.03125,94058.63319243325,3005677.587728586,0.6845155197331264,0.2516380915575701,137409.05864209493,11944445.966523884,0.9765625,0.9765625,0.0625,0.0
rk4,6.000e-07,3653.0,0.002191729,5.999805640518295e-07,0.0005,3966.2025839450716,3256667.994243136,7605.060609866787,528682.454584722,96.88807684225222,294.25934886747547,193.77615368450444,45825.207136204845,6.114669687017795,0.046875,0.015625,7605.060609865176,63.63181615797187,1072.4777379589286,3496121.876007693,2.8422658414946033e-07,0.0,0.01488152652639014,1.966016312285035e-05,25266.61202291199,0.042446440266166126,0.0,0.0,1.0,0.0,0.03125,110360.60449710608,3496121.876007693,0.7063754710416239,0.2588804747240068,156235.0464043831,13504772.346137412,0.9765625,0.9765625,0.0625,0.0
heun,3.000e-07,0.0,0.0,0.0,0.0005,4008.11113236055,773886.7345045686,3265.5332310870513,0.0,0.0,0.0,0.0,7494.3062310458845,1.0,0.0,0.0859375,3265.533231087051,64.88057619110188,0.0,11.361380314832786,6.366462912410498e-12,0.0,0.0,0.0,0.0,0.0,0.0,0.0,0.0,0.0,0.0,11.361380314832786,0.0,0.0009388669913412475,0.0,12101.160675168838,0.0,0.9140625,0.0,0.171875,0.0
heun,3.000e-07,100.0,2.999902819600326e-05,2.9999028196003285e-07,0.0005,4008.069235419195,774637.8916307341,3255.6243245570786,6344.928657719265,4.67535697748929,11.06727224816865,9.35071395497858,7500.009816307217,1.0007610558049662,0.0,0.0859375,3255.624324557078,64.88193043071368,4.916931240518352,89.71098661914584,4.4565240386873484e-11,0.0,0.0003590557844328497,9.830081559266357e-06,611.4942453213143,0.00804084630090789,0.0,0.0,0.022779859191133765,0.0,0.1953125,10.936476396396756,89.71098661914584,0.0009062467261019178,0.002742122516324515,12067.87961975691,32715.89292056601,0.9140625,0.03125,0.171875,0.0
heun,3.000e-07,200.0,5.9998056392006845e-05,2.9999028196003285e-07,0.0005,4007.990230996751,776901.5892962835,3226.197077888167,12619.007794591089,9.316630419145914,22.067200943456193,18.63326083829183,7517.2804534259085,1.003065556927051,0.0,0.0859375,3226.1970778881664,64.88628936129514,9.737237926714215,175.34215569880325,9.094947017729282e-11,0.0,0.0007154940381073925,9.830081559266357e-06,1216.708986734045,0.00800293088395067,0.0,0.0,0.023018365051054115,0.0,0.8046875,9.736581356584793,175.34215569880325,0.0008135400795542049,0.002697001559183874,11968.164324393387,65013.73909174255,0.09375,0.03125,0.171875,0.0
heun,3.000e-07,300.0,8.999708458801044e-05,2.9999028196003285e-07,0.0005,4007.8745126784956,780658.4117694353,3178.0463196525716,18753.84506001474,13.890806867640123,32.9344602993024,27.781613735280246,7546.0157937812,1.006899846515626,0.0,0.0859375,3178.046319652571,64.89322709449291,14.369517513264782,253.09658326779027,1.5643308870494366e-10,0.0,0.0010667794096321846,9.830081559266357e-06,1809.6268474554072,0.007940596998475331,0.0,0.0,0.023547681456107923,0.0,0.8046875,8.220030462660361,253.09658326779027,0.000696491111874155,0.002623098095687215,11802.060819615443,96487.65468737931,0.875,0.03125,0.171875,0.0
heun,3.000e-07,400.0,0.00011999611278401403,2.9999028196003285e-07,0.0005,4007.722766417098,785877.1077345344,3112.441246483817,24685.160737114915,18.366829323117248,43.60677870835453,36.733658646234495,7586.047748656251,1.0122414957144823,0.0,0.0859375,3112.4412464838165,64.90202499395066,18.731820703612357,319.5989070077194,2.0372681319713593e-10,0.0,0.001410526798682558,9.830081559266357e-06,2384.684324896847,0.007855052556871496,0.0,0.0,0.024735064829784464,0.0,0.8046875,7.174632873720839,319.5989070077194,0.0006199376864863849,0.002521436813541882,11573.151673330976,126752.6932625277,0.8359375,0.03125,0.171875,0.0
heun,3.000e-07,500.0,0.00014999514098001636,2.9999028196003285e-07,0.0005,4007.535971654707,792515.96190962,3031.049463947605,30354.45879923593,22.71642190297434,54.026294602383615,45.43284380594868,7637.144381874323,1.019059556205045,0.0,0.0859375,3031.0494639476046,64.91165824911222,22.755145279884346,383.0306012564106,2.6557245291769505e-10,0.0,0.0017445646878198626,9.830081559266357e-06,2936.957113062629,0.0077478643384599885,0.0,0.0,0.028049441775501012,0.0,0.1953125,6.500059114390751,383.0306012564106,0.0005726233161514657,0.0024639298766149227,11351.36996879011,155455.15515345684,0.1796875,0.0390625,0.171875,0.0
heun,3.000e-07,600.0,0.0001799941691760186,2.9999028196003285e-07,0.0005,4007.3153993291407,800524.5530939125,2935.842310065039,35710.33769345685,26.91474975369656,64.14072584044199,53.82949950739312,7699.012582410837,1.027314916825381,0.0,0.0859375,2935.8423100650384,64.92077707863885,26.385689401351556,438.20615450665355,3.310560714453459e-10,0.0,0.00206698582207876,9.830081559266357e-06,3462.3016495540865,0.007620852274598834,0.0,0.0,0.05837546260295264,0.046875,0.1953125,6.022626628830039,438.20615450665355,0.0005436220041614239,0.0024039935567721094,11078.70281689641,182282.58277657023,0.796875,0.0390625,0.171875,0.0
heun,3.000e-07,700.0,0.00020999319737202083,2.9999028196003285e-07,0.0005,4007.062604314053,809845.7617729828,2828.990809571525,40709.452003614286,30.940886807143805,73.90431196011531,61.88177361428761,7771.301536023466,1.0369607668058856,0.0,0.0859375,2828.9908095715246,64.92768263822697,29.58577591690323,483.48416247358546,3.710738383233547e-10,0.0,0.002376183131486344,9.830081559266357e-06,3957.446605897313,0.007475976017671359,0.0,0.0,0.016258888648903926,0.0,0.0390625,5.664030150612234,483.48416247358546,0.0005246965648878009,0.00233597546307036,10794.86798588706,206973.1339720938,0.2109375,0.0390625,0.171875,0.0
heun,3.000e-07,800.0,0.00023999222556802307,2.9999028196003285e-07,0.0005,4006.7794102583016,820417.8808053092,2714.986745946035,45317.192224266655,34.77808181686336,83.27850361087454,69.55616363372673,7853.607005198225,1.0479431668623178,0.0,0.09375,2714.986745946035,64.93029783097951,32.333537607227754,548.4559897910804,4.729372449219227e-10,0.0,0.0026708701619891024,9.830081559266357e-06,4420.033169896762,0.007315225104517251,0.0,0.0,0.017145615568195886,0.0,0.9609375,5.370338380489557,548.4559897910804,0.0005102011816849321,0.002391621464492317,10525.923054027611,229323.91180370352,0.21875,0.046875,0.171875,0.0
heun,3.000e-07,900.0,0.00026999125376402766,2.9999028196003285e-07,0.0005,4006.467885619427,832176.6883003014,2596.197515802474,49508.170279715356,38.41382980149671,92.23238881719666,76.82765960299342,7945.476408880575,1.060201727007855,0.0,0.1015625,2596.197515802473,64.92613342861344,34.62158815422072,613.6551876806188,5.165929906070232e-10,0.0,0.002950086562128822,9.830081559266357e-06,4848.607517497576,0.007140521898148879,0.0,0.0,0.0383701299068931,1.0,0.25,5.809946205525193,613.6551876806188,0.0005682464766206714,0.002462522991458552,10224.34180336076,249197.74954756908,0.921875,0.046875,0.171875,0.0
heun,3.000e-07,1000.0,0.0002999902819600326,2.9999028196003285e-07,0.0005,4006.1303107252097,845057.3602540389,2482.6338499524604,53266.57573625641,41.85434109690144,100.74286003400675,83.70868219380289,8046.414668670502,1.073670386637986,0.0,0.109375,2482.6338499524604,64.91225023790666,36.454977629813584,691.8411457268521,5.748006515204906e-10,0.0,0.0032143092702491788,9.830081559266357e-06,5242.572308083079,0.006953643266609167,0.0,0.0,0.06198740511479371,0.984375,0.25,6.728586966390139,691.8411457268521,0.0006737574994779384,0.0025930934187611008,9986.659846612158,266801.4737615555,0.921875,0.0546875,0.171875,0.0
heun,3.000e-07,1100.0,0.00032998931015603756,2.9999028196003285e-07,0.0005,4005.7691367229213,858996.1281190263,2379.599827254998,56661.46894899154,45.12019097532918,108.7945382366429,90.24038195065836,8155.890758329135,1.088278288461522,0.0,0.1171875,2379.5998272549973,64.88521852175381,37.84874417024821,799.1130699680652,6.330083124339581e-10,0.0,0.0034651184160715597,9.830081559266357e-06,5602.10612549425,0.006756163364704016,0.0,0.0,0.022054745149483947,0.0,0.796875,7.348044104699511,799.1130699680652,0.0007563237190274339,0.002821194940506714,9715.474894993975,283253.4039014464,0.9140625,0.0546875,0.171875,0.0
heun,3.000e-07,1200.0,0.0003599883383520425,2.9999028196003285e-07,0.0005,4005.3869381036807,873931.6189226308,2288.8907960975976,60018.63543771125,48.18068212628515,116.379479918075,96.3613642525703,8273.344860942447,1.103950733514107,0.0,0.1328125,2288.8907960975966,64.84107654200768,38.82533852206234,907.818569998024,6.402842700481415e-10,0.0,0.003700156522519295,9.830081559266357e-06,5928.060566957282,0.006549416640321265,0.0,0.0,0.2218135747555104,0.0,0.203125,8.853675559432304,907.818569998024,0.0009326196977782445,0.0030516711516293377,9493.33965444241,297482.4366358494,0.0234375,0.0546875,0.171875,0.0
heun,3.000e-07,1300.0,0.00038998736654804745,2.9999028196003285e-07,0.0005,4004.9863610100224,889805.8486235221,2210.266741220395,63002.228588891034,51.03720222056024,123.49669962543014,102.07440444112048,8398.196005427271,1.1206102001325935,0.0,0.140625,2210.2667412203946,64.77529096182853,39.41213543204958,1008.8656756067649,6.257323548197746e-10,0.0,0.0039195301592568526,9.830081559266357e-06,6221.844388966102,0.006334477844213456,0.0,0.0,0.06724597669774213,0.0,0.796875,11.40300390466291,1008.8656756067649,0.0012285836604457468,0.0032573164698031206,9281.42239863889,309722.9529152084,0.0234375,0.0546875,0.171875,0.0
heun,3.000e-07,1400.0,0.0004199863947440524,2.9999028196003285e-07,0.0005,4004.570069723095,906564.8696148235,2140.5326771532673,65614.17210909494,53.69363934446261,130.15154464771922,107.38727868892522,8529.85002366596,1.1381774057123841,0.0,0.140625,2140.532677153267,64.70463255707605,39.639175507029904,1167.3285917318426,5.893525667488575e-10,0.0,0.004123537921639847,9.830081559266357e-06,6485.303081977375,0.006112154668173794,0.0,0.0,0.03770871691836795,0.0,0.203125,14.461353875056375,1167.3285917318426,0.0015997442951301967,0.0036404068910217834,9039.790871002559,320658.82377345976,0.0234375,0.9375,0.171875,0.0
heun,3.000e-07,1500.0,0.00044998542294005735,2.9999028196003285e-07,0.0005,4004.140693626492,924159.0981835444,2079.4107974428657,67863.99764328133,56.17481568093786,136.35495996622294,112.34963136187572,8667.70764361102,1.1565723866078768,0.0,0.1484375,2079.4107974428653,64.76893820897716,39.53721829193091,1325.7113640166353,6.184563972055912e-10,0.0,0.00431408609156542,9.830081559266357e-06,6720.600795368102,0.005882988663629644,0.0,0.0,0.028955280132693117,0.0,0.203125,18.14739290189027,1325.7113640166353,0.0020430879066748145,0.004015453924522455,8882.3358224589,330152.30380816734,0.0234375,0.9375,0.171875,0.0
heun,3.000e-07,1600.0,0.0004799844511360623,2.9999028196003285e-07,0.0005,4003.700776643642,942543.3659740281,2044.4734472521968,69769.2397965089,58.52485514725083,142.12268100168717,117.04971029450166,8811.172514102338,1.1757155689210042,0.0,0.046875,2044.4734472521964,64.81789399166965,39.13613984724134,1469.447392195696,6.548361852765083e-10,0.0,0.004494563276107227,9.830081559266357e-06,6930.109942025301,0.005647261035487113,0.0,0.0,0.06952255518998667,0.0,0.2109375,22.580953901444445,1469.447392195696,0.0025920905386540285,0.004342923082991291,8711.483478185084,338354.45945397206,0.0234375,0.0625,0.171875,0.0
heun,3.000e-07,1700.0,0.0005099834793320633,2.9999028196003285e-07,0.0005,4003.2527307436844,961676.7507556041,2026.8064825298293,71354.9727969457,60.70287957204029,147.4743894670674,121.40575914408058,8959.658945444095,1.1955288013622722,0.0,0.046875,2026.8064825298288,64.84630526341246,38.463677275989994,1678.1582684020977,6.984919309616089e-10,0.0,0.004661830133402185,9.830081559266357e-06,7116.31226489029,0.005405001332748989,0.0,0.0,1.0,0.0,0.2109375,27.88155337759963,1678.1582684020977,0.003268590708161785,0.00486188106232945,8530.145211506115,345166.458596593,0.0234375,0.0234375,0.171875,0.0
heun,3.000e-07,1800.0,0.0005399825075280628,2.9999028196003285e-07,0.0005,4002.7987946924345,981522.2465423135,2016.1329444770536,72652.30830407164,62.71758655705747,152.4328641685742,125.43517311411495,9112.599147174224,1.2159363210198704,0.0,0.046875,2016.1329444770536,64.8482750031049,38.01886319511823,2130.279772010166,8.149072527885437e-10,0.0,0.004816554617626736,9.830081559266357e-06,7281.71375113615,0.005221142233061033,0.0,0.015625,0.08660965808155872,0.0,0.7890625,34.16952903998754,2130.279772010166,0.004078837571727436,0.006072076882826395,8377.271327702401,350832.14740498737,0.0234375,0.0234375,0.171875,0.0
heun,3.000e-07,1900.0,0.0005699815357240623,2.9999028196003285e-07,0.0005,4002.3409988487,1002046.3323735775,2011.6854764283091,73695.93814223439,64.57829296588335,157.19095439596518,129.1565859317667,9269.449751655908,1.2368656238327065,0.0,0.046875,2011.6854764283091,64.81717227168443,37.93678981753419,2648.2816899837926,8.731149137020111e-10,0.0,0.004959452240725235,9.830081559266357e-06,7428.774577883267,0.005106735898337595,0.0,0.015625,0.050249067708224904,0.0,0.7890625,41.5696278027026,2648.2816899837926,0.005029839225758711,0.007447001363618887,8264.60368550491,355617.1888085776,0.0234375,0.0234375,0.171875,0.0
heun,3.000e-07,2000.0,0.0005999805639200619,2.9999028196003285e-07,0.0005,4001.8811364990297,1023218.4941337184,2012.516519479415,74521.10114119588,66.33062670706131,161.65697681753463,132.66125341412263,9429.697429323456,1.2582482138586795,0.0,0.046875,2012.516519479415,64.75758924187024,38.75136702291957,3240.0109765117522,8.294591680169106e-10,0.0,0.005094027112559874,9.830081559266357e-06,7559.854275171131,0.005125941005263935,0.0,0.9765625,0.04934560469143742,0.0,0.21875,50.21636391942593,3240.0109765117522,0.0061640525522720655,0.008945013962300968,8146.647598083215,362214.1888393776,0.0234375,0.0234375,0.171875,0.0
heun,3.000e-07,2100.0,0.0006299795921160614,2.9999028196003285e-07,0.0005,4001.4207419871,1045010.7460193612,2017.5857904360348,75160.58663354526,67.98937780142256,165.78488716754924,135.97875560284513,9592.863428195022,1.2800202090028912,0.0,0.046875,2017.5857904360348,64.65810616430215,39.50171966726339,3914.0574643586297,1.0040821507573128e-09,0.0,0.005221415069935604,9.830081559266357e-06,7677.17149128954,0.005145348089733534,0.0,0.9765625,0.11882404553487509,0.0,0.78125,60.26011005121836,3914.0574643586297,0.007509071600615965,0.010502442251284607,8024.974758034703,372680.69375767163,0.0234375,0.0234375,0.171875,0.0
heun,3.000e-07,2200.0,0.0006599786203120609,2.9999028196003285e-07,0.0005,4000.9610757118285,1067397.1889120487,2025.8492576474782,75642.46691389375,69.52493014106422,169.59580470654552,139.04986028212844,9758.506905516444,1.3021227855743192,0.0,0.046875,2025.8492576474782,64.5752980207265,40.760851979942345,4679.951073128497,1.0913936421275139e-09,0.0,0.005339341669444977,9.830081559266357e-06,7782.777134405715,0.005237314557004182,0.0,0.96875,1.0,0.0,0.21875,71.8728338150031,4679.951073128497,0.009058342698087194,0.012199544545150626,7934.435272600156,383616.86830257927,0.0234375,0.0234375,0.171875,0.0
heun,3.000e-07,2300.0,0.0006899776485080604,2.9999028196003285e-07,0.0005,4000.5031159192868,1090353.6330387879,2036.3395531314357,75989.12116329101,70.94614427817511,173.11117379005628,141.89228855635022,9926.226961347851,1.324502449636699,0.0,0.046875,2036.3395531314357,64.67864894473205,42.56010207396048,5606.570439673029,1.0913936421275139e-09,0.0,0.005448487379452653,9.830081559266357e-06,7878.539236496423,0.005402029589039263,0.0,0.96875,0.1169829803519112,0.0,0.78125,86.2664514606804,5606.570439673029,0.011027548624554065,0.014117230514282113,7822.813065507464,397143.7906323748,0.03125,0.03125,0.171875,0.0
heun,3.000e-07,2400.0,0.00071997667670406,2.9999028196003285e-07,0.0005,4000.0475570779618,1113857.3027266997,2048.2279635661434,76217.78105369656,72.261678677185,176.35230940170734,144.52335735437,10095.663330195068,1.3471111292961064,0.0,0.046875,2048.2279635661434,64.74948531785675,44.311770414065904,6708.876384848729,1.0622898116707802e-09,0.0,0.00554951714848615,9.830081559266357e-06,7966.137634452886,0.005562516296783671,0.0,0.96875,0.09856397150109245,0.0,0.953125,103.40487864907482,6708.876384848729,0.01331905994773165,0.016218785851817522,7763.676945285133,413648.4966349632,0.03125,0.03125,0.171875,0.0
heun,3.000e-07,2500.0,0.0007499757049000595,2.9999028196003285e-07,0.0005,3999.594814492881,1137886.6323585196,2060.8601917463566,76517.48597297422,73.48701983779075,179.3399928931515,146.9740396755815,10266.495734666547,1.3699060884564072,0.0,0.046875,2060.8601917463566,64.77088577055308,46.01616200530225,7954.784240756184,1.0622898116707802e-09,0.0,0.005643620301194592,9.830081559266357e-06,8047.0664773361805,0.0057183772664116195,0.0,0.03125,0.13197669751943145,0.0,0.953125,123.13204174931161,7954.784240756184,0.016020192500399724,0.018466142583918353,7686.052570606709,430776.7149856074,0.03125,0.03125,0.171875,0.0
heun,3.000e-07,2600.0,0.000779974733096059,2.9999028196003285e-07,0.0005,3999.1450346783126,1162421.1551737285,2073.761932344058,76943.5233185585,74.68219112879248,182.09412083170815,149.36438225758496,10438.441951689696,1.3928496687855436,0.0,0.046875,2073.761932344058,64.732429371698,47.67440889986574,9361.779643129092,9.968061931431293e-10,0.0,0.005735406482974597,9.830081559266357e-06,8122.642627281584,0.005869322471450526,0.0,0.03125,0.18176441120840114,0.0,0.953125,145.78540115321812,9361.779643129092,0.019183014222878384,0.02085322118376691,7599.712926206819,448936.8601919748,0.03125,0.03125,0.171875,0.0
heun,3.000e-07,2700.0,0.0008099737612920585,2.9999028196003285e-07,0.0005,3998.6981108755717,1187441.4805151932,2086.61546666709,77257.8899402241,75.79469401291219,184.63340790686743,151.58938802582438,10611.25468425321,1.4159088722976207,0.0,0.046875,2086.61546666709,64.62288026587999,50.31765034512955,10954.11743837595,1.0186340659856796e-09,0.0,0.005820843936770033,9.830081559266357e-06,8194.018193039283,0.006140778450781787,0.0,0.9609375,0.2616977956661449,0.0,0.953125,171.73854408391344,10954.11743837595,0.022751925040328892,0.023378192543024777,7548.308276310621,468561.3491383563,0.03125,0.03125,0.171875,0.0
heun,3.000e-07,2800.0,0.0008399727894880581,2.9999028196003285e-07,0.0005,3998.2537029809714,1212929.3505352347,2099.2140195948027,77525.9287937192,76.83128759725855,186.9751430700503,153.6625751945171,10784.717367549547,1.4390548017470675,0.0,0.046875,2099.2140195948027,64.43039833755857,53.0664542397235,12763.319184682332,1.0550138540565968e-09,0.0,0.005900451745191416,9.830081559266357e-06,8262.195680087018,0.006422802883695996,0.0,0.9609375,1.0,0.0,0.2265625,201.3984862544312,12763.319184682332,0.025852166701555407,0.02604495215170437,7790.3909788077435,490049.63074378716,0.03125,0.03125,0.171875,0.0
heun,3.000e-07,2900.0,0.0008699718176840576,2.9999028196003285e-07,0.0005,3997.8112610492476,1238867.7641935379,2111.405312794534,78154.12595040738,77.79834898345385,189.1349965513798,155.5966979669077,10958.639065987403,1.4622619797133705,0.0,0.046875,2111.405312794534,64.48354970669467,55.811422753988154,14826.169963889755,1.2223608791828156e-09,0.0,0.005974719653778267,9.830081559266357e-06,8328.044517929138,0.00670162396872805,0.0,0.9609375,0.7284782179235402,0.0,0.953125,235.2143401248686,14826.169963889755,0.027852703517282956,0.028861223126879103,8444.937489781383,513705.5314222567,0.03125,0.03125,0.171875,0.0
heun,3.000e-07,3000.0,0.0008999708458800571,2.9999028196003285e-07,0.0005,3997.3700514682932,1265241.154487084,2123.7942548383153,78806.31745375996,78.70186205939727,191.12687416417913,157.40372411879454,11132.848635805942,1.4855075696916473,0.015625,0.046875,2123.7942548383126,64.59762568095334,58.5638454017535,17180.15782044502,1.2951204553246498e-09,0.0,0.006044107210234419,9.830081559266357e-06,8392.317997066923,0.006978268152162645,0.0,0.9609375,1.0,0.0,0.046875,273.70290975034004,17180.15782044502,0.03012870928871613,0.03183406165223311,9084.455199441545,539678.4742119093,0.03125,0.03125,0.171875,0.0
heun,3.000e-07,3100.0,0.0009299698740760567,2.9999028196003285e-07,0.0005,3996.9291848666703,1292035.6041005265,2136.6705335781594,79498.72433070204,79.54741422706157,192.96281439812608,159.09482845412313,11307.188336754629,1.508770523669491,0.046875,0.0390625,2136.6705335781594,64.64078221696155,61.34431441756897,19857.591161107644,1.3242242857813835e-09,0.0,0.0061090435131309385,9.830081559266357e-06,8455.669890439909,0.00725481425036775,0.0,0.9609375,1.0,0.0,0.046875,317.49166980962764,19857.591161107644,0.03270705023438989,0.03496553381603575,9707.132484720387,567919.0046285132,0.96875,0.03125,0.171875,0.0
heun,3.000e-07,3200.0,0.0009599689022720562,2.9999028196003285e-07,0.0005,3996.4876448174773,1319239.0848917582,2157.578821594622,80246.20364523167,80.34019954164529,194.79474223597092,160.68039908329058,11498.452588030033,1.5342917988054168,0.046875,0.0390625,2157.578821594622,64.59963817294967,64.18021740697804,22880.9159852406,1.3242242857813835e-09,0.0,0.006169927452985209,9.830081559266357e-06,8518.670237452605,0.007534065249386891,0.0,0.0390625,1.0,0.0,0.046875,367.3723281758066,22880.9159852406,0.035618077266948926,0.03825227879811918,10314.209984509813,598158.2458393467,0.96875,0.03125,0.15625,0.0
heun,3.000e-07,3300.0,0.0009899679304680557,2.9999028196003285e-07,0.0005,3996.0443164390244,1346841.7076682749,2179.166980920864,81126.57286865411,81.13016314158138,196.7310793953885,162.26032628316275,11692.449249723399,1.560177672122111,0.046875,0.0390625,2179.166980920864,64.46030848112075,67.09999799395518,26262.43332138844,1.3242242857813835e-09,0.0,0.006230594692174454,9.830081559266357e-06,8595.671315862044,0.007806254512097505,0.0,0.9609375,0.955764064256618,0.0,0.046875,424.35108315556863,26262.43332138844,0.038896916955440015,0.04169180773347535,10909.632854493371,629918.3160700826,0.96875,0.03125,0.15625,0.0
heun,3.000e-07,3400.0,0.0010199669586640552,2.9999028196003285e-07,0.0005,3995.5980140612915,1374835.9704062836,2201.4735966760254,82273.50221237955,81.87484301070522,198.5923754063382,163.74968602141044,11888.763862762975,1.5863728404255255,0.046875,0.0390625,2201.4735966760254,64.20886438325351,70.12546007034416,30011.110699566547,1.4551915228366852e-09,0.0,0.00628778425349501,9.830081559266357e-06,8676.63070384163,0.008082107267662744,0.0,0.0390625,0.7709376254771639,0.0,0.046875,489.67792664185254,30011.110699566547,0.04230895233018951,0.0452959220259206,11573.86084203374,662556.5692733373,0.96875,0.03125,0.15625,0.0
heun,3.000e-07,3500.0,0.0010499659868600548,2.9999028196003285e-07,0.0005,3995.1475072239186,1403216.9952572875,2228.1082675262605,83504.11318466025,82.57754385516503,200.38285551413458,165.15508771033006,12087.315052423895,1.6128664455091293,0.0625,0.0390625,2228.1082675262605,64.23092595221598,73.26451473486486,34147.20480189333,1.6007106751203537e-09,0.0,0.0063417499301575515,9.830081559266357e-06,8782.74732496206,0.008341867530064842,0.0,0.0390625,0.6904102438068354,0.0,0.046875,564.8398804390163,34147.20480189333,0.046196403206520895,0.0491085559885758,12226.923336734704,695341.2519365677,0.96875,0.96875,0.15625,0.0
heun,3.000e-07,3600.0,0.0010799650150560543,2.9999028196003285e-07,0.0005,3994.691544393361,1431982.7472106114,2257.311987225032,85158.11868002267,83.24190404077609,202.10473655271142,166.48380808155218,12287.990876618336,1.639643550421539,0.0625,0.0390625,2257.311987225032,64.38348019348084,76.50732034860357,38722.21824654378,1.7025740817189217e-09,0.0,0.0063927711396050985,9.830081559266357e-06,8893.028241501022,0.008603067287200044,0.0,0.0390625,0.658836976949636,0.0,0.046875,651.5133276724373,38722.21824654378,0.05075312680379802,0.05322271954660005,12836.910131489327,727550.538123853,0.96875,0.96875,0.15625,0.0
heun,3.000e-07,3700.0,0.0011099640432520538,2.9999028196003285e-07,0.0005,3994.228873930371,1461134.229964114,2287.725729198743,86971.78296544404,83.87126783204593,203.75828112300383,167.74253566409186,12490.642340249578,1.6666842740567354,0.0625,0.0390625,2287.725729198743,64.44039105118098,79.8283960225308,43838.19934609253,1.7898855730891228e-09,0.0,0.006441104713031908,9.830081559266357e-06,9007.99146851103,0.008861952889452056,0.0,0.0390625,1.0,0.0,0.234375,751.4873283413472,43838.19934609253,0.05604091793680091,0.05778967884062844,13409.618471789181,758581.8129737128,0.96875,0.96875,0.15625,0.0
heun,3.000e-07,3800.0,0.0011399630714480533,2.9999028196003285e-07,0.0005,3993.7582619987743,1490675.6572421142,2319.462641212401,88876.32571879754,84.46870185458815,205.34184478355385,168.9374037091763,12695.077101183515,1.6939629513126828,0.0625,0.0390625,2319.462641212401,64.38556336385439,84.05235753297347,49657.96471505612,1.8917489796876907e-09,0.0,0.006486986159655897,9.830081559266357e-06,9128.152109616985,0.009208036470428655,0.0,0.046875,0.6810569667454056,0.0,0.046875,866.5884519016836,49657.96471505612,0.062107107820116046,0.06301336568280903,13953.128431155215,788054.4734750383,0.96875,0.96875,0.15625,0.0
heun,3.000e-07,3900.0,0.0011699620996440529,2.9999028196003285e-07,0.0005,3993.278507273823,1520614.60036716,2352.664512848542,90871.77057568966,85.03701215713934,206.85191307496797,170.0740243142787,12901.053355641052,1.7214473171909093,0.0625,0.0390625,2352.664512848542,64.20306019807721,88.6448395638181,56397.9774593208,2.066371962428093e-09,0.0,0.006530630977039097,9.830081559266357e-06,9254.030742609506,0.009579051769912481,0.0,0.046875,0.730753597609546,0.0,0.046875,998.6510812751803,56397.9774593208,0.06831318892102822,0.06859410281119843,14618.715610387422,822198.6314851758,0.96875,0.96875,0.15625,0.0
heun,3.000e-07,4000.0,0.0011999611278400524,2.9999028196003285e-07,0.0005,3992.7884524697342,1550962.1152575894,2387.4893014724594,92958.06389654933,85.57876148635036,208.28312616336945,171.15752297270072,13108.273892022919,1.7490977133708032,0.0625,0.0390625,2387.4893014724594,63.889134355116354,93.36067612216084,64299.3292570333,2.270098775625229e-09,0.0,0.006572235977748645,9.830081559266357e-06,9386.161084948715,0.009946630499648083,0.0,0.046875,0.8170717834093574,0.0,0.046875,1149.5776002070343,64299.3292570333,0.07506407312881218,0.07465651503865764,15314.617929596294,861268.8286312143,0.96875,0.96875,0.15625,0.0
heun,3.000e-07,4100.0,0.001229960156036052,2.9999028196003285e-07,0.0005,3992.2869928440236,1581732.8541321165,2424.0921306491764,95135.43628534547,86.09628646101639,209.62828989173448,172.19257292203278,13327.317009416274,1.7783256513066654,0.0625,0.0390625,2424.0921306491764,63.930832612620655,98.12194286391423,73579.42311587976,2.444721758365631e-09,0.0,0.006611980608294929,9.830081559266357e-06,9525.097167439584,0.010301411223324048,0.0,0.046875,0.96729849610078,0.0,0.046875,1321.5150624835514,73579.42311587976,0.08239902792741766,0.0816462652859362,16037.993356519044,901197.6586827913,0.96875,0.96875,0.140625,0.0
heun,3.000e-07,4200.0,0.0012599591842320514,2.9999028196003285e-07,0.0005,3991.773081933517,1612945.1690383973,2462.6022471839265,97404.62564058516,86.59171439589971,210.8783730786225,173.18342879179943,13586.21973624373,1.8128722415907568,0.0625,0.0390625,2462.6022471839265,64.11460411259003,102.86760802343088,84375.96177732619,2.6193447411060333e-09,0.0,0.00665002824115932,9.830081559266357e-06,9671.420298580917,0.010636246264524828,0.0,0.046875,1.0,0.0,0.046875,1517.1391700699314,84375.96177732619,0.09035790223159575,0.08958067355457595,16790.33192007227,941899.1667429374,0.96875,0.96875,0.140625,0.0
heun,3.000e-07,4300.0,0.001289958212428051,2.9999028196003285e-07,0.0005,3991.2457348211838,1644621.2159364796,2503.099962246823,99766.85058391538,87.06697957795855,212.57985782247886,174.1339591559171,13849.648929190851,1.8480228192193893,0.0625,0.0390625,2503.099962246823,64.18005928106338,107.58314444391544,96702.82091621682,2.852175384759903e-09,0.0,0.006686527424768053,9.830081559266357e-06,9840.274076006312,0.010932941868584437,0.0,0.046875,1.0,0.0,0.046875,1739.9906255241804,96702.82091621682,0.09883433815950969,0.0975539173055299,17605.122449608483,991275.6308222096,0.96875,0.96875,0.140625,0.0
heun,3.000e-07,4400.0,0.0013199572406240505,2.9999028196003285e-07,0.0005,3990.704029224782,1676787.0695936459,2545.5985430850833,102223.43288081174,87.52383884011802,214.6413744858051,175.04767768023603,14117.189941939123,1.8837220560133112,0.0625,0.0390625,2545.5985430850833,64.11022080607549,112.32193884918888,110440.75873000594,3.2014213502407074e-09,0.0,0.006721613079519098,9.830081559266357e-06,10027.033437065049,0.011201911268590119,0.0,0.046875,1.0,0.0,0.046875,1994.7684010759403,110440.75873000594,0.10821948544679484,0.10470036918780835,18432.617682853896,1054826.8319083063,0.96875,0.96875,0.140625,0.0
heun,3.000e-07,4500.0,0.00134995626882005,2.9999028196003285e-07,0.0005,3990.147104655764,1709472.8611366416,2590.0360001160966,105157.95881885402,87.963886312172,216.65341029721398,175.927772624344,14388.332863477723,1.919901912184035,0.0625,0.0390625,2590.0360001160966,63.88930650132726,117.20927466478497,125381.54862458212,3.4633558243513107e-09,0.0,0.00675540763061472,9.830081559266357e-06,10223.371478448225,0.011464835735635013,0.0,0.046875,1.0,0.0,0.046875,2287.468150549117,125381.54862458212,0.11871903124957676,0.1118068080954346,19267.91455819997,1121412.4681706375,0.96875,0.96875,0.140625,0.0
heun,3.000e-07,4600.0,0.0013799552970160495,2.9999028196003285e-07,0.0005,3989.574159856144,1742712.9518151963,2636.2804879197743,108396.32750309355,88.38856725933302,218.60190723209206,176.77713451866603,14662.462459724322,1.9564802941977018,0.0625,0.0390625,2636.2804879197743,63.55780289030359,122.42344693822088,141330.6909558666,3.7107383832335472e-09,0.0,0.0067880220708276835,9.830081559266357e-06,10429.916478197505,0.011737720737661944,0.0,0.046875,1.0,0.0,0.046875,2625.278282342275,141330.6909558666,0.13057520114287988,0.11879374732880495,20105.4890926004,1189714.8977435862,0.96875,0.03125,0.140625,0.0
heun,3.000e-07,4700.0,0.001409954325212049,2.9999028196003285e-07,0.0005,3988.9844487273294,1776546.15823673,2684.1505818870696,111911.58995212962,88.79919095146082,220.47034824773704,177.59838190292163,14938.847733706789,1.99335966174176,0.0625,0.0390625,2684.1505818870696,63.56644456613979,128.15513890244256,158253.1237259456,3.8853613659739494e-09,0.0,0.006819556948825991,9.830081559266357e-06,10647.336123340712,0.012036357020936478,0.0,0.046875,0.9274991510120317,0.0,0.953125,3016.217385134136,158253.1237259456,0.144046574416581,0.12577700982786802,20939.181631708023,1258203.895469631,0.96875,0.03125,0.140625,0.0
heun,3.000e-07,4800.0,0.0014399533534080486,2.9999028196003285e-07,0.0005,3988.377275054298,1811016.0457615398,2746.557289467501,116123.04400997271,89.19694254385527,222.23950716829557,178.39388508771054,15274.10146684448,2.038094120516459,0.0625,0.03125,2746.557289467501,63.81034794921886,134.5539296992447,176423.76775708003,4.045432433485985e-09,0.0,0.006850103281588222,9.830081559266357e-06,10876.34525327964,0.012371244803825206,0.0,0.953125,0.656903844442519,0.0,0.953125,3468.604525043993,176423.76775708003,0.1588075002615779,0.1331225560165692,21841.566168667865,1325273.2897881058,0.96875,0.96875,0.125,0.0
heun,3.000e-07,4900.0,0.0014699523816040481,2.9999028196003285e-07,0.0005,3987.751986503857,1846171.3075576103,2814.0770015201906,120564.3433463018,89.58289399332517,223.88716795769892,179.16578798665034,15645.194099927654,2.0876107297451942,0.0625,0.03125,2814.0770015201906,63.911013292374584,141.67727713066597,196528.71537945792,4.077779314736746e-09,0.0,0.006879743392730458,9.830081559266357e-06,11117.713729190105,0.012743382369945837,0.0,0.953125,0.5104209213380648,0.0,0.953125,3990.569280378797,196528.71537945792,0.17349753122297903,0.14101815696994144,23000.72659391399,1393641.213318004,0.96875,0.96875,0.125,0.0
heun,3.000e-07,5000.0,0.0014999514098000476,2.9999028196003285e-07,0.0005,3987.1079685861937,1882066.246711955,2885.484693084333,125230.70494931542,89.95801407444009,225.38781825243706,179.91602814888017,16024.322361218809,2.1381995700731458,0.0625,0.03125,2885.484693084333,63.84935450348534,149.4599390268013,219662.29202139797,4.46837574904821e-09,0.0,0.006908551681729507,9.830081559266357e-06,11372.272585161547,0.013142486508968794,0.0,0.953125,0.41926717267290803,0.0,0.953125,4589.887117934719,219662.29202139797,0.18963150856612251,0.1465397299948892,24204.24302185137,1498994.7915767215,0.96875,0.96875,0.125,0.0
heun,3.000e-07,5100.0,0.0015299504379960472,2.9999028196003285e-07,0.0005,3986.4446394059514,1918761.3777510254,2961.0801947931345,130111.26764116932,90.32317758765329,226.89049508483237,180.64635517530658,16410.573879712967,2.189738899610292,0.0625,0.03125,2961.0801947931345,63.70811773783103,157.71870391388256,247185.7457414884,5.447456936033382e-09,0.0,0.006936595331083835,9.830081559266357e-06,11640.915839400779,0.013548650818353583,0.0,0.046875,0.3564134166115169,0.0,0.953125,5274.419975259312,247185.7457414884,0.20730625467873112,0.15347607769070012,25442.647562338352,1610581.5933062942,0.96875,0.96875,0.125,0.0
heun,3.000e-07,5200.0,0.0015599494661920467,2.9999028196003285e-07,0.0005,3985.761445951548,1956324.1625279686,3041.1194502850144,135187.39601020457,90.67917384806464,229.82022742348843,181.35834769612927,16802.812713348383,2.2420771443447447,0.0625,0.03125,3041.1194502850144,63.517703612803686,166.19822299666885,280453.8703790307,6.591564679611938e-09,0.0,0.006963934958229439,9.830081559266357e-06,11924.595020469122,0.013937431226082049,0.0,0.953125,0.30921420168051905,0.0,0.953125,6053.317496684802,280453.8703790307,0.22621463885827897,0.1623344851680224,26759.176714806417,1727629.6536053335,0.96875,0.96875,0.125,0.0
heun,3.000e-07,5300.0,0.0015899484943880462,2.9999028196003285e-07,0.0005,3985.0578622664902,1994829.8952406666,3125.762555848453,140430.5152257614,91.02671450066713,232.67790226269463,182.05342900133425,17199.65153275107,2.2950291864909205,0.0625,0.03125,3125.762555848453,63.255854108437546,174.65049057833312,320467.1419450673,7.90638191796879e-09,0.0,0.0069906252157313385,9.830081559266357e-06,12224.3039637437,0.014287152143494828,0.0,0.046875,0.2713050084878188,0.0,0.953125,6938.890107305255,320467.1419450673,0.23843205912870097,0.17335767921679213,29102.169115436685,1848589.2484999625,0.96875,0.96875,0.125,0.0
heun,3.000e-07,5400.0,0.0016199475225840458,2.9999028196003285e-07,0.0005,3984.333389120774,2034362.7547925268,3215.0208298604484,145799.31400194558,91.36644062903962,235.42960873236967,182.73288125807923,17680.872345202246,2.359240708894111,0.0625,0.03125,3215.0208298604484,63.357060914299105,186.87886259216975,367553.04814765183,9.385979187017737e-09,0.0,0.00701671533721349,9.830081559266357e-06,12541.053011209602,0.014901369320832256,0.0,0.0,0.2395370332105892,0.0,0.953125,7948.747035870096,367553.04814765183,0.25156352662190656,0.1825760980987493,31597.374796771932,2013149.869972874,0.96875,0.96875,0.109375,0.0
heun,3.000e-07,5500.0,0.0016499465507800453,2.9999028196003285e-07,0.0005,3983.5875539709787,2075017.0523801565,3308.7121209958786,151350.96930377863,91.6989290352199,238.034475068878,183.3978580704398,18245.744345049075,2.434614196770386,0.0625,0.03125,3308.7121209958786,63.567651470845924,204.27374613625216,421203.081405981,1.1030778240857405e-08,0.0,0.007042249619637417,9.830081559266357e-06,12875.834349226603,0.01586489392421564,0.0,0.0,0.21250021179369116,0.0,0.046875,9107.494413908687,421203.081405981,0.2660313284614579,0.19018585047953912,34234.66877596773,2214691.9991363687,0.96875,0.96875,0.109375,0.0
heun,3.000e-07,5600.0,0.0016799455789760448,2.9999028196003285e-07,0.0005,3982.8199095179725,2116898.7195558352,3406.433238724475,159350.95116614382,92.02469751552442,240.4435176666588,184.04939503104885,18828.017135143913,2.5123095527037633,0.0625,0.03125,3406.433238724475,63.643783921723326,222.99125673767685,480176.5823339317,1.2833891582630135e-08,0.0,0.00706726782847204,9.830081559266357e-06,13229.583281878047,0.016855501189000522,0.0,0.0,0.18964138983992607,0.0,0.046875,10447.133887412783,480176.5823339317,0.282293844754443,0.19636310069318752,37008.01162172118,2445350.377127094,0.96875,0.96875,0.109375,0.0
heun,3.000e-07,5700.0,0.0017099446071720443,2.9999028196003285e-07,0.0005,3982.0300296200176,2160127.1062069885,3507.5552548868013,168025.18810629233,92.34420899484327,242.59838594053053,184.68841798968654,19426.023845739837,2.592104358541644,0.0625,0.03125,3507.5552548868013,63.629225423297115,243.10802868631163,542923.2532795882,1.4773609216255882e-08,0.0,0.007091805515197244,9.830081559266357e-06,13603.14256316354,0.01787146077147151,0.0,0.0,0.1707007713896786,0.0,0.046875,12005.407051241593,542923.2532795882,0.30072924729373196,0.20084608479996371,39920.98260903611,2703180.6660325113,0.96875,0.96875,0.109375,0.0
heun,3.000e-07,5800.0,0.0017399436353680439,2.9999028196003285e-07,0.0005,3981.217503103244,2204837.185155808,3611.2413094158337,177362.7294894884,92.65787454606524,244.430040472426,185.3157490921305,20037.48374986799,2.6736942863184305,0.0625,0.03125,3611.241309415828,63.51790423109593,264.7074677913024,608279.6608938565,1.6839684740269827e-08,0.0,0.0071158942491882145,9.830081559266357e-06,13997.236713198825,0.018911408959862343,0.0,0.0,0.2067538342193993,0.0,0.0390625,13821.761411874963,608279.6608938565,0.32149982952242834,0.20389025738394573,42991.50463751874,2983367.9583247826,0.96875,0.96875,0.109375,0.0
heun,3.000e-07,5900.0,0.0017699426635640434,2.9999028196003285e-07,0.0005,3980.3819289411554,2251182.284330278,3716.4781699721634,187311.6518738841,92.96605559479754,246.10579973686413,185.93211118959508,20659.40262133277,2.7566798025612043,0.0625,0.03125,3716.478169972145,63.46485481937897,287.900893710389,676283.2951058815,1.90512107505659e-08,0.0,0.007139561787032423,9.830081559266357e-06,14412.458484244316,0.019975835075266443,0.0,0.0,0.2609816057942944,0.0,0.0390625,15931.349745451851,676283.2951058815,0.3444292811052917,0.2062469592602553,46254.341948882255,3278997.6518029775,0.96875,0.96875,0.109375,0.0
heun,3.000e-07,6000.0,0.001799941691760043,2.9999028196003285e-07,0.0005,3979.5229192052675,2299337.482591736,3850.243594101812,197771.25798017706,93.26906589807732,250.60502525295612,186.53813179615463,21397.02189524127,2.855103759518399,0.0625,0.0234375,3850.243594101774,63.264682789102444,312.8599445540458,748855.3508889386,2.1436792913628814e-08,0.0,0.007162832224489753,9.830081559266357e-06,14849.258729383477,0.021069061443111874,0.0,0.0,0.345337778978132,0.0,0.0390625,18358.394174896064,748855.3508889386,0.3689377518194996,0.2090305114534745,49760.13998122315,3582516.9525819058,0.96875,0.96875,0.09375,0.0
heun,3.000e-07,6100.0,0.0018299407199560424,2.9999028196003285e-07,0.0005,3978.6401170539903,2349503.809358641,4014.351334950835,208585.56759969957,93.56717402418059,254.95032636847532,187.13434804836118,22347.655247123475,2.9819511717503833,0.0625,0.0234375,4014.351334950771,63.20796528676182,339.858399355453,830069.4186041327,2.408062870206023e-08,0.0,0.0071857261869356535,9.830081559266357e-06,15307.913727474368,0.022201483847239176,0.0,0.0,0.49551565075257736,0.0,0.0390625,21111.124578174,830069.4186041327,0.39408258881752917,0.21351463978705143,53570.305253828454,3887646.390111711,0.96875,0.96875,0.09375,0.0
heun,3.000e-07,6200.0,0.001859939748152042,2.9999028196003285e-07,0.0005,3977.7332336075897,2401913.3876282,4186.725197702093,219536.82434256835,93.86060687008448,259.03935331513077,187.72121374016896,23342.428634472613,3.114688393406498,0.0625,0.0234375,4186.725197702,63.29453706664111,369.3173197836013,925777.8707073238,2.7030293994235993e-08,0.0,0.007208261099493489,9.830081559266357e-06,15788.422935163688,0.023391653574282235,0.0,0.0,0.8513362475538524,0.0,0.0390625,24181.024771918615,925777.8707073238,0.418734735532349,0.22087977302555428,57747.83584929159,4191320.273587105,0.96875,0.96875,0.09375,0.0
heun,3.000e-07,6300.0,0.0018899387763480415,2.9999028196003285e-07,0.0005,3976.8020991046737,2456835.6694956697,4366.495820204464,230501.16321789825,94.14955414724712,262.74007906473435,188.29910829449423,24377.67725304203,3.252826412677822,0.0625,0.0234375,4366.495820204344,63.4560211605918,401.8422078772601,1042518.772656831,3.03627573528093e-08,0.0,0.0072304515315312744,9.830081559266357e-06,16290.270668623649,0.02466762008142934,0.0,0.0,1.0,0.0,0.0390625,27548.921919318323,1042518.772656831,0.44187738992739556,0.23192189094525775,62345.172093654444,4495128.80568443,0.96875,0.96875,0.09375,0.0
heun,3.000e-07,6400.0,0.001919937804544041,2.9999028196003285e-07,0.0005,3975.846712961051,2514584.944642557,4551.951345306784,249272.0905523517,94.43417286892189,265.8847463828622,188.86834573784378,25447.43082320966,3.3955685874952946,0.0625,0.0234375,4551.951345306641,63.51835032747174,438.2362179606853,1193038.9352221666,3.40757600165986e-08,0.0,0.007252309541276252,9.830081559266357e-06,16844.766547469044,0.026016164529542325,0.0,0.0,1.0,0.0,0.0390625,31199.20419661919,1193038.9352221666,0.4629578386958692,0.24825298785469377,67391.02697668086,4805738.474819366,0.96875,0.9765625,0.09375,0.0
heun,3.000e-07,6500.0,0.0019499368327400405,2.9999028196003285e-07,0.0005,3974.8672713523515,2575529.3420247296,4740.196483032637,269718.2190929376,94.71459007071307,268.26357340740003,189.42918014142614,26543.058043127035,3.5417632032662163,0.0625,0.0234375,4740.196483032473,63.5498941304205,479.47198604865844,1375151.9818960093,3.80483601466392e-08,0.0,0.007273844884746789,9.830081559266357e-06,17526.740431422066,0.02735659764716191,0.0,0.0,1.0,0.0,0.234375,35141.03442060342,1375151.9818960093,0.48218531054436514,0.2617684224435716,72878.6913498688,5253315.006673295,0.96875,0.9765625,0.09375,0.0
heun,3.000e-07,6600.0,0.0019799358609360594,2.9999028196003285e-07,0.0005,3973.8641589434155,2640101.5319624036,4926.766070401297,291732.0181571588,94.99090184423247,269.61869150060147,189.98180368846494,27819.24555900362,3.7120508158259824,0.0625,0.0234375,4926.766070401107,63.5402126364178,526.6095260260436,1569855.3655630276,4.2748332552494816e-08,0.0,0.007295064941539611,9.830081559266357e-06,18267.44272931607,0.028827763898278264,0.0,0.0,0.6387056491826845,0.0,0.234375,39432.17448142321,1569855.3655630276,0.500674159835535,0.2599821122629696,78758.15778944168,6038320.682521162,0.96875,0.9765625,0.078125,0.0
heun,3.000e-07,6700.0,0.0020099348891320806,2.9999028196003285e-07,0.0005,3972.8379180440666,2708811.166157896,5105.20701914497,314990.2053441927,95.26316769615153,273.7683143600583,190.52633539230305,29663.56860012877,3.9581473835756245,0.0625,0.0234375,5105.20701914475,63.53691712311582,580.6609791190713,1781513.2677749842,4.81732413501362e-08,0.0,0.0073159742816190435,9.830081559266357e-06,19071.54792804517,0.03044645255381685,0.0,0.0,0.30267905270627354,0.0,0.0390625,44506.883878363646,1781513.2677749842,0.5240218365816254,0.26083346743077607,84933.26188217146,6830079.304327728,0.9765625,0.96875,0.078125,0.0
heun,3.000e-07,6800.0,0.002039933917328102,2.9999028196003285e-07,0.0005,3971.7892451700413,2782258.6867949604,5381.938320354039,338833.61991934106,95.53140119175018,280.9078497540658,191.06280238350035,31630.685226599562,4.220628868295561,0.046875,0.0234375,5381.938320354039,63.401709796939066,642.4235380851815,2016684.1052995138,5.721384491658632e-08,0.0,0.007336573946764839,9.830081559266357e-06,19942.73871278137,0.03221340595880394,0.0,0.0,0.23523710301772277,0.0,0.0390625,51134.46256942698,2016684.1052995138,0.5542218787812684,0.2659760965443025,92263.52211477369,7582200.549227188,0.9765625,0.96875,0.078125,0.0
heun,3.000e-07,6900.0,0.002069932945524123,2.9999028196003285e-07,0.0005,3970.7190873556633,2861149.584414438,5688.527292020341,362106.5559851055,95.79555998480808,287.40592992432124,191.59111996961616,33703.808023073325,4.497255247383948,0.046875,0.0234375,5688.527292020341,63.44932322139504,712.32327688855,2255269.193521358,7.651269267465264e-08,0.0,0.007356860684892625,9.830081559266357e-06,20882.759728518526,0.03411059104011843,0.0,0.0,0.31574325632311756,0.0,0.03125,59180.70405298576,2255269.193521358,0.581494717650244,0.2704307937156006,101773.4164329617,8339542.855068196,0.9765625,0.96875,0.078125,0.0
heun,3.000e-07,7000.0,0.002099931973720144,2.9999028196003285e-07,0.0005,3969.6288934516365,2946307.9589870153,6004.814075320833,387340.73259993934,96.05553930545906,292.7912008829328,192.11107861091813,35855.73116302247,4.784396321368169,0.046875,0.0234375,6004.814075320833,63.31405647237028,790.3235376859157,2492031.456947812,1.0249667942963242e-07,0.0,0.0073768264499373265,9.830081559266357e-06,21890.041503445416,0.036104250307680844,0.0,0.0,0.4943877768671164,0.0,0.03125,68916.27100235602,2492031.456947812,0.6142214125119349,0.26442083730015997,112201.02327679259,9424489.697530748,0.9765625,0.96875,0.078125,0.0
heun,3.000e-07,7100.0,0.0021299310019161654,2.9999028196003285e-07,0.0005,3968.5210298008406,3038689.364650232,6339.1908836829325,430909.5997466384,96.31117160852814,296.40991624990716,192.62234321705628,38049.694579201685,5.0771470241737875,0.046875,0.015625,6339.190883682777,63.37744989954072,875.9377583912628,2730068.8350704266,1.378781330354406e-07,0.0,0.0073964583748463274,9.830081559266357e-06,22957.66769396436,0.03815447501322399,0.0,0.0,0.9942886906341805,0.0,0.03125,80526.56028556381,2730068.8350704266,0.6477872618217206,0.25780238606446937,124310.19415093987,10589773.340529557,0.9765625,0.96875,0.078125,0.0
heun,3.000e-07,7200.0,0.0021599300301121866,2.9999028196003285e-07,0.0005,3967.399380510168,3139396.9023749684,6927.735433196094,477658.25499796687,96.5890617402516,297.38313305863903,193.1781234805032,41196.80188821782,5.497080132321803,0.046875,0.015625,6927.735433195609,63.55086378233562,968.3355616487843,3005667.0448582266,1.8710522114452318e-07,0.0,0.007417799645622553,9.830081559266357e-06,24070.28309796311,0.04022950447685957,0.0,0.0,1.0,0.0,0.03125,94058.62621516554,3005667.0448582266,0.6845155841823136,0.2516369671365726,137409.035511621,11944457.44224433,0.9765625,0.9765625,0.0625,0.0
heun,3.000e-07,7300.0,0.002189929058308208,2.9999028196003285e-07,0.0005,3966.270357392533,3249712.7814870803,7565.582325171313,525814.21701655,96.87127811881491,294.57696808802666,193.74255623762983,45552.9504192826,6.078341211969044,0.046875,0.015625,7565.582325170403,63.63427689118905,1066.4393890405845,3463818.731564313,2.5723898879395794e-07,0.0,0.007439473161393164,9.830081559266357e-06,25199.29168933564,0.04232021289280533,0.0,0.0,1.0,0.0,0.03125,109389.16166956219,3463818.731564313,0.7054299276110492,0.25794869495669503,155067.36727205565,13428324.311335733,0.9765625,0.9765625,0.0625,0.0
heun,3.000e-07,7306.0,0.002191729,2.9999028199100344e-07,0.0005,3966.2025879485586,3256669.10613984,7605.063134115222,528682.5203046731,96.88807752458578,294.2593850273922,193.77615504917156,45825.27399752503,6.114678608633501,0.046875,0.015625,7605.063134114284,63.63181926889668,1072.478589903707,3496115.0529690385,2.623334918409061e-07,0.0,0.007440763314730673,9.8300815602812e-06,25266.614402661704,0.042446469986526056,0.0,0.0,1.0,0.0,0.03125,110360.56906865464,3496115.0529690385,0.7063754224877704,0.258879767792663,156235.0069881789,13504782.86804197,0.9765625,0.9765625,0.0625,0.0
ssprk3,3.000e-07,0.0,0.0,0.0,0.0005,4008.11113236055,773886.7345045686,3265.5332310870513,0.0,0.0,0.0,0.0,7494.3062310458845,1.0,0.0,0.0859375,3265.533231087051,64.88057619110188,0.0,11.361380314832786,6.366462912410498e-12,0.0,0.0,0.0,0.0,0.0,0.0,0.0,0.0,0.0,0.0,11.361380314832786,0.0,0.0009388669913412475,0.0,12101.160675168838,0.0,0.9140625,0.0,0.171875,0.0
ssprk3,3.000e-07,100.0,2.999902819600326e-05,2.9999028196003285e-07,0.0005,4008.0692354193693,774637.8915268078,3255.624328723224,6344.927621638452,4.675356579614159,11.06727181136969,9.350713159228318,7500.009814525204,1.000761055567184,0.0,0.0859375,3255.624328723224,64.88193043064408,4.916929847227266,89.71088700808468,7.526068657170981e-11,0.0,0.0003590557538770295,9.830081559266357e-06,611.4941768059984,0.008040844923347818,0.0,0.0,0.022779887387514262,0.0,0.1953125,10.93647682594019,89.71088700808468,0.000906246761215253,0.0027421199643297817,12067.879626156857,32715.887041802518,0.0859375,0.03125,0.171875,0.0
ssprk3,3.000e-07,200.0,5.9998056392006845e-05,2.9999028196003285e-07,0.0005,4007.9902309988283,776901.5888828848,3226.1970942867774,12619.00581859643,9.316629639897354,22.06720008929476,18.633259279794707,7517.280446367467,1.0030655559852104,0.0,0.0859375,3226.1970942867774,64.88628936102404,9.737235272285034,175.34197234845487,1.9281287677586079e-10,0.0,0.0007154939782630416,9.830081559266357e-06,1216.7088547182038,0.00800292957064098,0.0,0.0,0.023018396910915933,0.0,0.1953125,9.736582794692367,175.34197234845487,0.0008135401979555314,0.002696999209357016,11968.164350281528,65013.72775346777,0.09375,0.03125,0.171875,0.0
ssprk3,3.000e-07,300.0,8.999708458801044e-05,2.9999028196003285e-07,0.0005,4007.8745126843087,780658.4108480057,3178.046355418277,18753.842329799627,13.890805738841781,32.93445906556808,27.781611477683562,7546.015778114775,1.0068998444251822,0.0,0.0859375,3178.046355418277,64.8932270938618,14.369513848329916,253.09634554269724,3.228706191293895e-10,0.0,0.00106677932294328,9.830081559266357e-06,1809.6266615438649,0.007940595789006948,0.0,0.0,0.023547721339514126,0.0,0.1953125,8.220031548291445,253.09634554269724,0.0006964912003777432,0.0026230960662194085,11802.060878634642,96487.6387114093,0.875,0.03125,0.171875,0.0
ssprk3,3.000e-07,400.0,0.00011999611278401403,2.9999028196003285e-07,0.0005,4007.722766428605,785877.1061174117,3112.4413073181177,24685.15751503486,18.36682788964658,43.60677714914266,36.73365577929316,7586.047721313647,1.012241492066032,0.0,0.0859375,3112.4413073181177,64.90202499275773,18.731816371568584,319.5986537281424,4.511093720793724e-10,0.0,0.0014105266885955769,9.830081559266357e-06,2384.684098474951,0.007855051486084855,0.0,0.0,0.024735123168020064,0.0,0.1953125,7.174632628055406,319.5986537281424,0.0006199376620195514,0.0025214352017085824,11573.151733809544,126752.67383892118,0.8359375,0.03125,0.171875,0.0
ssprk3,3.000e-07,500.0,0.00014999514098001636,2.9999028196003285e-07,0.0005,4007.5359716739567,792515.9594229689,3031.04955377617,30354.4554062764,22.716420219687436,54.02629278523338,45.43284043937487,7637.144340139695,1.0190595506362004,0.0,0.0859375,3031.04955377617,64.91165824709815,22.755140683109857,383.03020069224294,5.602487362921238e-10,0.0,0.001744564558547616,9.830081559266357e-06,2936.956862199462,0.0077478634351029335,0.0,0.0,0.02804955980352084,0.0,0.1953125,6.500058441219153,383.03020069224294,0.0005726232519436615,0.0024639276385536564,11351.370066017982,155455.13378675538,0.1796875,0.0390625,0.171875,0.0
ssprk3,3.000e-07,600.0,0.0001799941691760186,2.9999028196003285e-07,0.0005,4007.315399358179,800524.549579502,2935.842430879114,35710.33448717315,26.91474788187731,64.14072384287819,53.82949576375462,7699.012523994619,1.0273149090306344,0.0,0.0859375,2935.842430879114,64.9207770754772,26.385684963891663,438.2057807710953,6.693881005048752e-10,0.0,0.002066985678327698,9.830081559266357e-06,3462.301391736837,0.0076208515604285635,0.0,0.0,0.05837763741462257,0.046875,0.1953125,6.0226257433823776,438.2057807710953,0.0005436219171309454,0.0024039917908764883,11078.702961734474,182282.5612109627,0.203125,0.0390625,0.171875,0.0
ssprk3,3.000e-07,700.0,0.00020999319737202083,2.9999028196003285e-07,0.0005,4007.062604354781,809845.7570887844,2828.990961451008,40709.44935312241,30.940884810830838,73.90430986583937,61.881769621661675,7771.301459118549,1.0369607565441061,0.0,0.0859375,2828.990961451008,64.92768263352292,29.585772048099898,483.4838568996638,7.557900971733034e-10,0.0,0.0023761829781744743,9.830081559266357e-06,3957.4463587233763,0.007475975507004447,0.0,0.0,0.016258887838251974,0.0,0.0390625,5.664029120322084,483.4838568996638,0.0005246964643201628,0.002335974211015612,10794.868091327502,206973.11409506504,0.2109375,0.0390625,0.171875,0.0
ssprk3,3.000e-07,800.0,0.00023999222556802307,2.9999028196003285e-07,0.0005,4006.779410312319,820417.8748250543,2714.9869115478327,45317.19048323139,34.77807975938083,83.27850150585222,69.55615951876166,7853.606908516708,1.047943153961655,0.0,0.09375,2714.9869115478327,64.93029782428246,32.33353466994549,548.45547283208,8.294591680169106e-10,0.0,0.0026708700039795624,9.830081559266357e-06,4420.0329498415085,0.007315224804173665,0.0,0.0,0.0171456157104193,0.0,0.0390625,5.370337275140628,548.45547283208,0.0005102010696184531,0.0023916193799374537,10525.923199566714,229323.895529908,0.21875,0.953125,0.171875,0.0
ssprk3,3.000e-07,900.0,0.00026999125376402766,2.9999028196003285e-07,0.0005,4006.4678856878677,832176.680912235,2596.197675704882,49508.16975828784,38.413827742448845,92.23238678586802,76.82765548489769,7945.476291670477,1.0602017113679685,0.0,0.1015625,2596.197675704882,64.9261334194528,34.62158644015972,613.6547382653225,9.149516699835658e-10,0.0,0.0029500864039990683,9.830081559266357e-06,4848.607338854697,0.007140521807719281,0.0,0.0,0.038369361388612154,1.0,0.75,5.809944215696305,613.6547382653225,0.0005682462772157338,0.00246252129532494,10224.341889512405,249197.7386877169,0.921875,0.953125,0.171875,0.0
ssprk3,3.000e-07,1000.0,0.0002999902819600326,2.9999028196003285e-07,0.0005,4006.130310808603,845057.3513591761,2482.633986544115,53266.57667325527,41.85433927344903,100.7428581558058,83.70867854689806,8046.414530712872,1.0736703682296602,0.0,0.109375,2482.633986544115,64.91225022586104,36.45497734312312,691.8403908971231,1.0950316209346056e-09,0.0,0.0032143091302125697,9.830081559266357e-06,5242.572182146556,0.006953643378963785,0.0,0.0,0.061984216480376025,0.984375,0.25,6.728587599733146,691.8403908971231,0.0006737575551105398,0.0025930906570213776,9986.659962023317,266801.4668225383,0.921875,0.0546875,0.171875,0.0
ssprk3,3.000e-07,1100.0,0.00032998931015603756,2.9999028196003285e-07,0.0005,4005.769136821107,858996.1176292291,2379.5999291085445,56661.46559581034,45.120189231005995,108.79453658296893,90.24037846201199,8155.89059991687,1.0882782673238396,0.0,0.1171875,2379.599929108539,64.88521850657223,37.84874541967429,799.1123646490742,1.2587406672537327e-09,0.0,0.0034651182821118787,9.830081559266357e-06,5602.106060021539,0.006756163666692303,0.0,0.0,0.022054809621800408,0.0,0.203125,7.3480457360856235,799.1123646490742,0.0007563238760268505,0.0028211924660990822,9715.475035227842,283253.4023295555,0.0859375,0.0546875,0.171875,0.0
ssprk3,3.000e-07,1200.0,0.0003599883383520425,2.9999028196003285e-07,0.0005,4005.3869382157786,873931.6067587886,2288.890828324841,60018.633955775906,48.18068049413121,116.37947854981059,96.36136098826242,8273.344682842973,1.1039507097494692,0.0,0.1328125,2288.890828324841,64.84107652380254,38.825341321082306,907.8179913130589,1.4370016288012266e-09,0.0,0.003700156397173933,9.830081559266357e-06,5928.060565925938,0.006549417113625247,0.0,0.0,0.22181652483203945,0.0,0.203125,8.853661551431287,907.8179913130589,0.0009326182166436246,0.00305166916012995,9493.339711178385,297482.44114194904,0.0234375,0.0546875,0.171875,0.0
ssprk3,3.000e-07,1300.0,0.00038998736654804745,2.9999028196003285e-07,0.0005,4004.986361134478,889805.8347140466,2210.2667452947817,63002.229156466725,51.037200725888084,123.49669859105845,102.07440145177617,8398.195808831462,1.120610173899904,0.0,0.140625,2210.2667452947817,64.7752909413676,39.4121397061117,1008.8653215181548,1.6025296645238996e-09,0.0,0.00391953004446975,9.830081559266357e-06,6221.8444526126095,0.00633447846635931,0.0,0.0,0.0672458128082573,0.0,0.203125,11.402987197150651,1008.8653215181548,0.0012285818500438997,0.0032573154166302735,9281.422476445667,309722.94435085333,0.0234375,0.0546875,0.171875,0.0
ssprk3,3.000e-07,1400.0,0.0004199863947440524,2.9999028196003285e-07,0.0005,4004.570069857788,906564.8538945832,2140.5326765448317,65614.17475545009,53.69363800501996,130.15154398205783,107.38727601003993,8529.849810126176,1.1381773772187813,0.0,0.140625,2140.5326765448317,64.70463248848385,39.6391811067042,1167.327713981038,1.737134880386293e-09,0.0,0.0041235378187739835,9.830081559266357e-06,6485.303207087998,0.0061121554137023625,0.0,0.0,0.03770868120019446,0.0,0.203125,14.461333915882278,1167.327713981038,0.0015997420683366887,0.0036404041102634033,9039.790977628203,320658.82759828423,0.0234375,0.9375,0.171875,0.0
ssprk3,3.000e-07,1500.0,0.00044998542294005735,2.9999028196003285e-07,0.0005,4004.1406937688876,924159.0805932776,2079.410776020708,67864.00222362994,56.17481458621629,136.35495968976517,112.34962917243259,8667.707414971203,1.1565723560994066,0.0,0.1484375,2079.410776020708,64.76893812471913,39.53722501057382,1325.7107671312988,1.8590071704238653e-09,0.0,0.0043140860074935275,9.830081559266357e-06,6720.6009757766615,0.005882989505414689,0.0,0.0,0.028955264431976373,0.0,0.203125,18.14736919378629,1325.7107671312988,0.002043085234302568,0.004015452087058143,8882.335836557068,330152.30623821483,0.0234375,0.9375,0.171875,0.0
ssprk3,3.000e-07,1600.0,0.0004799844511360623,2.9999028196003285e-07,0.0005,4003.7007767910004,942543.3464601919,2044.4732592586856,69769.24598587335,58.52485419938921,142.12268112051862,117.04970839877842,8811.172272422793,1.1757155366725827,0.0,0.046875,2044.4732592586856,64.81789389020193,39.13614744161623,1469.4472362201195,1.928128767758608e-09,0.0,0.004494563203313813,9.830081559266357e-06,6930.110169261991,0.005647261946166717,0.0,0.0,0.06952260242360732,0.0,0.7890625,22.580926080743666,1469.4472362201195,0.0025920873468366595,0.004342922462943475,8711.483472307002,338354.47184663336,0.0234375,0.9375,0.171875,0.0
ssprk3,3.000e-07,1700.0,0.0005099834793320633,2.9999028196003285e-07,0.0005,4003.2527308932886,961676.7292705494,2026.806258045719,71354.98011221114,60.702878770998275,147.47438997331193,121.40575754199655,8959.658692923555,1.1955287676672868,0.0,0.046875,2026.8062580457145,64.84630514403085,38.46368548797818,1678.156895488035,1.9681465346366167e-09,0.0,0.004661830071884151,9.830081559266357e-06,7116.312528918775,0.005405002286180116,0.0,0.0,1.0,0.0,0.2109375,27.88152126762725,1678.156895488035,0.0032685869415786002,0.004861876775336175,8530.14521748091,345166.48056593304,0.0234375,0.0234375,0.171875,0.0
ssprk3,3.000e-07,1800.0,0.0005399825075280628,2.9999028196003285e-07,0.0005,4002.7987948418195,981522.2230446571,2016.132691023076,72652.31615963843,62.71758589881041,152.43286504130964,125.43517179762082,9112.59888607154,1.2159362861797298,0.0,0.046875,2016.1326910230719,64.84827486658708,38.01886865569213,2130.278209639946,1.9808794604614377e-09,0.0,0.004816554567075,9.830081559266357e-06,7281.714041114097,0.005221142775043013,0.0,0.015625,0.0866096191685003,0.0,0.7890625,34.169492656837974,2130.278209639946,0.004078833257608726,0.006072071900135784,8377.271268222994,350832.1779905651,0.0234375,0.0234375,0.171875,0.0
ssprk3,3.000e-07,1900.0,0.0005699815357240623,2.9999028196003285e-07,0.0005,4002.3409989958786,1002046.3068286061,2011.6852045462422,73695.94593696765,64.57829244318246,157.19095512569262,129.15658488636493,9269.449484213375,1.2368655881466104,0.0,0.046875,2011.6852045462367,64.81717212116855,37.93679558523809,2648.279888943769,2.0081643015146255e-09,0.0,0.004959452200583108,9.830081559266357e-06,7428.774882884621,0.005106736465072029,0.0,0.015625,0.05024905771313926,0.0,0.7890625,41.56958730659244,2648.279888943769,0.005029834364332947,0.007446995509697179,8264.603622211995,355617.2265036665,0.0234375,0.0234375,0.171875,0.0
ssprk3,3.000e-07,2000.0,0.0005999805639200619,2.9999028196003285e-07,0.0005,4001.881136642691,1023218.4665136783,2012.5162418645318,74521.10836391913,66.3306263099421,161.65697783066608,132.6612526198842,9429.697157693714,1.2582481776138645,0.0,0.046875,2012.5162418645236,64.7575890519388,38.75136974132465,3240.0089072901756,1.9936123862862587e-09,0.0,0.005094027082062107,9.830081559266357e-06,7559.854584817302,0.005125941154893412,0.0,0.0234375,0.04934559869794584,0.0,0.78125,50.2163195090543,3240.0089072901756,0.006164047180978874,0.008945006582394282,8146.647492253582,362214.2563502656,0.0234375,0.0234375,0.171875,0.0
ssprk3,3.000e-07,2100.0,0.0006299795921160614,2.9999028196003285e-07,0.0005,4001.42074212677,1045010.7163035094,2017.5855205779376,75160.59296387194,67.98937750601074,165.78488844238083,135.97875501202148,9592.863154373228,1.2800201724655806,0.0,0.046875,2017.5855205779267,64.65810597163487,39.501722468063235,3914.0551312053576,1.9608705770224333e-09,0.0,0.005221415047248711,9.830081559266357e-06,7677.171796250378,0.0051453482501663365,0.0,0.0234375,0.11882401828431136,0.0,0.78125,60.260061839726404,3914.0551312053576,0.007509065744398205,0.010502433934795484,8024.974596164731,372680.76671615615,0.0234375,0.9765625,0.171875,0.0
ssprk3,3.000e-07,2200.0,0.0006599786203120609,2.9999028196003285e-07,0.0005,4000.961075847985,1067397.1570863647,2025.8490081119517,75642.47228872629,69.52492993672236,169.59580621402122,139.04985987344472,9758.506631279237,1.302122748981578,0.0,0.046875,2025.8490081119419,64.57529771849991,40.76085122225868,4679.9485141891055,2.270098775625229e-09,0.0,0.005339341653752031,9.830081559266357e-06,7782.7774267486675,0.005237314262922064,0.0,0.96875,1.0,0.0,0.21875,71.87278174007224,4679.9485141891055,0.009058336333794667,0.012199535595899237,7934.435098411024,383616.93995648716,0.0234375,0.9765625,0.171875,0.0
ssprk3,3.000e-07,2300.0,0.0006899776485080604,2.9999028196003285e-07,0.0005,4000.5031160534095,1090353.5990952812,2036.3393337417317,75989.12578089128,70.9461441535438,173.11117549468918,141.8922883070876,9926.22668820062,1.3245024131893985,0.0,0.046875,2036.339333741721,64.67864857723025,42.560101188608314,5606.567088184413,2.939486876130104e-09,0.0,0.005448487369881278,9.830081559266357e-06,7878.539509880544,0.005402029289214495,0.0,0.03125,0.11698299870576574,0.0,0.78125,86.26639153550786,5606.567088184413,0.01102754129434284,0.014117218410445645,7822.812831339183,397143.8937316425,0.03125,0.03125,0.171875,0.0
ssprk3,3.000e-07,2400.0,0.00071997667670406,2.9999028196003285e-07,0.0005,4000.0475572125374,1113857.2666622917,2048.2277798424684,76217.78529930502,72.26167862057159,176.35231126272473,144.52335724114317,10095.663059328734,1.3471110931531565,0.0,0.046875,2048.2277798424593,64.74948491036842,44.31176951012458,6708.872977860272,3.346940502524376e-09,0.0,0.00554951714413838,9.830081559266357e-06,7966.137884181264,0.005562516008932829,0.0,0.03125,0.0985639077786421,0.0,0.953125,103.40481546481897,6708.872977860272,0.013319052240428106,0.016218773784646787,7763.6766939728805,413648.5943352331,0.96875,0.03125,0.171875,0.0
ssprk3,3.000e-07,2500.0,0.0007499757049000595,2.9999028196003285e-07,0.0005,3999.5948146313494,1137886.5941735036,2060.860043998173,76517.48686246546,73.48701981609312,179.33999486581934,146.97403963218625,10266.495466925055,1.3699060527304194,0.0,0.046875,2060.860043998166,64.7708853345291,46.01616131566334,7954.781116978731,3.6088749766349792e-09,0.0,0.005643620299528268,9.830081559266357e-06,8047.066700292574,0.005718377022274501,0.0,0.03125,0.1319766139242276,0.0,0.953125,123.1319736000878,7954.781116978731,0.01602018418698649,0.018466132078183577,7686.0523051982345,430776.7909001766,0.96875,0.03125,0.171875,0.0
ssprk3,3.000e-07,2600.0,0.000779974733096059,2.9999028196003285e-07,0.0005,3999.1450348249587,1162421.1148698418,2073.76181574789,76943.52390808788,74.68219114962834,182.0941228687762,149.36438229925668,10438.441687548915,1.3928496335400156,0.0,0.046875,2073.7618157478873,64.73242892744875,47.67440867442292,9361.777011213358,3.5070115700364113e-09,0.0,0.005735406484574739,9.830081559266357e-06,8122.642821783731,0.00586932230315079,0.0,0.03125,0.18176428574837292,0.0,0.953125,145.78532604855718,9361.777011213358,0.01918300492846035,0.02085321364777135,7599.712693200985,448936.89621857787,0.03125,0.96875,0.171875,0.0
ssprk3,3.000e-07,2700.0,0.0008099737612920585,2.9999028196003285e-07,0.0005,3998.6981110353813,1187441.438093366,2086.6153724894953,77257.89145308806,75.79469406689124,184.63340996007224,151.58938813378248,10611.254423811732,1.4159088375457076,0.0,0.046875,2086.6153724894953,64.622879845189,50.317645868820364,10954.115174642298,3.841705620288849e-09,0.0,0.00582084394091549,9.830081559266357e-06,8194.018358641266,0.006140777780386136,0.0,0.9609375,0.26169757854014314,0.0,0.953125,171.73846089167637,10954.115174642298,0.022751914980525922,0.023378188793727345,7548.307957315799,468561.3274532808,0.03125,0.96875,0.171875,0.0
ssprk3,3.000e-07,2800.0,0.0008399727894880581,2.9999028196003285e-07,0.0005,3998.2537031594466,1212929.305993092,2099.2139374530366,77525.93070412969,76.83128767554501,186.975145091609,153.66257535109003,10784.71711053141,1.4390547674519467,0.0,0.046875,2099.2139374530366,64.43039798628149,53.06645133635902,12763.31669612648,4.511093720793724e-09,0.0,0.005900451751203621,9.830081559266357e-06,8262.195817358432,0.006422802425581495,0.0,0.0390625,1.0,0.0,0.2265625,201.39839602557186,12763.31669612648,0.025852161940965256,0.026044952088528667,7790.388923196268,490049.53638398135,0.03125,0.96875,0.171875,0.0
ssprk3,3.000e-07,2900.0,0.0008699718176840576,2.9999028196003285e-07,0.0005,3997.8112612522173,1238867.7175227588,2111.4052335394917,78154.12790581219,77.79834907790331,189.13499849541336,155.59669815580662,10958.6388117564,1.46226194579015,0.0,0.046875,2111.4052335394917,64.48354897005864,55.81142188051399,14826.16622856725,4.831235855817795e-09,0.0,0.005974719661031751,9.830081559266357e-06,8328.044628231202,0.006701623775083901,0.0,0.0390625,0.7284771281585208,0.0,0.953125,235.2142470645049,14826.16622856725,0.027852696026016942,0.028861225755608882,8444.936419971462,513705.3552095215,0.03125,0.96875,0.171875,0.0
ssprk3,3.000e-07,3000.0,0.0008999708458800571,2.9999028196003285e-07,0.0005,3997.3700517017073,1265241.1056707166,2123.79417184126,78806.31906685744,78.7018621626585,191.12687598801028,157.403724325317,11132.848383390572,1.4855075360106953,0.015625,0.046875,2123.79417184126,64.59762489822059,58.56384635348422,17180.15168704698,4.452886059880257e-09,0.0,0.006044107218164624,9.830081559266357e-06,8392.318082338414,0.006978268194663821,0.0,0.0390625,1.0,0.0,0.046875,273.7028212154837,17180.15168704698,0.03012869972532646,0.031834065539933724,9084.45514445506,539678.2156365048,0.03125,0.96875,0.171875,0.0
ssprk3,3.000e-07,3100.0,0.0009299698740760567,2.9999028196003285e-07,0.0005,3996.9291851363964,1292035.5531103874,2136.670465557609,79498.7250169384,79.5474143326443,192.96281606340855,159.0948286652886,11307.188084882615,1.5087704900610412,0.046875,0.0390625,2136.670465557609,64.64078142318772,61.344316171338505,19857.581903410144,3.827153705060482e-09,0.0,0.006109043521239429,9.830081559266357e-06,8455.669953001096,0.007254814404098887,0.0,0.0390625,1.0,0.0,0.046875,317.49159487830184,19857.581903410144,0.03270703948400871,0.034965537858484316,9707.133384344721,567918.674203713,0.03125,0.96875,0.171875,0.0
ssprk3,3.000e-07,3200.0,0.0009599689022720562,2.9999028196003285e-07,0.0005,3996.4876451291193,1319239.0316860054,2157.578764369153,80246.20277614775,80.3401996439556,194.79474283742022,160.6803992879112,11498.452302362357,1.5342917606874553,0.046875,0.0390625,2157.578764369153,64.59963742048055,64.18021823768413,22880.903977716807,4.307366907596588e-09,0.0,0.006169927460842386,9.830081559266357e-06,8518.670279833808,0.007534065309420125,0.0,0.0390625,1.0,0.0,0.046875,367.37227478840214,22880.903977716807,0.03561806621781173,0.03825228298961234,10314.21168521182,598157.8663927135,0.03125,0.96875,0.15625,0.0
ssprk3,3.000e-07,3300.0,0.0009899679304680557,2.9999028196003285e-07,0.0005,3996.0443167977583,1346841.65218928,2179.1669374190633,81126.57177325699,81.13016323711545,196.7310796481704,162.2603264742309,11692.44895468708,1.560177632754048,0.046875,0.0390625,2179.166937419062,64.46030784230719,67.09999591517953,26262.42057089554,6.00994098931551e-09,0.0,0.0062305946995112335,9.830081559266357e-06,8595.671320270088,0.007806254266254466,0.0,0.0390625,0.9557627811778603,0.0,0.046875,424.3510545020981,26262.42057089554,0.03889690626498014,0.041691813542376735,10909.635116254787,629917.9224765955,0.03125,0.03125,0.15625,0.0
ssprk3,3.000e-07,3400.0,0.0010199669586640552,2.9999028196003285e-07,0.0005,3995.5980144717273,1374835.9125788533,2201.473568788243,82273.49971780305,81.87484309819686,198.59237529732832,163.74968619639372,11888.763555608708,1.5863727994405088,0.046875,0.0390625,2201.473568788243,64.20886395209514,70.1254535443586,30011.10089939693,7.101334631443024e-09,0.0,0.006287784260214151,9.830081559266357e-06,8676.630663712507,0.008082106552908606,0.0,0.9609375,0.7709364220455829,0.0,0.046875,489.6779181220918,30011.10089939693,0.0423089457048716,0.04529593205095626,11573.86245305821,662556.2062755558,0.03125,0.03125,0.15625,0.0
ssprk3,3.000e-07,3500.0,0.0010499659868600548,2.9999028196003285e-07,0.0005,3995.147507689995,1403216.9349873005,2228.108222345192,83504.10902246232,82.57754393180376,200.3828550364942,165.15508786360752,12087.314730330181,1.612866402530673,0.0625,0.0390625,2228.108222345192,64.23092472566208,73.26450347530954,34147.20262930915,7.508788257837296e-09,0.0,0.006341749936043215,9.830081559266357e-06,8782.747272705506,0.008341866297689854,0.0,0.9609375,0.6904091836441337,0.0,0.046875,564.8398788838895,34147.20262930915,0.04619639177933239,0.049108572780260304,12226.926327536057,695340.9699382461,0.03125,0.03125,0.15625,0.0
ssprk3,3.000e-07,3600.0,0.0010799650150560543,2.9999028196003285e-07,0.0005,3994.6915449182875,1431982.6843840657,2257.311954540599,85158.11563874004,83.24190410441082,202.10473570525534,166.48380820882164,12287.990536735544,1.6396435050694034,0.0625,0.0390625,2257.311954540599,64.38347894980679,76.50730594140714,38722.22784208739,7.1158865466713905e-09,0.0,0.006392771144492088,9.830081559266357e-06,8893.028179380857,0.008603065727239567,0.0,0.9609375,0.6588361497922194,0.0,0.953125,651.513314234995,38722.22784208739,0.05075310946635731,0.0532227437784536,12836.914251862014,727550.3871666887,0.03125,0.03125,0.15625,0.0
ssprk3,3.000e-07,3700.0,0.0011099640432520538,2.9999028196003285e-07,0.0005,3994.2288745165984,1461134.1644465474,2287.7257081601915,86971.77992147442,83.87126788112208,203.7582799095061,167.74253576224416,12490.641979739481,1.666684225952203,0.0625,0.0390625,2287.7257081601915,64.44038986583246,79.82838206193173,43838.22225952195,7.654307410120964e-09,0.0,0.006441104716800834,9.830081559266357e-06,9007.991398604312,0.008861951408423887,0.0,0.9609375,1.0,0.0,0.234375,751.4872854354326,43838.22225952195,0.056040894292902495,0.057789707332302154,13409.623363747916,758581.8354719046,0.03125,0.03125,0.15625,0.0
ssprk3,3.000e-07,3800.0,0.0011399630714480533,2.9999028196003285e-07,0.0005,3993.7582626480116,1490675.588878331,2319.4626287392884,88876.32287943148,84.46870188807758,205.34184321206035,168.93740377615515,12695.076717254851,1.6939629000833025,0.0625,0.0390625,2319.4626287392884,64.38556233791847,84.05233170922838,49657.997983799316,8.571078069508076e-09,0.0,0.006486986162227802,9.830081559266357e-06,9128.152033779583,0.009208033717907507,0.0,0.953125,0.6810569824474367,0.0,0.953125,866.5883728974732,49657.997983799316,0.06210707889528081,0.06301339005554786,13953.133657415026,788054.696629154,0.03125,0.03125,0.15625,0.0
ssprk3,3.000e-07,3900.0,0.0011699620996440529,2.9999028196003285e-07,0.0005,3993.2785079870896,1520614.5289811566,2352.664503614028,90871.76815899157,85.03701217446641,206.85191115718266,170.07402434893282,12901.052945581743,1.7214472624747958,0.0625,0.0390625,2352.664503614028,64.20305945890354,88.64480720742085,56398.012738288846,8.36735125631094e-09,0.0,0.006530630978369773,9.830081559266357e-06,9254.030662467783,0.009579048356403634,0.0,0.953125,0.7307542303042821,0.0,0.953125,998.6509798858024,56398.012738288846,0.0683131853610642,0.06859413603419137,14618.714888019167,822198.7475748181,0.03125,0.03125,0.15625,0.0
ssprk3,3.000e-07,4000.0,0.0011999611278400524,2.9999028196003285e-07,0.0005,3992.7884532474377,1550962.0406525685,2387.489288486617,92958.06209235478,85.57876148731803,208.28312391417842,171.15752297463607,13108.273453230477,1.749097654820695,0.0625,0.0390625,2387.489288486617,63.88913355817501,93.36064498404448,64299.35387212457,8.934875950217247e-09,0.0,0.00657223597782296,9.830081559266357e-06,9386.161001918163,0.009946627270186952,0.0,0.953125,0.8170731226307978,0.0,0.953125,1149.5775153730647,64299.35387212457,0.07506407595831155,0.07465653055126212,15314.616222166078,861268.9793825082,0.03125,0.03125,0.15625,0.0
ssprk3,3.000e-07,4100.0,0.001229960156036052,2.9999028196003285e-07,0.0005,3992.2869936860534,1581732.776090472,2424.09210645672,95135.43520973627,86.0962864457339,209.62828732892027,172.1925728914678,13327.316438552807,1.7783255751337084,0.0625,0.0390625,2424.09210645672,63.93083089526892,98.12192276880614,73579.42346033826,9.720679372549057e-09,0.0,0.006611980607121272,9.830081559266357e-06,9525.097082765595,0.010301409205198004,0.0,0.953125,0.9673005419571541,0.0,0.953125,1321.5150549180398,73579.42346033826,0.08239904032852977,0.08164625075696937,16037.990850974507,901197.8232700108,0.03125,0.03125,0.140625,0.0
ssprk3,3.000e-07,4200.0,0.0012599591842320514,2.9999028196003285e-07,0.0005,3991.773082839332,1612945.087321574,2462.6022055413623,97404.62529096934,86.59171436471354,210.8783702228112,173.18342872942708,13586.219117478206,1.8128721590260064,0.0625,0.0390625,2462.6022055413623,64.11460246588352,102.86760809323187,84375.92863706406,9.764335118234158e-09,0.0,0.006650028238764299,9.830081559266357e-06,9671.420213389001,0.010636246365432778,0.0,0.953125,1.0,0.0,0.046875,1517.139308944359,84375.92863706406,0.09035791853929964,0.08958062376997024,16790.330426707485,941899.3202562302,0.03125,0.03125,0.140625,0.0
ssprk3,3.000e-07,4300.0,0.001289958212428051,2.9999028196003285e-07,0.0005,3991.245735789893,1644621.1302846088,2503.0998999872486,99766.85080334503,87.06697953138755,212.57985330624194,174.1339590627751,13849.648258520563,1.8480227297287457,0.0625,0.0390625,2503.0998999872486,64.1800578263476,107.5831697545982,96702.7552999244,1.0099029168486595e-08,0.0,0.006686527421191516,9.830081559266357e-06,9840.273914208858,0.010932944620500203,0.0,0.953125,1.0,0.0,0.046875,1739.9909678095428,96702.7552999244,0.09883436640770173,0.09755389503247355,17605.12088104966,991275.1845298866,0.03125,0.03125,0.140625,0.0
ssprk3,3.000e-07,4400.0,0.0013199572406240505,2.9999028196003285e-07,0.0005,3990.7040302552086,1676786.9797248612,2545.598461750616,102223.43334045363,87.5238387787937,214.64136959241608,175.0476775575874,14117.189215289633,1.8837219590531034,0.0625,0.0390625,2545.598461750616,64.11021969146783,112.32198754166711,110440.67595848534,1.1204974725842476e-08,0.0,0.0067216130748095435,9.830081559266357e-06,10027.03326464074,0.01120191631733771,0.0,0.953125,1.0,0.0,0.046875,1994.7689706872625,110440.67595848534,0.10821952542671602,0.10470034941092447,18432.61613670703,1054826.2405986004,0.03125,0.03125,0.140625,0.0
ssprk3,3.000e-07,4500.0,0.00134995626882005,2.9999028196003285e-07,0.0005,3990.1471057464823,1709472.7667459236,2590.0359068789226,105157.95107104644,87.96388623678584,216.65340502695955,175.92777247357168,14388.332076721998,1.9199018072035738,0.0625,0.0390625,2590.0359068789226,63.88930589780484,117.20933666358906,125381.47824083269,1.1394149623811245e-08,0.0,0.006755407624825251,9.830081559266357e-06,10223.371294777553,0.011464842006028245,0.0,0.953125,1.0,0.0,0.046875,2287.468927719121,125381.47824083269,0.11871908050525241,0.11180681345529311,19267.91311037755,1121411.7848995626,0.03125,0.03125,0.140625,0.0
ssprk3,3.000e-07,4600.0,0.0013799552970160495,2.9999028196003285e-07,0.0005,3989.574161005522,1742712.8525725096,2636.2803953588723,108396.31562097854,88.38856717059272,218.60190158549378,176.77713434118544,14662.461608717433,1.95648018064391,0.0625,0.0390625,2636.2803953588723,63.55780253734659,122.42350518288185,141330.6708092196,1.3693352229893208e-08,0.0,0.00678802206401265,9.830081559266357e-06,10429.916282599097,0.011737726542170706,0.0,0.046875,1.0,0.0,0.046875,2625.2792134035117,141330.6708092196,0.13057525595823638,0.11879380021716361,20105.487782793927,1189714.198475484,0.03125,0.03125,0.140625,0.0
ssprk3,3.000e-07,4700.0,0.001409954325212049,2.9999028196003285e-07,0.0005,3988.9844499335804,1776546.053784115,2684.1505063595523,111911.58380284093,88.79919085005801,220.47034222668455,177.59838170011602,14938.846814340402,1.9933595390664438,0.0625,0.0390625,2684.1505063595523,63.56644222349314,128.15517334366268,158253.18843233492,1.5148543752729893e-08,0.0,0.006819556941038508,9.830081559266357e-06,10647.33591481124,0.012036360491396657,0.0,0.046875,0.9275027894185081,0.0,0.046875,3016.2184176112787,158253.18843233492,0.14404663182124336,0.1257771237383484,20939.180454800888,1258203.2704257558,0.03125,0.03125,0.140625,0.0
ssprk3,3.000e-07,4800.0,0.0014399533534080486,2.9999028196003285e-07,0.0005,3988.377276315564,1811015.935708721,2746.557322422489,116123.03714707552,89.19694243044457,222.23950077769422,178.39388486088913,15274.100300341777,2.0380939648645993,0.0625,0.03125,2746.5573224224686,63.81034577678965,134.5539233812142,176423.9342674571,1.520675141364336e-08,0.0,0.006850103272878562,9.830081559266357e-06,10876.345030004222,0.012371244476892248,0.0,0.046875,0.6569049193262846,0.0,0.046875,3468.6056627087673,176423.9342674571,0.1588075505006005,0.13312272772726194,21841.566422848715,1325272.8311645587,0.03125,0.03125,0.125,0.0
ssprk3,3.000e-07,4900.0,0.0014699523816040481,2.9999028196003285e-07,0.0005,3987.7519878183084,1846171.191475678,2814.077040316899,120564.33589609317,89.58289386851364,223.8871612077985,179.16578773702727,15645.192819873808,2.0876105589416794,0.0625,0.03125,2814.0770403168503,63.91101146303799,141.67722273710388,196528.9707423416,1.4086253941059113e-08,0.0,0.006879743383145243,9.830081559266357e-06,11117.713487867717,0.012743377754041794,0.0,0.046875,0.510420831763374,0.0,0.046875,3990.5706401131174,196528.9707423416,0.17349759555646715,0.14101829604099314,23000.72590236175,1393641.6497701253,0.03125,0.03125,0.125,0.0
ssprk3,3.000e-07,5000.0,0.0014999514098000476,2.9999028196003285e-07,0.0005,3987.1079699521333,1882066.1241247875,2885.4847244143284,125230.69711545395,89.95801393878102,225.3878111619947,179.91602787756204,16024.320957081858,2.1381993827126475,0.0625,0.03125,2885.484724414261,63.84935321825532,149.4598436627184,219662.5894677015,1.6167177818715572e-08,0.0,0.006908551671311228,9.830081559266357e-06,11372.27232029184,0.013142478429401777,0.0,0.046875,0.41926657179034416,0.0,0.046875,4589.888959626973,219662.5894677015,0.18963159835768023,0.1465398896708022,24204.24127296335,1498995.18800763,0.03125,0.03125,0.125,0.0
ssprk3,3.000e-07,5100.0,0.0015299504379960472,2.9999028196003285e-07,0.0005,3986.4446408218528,1918761.2481243925,2961.0802027958935,130111.2597004564,90.32317744163686,226.89048608233912,180.64635488327372,16410.572340534793,2.189738694230617,0.0625,0.03125,2961.0802027957993,63.70811672191257,157.7185899494234,247186.01396446023,1.7069396562874317e-08,0.0,0.006936595319870136,9.830081559266357e-06,11640.915542781058,0.01354864137359284,0.0,0.046875,0.3564126970889243,0.0,0.953125,5274.422673547844,247186.01396446023,0.20730638315764233,0.15347621745465378,25442.644810107013,1610581.8742730874,0.03125,0.03125,0.125,0.0
ssprk3,3.000e-07,5200.0,0.0015599494661920467,2.9999028196003285e-07,0.0005,3985.7614474159727,1956324.0252566314,3041.119419471365,135187.38829968203,90.67917369209701,229.82021765061705,181.35834738419402,16802.81102798968,2.242076919459525,0.0625,0.03125,3041.1194194712534,63.517702464947696,166.1981236794818,280454.0370175154,1.673470251262188e-08,0.0,0.0069639349462515135,9.830081559266357e-06,11924.5946812072,0.013937423293842012,0.0,0.953125,0.3092136119453889,0.0,0.953125,6053.321434419864,280454.0370175154,0.2262148503812116,0.16233457282136718,26759.16910060926,1727629.747275873,0.96875,0.03125,0.125,0.0
ssprk3,3.000e-07,5300.0,0.0015899484943880462,2.9999028196003285e-07,0.0005,3985.0578637778403,1994829.7496340724,3125.7624748270664,140430.50811967195,91.02671433503403,232.67789167200462,182.05342867006806,17199.64969024736,2.295028940637114,0.0625,0.03125,3125.7624748269573,63.25585256723687,174.65044072068486,320467.1665313612,1.506123226135969e-08,0.0,0.006990625203011129,9.830081559266357e-06,12224.303569050426,0.014287148526224923,0.0,0.953125,0.27130467814047177,0.0,0.953125,6938.895496785975,320467.1665313612,0.23843231536142098,0.1733577065593085,29102.16044443407,1848589.0987587804,0.96875,0.03125,0.125,0.0
ssprk3,3.000e-07,5400.0,0.0016199475225840458,2.9999028196003285e-07,0.0005,3984.333390676909,2034362.6000596513,3215.0206951547134,145799.30787744088,91.3664404538585,235.42959729079908,182.732880907717,17680.870035610827,2.3592404007146284,0.0625,0.03125,3215.020695154616,63.35705814243572,186.8788245864498,367552.9539311053,1.6618287190794945e-08,0.0,0.007016715323760016,9.830081559266357e-06,12541.052548046999,0.014901366840660612,0.0,0.0,0.2395369843576247,0.0,0.953125,7948.7537108770775,367552.9539311053,0.25156380189250355,0.18257605578976555,31597.366755785006,2013149.8204470952,0.96875,0.03125,0.109375,0.0
ssprk3,3.000e-07,5500.0,0.0016499465507800453,2.9999028196003285e-07,0.0005,3983.5875555687694,2075016.8876133151,3308.7119399727626,151350.96150079803,91.69892885039575,238.03446276633466,183.3978577007915,18245.741746565964,2.434613850042746,0.0625,0.03125,3308.7119399726816,63.56764883866607,204.27369741007533,421202.97191536846,1.7826096154749393e-08,0.0,0.007042249605443382,9.830081559266357e-06,12875.833806541843,0.015864890808569593,0.0,0.0,0.2125003830044321,0.0,0.953125,9107.501672162325,421202.97191536846,0.2660315829428411,0.19018590414482547,34234.6633110819,2214690.798507469,0.96875,0.03125,0.109375,0.0
ssprk3,3.000e-07,5600.0,0.0016799455789760448,2.9999028196003285e-07,0.0005,3982.819911152965,2116898.5437118933,3406.4330305790972,159350.93294185094,92.02469732073071,240.44350452705254,184.04939464146142,18828.014211893726,2.512309162640948,0.0625,0.03125,3406.4330305790418,63.643781884990226,222.99119918747783,480176.6295698853,1.8480932340025902e-08,0.0,0.007067267813512367,9.830081559266357e-06,13229.582652701994,0.016855497640504508,0.0,0.0,0.1896416738215864,0.0,0.953125,10447.14048327721,480176.6295698853,0.2822940318466006,0.19636331251931732,37008.01045965511,2445347.979769122,0.96875,0.03125,0.109375,0.0
ssprk3,3.000e-07,5700.0,0.0017099446071720443,2.9999028196003285e-07,0.0005,3982.030031286333,2160126.918082481,3507.555048838145,168025.1581105548,92.34420878955048,242.59837203578454,184.68841757910096,19426.020560906854,2.592103920231161,0.0625,0.03125,3507.555048838106,63.62922324744822,243.10796688683422,542923.6512732301,2.168235369026661e-08,0.0,0.0070918054994312685,9.830081559266357e-06,13603.14184543099,0.017871457171380528,0.0,0.0,0.1707010545983537,0.0,0.953125,12005.411426478706,542923.6512732301,0.3007293259906202,0.20084648094540802,39920.98671099724,2703177.315916239,0.96875,0.03125,0.109375,0.0
ssprk3,3.000e-07,5800.0,0.0017399436353680439,2.9999028196003285e-07,0.0005,3981.2175047937167,2204836.983350885,3611.2411398216054,177362.68802676795,92.65787432962254,244.43002593995058,185.3157486592451,20037.480068092187,2.673693795042028,0.0625,0.03125,3611.2411398215863,63.51790286194117,264.70740867464065,608280.5503879488,2.3050233721733093e-08,0.0,0.007115894232565954,9.830081559266357e-06,13997.235907974591,0.018911405824333496,0.0,0.0,0.20675368431013733,0.0,0.0390625,13821.762198695811,608280.5503879488,0.32149977983636147,0.20389081263637557,42991.51372897014,2983364.1963690287,0.96875,0.96875,0.109375,0.0
ssprk3,3.000e-07,5900.0,0.0017699426635640434,2.9999028196003285e-07,0.0005,3980.3819306474793,2251182.0671960404,3716.4780689188024,187311.60129782718,92.9660553665485,246.10578123076317,185.932110733097,20659.39851194838,2.756679254227007,0.0625,0.03125,3716.4780689188024,63.464852884474226,287.9008451650061,676284.679334593,2.4563632905483246e-08,0.0,0.007139561769503465,9.830081559266357e-06,14412.4575903663,0.019975832945898643,0.0,0.0,0.26098157196130606,0.0,0.0390625,15931.346484091438,676284.679334593,0.34442911873619214,0.20624759593569694,46254.35428499209,3278994.241200476,0.96875,0.96875,0.109375,0.0
ssprk3,3.000e-07,6000.0,0.001799941691760043,2.9999028196003285e-07,0.0005,3979.5229209177205,2299337.248157403,3850.2435664144296,197771.2027404168,93.26906565745746,250.6050042119945,186.53813131491492,21397.01672719787,2.8551030699224262,0.0625,0.0234375,3850.2435664144296,63.264681734644235,312.8599127638745,748857.0338593889,3.429463579570948e-08,0.0,0.007162832206010747,9.830081559266357e-06,14849.257734547433,0.021069060713788577,0.0,0.0,0.34533815412738084,0.0,0.0390625,18358.388075690294,748857.0338593889,0.36893753658234957,0.2090311112617765,49760.152479341356,3582514.7239521234,0.96875,0.96875,0.09375,0.0
ssprk3,3.000e-07,6100.0,0.0018299407199560424,2.9999028196003285e-07,0.0005,3978.640118760264,2349503.555239027,4014.3512706774973,208585.51383515168,93.56717377072926,254.95030263284093,187.1343475414585,22347.649159735945,2.9819503594820636,0.0625,0.0234375,4014.3512706774973,63.207963284329686,339.85838504215826,830071.0002759155,4.763089893662117e-08,0.0,0.007185726167471222,9.830081559266357e-06,15307.912597453631,0.02220148455111322,0.0,0.0,0.4955170714448544,0.0,0.0390625,21111.119058543874,830071.0002759155,0.39408242109538655,0.21351506621509422,53570.314047157124,3887646.0335576753,0.96875,0.96875,0.09375,0.0
ssprk3,3.000e-07,6200.0,0.001859939748152042,2.9999028196003285e-07,0.0005,3977.733235290614,2401913.1109163063,4186.725059255794,219536.7790177737,93.86060660331908,259.0393268996924,187.72121320663817,23342.421475075495,3.1146874380949723,0.0625,0.0234375,4186.725059255794,63.29453352451997,369.31731404109905,925778.8238994535,6.42348021145208e-08,0.0,0.00720826107900657,9.830081559266357e-06,15788.421604775976,0.023391655181628862,0.0,0.0,0.8513407257752335,0.0,0.0390625,24181.025455310184,925778.8238994535,0.4187347375755314,0.22087990275967415,57747.837199555026,4191322.1272409586,0.96875,0.96875,0.09375,0.0
ssprk3,3.000e-07,6300.0,0.0018899387763480415,2.9999028196003285e-07,0.0005,3976.802100740005,2456835.36664592,4366.495569867552,230501.14991786954,94.14955386640366,262.74005021956714,188.29910773280733,24377.6688799604,3.252825295418749,0.0625,0.0234375,4366.495569867552,63.45601836957602,401.84218891315504,1042518.6038719509,8.4299994524434e-08,0.0,0.007230451509963196,9.830081559266357e-06,16290.269039375185,0.02466762138438984,0.0,0.0,1.0,0.0,0.0390625,27548.93584176514,1042518.6038719509,0.4418776743669386,0.23192165236074286,62345.16346912854,4495132.702186702,0.96875,0.96875,0.09375,0.0
ssprk3,3.000e-07,6400.0,0.001919937804544041,2.9999028196003285e-07,0.0005,3975.8467145150607,2514584.611343028,4551.950953366723,249272.06780069147,94.4341725726472,265.88471564670544,188.8683451452944,25447.421126608824,3.3955672936329226,0.0625,0.0234375,4551.950953366723,63.51834696490076,438.23615056125254,1193037.0246629547,1.0779924597645592e-07,0.0,0.007252309518523094,9.830081559266357e-06,16844.766235877505,0.02601616100957564,0.0,0.0,1.0,0.0,0.0390625,31199.23815846865,1193037.0246629547,0.4629584730689744,0.24825232024469673,67391.00799181269,4805743.702564411,0.96875,0.9765625,0.09375,0.0
ssprk3,3.000e-07,6500.0,0.0019499368327400405,2.9999028196003285e-07,0.0005,3974.8672727823755,2575528.973040038,4740.19593567054,269718.1798793712,94.7145897568601,268.26354166862006,189.4291795137202,26543.04696548937,3.5417617251257023,0.0625,0.0234375,4740.19593567054,63.54989168414531,479.4718255903408,1375150.7601692248,1.3507870930887066e-07,0.0,0.00727384486064366,9.830081559266357e-06,17526.739942956963,0.027356589254524444,0.0,0.0,1.0,0.0,0.234375,35141.09273664316,1375150.7601692248,0.48218629023777765,0.26176828257166895,72878.66421775335,5253313.146495223,0.96875,0.9765625,0.09375,0.0
ssprk3,3.000e-07,6600.0,0.0019799358609360594,2.9999028196003285e-07,0.0005,3973.8641601995064,2640101.1209076936,4926.765375337384,291731.9552183239,94.99090150990126,269.61866010032503,189.98180301980253,27819.23090420223,3.7120488603679407,0.0625,0.0234375,4926.765375337384,63.54020918477822,526.6092279469522,1569855.8757657083,1.672858536025562e-07,0.0,0.007295064915863805,9.830081559266357e-06,18267.441988232247,0.0288277487502733,0.0,0.0,0.6387080719221611,0.0,0.234375,39432.25674588606,1569855.8757657083,0.5006754000820729,0.25998227795834206,78758.12700089149,6038318.796549864,0.96875,0.9765625,0.078125,0.0
ssprk3,3.000e-07,6700.0,0.0020099348891320806,2.9999028196003285e-07,0.0005,3972.837919069324,2708810.705150756,5105.206207975474,314990.11269869644,95.26316733800957,273.7682722150253,190.52633467601913,29663.550192627707,3.9581449273774796,0.0625,0.0234375,5105.206207975474,63.53691461851833,580.6605127155608,1781511.171898299,2.0683615547928792e-07,0.0,0.007315974254114632,9.830081559266357e-06,19071.54686372725,0.030446429797466326,0.0,0.0,0.3026801296131095,0.0,0.0390625,44506.96167801428,1781511.171898299,0.5240229306670424,0.2608332383240413,84933.23301970815,6830077.268316057,0.9765625,0.96875,0.078125,0.0
ssprk3,3.000e-07,6800.0,0.002039933917328102,2.9999028196003285e-07,0.0005,3971.789245894162,2782258.1659392016,5381.938711848805,338833.4948223552,95.53140080648318,280.9078005592533,191.06280161296635,31630.662435537342,4.220625827178543,0.046875,0.0234375,5381.938711846902,63.40170597473382,642.4229006119585,2016684.553979922,2.5728005926930617e-07,0.0,0.007336573917177292,9.830081559266357e-06,19942.737278254837,0.03221337631080582,0.0,0.0,0.23523759610546222,0.0,0.0390625,51134.52833788481,2016684.553979922,0.5542227553703153,0.26597623425073,92263.49485365,7582198.310540924,0.9765625,0.96875,0.078125,0.0
ssprk3,3.000e-07,6900.0,0.002069932945524123,2.9999028196003285e-07,0.0005,3970.7190876771283,2861148.9910980714,5688.527757137458,362106.4013852303,95.79555956940112,287.40587399824653,191.59111913880224,33703.780342169026,4.497251553792648,0.046875,0.0234375,5688.527757135142,63.449320255078746,712.3225012696184,2255273.604152303,3.244312239639117e-07,0.0,0.007356860652990404,9.830081559266357e-06,20882.75791868513,0.03411055685476574,0.0,0.0,0.3157431128689291,0.0,0.03125,59180.749018891656,2255273.604152303,0.5814953222347433,0.2704315404891789,101773.38794653457,8339536.135736158,0.9765625,0.96875,0.078125,0.0
ssprk3,3.000e-07,7000.0,0.002099931973720144,2.9999028196003285e-07,0.0005,3969.62889320936,2946307.277000771,6004.8145369301965,387340.6599843723,96.05553885702135,292.7911398144374,192.1110777140427,35855.698277461466,4.784391933295411,0.046875,0.0234375,6004.814536927381,63.314054615976765,790.3226864057651,2492040.56455978,4.148252872091218e-07,0.0,0.007376826415498426,9.830081559266357e-06,21890.039365655266,0.03610421494470927,0.0,0.0,0.4943882374271381,0.0,0.03125,68916.2927250285,2492040.56455978,0.6142217978972827,0.26442199505521913,112200.98824391361,9424482.876469366,0.9765625,0.96875,0.078125,0.0
ssprk3,3.000e-07,7100.0,0.0021299310019161654,2.9999028196003285e-07,0.0005,3968.5210287436507,3038688.5731004532,6339.189652549022,430909.531124867,96.31117112359547,296.40985376423237,192.62234224719094,38049.65639691946,5.07714192933498,0.046875,0.015625,6339.189652544452,63.377446690426254,875.9368991787069,2730082.2910606526,5.352351655579211e-07,0.0,0.007396458337604705,9.830081559266357e-06,22957.665325334434,0.03815444152381147,0.0,0.0,0.9942926084476664,0.0,0.03125,80526.56591119737,2730082.2910606526,0.6477872890880854,0.2578038142030056,124310.1976029163,10589766.871761141,0.9765625,0.96875,0.078125,0.0
ssprk3,3.000e-07,7200.0,0.0021599300301121866,2.9999028196003285e-07,0.0005,3967.3993782745047,3139395.9742213185,6927.733654774796,477658.18718899693,96.58906111898483,297.38307642300344,193.17812223796966,41196.75119433427,5.497073368002066,0.046875,0.015625,6927.733654769296,63.550859348360405,968.3347282903324,3005677.5942881685,6.907643470768743e-07,0.0,0.007417799597910811,9.830081559266357e-06,24070.280632968854,0.04022947397480745,0.0,0.0,1.0,0.0,0.03125,94058.6331606278,3005677.5942881685,0.6845155196550373,0.25163809204210424,137409.05861130627,11944445.969592141,0.9765625,0.9765625,0.0625,0.0
ssprk3,3.000e-07,7300.0,0.002189929058308208,2.9999028196003285e-07,0.0005,3966.270353485946,3249711.681261415,7565.579849440413,525814.1509875439,96.87127744023852,294.57693020043945,193.74255488047703,45552.88456622833,6.078332424890928,0.046875,0.015625,7565.579849433933,63.63427369219177,1066.4385414472217,3463825.80743861,8.810445713495679e-07,0.0,0.007439473109280185,9.830081559266357e-06,25199.28929923497,0.042320183271184475,0.0,0.0,1.0,0.0,0.03125,109389.194613692,3463825.80743861,0.7054299636196081,0.25794942629503265,155067.40605744725,13428313.670590682,0.9765625,0.9765625,0.0625,0.0
ssprk3,3.000e-07,7306.0,0.002191729,2.9999028199100344e-07,0.0005,3966.2025839227335,3256667.9942199914,7605.060612921441,528682.4546992381,96.8880768422139,294.25934884144743,193.7761536844278,45825.207165308384,6.114669690901215,0.046875,0.015625,7605.060612914905,63.63181615544762,1072.4777381460244,3496121.8846832234,8.934173542841512e-07,0.0,0.007440763262326211,9.8300815602812e-06,25266.612023940586,0.04244644027184301,0.0,0.0,1.0,0.0,0.03125,110360.6044183842,3496121.8846832234,0.7063754705020594,0.25888047533888786,156235.04641227835,13504772.347573219,0.9765625,0.9765625,0.0625,0.0
rk4,3.000e-07,0.0,0.0,0.0,0.0005,4008.11113236055,773886.7345045686,3265.5332310870513,0.0,0.0,0.0,0.0,7494.3062310458845,1.0,0.0,0.0859375,3265.533231087051,64.88057619110188,0.0,11.361380314832786,6.366462912410498e-12,0.0,0.0,0.0,0.0,0.0,0.0,0.0,0.0,0.0,0.0,11.361380314832786,0.0,0.0009388669913412475,0.0,12101.160675168838,0.0,0.9140625,0.0,0.171875,0.0
rk4,3.000e-07,100.0,2.999902819600326e-05,2.9999028196003285e-07,0.0005,4008.0692354198686,774637.8915268923,3255.624328743018,6344.927621689885,4.675356579625603,11.067271811384746,9.350713159251207,7500.0098145235,1.0007610555669566,0.0,0.0859375,3255.6243287430175,64.88193043063997,4.9169298473123035,89.7108870165539,4.4565240386873484e-11,0.0,0.00035905575387790834,9.830081559266357e-06,611.4941768093142,0.008040844923443282,0.0,0.0,0.022779887387582978,0.0,0.1953125,10.936476827570004,89.7108870165539,0.0009062467613488409,0.002742119964569905,12067.879626176378,32715.887042026196,0.9140625,0.96875,0.171875,0.0
rk4,3.000e-07,200.0,5.9998056392006845e-05,2.9999028196003285e-07,0.0005,4007.990230999827,776901.5888830622,3226.1970943252404,12619.00581879634,9.316629639942317,22.067200089354397,18.633259279884633,7517.280446364163,1.0030655559847697,0.0,0.0859375,3226.19709432524,64.88628936101601,9.737235272615635,175.34197237808257,9.640643838793039e-11,0.0,0.0007154939782664947,9.830081559266357e-06,1216.7088547311728,0.008002929570827395,0.0,0.0,0.023018396910956897,0.0,0.8046875,9.736582799247117,175.34197237808257,0.0008135401983334263,0.0026969992097763706,11968.164350320912,65013.72775434426,0.90625,0.03125,0.171875,0.0
rk4,3.000e-07,300.0,8.999708458801044e-05,2.9999028196003285e-07,0.0005,4007.874512685808,780658.4108482911,3178.0463554732873,18753.842330230367,13.890805738939891,32.93445906569934,27.781611477879782,7546.01577811007,1.0068998444245545,0.0,0.0859375,3178.046355473287,64.89322709384977,14.369513849037162,253.09634560765699,1.4915713109076023e-10,0.0,0.0010667793229508149,9.830081559266357e-06,1809.626661571911,0.007940595789274708,0.0,0.0,0.02354772133909375,0.0,0.1953125,8.220031550794374,253.09634560765699,0.0006964912005862566,0.002623096066840591,11802.060878695003,96487.63871332433,0.875,0.03125,0.171875,0.0
rk4,3.000e-07,400.0,0.00011999611278401403,2.9999028196003285e-07,0.0005,4007.7227664306056,785877.1061178265,3112.4413073867254,24685.157515755604,18.36682788981369,43.60677714936874,36.73365577962738,7586.047721307834,1.0122414920652563,0.0,0.0859375,3112.441307386725,64.9020249927416,18.731816372740468,319.59865382732823,2.0372681319713593e-10,0.0,0.0014105266886084106,9.830081559266357e-06,2384.6840985220906,0.007855051486420999,0.0,0.0,0.02473512316578787,0.0,0.8046875,7.174632628128165,319.59865382732823,0.000619937662023907,0.0025214352024261195,11573.151733845596,126752.67384218762,0.8359375,0.03125,0.171875,0.0
rk4,3.000e-07,500.0,0.00014999514098001636,2.9999028196003285e-07,0.0005,4007.535971676459,792515.9594235391,3031.049553854896,30354.45540731668,22.716420219934708,54.02629278557248,45.432840439869416,7637.144340133119,1.0190595506353228,0.0,0.0859375,3031.0495538548957,64.91165824707792,22.755140684782873,383.03020079550333,2.6557245291769505e-10,0.0,0.001744564558566606,9.830081559266357e-06,2936.9568622679635,0.0077478634354918655,0.0,0.0,0.0280495597927983,0.0,0.8046875,6.500058440447901,383.03020079550333,0.0005726232518732919,0.0024639276391414428,11351.370066066076,155455.1337915794,0.1796875,0.0390625,0.171875,0.0
rk4,3.000e-07,600.0,0.0001799941691760186,2.9999028196003285e-07,0.0005,4007.315399361182,800524.5495802559,2935.84243096423,35710.33448852782,26.914747882210758,64.14072384334267,53.829495764421516,7699.0125239877,1.0273149090297111,0.0,0.0859375,2935.8424309642296,64.92077707545288,26.385684966048302,438.2057809163816,3.41970007866621e-10,0.0,0.002066985678353306,9.830081559266357e-06,3462.301391827061,0.007620851560852865,0.0,0.0,0.05837763690634076,0.046875,0.8046875,6.0226257427129894,438.2057809163816,0.0005436219170674863,0.0024039917915883845,11078.702961796385,182282.56121741864,0.203125,0.0390625,0.171875,0.0
rk4,3.000e-07,700.0,0.00020999319737202083,2.9999028196003285e-07,0.0005,4007.062604358281,809845.7570897519,2828.9909615388187,40709.4493547491,30.94088481125138,73.90430986643543,61.88176962250276,7771.301459111729,1.0369607565431962,0.0,0.0859375,2828.9909615388183,64.92768263349447,29.58577205067286,483.4838570896536,4.147295840084553e-10,0.0,0.002376182978206771,9.830081559266357e-06,3957.446358833794,0.007475975507446015,0.0,0.0,0.01625888783631507,0.0,0.9609375,5.664029119747283,483.4838570896536,0.0005246964642655678,0.0023359742118432307,10794.868091355223,206973.11410306813,0.7890625,0.0390625,0.171875,0.0
rk4,3.000e-07,800.0,0.00023999222556802307,2.9999028196003285e-07,0.0005,4006.779410316311,820417.8748262645,2714.9869116268987,45317.19048504966,34.77807975988469,83.27850150657991,69.55615951976938,7853.606908510432,1.0479431539608175,0.0,0.09375,2714.9869116268987,64.93029782424998,32.33353467282359,548.4554728858639,4.5838532969355583e-10,0.0,0.002670870004018258,9.830081559266357e-06,4420.032949968896,0.007315224804613984,0.0,0.0,0.017145615708527837,0.0,0.9609375,5.370337275024212,548.4554728858639,0.0005102010696055801,0.002391619380075096,10525.92319960412,229323.89553919842,0.78125,0.953125,0.171875,0.0
rk4,3.000e-07,900.0,0.00026999125376402766,2.9999028196003285e-07,0.0005,4006.467885692344,832176.6809137156,2596.1976757686602,49508.16976018021,38.41382774302835,92.2323867867215,76.8276554860567,7945.4762916652,1.0602017113672644,0.0,0.1015625,2596.197675768659,64.92613341941632,34.621586443203796,613.6547383340076,5.165929906070232e-10,0.0,0.002950086404043573,9.830081559266357e-06,4848.607338994447,0.007140521808141298,0.0,0.0,0.038369361378547996,1.0,0.25,5.809944211228867,613.6547383340076,0.0005682462767782841,0.0024625212955004666,10224.341889521551,249197.73869784642,0.078125,0.953125,0.171875,0.0
rk4,3.000e-07,1000.0,0.0002999902819600326,2.9999028196003285e-07,0.0005,4006.130310813552,845057.3513609521,2482.6339865909567,53266.576675071825,41.85433927399868,100.74285815677395,83.70867854799737,8046.414530709009,1.0736703682291449,0.0,0.109375,2482.6339865909567,64.91225022582088,36.45497734617493,691.8403909958433,5.675246939063072e-10,0.0,0.0032143091302547816,9.830081559266357e-06,5242.572182293083,0.006953643379351555,0.0,0.0,0.0619842164692284,0.984375,0.25,6.728587596604484,691.8403909958433,0.0006737575547961688,0.00259309065732162,9986.659962039426,266801.46682971704,0.078125,0.9453125,0.171875,0.0
rk4,3.000e-07,1100.0,0.00032998931015603756,2.9999028196003285e-07,0.0005,4005.769136826516,858996.1176313242,2379.5999291409703,56661.46559908644,45.120189231600925,108.79453658403617,90.24037846320185,8155.89059991481,1.0882782673235647,0.0,0.1171875,2379.5999291409703,64.88521850652872,37.8487454225733,799.1123647703789,5.893525667488575e-10,0.0,0.003465118282157568,9.830081559266357e-06,5602.1060601687595,0.00675616366703224,0.0,0.0,0.022054809565891113,0.0,0.203125,7.34804573355359,799.1123647703789,0.0007563238757647932,0.0028211924664569344,9715.475035246323,283253.4023366241,0.0859375,0.9453125,0.171875,0.0
rk4,3.000e-07,1200.0,0.0003599883383520425,2.9999028196003285e-07,0.0005,4005.3869382216326,873931.606761224,2288.890828342568,60018.633958934064,48.18068049476004,116.37947855095776,96.36136098952008,8273.344682843042,1.1039507097494783,0.0,0.1328125,2288.890828342567,64.84107652375643,38.82534132367573,907.8179914895445,5.748006515204906e-10,0.0,0.0037001563972222256,9.830081559266357e-06,5928.0605660677265,0.006549417113906079,0.0,0.0,0.22181652263764018,0.0,0.796875,8.853661551103869,907.8179914895445,0.0009326182166095327,0.003051669160657257,9493.33971117434,297482.44114837865,0.9765625,0.9453125,0.171875,0.0
rk4,3.000e-07,1300.0,0.00038998736654804745,2.9999028196003285e-07,0.0005,4004.98636114076,889805.834716842,2210.2667453090603,63002.22915926145,51.03720072653931,123.49669859226384,102.07440145307862,8398.195808833927,1.1206101739002328,0.0,0.140625,2210.2667453090603,64.77529094132001,39.41213970827221,1008.8653217486572,5.238689482212067e-10,0.0,0.003919530044519762,9.830081559266357e-06,6221.84445274326,0.006334478466573539,0.0,0.0,0.0672458129163257,0.0,0.796875,11.40298719661223,1008.8653217486572,0.0012285818499855607,0.0032573154171548603,9281.422476448148,309722.9443717373,0.9765625,0.9453125,0.171875,0.0
rk4,3.000e-07,1400.0,0.0004199863947440524,2.9999028196003285e-07,0.0005,4004.5700698644782,906564.8538977574,2140.5326765598656,65614.17475760859,53.69363800568246,130.15154398329815,107.38727601136492,8529.849810131254,1.138177377219459,0.0,0.140625,2140.5326765598656,64.70463248843281,39.63918110832856,1167.327714445768,5.529727786779404e-10,0.0,0.004123537818824862,9.830081559266357e-06,6485.3032072026,0.0061121554138448215,0.0,0.0,0.03770868122185478,0.0,0.203125,14.461333914994611,1167.327714445768,0.0015997420682363943,0.0036404041114962487,9039.790977640063,320658.82761735003,0.9765625,0.9375,0.171875,0.0
rk4,3.000e-07,1500.0,0.00044998542294005735,2.9999028196003285e-07,0.0005,4004.1406937759684,924159.0805968499,2079.410776034923,67864.00222488097,56.174814586784514,136.3549596910164,112.34962917356903,8667.707414979028,1.1565723561004508,0.0,0.1484375,2079.410776034922,64.7689381246638,39.53722501160837,1325.7107677119784,5.748006515204906e-10,0.0,0.004314086007537165,9.830081559266357e-06,6720.600975871428,0.005882989505485671,0.0,0.0,0.028955264441089062,0.0,0.203125,18.14736919284769,1325.7107677119784,0.00204308523419913,0.00401545208862419,8882.335836547361,330152.306254065,0.9765625,0.0625,0.171875,0.0
rk4,3.000e-07,1600.0,0.0004799844511360623,2.9999028196003285e-07,0.0005,4003.7007767984533,942543.3464641812,2044.4732592117487,69769.24598599017,58.52485419995194,142.1226811217571,117.04970839990388,8811.172272433425,1.1757155366740015,0.0,0.046875,2044.4732592117487,64.81789389014318,39.13614744203505,1469.4472368676215,5.820766091346741e-10,0.0,0.004494563203357029,9.830081559266357e-06,6930.110169334441,0.005647261946168114,0.0,0.0,0.06952260232060548,0.0,0.2109375,22.580926079717756,1469.4472368676215,0.00259208734672233,0.004342922464683631,8711.483472295455,338354.47186015244,0.9765625,0.0625,0.171875,0.0
rk4,3.000e-07,1700.0,0.0005099834793320633,2.9999028196003285e-07,0.0005,4003.252730901094,961676.7292749762,2026.8062580112094,71354.98011106433,60.70287877154895,147.47438997451508,121.4057575430979,8959.658692936964,1.195528767669076,0.0,0.046875,2026.8062580112094,64.84630514396997,38.46368548780492,1678.156895333901,6.111804395914078e-10,0.0,0.004661830071926442,9.830081559266357e-06,7116.312528967839,0.005405002286118504,0.0,0.0,1.0,0.0,0.2109375,27.881521266732307,1678.156895333901,0.0032685869414753035,0.004861876774745794,8530.145217476686,345166.4805761443,0.9765625,0.9765625,0.171875,0.0
rk4,3.000e-07,1800.0,0.0005399825075280628,2.9999028196003285e-07,0.0005,4002.79879484996,981522.223049543,2016.1326910064188,72652.31615724835,62.7175858993437,152.43286504245665,125.4351717986874,9112.598886087651,1.2159362861818794,0.0,0.046875,2016.1326910064188,64.8482748665265,38.01886865529832,2130.2782094094437,6.693881005048752e-10,0.0,0.004816554567115955,9.830081559266357e-06,7281.714041140072,0.0052211427749703065,0.0,0.015625,0.08660961924596028,0.0,0.2109375,34.16949265716539,2130.2782094094437,0.004078833257657091,0.006072071899374905,8377.271268203931,350832.17799656605,0.9765625,0.9765625,0.171875,0.0
rk4,3.000e-07,1900.0,0.0005699815357240623,2.9999028196003285e-07,0.0005,4002.3409990043365,1002046.3068339723,2011.685204551567,73695.94593354057,64.578292443694,157.19095512676606,129.156584887388,9269.449484232078,1.236865588149106,0.0,0.046875,2011.685204551567,64.81717212111192,37.93679558437225,2648.2798886750825,7.421476766467094e-10,0.0,0.0049594522006223924,9.830081559266357e-06,7428.774882889029,0.005106736464952447,0.0,0.984375,0.05024905773304963,0.0,0.7890625,41.569587308506016,2648.2798886750825,0.005029834364574274,0.0074469955089203855,8264.603622195911,355617.22650468093,0.9765625,0.9765625,0.171875,0.0
rk4,3.000e-07,2000.0,0.0005999805639200619,2.9999028196003285e-07,0.0005,4001.8811366514524,1023218.4665195486,2012.516241893754,74521.10835984808,66.33062631036391,161.6569778317089,132.66125262072782,9429.697157714845,1.2582481776166843,0.0,0.046875,2012.516241893754,64.7575890518869,38.75136974035286,3240.0089070443064,9.38598532229662e-10,0.0,0.005094027082094501,9.830081559266357e-06,7559.854584802642,0.005125941154774804,0.0,0.0234375,0.04934559867295578,0.0,0.21875,50.21631951209565,3240.0089070443064,0.0061640471813666645,0.008945006581867644,8146.647492234464,362214.2563441042,0.9765625,0.9765625,0.171875,0.0
rk4,3.000e-07,2100.0,0.0006299795921160614,2.9999028196003285e-07,0.0005,4001.4207421358215,1045010.7163099075,2017.5855206300012,75160.59295968698,67.98937750641039,165.7848884433787,135.97875501282078,9592.863154396555,1.2800201724686933,0.0,0.046875,2017.5855206300012,64.65810597159822,39.501722466819956,3914.055131053785,1.0040821507573128e-09,0.0,0.005221415047279404,9.830081559266357e-06,7677.171796219853,0.005145348250024851,0.0,0.9765625,0.11882401817579116,0.0,0.21875,60.26006184393191,3914.055131053785,0.007509065744943591,0.010502433935000029,8024.974596141932,372680.76669446565,0.9765625,0.9765625,0.171875,0.0
rk4,3.000e-07,2200.0,0.0006599786203120609,2.9999028196003285e-07,0.0005,4000.961075857312,1067397.1570933135,2025.8490081824514,75642.47228499231,69.5249299370984,169.59580621496127,139.0498598741968,9758.506631304506,1.3021227489849498,0.0,0.046875,2025.8490081824514,64.57529771842057,40.760851220772565,4679.948514165124,1.0986695997416973e-09,0.0,0.00533934165378091,9.830081559266357e-06,7782.777426705855,0.005237314262759926,0.0,0.03125,1.0,0.0,0.21875,71.87278174456151,4679.948514165124,0.009058336334381495,0.01219953559705655,7934.4350983926015,383616.9399181295,0.9765625,0.9765625,0.171875,0.0
rk4,3.000e-07,2300.0,0.0006899776485080604,2.9999028196003285e-07,0.0005,4000.503116063003,1090353.5991028035,2036.3393338231344,75989.12577806607,70.94614415389564,173.11117549556008,141.8922883077913,9926.226688227523,1.3245024131929883,0.0,0.046875,2036.3393338231344,64.67864857715041,42.560101187221335,5606.567088420037,1.2005330063402653e-09,0.0,0.0054484873699082986,9.830081559266357e-06,7878.539509829103,0.005402029289073722,0.0,0.03125,0.1169829987705983,0.0,0.78125,86.26639154400618,5606.567088420037,0.011027541295458427,0.014117218412524408,7822.8128313184425,397143.8936898536,0.96875,0.96875,0.171875,0.0
rk4,3.000e-07,2400.0,0.00071997667670406,2.9999028196003285e-07,0.0005,4000.0475572223877,1113857.266670409,2048.227779925092,76217.78529759086,72.26167862089915,176.3523112635176,144.5233572417983,10095.663059356966,1.3471110931569237,0.0,0.046875,2048.227779925092,64.74948491029802,44.311769509173246,6708.8729788535275,1.2732925824820995e-09,0.0,0.0055495171441635365,9.830081559266357e-06,7966.137884124677,0.00556251600885292,0.0,0.03125,0.0985639078226834,0.0,0.046875,103.4048154719203,6708.8729788535275,0.013319052241370342,0.01621877379003885,7763.676693956822,413648.59425895335,0.96875,0.96875,0.171875,0.0
rk4,3.000e-07,2500.0,0.0007499757049000595,2.9999028196003285e-07,0.0005,3999.59481464145,1137886.5941822352,2060.860044071851,76517.48685929478,73.48701981636111,179.3399948665275,146.97403963272222,10266.495466954284,1.3699060527343196,0.0,0.046875,2060.860044071851,64.77088533447798,46.016161315305,7954.781118676066,1.3023964129388332e-09,0.0,0.005643620299548849,9.830081559266357e-06,8047.066700233977,0.00571837702227161,0.0,0.03125,0.13197661396655588,0.0,0.953125,123.1319736042642,7954.781118676066,0.016020184187548598,0.018466132086947574,7686.052305189245,430776.7907876468,0.96875,0.96875,0.171875,0.0
rk4,3.000e-07,2600.0,0.000779974733096059,2.9999028196003285e-07,0.0005,3999.1450348353023,1162421.114879204,2073.7618158041096,76943.52390747322,74.68219114987711,182.09412286939565,149.36438229975423,10438.441687578821,1.392849633544006,0.0,0.046875,2073.7618158041096,64.7324289274301,47.67440867454479,9361.777013163548,1.3169483281672e-09,0.0,0.005735406484593844,9.830081559266357e-06,8122.6428217257835,0.005869322303207666,0.0,0.03125,0.18176428578898052,0.0,0.953125,145.78532605107466,9361.777013163548,0.019183004928847388,0.02085321365893388,7599.712693178888,448936.89607178606,0.96875,0.96875,0.171875,0.0
rk4,3.000e-07,2700.0,0.0008099737612920585,2.9999028196003285e-07,0.0005,3998.6981110459596,1187441.4381033734,2086.6153725235363,77257.89145506699,75.79469406712168,184.6334099606017,151.58938813424336,10611.254423842007,1.4159088375497473,0.0,0.046875,2086.6153725235363,64.62287984521915,50.317645870440174,10954.11517592473,1.3169483281672e-09,0.0,0.005820843940933187,9.830081559266357e-06,8194.018358586112,0.006140777780625151,0.0,0.9609375,0.26169757859352943,0.0,0.953125,171.73846089612925,10954.11517592473,0.022751914981124,0.023378188805158205,7548.307957313093,468561.32727903174,0.96875,0.96875,0.171875,0.0
rk4,3.000e-07,2800.0,0.0008399727894880581,2.9999028196003285e-07,0.0005,3998.2537031702564,1212929.3060037554,2099.2139374655653,77525.93070383577,76.83128767575838,186.9751450920498,153.66257535151675,10784.717110561767,1.4390547674559973,0.0,0.046875,2099.2139374655653,64.43039798637952,53.066451339345804,12763.316695799585,1.2732925824820995e-09,0.0,0.0059004517512200065,9.830081559266357e-06,8262.195817307696,0.006422802425982435,0.0,0.9609375,1.0,0.0,0.2265625,201.39839603768633,12763.316695799585,0.025852161935252145,0.02604495209792844,7790.388925386484,490049.5361945685,0.96875,0.96875,0.171875,0.0
rk4,3.000e-07,2900.0,0.0008699718176840576,2.9999028196003285e-07,0.0005,3997.811261263252,1238867.7175340857,2111.4052335370006,78154.12790507263,77.79834907810096,189.1349984957695,155.5966981562019,10958.63881178659,1.4622619457941783,0.0,0.046875,2111.4052335370006,64.48354896997392,55.81142188375998,14826.166226026136,1.3533281162381172e-09,0.0,0.005974719661046929,9.830081559266357e-06,8328.044628186019,0.006701623775510026,0.0,0.0390625,0.7284771288455774,0.0,0.953125,235.21424709111307,14826.166226026136,0.027852696021838735,0.028861225761156278,8444.936422193612,513705.3550227366,0.96875,0.96875,0.171875,0.0
rk4,3.000e-07,3000.0,0.0008999708458800571,2.9999028196003285e-07,0.0005,3997.3700517129632,1265241.1056827134,2123.7941718358593,78806.31906518493,78.70186216284192,191.12687598828788,157.40372432568384,11132.848383420394,1.4855075360146746,0.015625,0.046875,2123.7941718358566,64.59762489817287,58.563846355405076,17180.151682551485,1.4406396076083183e-09,0.0,0.00604410721817871,9.830081559266357e-06,8392.318082299473,0.006978268194925083,0.0,0.0390625,1.0,0.0,0.046875,273.70282126279926,17180.151682551485,0.030128699723650763,0.0318340655411445,9084.455146530767,539678.2154747623,0.96875,0.96875,0.171875,0.0
rk4,3.000e-07,3100.0,0.0009299698740760567,2.9999028196003285e-07,0.0005,3996.9291851478697,1292035.5531230567,2136.6704655796825,79498.72501408827,79.54741433281517,192.96281606361578,159.09482866563033,11307.188084911902,1.5087704900649492,0.046875,0.0390625,2136.6704655796825,64.64078142319751,61.34431617032078,19857.581898522098,1.5133991837501526e-09,0.0,0.006109043521252551,9.830081559266357e-06,8455.669952968696,0.007254814404006325,0.0,0.0390625,1.0,0.0,0.046875,317.49159494760534,19857.581898522098,0.03270703948529223,0.03496553785674573,9707.1333860827,567918.6740921554,0.96875,0.96875,0.171875,0.0
rk4,3.000e-07,3200.0,0.0009599689022720562,2.9999028196003285e-07,0.0005,3996.487645140807,1319239.0316993496,2157.578764397119,80246.20277227148,80.34019964411557,194.79474283728192,160.68039928823114,11498.452302383099,1.5342917606902229,0.046875,0.0390625,2157.578764397119,64.59963742057202,64.1802182327283,22880.903975299094,1.5570549294352531e-09,0.0,0.006169927460854672,9.830081559266357e-06,8518.67027980794,0.007534065308861242,0.0,0.9609375,1.0,0.0,0.046875,367.3722748753062,22880.903975299094,0.03561806622203579,0.038252282987899004,10314.211686428513,598157.8663563009,0.96875,0.96875,0.15625,0.0
rk4,3.000e-07,3300.0,0.0009899679304680557,2.9999028196003285e-07,0.0005,3996.0443168096554,1346841.6522032998,2179.1669374519374,81126.57177063597,81.13016323725311,196.731079648003,162.26032647450623,11692.448954706268,1.5601776327566084,0.046875,0.0390625,2179.1669374519374,64.46030784250702,67.09999590652751,26262.420574552845,1.5570549294352531e-09,0.0,0.006230594699521806,9.830081559266357e-06,8595.67132025349,0.007806254265262984,0.0,0.0390625,0.9557627794252535,0.0,0.046875,424.35105459427723,26262.420574552845,0.0388969062714893,0.04169181354422555,10909.635116798956,629917.9225363843,0.96875,0.96875,0.15625,0.0
rk4,3.000e-07,3400.0,0.0010199669586640552,2.9999028196003285e-07,0.0005,3995.5980144838313,1374835.912593551,2201.4735688223827,82273.49971452294,81.87484309832799,198.59237529714457,163.74968619665597,11888.763555626547,1.5863727994428891,0.046875,0.0390625,2201.4735688223827,64.20886395243012,70.1254535338494,30011.1009120238,1.5570549294352531e-09,0.0,0.006287784260224221,9.830081559266357e-06,8676.6306637045,0.008082106551704856,0.0,0.9609375,0.7709364213574498,0.0,0.046875,489.6779182024475,30011.1009120238,0.04230894570080843,0.04529593205845946,11573.862456068971,662556.2064445682,0.96875,0.96875,0.15625,0.0
rk4,3.000e-07,3500.0,0.0010499659868600548,2.9999028196003285e-07,0.0005,3995.1475077023033,1403216.9350026795,2228.108222373197,83504.109019066,82.57754393192948,200.38285503630524,165.15508786385897,12087.314730346974,1.6128664025329136,0.0625,0.0390625,2228.108222373197,64.23092472561196,73.26450346627371,34147.20265186578,1.5861587598919868e-09,0.0,0.0063417499360528705,9.830081559266357e-06,8782.747272702574,0.008341866296663822,0.0,0.0390625,0.6904091836038097,0.0,0.046875,564.8398789362764,34147.20265186578,0.046196391774428164,0.04910857279297501,12226.926329968075,695340.9702175369,0.96875,0.03125,0.15625,0.0
rk4,3.000e-07,3600.0,0.0010799650150560543,2.9999028196003285e-07,0.0005,3994.6915449307967,1431982.6844001315,2257.3119545683007,85158.11563858042,83.24190410453228,202.10473570507128,166.48380820906456,12287.990536751655,1.6396435050715532,0.0625,0.0390625,2257.3119545683007,64.38347894984358,76.50730593799472,38722.227871933486,1.6589183360338211e-09,0.0,0.006392771144501415,9.830081559266357e-06,8893.028179382516,0.008603065726854243,0.0,0.0390625,0.6588361502573791,0.0,0.046875,651.5133142522318,38722.227871933486,0.05075310946131462,0.053222743791996124,12836.914253477073,727550.3875423407,0.96875,0.03125,0.15625,0.0
rk4,3.000e-07,3700.0,0.0011099640432520538,2.9999028196003285e-07,0.0005,3994.2288745293104,1461134.1644633096,2287.7257081833873,86971.77992173225,83.87126788124027,203.75827990933539,167.74253576248054,12490.641979755357,1.6666842259543213,0.0625,0.0390625,2287.7257081833873,64.44038986598814,79.82838206776978,43838.222289844416,1.7898855730891228e-09,0.0,0.006441104716809911,9.830081559266357e-06,9007.991398610004,0.008861951409066383,0.0,0.0390625,1.0,0.0,0.234375,751.4872854257483,43838.222289844416,0.056040894289624534,0.057789707338619704,13409.623364359468,758581.8359136803,0.96875,0.03125,0.15625,0.0
rk4,3.000e-07,3800.0,0.0011399630714480533,2.9999028196003285e-07,0.0005,3993.7582626609233,1490675.588895804,2319.462628753347,88876.32288014759,84.46870188819332,205.3418432119099,168.93740377638665,12695.076717270995,1.6939629000854566,0.0625,0.0390625,2319.462628753347,64.38556233822614,84.05233169062103,49657.99800465489,1.979060471057892e-09,0.0,0.006486986162236691,9.830081559266357e-06,9128.152033788736,0.009208033715859817,0.0,0.046875,0.6810569835689272,0.0,0.046875,866.5883728888148,49657.99800465489,0.062107078896876985,0.0630133900450472,13953.133656917016,788054.6970914472,0.96875,0.03125,0.15625,0.0
rk4,3.000e-07,3900.0,0.0011699620996440529,2.9999028196003285e-07,0.0005,3993.278508000201,1520614.5289993589,2352.664503615017,90871.76816013236,85.03701217458044,206.85191115705823,170.07402434916088,12901.052945598763,1.721447262477067,0.0625,0.0390625,2352.664503615017,64.20305945939425,88.64480720190659,56398.012739383616,2.1391315385699272e-09,0.0,0.00653063097837853,9.830081559266357e-06,9254.030662479858,0.00957904835579526,0.0,0.953125,0.730754231431629,0.0,0.046875,998.6509799221822,56398.012739383616,0.06831318537540812,0.06859413602778436,14618.714885482179,822198.7476675755,0.96875,0.03125,0.15625,0.0
rk4,3.000e-07,4000.0,0.0011999611278400524,2.9999028196003285e-07,0.0005,3992.7884532607477,1550962.0406715232,2387.4892884725778,92958.06209379437,85.57876148743097,208.28312391408454,171.15752297486193,13108.27345324903,1.7490976548231705,0.0625,0.0390625,2387.489288472577,63.88913355875806,93.36064499762688,64299.35384699516,2.204615157097578e-09,0.0,0.0065722359778316326,9.830081559266357e-06,9386.161001932709,0.009946627271618604,0.0,0.046875,0.8170731233466135,0.0,0.046875,1149.5775155030424,64299.35384699516,0.07506407597764082,0.07465653051822359,15314.616219954063,861268.9794270543,0.96875,0.03125,0.15625,0.0
rk4,3.000e-07,4100.0,0.001229960156036052,2.9999028196003285e-07,0.0005,3992.2869936995626,1581732.7761102095,2424.092106428751,95135.43521125312,86.09628644584618,209.62828732886055,172.19257289169235,13327.316438553491,1.7783255751337996,0.0625,0.0390625,2424.092106428749,63.93083089532653,98.12192280275303,73579.42341076909,2.473825588822365e-09,0.0,0.006611980607129894,9.830081559266357e-06,9525.097082782273,0.010301409208743907,0.0,0.046875,0.9673005414956402,0.0,0.046875,1321.51505517865,73579.42341076909,0.08239904035300881,0.08164625070341831,16037.990849372734,901197.8232539771,0.96875,0.03125,0.140625,0.0
rk4,3.000e-07,4200.0,0.0012599591842320514,2.9999028196003285e-07,0.0005,3991.7730828530425,1612945.0873421284,2462.60220550424,97404.62529225869,86.59171436482559,210.8783702227891,173.18342872965118,13586.219117479868,1.8128721590262282,0.0625,0.0390625,2462.6022055042363,64.11460246608765,102.86760814222907,84375.92857578071,2.648448571562767e-09,0.0,0.006650028238772904,9.830081559266357e-06,9671.4202134076,0.01063624637047851,0.0,0.046875,1.0,0.0,0.046875,1517.1393093428487,84375.92857578071,0.09035791856502219,0.08958062371282223,16790.330426337838,941899.3201730014,0.96875,0.03125,0.140625,0.0
rk4,3.000e-07,4300.0,0.001289958212428051,2.9999028196003285e-07,0.0005,3991.245735803807,1644621.1303060206,2503.099899949259,99766.85080405134,87.06697953149974,212.57985330609964,174.13395906299948,13849.648258523852,1.8480227297291845,0.0625,0.0390625,2503.099899949254,64.18005782673252,107.58316980667587,96702.75524983741,2.7721398510038853e-09,0.0,0.006686527421200132,9.830081559266357e-06,9840.273914211084,0.010932944625790027,0.0,0.046875,1.0,0.0,0.046875,1739.990968317099,96702.75524983741,0.09883436643718184,0.09755389501725766,17605.120880933864,991275.184171071,0.96875,0.96875,0.140625,0.0
rk4,3.000e-07,4400.0,0.0013199572406240505,2.9999028196003285e-07,0.0005,3990.704030269327,1676786.979747176,2545.5984617224626,102223.43334021965,87.52383877890604,214.64136959228412,175.04767755781208,14117.189215295297,1.8837219590538592,0.0625,0.0390625,2545.5984617224553,64.11021969206281,112.32198758045706,110440.67594722519,3.128661774098873e-09,0.0,0.006721613074818171,9.830081559266357e-06,10027.03326464233,0.01120191632120447,0.0,0.046875,1.0,0.0,0.046875,1994.7689712466818,110440.67594722519,0.10821952545641177,0.10470034942624351,18432.616136818368,1054826.240336719,0.96875,0.96875,0.140625,0.0
rk4,3.000e-07,4500.0,0.00134995626882005,2.9999028196003285e-07,0.0005,3990.1471057608087,1709472.7667691926,2590.0359068717203,105157.95106315384,87.96388623689855,216.65340502683608,175.9277724737971,14388.33207673094,1.9199018072047669,0.0625,0.0390625,2590.03590687171,63.88930589863004,117.20933667274949,125381.47829140862,3.6961864680051804e-09,0.0,0.006755407624833907,9.830081559266357e-06,10223.371294778543,0.011464842006923163,0.0,0.046875,1.0,0.0,0.046875,2287.468928269358,125381.47829140862,0.1187190805321187,0.1118068135112452,19267.913110651978,1121411.7847907196,0.96875,0.96875,0.140625,0.0
rk4,3.000e-07,4600.0,0.0013799552970160495,2.9999028196003285e-07,0.0005,3989.574161020059,1742712.8525967882,2636.2803953814673,108396.315613922,88.3885671707059,218.60190158537804,176.7771343414118,14662.461608730766,1.956480180645689,0.0625,0.0390625,2636.280395381456,63.55780253822283,122.42350515170983,141330.67092912504,4.154571797698736e-09,0.0,0.0067880220640213415,9.830081559266357e-06,10429.91628259922,0.011737726539181856,0.0,0.953125,1.0,0.0,0.046875,2625.279213919639,141330.67092912504,0.1305752559816653,0.11879380030940158,20105.48778313915,1189714.198561083,0.03125,0.96875,0.140625,0.0
rk4,3.000e-07,4700.0,0.001409954325212049,2.9999028196003285e-07,0.0005,3988.9844499483324,1776546.053809461,2684.1505064157113,111911.58380165584,88.79919085017151,220.47034222657695,177.59838170034303,14938.846814359487,1.9933595390689904,0.0625,0.0390625,2684.150506415696,63.56644222368269,128.1551732723765,158253.1886053295,4.685716703534126e-09,0.0,0.006819556941047225,9.830081559266357e-06,10647.335914809482,0.01203636048470343,0.0,0.046875,0.9275027875234381,0.0,0.046875,3016.2184181417542,158253.1886053295,0.14404663184443875,0.12577712384606693,20939.180455111782,1258203.2707236062,0.03125,0.96875,0.140625,0.0
rk4,3.000e-07,4800.0,0.0014399533534080486,2.9999028196003285e-07,0.0005,3988.3772763305346,1811015.9357351935,2746.5573224404147,116123.03714613085,89.19694243055845,222.23950077759818,178.3938848611169,15274.100300315733,2.038093964861124,0.0625,0.03125,2746.557322440405,63.81034577719263,134.5539232835181,176423.9344528215,5.180481821298599e-09,0.0,0.006850103272887308,9.830081559266357e-06,10876.34502999848,0.012371244467916341,0.0,0.046875,0.6569049172121558,0.0,0.046875,3468.6056633894914,176423.9344528215,0.15880755054498627,0.1331227278170744,21841.5664210306,1325272.8316628835,0.03125,0.96875,0.125,0.0
rk4,3.000e-07,4900.0,0.0014699523816040481,2.9999028196003285e-07,0.0005,3987.7519878335033,1846171.1915033353,2814.0770403107495,120564.3358955368,89.58289386862785,223.88716120772054,179.1657877372557,15645.192819848846,2.0876105589383482,0.0625,0.03125,2814.077040310739,63.91101146369088,141.67722263881114,196528.97088467656,5.675246939063072e-09,0.0,0.0068797433831540135,9.830081559266357e-06,11117.713487854613,0.012743377745215723,0.0,0.046875,0.510420830110161,0.0,0.046875,3990.5706411388674,196528.97088467656,0.1734975956180256,0.14101829614597902,23000.72590011308,1393641.6497419178,0.03125,0.96875,0.125,0.0
rk4,3.000e-07,5000.0,0.0014999514098000476,2.9999028196003285e-07,0.0005,3987.1079699675583,1882066.1241536846,2885.4847243777954,125230.69711541878,89.95801393889553,225.38781116194662,179.91602787779107,16024.320957059645,2.1381993827096832,0.0625,0.03125,2885.484724377785,63.8493532191842,149.45984359566864,219662.5895169708,6.1918399296700954e-09,0.0,0.006908551671320022,9.830081559266357e-06,11372.272320266959,0.013142478423534634,0.0,0.046875,0.41926657077239643,0.0,0.953125,4589.888961168181,219662.5895169708,0.18963159843986807,0.1465398897227643,24204.241270600418,1498995.1878123137,0.03125,0.03125,0.125,0.0
rk4,3.000e-07,5100.0,0.0015299504379960472,2.9999028196003285e-07,0.0005,3986.4446408375125,1918761.2481545818,2961.0802027275804,130111.25970104107,90.32317744175161,226.89048608169708,180.64635488350322,16410.57234051781,2.189738694228351,0.0625,0.03125,2961.08020272757,63.7081167229465,157.7185899416636,247186.0139011196,6.6356733441352844e-09,0.0,0.006936595319878949,9.830081559266357e-06,11640.91554273969,0.01354864137297439,0.0,0.046875,0.3564126966929002,0.0,0.953125,5274.422675628521,247186.0139011196,0.2073063832567544,0.15347621745039916,25442.64480797974,1610581.873905029,0.03125,0.03125,0.125,0.0
rk4,3.000e-07,5200.0,0.0015599494661920467,2.9999028196003285e-07,0.0005,3985.7614474318734,1956324.0252881583,3041.1194193765696,135187.38830092593,90.67917369221189,229.82021764990327,181.35834738442378,16802.81102798143,2.242076919458424,0.0625,0.03125,3041.119419376559,63.51770246595822,166.1981237445143,280454.0368732363,7.07223080098629e-09,0.0,0.006963934946260336,9.830081559266357e-06,11924.594681145594,0.013937423299367662,0.0,0.046875,0.3092136120461398,0.0,0.953125,6053.321436791448,280454.0368732363,0.226214850496244,0.16233457278688174,26759.169097485734,1727629.746754105,0.96875,0.03125,0.125,0.0
rk4,3.000e-07,5300.0,0.0015899484943880462,2.9999028196003285e-07,0.0005,3985.057863793989,1994829.7496669828,3125.7624747183527,140430.50812153355,91.02671433514888,232.67789167123485,182.05342867029776,17199.649690252667,2.295028940637822,0.0625,0.03125,3125.762474718345,63.2558525681309,174.65044084933834,320467.1663943622,7.34871719032526e-09,0.0,0.006990625203019949,9.830081559266357e-06,12224.303568967287,0.014287148536846494,0.0,0.046875,0.2713046785451579,0.0,0.953125,6938.895498858896,320467.1663943622,0.23843231543530283,0.17335770654445704,29102.160444110283,1848589.0981268804,0.96875,0.03125,0.125,0.0
rk4,3.000e-07,5400.0,0.0016199475225840458,2.9999028196003285e-07,0.0005,3984.33339069331,2034362.6000939903,3215.0206950507404,145799.30787976997,91.36644045397307,235.4295972899999,182.73288090794614,17680.870035440224,2.359240400691864,0.0625,0.03125,3215.0206950507363,63.357058143033605,186.87882456757325,367552.95392755466,7.4214767664670944e-09,0.0,0.0070167153237688145,9.830081559266357e-06,12541.052547944624,0.01490136683927707,0.0,0.0,0.23953698485634362,0.0,0.953125,7948.753711783022,367552.95392755466,0.25156380189545946,0.18257605597648835,31597.366759014985,2013149.8183687741,0.96875,0.03125,0.109375,0.0
rk4,3.000e-07,5500.0,0.0016499465507800453,2.9999028196003285e-07,0.0005,3983.5875555854286,2075016.8876491336,3308.7119398952163,151350.96148179908,91.69892885050982,238.0344627655462,183.39785770101963,18245.741746383042,2.434613850018338,0.0625,0.03125,3308.7119398952163,63.56764883943715,204.27369739318874,421202.9721654281,7.674020678603833e-09,0.0,0.007042249605452142,9.830081559266357e-06,12875.83380642624,0.01586489080740054,0.0,0.0,0.21250038342120808,0.0,0.953125,9107.501670980739,421202.9721654281,0.2660315828562003,0.1901859044585252,34234.66331778988,2214690.796169292,0.96875,0.03125,0.109375,0.0
rk4,3.000e-07,5600.0,0.0016799455789760448,2.9999028196003285e-07,0.0005,3982.8199111698877,2116898.5437492435,3406.433030547863,159350.93291981996,92.02469732084386,240.44350452633188,184.0493946416877,18828.01421170473,2.5123091626157295,0.0625,0.03125,3406.433030547863,63.64378188608034,222.99119917726875,480176.6301279282,9.004660514455108e-09,0.0,0.007067267813521056,9.830081559266357e-06,13229.582652581204,0.016855497639886717,0.0,0.0,0.18964167404915366,0.0,0.953125,10447.140479424415,480176.6301279282,0.28229403167325157,0.19636331291396245,37008.01046873256,2445347.9776964244,0.96875,0.03125,0.109375,0.0
rk4,3.000e-07,5700.0,0.0017099446071720443,2.9999028196003285e-07,0.0005,3982.0300313035264,2160126.918121414,3507.5550488656163,168025.15808843428,92.3442087896625,242.59837203520968,184.688417579325,19426.020560723533,2.5921039202066996,0.0625,0.03125,3507.5550488656163,63.62922324856968,243.10796688778828,542923.6520720688,1.0446388117602371e-08,0.0,0.007091805499439871,9.830081559266357e-06,13603.141845311226,0.017871457171608006,0.0,0.0,0.17070105460737423,0.0,0.953125,12005.411420178745,542923.6520720688,0.30072932576231204,0.20084648133173963,39920.98672035558,2703177.314693991,0.96875,0.96875,0.109375,0.0
rk4,3.000e-07,5800.0,0.0017399436353680439,2.9999028196003285e-07,0.0005,3981.217504811186,2204836.9833914354,3611.2411399075327,177362.68800837197,92.65787432973343,244.4300259396237,185.31574865946686,20037.480067933633,2.673693795020871,0.0625,0.03125,3611.2411399075327,63.51790286338283,264.7074086892462,608280.551212884,1.2011064496003644e-08,0.0,0.0071158942325744694,9.830081559266357e-06,13997.235907854552,0.01891140582553914,0.0,0.0,0.20675368442851547,0.0,0.0390625,13821.76219137371,608280.551212884,0.32149977961419496,0.20389081290467634,42991.513735903805,2983364.196489173,0.96875,0.96875,0.109375,0.0
rk4,3.000e-07,5900.0,0.0017699426635640434,2.9999028196003285e-07,0.0005,3980.381930665233,2251182.0672382144,3716.4780690473126,187311.60128725672,92.96605536665835,246.10578122740822,185.9321107333167,20659.398511842686,2.7566792542129037,0.0625,0.03125,3716.4780690473126,63.46485288580107,287.900845191577,676284.6798508451,1.3771436251734211e-08,0.0,0.007139561769511901,9.830081559266357e-06,14412.457590231154,0.019975832947929564,0.0,0.0,0.2609815723058117,0.0,0.0390625,15931.346478496998,676284.6798508451,0.34442911860165537,0.20624759598631962,46254.354286816764,3278994.2428987296,0.96875,0.96875,0.109375,0.0
rk4,3.000e-07,6000.0,0.001799941691760043,2.9999028196003285e-07,0.0005,3979.5229209357653,2299337.2482011626,3850.2435663050505,197771.20274123692,93.26906565756649,250.60500420830527,186.53813131513297,21397.016726337835,2.8551030698076674,0.0625,0.0234375,3850.2435663050505,63.26468173627225,312.8599127946618,748857.0337034971,1.5830177716499307e-08,0.0,0.00716283220601912,9.830081559266357e-06,14849.257734364981,0.021069060716120774,0.0,0.0,0.3453381547012706,0.0,0.0390625,18358.388075566763,748857.0337034971,0.3689375366181345,0.20903111103561042,49760.15247418006,3582514.7270825263,0.96875,0.96875,0.09375,0.0
rk4,3.000e-07,6100.0,0.0018299407199560424,2.9999028196003285e-07,0.0005,3978.64011877861,2349503.55528429,4014.3512704801715,208585.51384948354,93.56717377083768,254.95030262904612,187.13434754167537,22347.649158754248,2.9819503593510714,0.0625,0.0234375,4014.3512704801715,63.20796328571017,339.85838506244727,830070.999198189,1.8292337936988525e-08,0.0,0.007185726167479548,9.830081559266357e-06,15307.912597175819,0.022201484552841533,0.0,0.0,0.49551707192330946,0.0,0.0390625,21111.119067758947,830070.999198189,0.39408242135934607,0.21351506571844928,53570.31403465892,3887646.0375529593,0.03125,0.96875,0.09375,0.0
rk4,3.000e-07,6200.0,0.001859939748152042,2.9999028196003285e-07,0.0005,3977.7332353092647,2401913.1109629567,4186.725058959539,219536.77904552477,93.86060660342669,259.03932689610895,187.72121320685338,23342.421474017,3.1146874379537324,0.0625,0.0234375,4186.725058959539,63.294533525583105,369.3173140303952,925778.8219198389,2.1270321607529485e-08,0.0,0.007208261079014833,9.830081559266357e-06,15788.421604348063,0.02339165518158489,0.0,0.0,0.8513407239364917,0.0,0.0390625,24181.02547653136,925778.8219198389,0.41873473807539396,0.22087990207921768,57747.837181298106,4191322.1311906055,0.03125,0.96875,0.09375,0.0
rk4,3.000e-07,6300.0,0.0018899387763480415,2.9999028196003285e-07,0.0005,3976.8021007589655,2456835.366693829,4366.495569473703,230501.14990075867,94.14955386650972,262.74005021657547,188.29910773301944,24377.66887891489,3.2528252952792416,0.0625,0.0234375,4366.495569473703,63.45601837103273,401.8421888492612,1042518.601392433,2.4819684242897393e-08,0.0,0.007230451509971341,9.830081559266357e-06,16290.269038752484,0.02466762138141056,0.0,0.0,1.0,0.0,0.0390625,27548.935874988732,1042518.601392433,0.4418776750461361,0.23192165166225856,62345.163448486885,4495132.705033619,0.03125,0.96875,0.09375,0.0
rk4,3.000e-07,6400.0,0.001919937804544041,2.9999028196003285e-07,0.0005,3975.846714534338,2514584.611392066,4551.950952889304,249272.06776859253,94.43417257275087,265.88471564473275,188.86834514550173,25447.4211257174,3.395567293513976,0.0625,0.0234375,4551.950952889304,63.518346966291354,438.23615042727397,1193037.0258856434,2.9018852757652667e-08,0.0,0.007252309518531055,9.830081559266357e-06,16844.766235558625,0.026016161002114416,0.0,0.0,1.0,0.0,0.0390625,31199.238199910455,1193037.0258856434,0.46295847381188027,0.2482523204568094,67391.00797318602,4805743.703383455,0.03125,0.9765625,0.09375,0.0
rk4,3.000e-07,6500.0,0.0019499368327400405,2.9999028196003285e-07,0.0005,3974.867272801977,2575528.9730900554,4740.195935132824,269718.1798300288,94.71458975696025,268.2635416681611,189.4291795139205,26543.046964941284,3.5417617250525684,0.0625,0.0234375,4740.195935132824,63.549891685942995,479.4718253835108,1375150.7632349925,3.3887359179042624e-08,0.0,0.007273844860651352,9.830081559266357e-06,17526.7399424877,0.027356589243456065,0.0,0.0,1.0,0.0,0.234375,35141.09277859368,1375150.7632349925,0.4821862908961696,0.26176828312739564,72878.66420524324,5253313.147054348,0.03125,0.0234375,0.09375,0.0
rk4,3.000e-07,6600.0,0.0019799358609360594,2.9999028196003285e-07,0.0005,3973.8641602194466,2640101.120958445,4926.765374765451,291731.9551515001,94.99090150999704,269.61866010203323,189.9818030199941,27819.230899419377,3.7120488597297423,0.0625,0.0234375,4926.765374765451,63.54020918632722,526.6092276863028,1569855.880612241,3.960069848357037e-08,0.0,0.0072950649158711614,9.830081559266357e-06,18267.441987604405,0.028827748736995572,0.0,0.0,0.6387080718522482,0.0,0.765625,39432.25677799698,1569855.880612241,0.5006754005162216,0.25998227875453334,78758.12699673348,6038318.796699397,0.03125,0.9765625,0.078125,0.0
rk4,3.000e-07,6700.0,0.0020099348891320806,2.9999028196003285e-07,0.0005,3972.8379190896144,2708810.705201787,5105.206207391538,314990.112616531,95.26316733810063,273.76827220283315,190.52633467620126,29663.550187121626,3.958144926642778,0.0625,0.0234375,5105.206207391538,63.53691462047458,580.660512443892,1781511.1763778068,4.65505287648561e-08,0.0,0.007315974254121626,9.830081559266357e-06,19071.546862959964,0.03044642978444653,0.0,0.0,0.3026801293663185,0.0,0.9609375,44506.96165685207,1781511.1763778068,0.5240229303977807,0.2608332389930894,84933.23302296575,6830077.267970462,0.0234375,0.03125,0.078125,0.0
rk4,3.000e-07,6800.0,0.002039933917328102,2.9999028196003285e-07,0.0005,3971.789245914804,2782258.1659897263,5381.9387116605985,338833.494729444,95.53140080656988,280.9078005463855,191.06280161313975,31630.66242962892,4.220625826390155,0.046875,0.0234375,5381.9387116605985,63.401705976256764,642.4229003876026,2016684.5612878716,5.55144803571285e-08,0.0,0.00733657391718395,9.830081559266357e-06,19942.737277396358,0.03221337630094251,0.0,0.0,0.23523759552816165,0.0,0.9609375,51134.52830091969,2016684.5612878716,0.5542227550082469,0.265976235241113,92263.49484722762,7582198.309783973,0.0234375,0.96875,0.078125,0.0
rk4,3.000e-07,6900.0,0.002069932945524123,2.9999028196003285e-07,0.0005,3970.7190876981076,2861148.9911469202,5688.527756691669,362106.4012887478,95.79555956948374,287.4058739857436,191.59111913896749,33703.78033636866,4.497251553018678,0.046875,0.0234375,5688.527756691669,63.4493202569997,712.3225011458435,2255273.613201415,6.749525818087594e-08,0.0,0.007356860652996749,9.830081559266357e-06,20882.757917800453,0.034110556850283656,0.0,0.0,0.31574311314912706,0.0,0.03125,59180.7489759044,2255273.613201415,0.5814953219080563,0.27043154159249744,101773.38792978598,8339536.135173898,0.0234375,0.96875,0.078125,0.0
rk4,3.000e-07,7000.0,0.002099931973720144,2.9999028196003285e-07,0.0005,3969.62889323065,2946307.2770464215,6004.814536204781,387340.659970485,96.05553885709944,292.79113980402803,192.11107771419887,35855.69827244383,4.784391932625884,0.046875,0.0234375,6004.814536204771,63.314054618283365,790.3226864012031,2492040.5734199183,8.395183482127591e-08,0.0,0.007376826415504423,9.830081559266357e-06,21890.039364797463,0.036104214945915675,0.0,0.0,0.4943882378777916,0.0,0.03125,68916.29269138491,2492040.5734199183,0.6142217977808556,0.26442199599249944,112200.98821040722,9424482.876570553,0.0234375,0.96875,0.078125,0.0
rk4,3.000e-07,7100.0,0.0021299310019161654,2.9999028196003285e-07,0.0005,3968.521028765239,3038688.5731411194,6339.189651038238,430909.53108730906,96.31117112366735,296.4098537589529,192.6223422473347,38049.65639346913,5.077141928874586,0.046875,0.015625,6339.189651038238,63.377446692591015,875.9368992494565,2730082.2974011423,1.0726441085574212e-07,0.0,0.007396458337610225,9.830081559266357e-06,22957.665324507245,0.038154441528267954,0.0,0.0,0.994292607811702,0.0,0.03125,80526.56590408401,2730082.2974011423,0.6477872889220485,0.25780381480466047,124310.19762379774,10589766.8716413,0.0234375,0.96875,0.078125,0.0
rk4,3.000e-07,7200.0,0.0021599300301121866,2.9999028196003285e-07,0.0005,3967.399378296418,3139395.9742549337,6927.73365260497,477658.1871166525,96.58906111903804,297.3830764282179,193.17812223807607,41196.751169699055,5.4970733647148755,0.046875,0.015625,6927.733652604908,63.55085935033681,968.3347283200292,3005677.587662354,1.3908599247185752e-07,0.0,0.007417799597914897,9.830081559266357e-06,24070.280632102484,0.0402294739774892,0.0,0.0,1.0,0.0,0.03125,94058.6331934034,3005677.587662354,0.6845155197395676,0.2516380915513824,137409.0586422192,11944445.96655439,0.0234375,0.0234375,0.0625,0.0
rk4,3.000e-07,7300.0,0.002189929058308208,2.9999028196003285e-07,0.0005,3966.2703535082906,3249711.68128538,7565.579846421677,525814.1508749704,96.87127744027634,294.5769302251781,193.7425548805527,45552.88453735356,6.078332421038034,0.046875,0.015625,7565.5798464214595,63.6342736946928,1066.4385412696774,3463825.798798062,1.80664910024875e-07,0.0,0.00743947310928309,9.830081559266357e-06,25199.289298210282,0.04232018326585975,0.0,0.0,1.0,0.0,0.03125,109389.19469068351,3463825.798798062,0.7054299641488574,0.25794942568100543,155067.40605024906,13428313.669058606,0.0234375,0.0234375,0.0625,0.0
rk4,3.000e-07,7306.0,0.002191729,2.9999028199100344e-07,0.0005,3966.2025839451076,3256667.9942432754,7605.060609846161,528682.4545843285,96.88807684225047,294.2593488677478,193.77615368450094,45825.207136200246,6.114669687017181,0.046875,0.015625,7605.060609845935,63.63181615797961,1072.4777379505413,3496121.876001183,1.834551158200999e-07,0.0,0.007440763262329018,9.8300815602812e-06,25266.612022903035,0.04244644026584921,0.0,0.0,1.0,0.0,0.03125,110360.6044979257,3496121.876001183,0.7063754710490605,0.2588804747226208,156235.0464038986,13504772.346184568,0.0234375,0.0234375,0.0625,0.0
