level_index,requested_dt,effective_dt,step,time,dt,viscosity,energy,enstrophy,max_abs_u1,max_abs_omega1,max_abs_psi1,max_abs_u_r,max_abs_u_z,max_cartesian_vorticity,amplification,argmax_u1_r,argmax_u1_z,argmax_u1_value,circulation_max,divergence_residual_max,axis_parity_defect,odd_symmetry_defect,wall_u1_max_abs,advective_cfl,viscous_cfl,divergence_relative_denominator,divergence_residual_relative,divergence_residual_argmax_r,divergence_residual_argmax_z,divergence_pointwise_ratio_max,divergence_pointwise_ratio_argmax_r,divergence_pointwise_ratio_argmax_z,axis_parity_defect_u1,axis_parity_defect_omega1,axis_parity_relative_u1,axis_parity_relative_omega1,axis_parity_relative_denominator_u1,axis_parity_relative_denominator_omega1,axis_parity_argmax_z_u1,axis_parity_argmax_z_omega1,argmax_cartesian_vorticity_r,argmax_cartesian_vorticity_z
0,6e-07,5.999805639200657e-07,0.0,0.0,0.0,0.0005,4008.11113236055,773886.7345045686,3265.5332310870513,0.0,0.0,0.0,0.0,7494.3062310458845,1.0,0.0,0.0859375,3265.533231087051,64.88057619110188,0.0,11.361380314832786,6.366462912410498e-12,0.0,0.0,0.0,0.0,0.0,0.0,0.0,0.0,0.0,0.0,11.361380314832786,0.0,0.0009388669913412475,0.0,12101.160675168838,0.0,0.9140625,0.0,0.171875,0.0
0,6e-07,5.999805639200657e-07,25.0,1.4999514098001637e-05,5.999805639200657e-07,0.0005,4008.094835560796,774072.5220946182,3263.048156881806,3176.9392204148876,2.339825027705078,5.537892626526097,4.679650055410156,7495.70835079562,1.000187091333942,0.0,0.0859375,3263.0481568818054,64.88086228538265,2.4645809106230843,45.11513241221837,2.1373125491663814e-11,0.0,0.00035938548213677467,1.9660163118532714e-05,306.14414620994296,0.008050393715295673,0.0,0.0,0.022727035177099487,0.0,0.1953125,11.254098358214833,45.11513241221837,0.000930642575874009,0.0027535569600240398,12092.825591657027,16384.31057254196,0.9140625,0.96875,0.171875,0.0
0,6e-07,5.999805639200657e-07,50.0,2.9999028196003263e-05,5.999805639200657e-07,0.0005,4008.069235421558,774637.891942898,3255.6243120761483,6344.9317663152715,4.675358171133203,11.067273558564429,9.350716342266406,7500.009821598736,1.0007610565110383,0.0,0.0859375,3255.624312076148,64.88193043097938,4.916935420788036,89.71128552273149,4.274625098332763e-11,0.0,0.0007181117522034652,1.9660163118532714e-05,611.4944508788932,0.008040850434081597,0.0,0.0,0.022779774599876353,0.0,0.8046875,10.936475103255361,89.71128552273149,0.0009062466203733564,0.002742130174331819,12067.879600753426,32715.910558327756,0.0859375,0.03125,0.171875,0.0
0,6e-07,5.999805639200657e-07,75.0,4.499854229400489e-05,5.999805639200657e-07,0.0005,4008.0343538744187,775581.5967892843,3243.3126310461275,9495.178025660449,7.002354493581773,16.579793988214362,14.004708987163546,7507.204104339448,1.0017210229867755,0.0,0.0859375,3243.312631046127,64.88375418744081,7.3450545674267005,133.28309744922444,6.548361852765083e-11,0.0,0.001075526809043814,1.9660163118532714e-05,915.2711535325076,0.008025003889916461,0.0,0.0,0.022873287017767453,0.0,0.1953125,10.41766394773731,133.28309744922444,0.0008662383831202738,0.0027232402680134548,12026.324566930278,48942.83439281382,0.0859375,0.96875,0.171875,0.0
0,6e-07,5.999805639200657e-07,100.0,5.999805639200652e-05,5.999805639200657e-07,0.0005,4007.990230996263,776901.5905372624,3226.1970287254885,12619.013723951099,9.316632756961969,22.067203505933144,18.633265513923938,7517.280474493829,1.0030655597382412,0.0,0.0859375,3226.197028725488,64.88628936222263,9.737245891533576,175.34270602924516,8.549250196665525e-11,0.0,0.0014309884352916987,1.9660163118532714e-05,1216.7093828263953,0.008002934824842165,0.0,0.0,0.02301826946447006,0.0,0.1953125,9.736577030213084,175.34270602924516,0.0008135397233169493,0.0026970086127191305,11968.164247119108,65013.773112301715,0.09375,0.96875,0.171875,0.0
0,6e-07,5.999805639200657e-07,125.0,7.49975704900083e-05,5.999805639200657e-07,0.0005,4007.936925073192,778595.0515523264,3204.3930781204667,15707.97395078858,11.614105938552026,27.52139767658013,23.22821187710405,7530.224051631834,1.004792681200717,0.0,0.0859375,3204.3930781204663,64.88947380144418,12.082280613007697,215.42615694890264,1.0550138540565968e-10,0.0,0.001783868884592596,1.9660163118532714e-05,1515.0662281232399,0.007974754099016778,0.0,0.0,0.02323286968988021,0.0,0.8046875,8.949237993001589,215.42615694890264,0.0007524537790777393,0.0026635808043581734,11893.405604222506,80878.40120953738,0.890625,0.96875,0.171875,0.0
0,6e-07,5.999805639200657e-07,150.0,8.99970845880101e-05,5.999805639200657e-07,0.0005,4007.874512669595,780658.4145349342,3178.046212400746,18753.85325364839,13.890810254186091,32.934464000486535,27.781620508372182,7546.015840623284,1.0068998527659823,0.0,0.0859375,3178.0462124007454,64.89322709655929,14.369528511361864,253.09729702258483,1.2732925824820995e-10,0.0,0.0021335593394209798,1.9660163118532714e-05,1809.62740528638,0.00794060062827565,0.0,0.0,0.02354756179170622,0.0,0.8046875,8.22002719201555,253.09729702258483,0.000696490845164142,0.002623104189752562,11802.060643134995,96487.70262780128,0.875,0.96875,0.171875,0.0
0,6e-07,5.999805639200657e-07,175.0,0.0001049965986860119,5.999805639200657e-07,0.0005,4007.8030886868983,783087.4102934101,3147.329501544559,21748.76086441129,16.142932255837064,38.29872577184089,32.28586451167413,7564.632784691528,1.0093839978615111,0.0,0.0859375,3147.3295015445588,64.89745020685582,16.589077270634334,287.9487248627702,1.4915713109076023e-10,0.0,0.002479474073134218,1.9660163118532714e-05,2099.7134020385092,0.007900638846486768,0.0,0.0,0.024015328265590066,0.0,0.1953125,7.6349909097043565,287.9487248627702,0.0006528898394182328,0.002575701422251854,11694.148765598235,111794.29508992768,0.1484375,0.96875,0.171875,0.0
0,6e-07,5.999805639200657e-07,200.0,0.00011999611278401369,5.999805639200657e-07,0.0005,4007.722766393826,785877.112587589,3112.441064033569,24685.17040841432,18.366833623782387,43.60678338595447,36.733667247564775,7586.047830481604,1.0122415066328183,0.0,0.0859375,3112.4410640335686,64.90202499776376,18.73183370523475,319.5996678225929,1.7462298274040222e-10,0.0,0.002821054257925883,1.9660163118532714e-05,2384.6850043236454,0.007855055771002154,0.0,0.0,0.02473488978547286,0.0,0.1953125,7.174633600589004,319.5996678225929,0.0006199377589785036,0.0025214416563157857,11573.151492515855,126752.75155467098,0.8359375,0.96875,0.171875,0.0
0,6e-07,5.999805639200657e-07,225.0,0.00013499562688201549,5.999805639200657e-07,0.0005,4007.633677408315,789021.9910850527,3073.6011821224592,27555.96375576994,20.559073334553425,48.85155269365771,41.11814666910685,7610.230005319779,1.0154682462525575,0.0,0.0859375,3073.601182122459,64.90681369508172,20.789605024969887,352.1316569854971,2.0372681319713593e-10,0.0,0.0031577713697124735,1.9660163118532714e-05,2663.948123686241,0.007804057759278829,0.0,0.0,0.025911298144297712,0.0,0.1953125,6.808624683035305,352.1316569854971,0.000593676518054379,0.0024917341032654654,11468.576701246006,141319.91713081335,0.828125,0.0390625,0.171875,0.0
0,6e-07,5.999805639200657e-07,250.0,0.00014999514098001728,5.999805639200657e-07,0.0005,4007.535971610825,792515.9693718044,3031.049194516216,30354.46898551845,22.716426953203325,54.02630005377594,45.43285390640665,7637.144506836154,1.019059572879281,0.0,0.0859375,3031.0491945162157,64.91165825545339,22.755159078110182,383.0318040800048,2.2919266484677792e-10,0.0,0.003489130151329769,1.9660163118532714e-05,2936.9578658847486,0.007747867050607234,0.0,0.0,0.028049087610647873,0.0,0.8046875,6.50006112504343,383.0318040800048,0.0005726235079554745,0.00246393659757174,11351.369677873678,155455.21928506216,0.8203125,0.0390625,0.171875,0.0
0,6e-07,5.999805639200657e-07,275.0,0.00016499465507801908,5.999805639200657e-07,0.0005,4007.4298169693693,796352.4868902293,2985.0402427926606,33074.49271959913,24.835902869479884,59.12467379181212,49.67180573895977,7666.75280510063,1.0230103452859145,0.0,0.0859375,2985.04024279266,64.91637965375243,24.62226328733641,411.76612178003415,2.473825588822365e-10,0.0,0.0038146711063281966,1.9660163118532714e-05,3203.2218018992717,0.0076867181887739534,0.0,0.0,0.032809463680704205,0.0,0.1953125,6.243480466961046,411.76612178003415,0.0005563884886459601,0.002434743160417959,11221.44076372846,169120.96868129144,0.1953125,0.0390625,0.171875,0.0
0,6e-07,5.999805639200657e-07,300.0,0.00017999416917602087,5.999805639200657e-07,0.0005,4007.315399258416,800524.563640019,2935.841947672658,35710.34732209383,26.914755369641306,64.14073183304599,53.82951073928261,7699.012757384421,1.027314940172917,0.0,0.0859375,2935.8419476726576,64.9207770884915,26.385702724003295,438.2072772511747,2.6557245291769505e-10,0.0,0.00413397250673869,1.9660163118532714e-05,3462.3024233093033,0.007620854419407874,0.0,0.0,0.058368936805583874,0.046875,0.1953125,6.022629280669207,438.2072772511747,0.0005436222648018036,0.0024039988623372156,11078.702383289921,182282.64751554036,0.203125,0.0390625,0.171875,0.0
0,6e-07,5.999805639200657e-07,325.0,0.00019499368327402267,5.999805639200657e-07,0.0005,4007.1929216564795,805024.8664720233,2883.7310884618696,38256.87362969165,28.950494506411847,69.06896533966953,57.90098901282369,7733.878735604472,1.031967269173781,0.0,0.0859375,2883.731088461869,64.92462710698435,28.041278416870227,462.18873334978707,2.9103830456733704e-10,0.0,0.004446651909048766,1.9660163118532714e-05,3713.818783916028,0.00755052415005079,0.0,0.0,0.07380648235052903,0.0,0.8046875,5.8310523047694005,462.18873334978707,0.0005338289389594313,0.0023713030299478133,10923.07269091782,194909.18179274572,0.203125,0.0390625,0.171875,0.0
0,6e-07,5.999805639200657e-07,350.0,0.00020999319737202447,5.999805639200657e-07,0.0005,4007.0626042106705,809845.7758292226,2828.990353972335,40709.45996700995,30.940892796682697,73.90431824281922,61.88178559336539,7771.301766437315,1.0369607975510728,0.0,0.0859375,2828.990353972334,64.92768265278046,29.585787535667578,483.4850811678916,3.055902197957039e-10,0.0,0.00475236718293606,1.9660163118532714e-05,3957.447347785066,0.007475977552102209,0.0,0.0,0.016258891066649933,0.0,0.9609375,5.664033234577801,483.4850811678916,0.0005246968659115414,0.0023359792281746235,10794.867670379223,206973.19365536293,0.7890625,0.0390625,0.171875,0.0
0,6e-07,5.999805639200657e-07,375.0,0.00022499271147002626,5.999805639200657e-07,0.0005,4006.9246831604837,814979.4518407336,2771.9798403260447,43064.05819696018,32.883988838090104,78.64220262005549,65.76797767618021,7811.229684003333,1.0422885645698015,0.0,0.09375,2771.9798403260447,64.92967203889422,31.016987510060517,515.4029650683515,3.4924596548080444e-10,0.0,0.0050508170667567225,1.9660163118532714e-05,4192.922080051219,0.007397463372293726,0.0,0.0,0.017796768764734315,0.734375,0.25,5.512370772448776,515.4029650683515,0.0005168436483437516,0.002359350258196792,10665.451321910237,218451.22964585363,0.21875,0.046875,0.171875,0.0
0,6e-07,5.999805639200657e-07,400.0,0.00023999222556802806,5.999805639200657e-07,0.0005,4006.7794101173736,820417.8987506485,2714.986249152835,45317.197460855736,34.77808799000982,83.27850992577186,69.55617598001965,7853.607294923561,1.0479432055217117,0.0,0.09375,2714.986249152835,64.93029785159098,32.333546432981166,548.4575426711235,3.7834979593753815e-10,0.0,0.005341741272142786,1.9660163118532714e-05,4420.033830475162,0.007315226008011175,0.0,0.0,0.01714561512934532,0.0,0.9609375,5.370341693218506,548.4575426711235,0.0005102015175241741,0.002391627726260199,10525.922618338845,229323.96068544895,0.21875,0.046875,0.171875,0.0
0,6e-07,5.999805639200657e-07,425.0,0.00025499173966602937,5.999805639200657e-07,0.0005,4006.6270511010316,826153.026759728,2656.252051531046,47465.99608234499,36.621760310679164,87.80961813516436,73.24352062135833,7898.376555441155,1.0539169753594229,0.0,0.09375,2656.252051531046,64.92923579100707,33.53498225487647,581.3364928511437,4.0745362639427185e-10,0.0,0.005624920167154372,1.9660163118532714e-05,4638.629070650946,0.007229502886328104,0.0,0.0,0.01757081242255645,0.0,0.9609375,5.2497362525973585,581.3364928511437,0.0005059454928057779,0.0024265187019954716,10376.090561622266,239576.3495962656,0.7734375,0.046875,0.171875,0.0
0,6e-07,5.999805639200657e-07,450.0,0.0002699912537640305,5.999805639200657e-07,0.0005,4006.4678854374806,832176.710470203,2596.197036062491,49508.17185813446,38.413835979417435,92.23239491095575,76.82767195883487,7945.476760180902,1.060201773883485,0.0,0.1015625,2596.1970360624905,64.92613345670212,34.62159331115254,613.6565386562143,4.656612873077393e-10,0.0,0.005900174073155528,1.9660163118532714e-05,4848.608053863307,0.007140522171835793,0.0,0.0,0.038372435946863306,1.0,0.25,5.809952192998026,613.6565386562143,0.0005682470765522374,0.002462528090166686,10224.341545669056,249197.78219247703,0.921875,0.046875,0.171875,0.0
0,6e-07,5.999805639200657e-07,475.0,0.0002849907678620316,5.999805639200657e-07,0.0005,4006.3022045279154,838480.8432477573,2538.6242514312376,51442.05065847053,40.15339846099756,96.54419694545005,80.30679692199512,7994.844741994493,1.0667891724086587,0.0,0.1015625,2538.624251431237,64.92060908840384,35.59438265434346,644.8731086754706,4.802132025361061e-10,0.0,0.006167362214895722,1.9660163118532714e-05,5049.922471951194,0.007048500814031402,0.0,0.0,0.020306147437633378,1.0,0.75,6.340929912490537,644.8731086754706,0.0006272212666335882,0.002497744665500873,10109.55822101421,258182.158321677,0.921875,0.046875,0.171875,0.0
0,6e-07,5.999805639200657e-07,500.0,0.0002999902819600327,5.999805639200657e-07,0.0005,4006.1303105005995,845057.3869456907,2482.6334401013905,53266.572938817466,41.85434656766955,100.74286566831117,83.7086931353391,8046.415082209983,1.0736704418184746,0.0,0.109375,2482.6334401013905,64.91225027474457,36.454978504609244,691.8434123864863,4.94765117764473e-10,0.0,0.0064286193807811184,1.9660163118532714e-05,5242.572686326983,0.0069536429317778505,0.0,0.0,0.06199697425531318,0.984375,0.25,6.728585077202297,691.8434123864863,0.0006737573336074971,0.00259310171170258,9986.659501241273,266801.4946209863,0.921875,0.0546875,0.171875,0.0
0,6e-07,5.999805639200657e-07,525.0,0.00031498979605803384,5.999805639200657e-07,0.0005,4005.9525147608406,851898.416570038,2429.0730112820306,54981.2974523637,43.512918755471276,104.82671954252282,87.02583751094255,8100.120330472808,1.08083658189964,0.0,0.1171875,2429.0730112820306,64.90061264573538,37.205552909185826,744.8565526013263,5.020410753786564e-10,0.0,0.006683367816375209,1.9660163118532714e-05,5426.60461079345,0.006856138520795202,0.0,0.0,0.019132811877470315,0.0,0.0390625,7.091202995274216,744.8565526013263,0.0007195260734194435,0.002705534029262407,9855.38016930269,275308.5137888256,0.0859375,0.0546875,0.171875,0.0
0,6e-07,5.999805639200657e-07,550.0,0.00032998931015603496,5.999805639200657e-07,0.0005,4005.7691364560997,858996.1595971069,2379.5995215939674,56661.47903687345,45.12019620869711,108.79454319727645,90.24039241739422,8155.891233235821,1.0882783518305212,0.0,0.1171875,2379.5995215939674,64.88521856810358,37.848740435762465,799.1151892875787,5.093170329928398e-10,0.0,0.006930237635962394,1.9660163118532714e-05,5602.106322313743,0.006756162460717177,0.0,0.0,0.02205455153807844,0.0,0.796875,7.34803920876584,799.1151892875787,0.0007563232477701405,0.002821202375197475,9715.47447527229,283253.4086575917,0.9140625,0.0546875,0.171875,0.0
0,6e-07,5.999805639200657e-07,575.0,0.0003449888242540361,5.999805639200657e-07,0.0005,4005.5805008747047,866343.0297829496,2333.408003000769,58386.60232288632,46.67608832407072,112.6455736671746,93.35217664814144,8213.656969829208,1.0959863016810474,0.0,0.125,2333.408003000769,64.86555586645731,38.38755843742456,853.7829832043499,5.165929906070232e-10,0.0,0.007169214923330239,1.9660163118532714e-05,5769.204472773778,0.006653873791193292,0.0,0.0,0.04898557056551641,0.0,0.796875,7.734057705456507,853.7829832043499,0.0008065560991006969,0.002937579224864866,9588.98917766528,290641.6875424442,0.9765625,0.0546875,0.171875,0.0
0,6e-07,5.999805639200657e-07,600.0,0.0003599883383520372,5.999805639200657e-07,0.0005,4005.3869377972705,873931.6554247686,2288.8906993185387,60018.63991193911,48.180687023113045,116.37948402236769,96.36137404622609,8273.34539492022,1.103950804765235,0.0,0.1328125,2288.8906993185387,64.84107659754379,38.82533013693683,907.8203107048757,5.165929906070232e-10,0.0,0.00740031379716699,1.9660163118532714e-05,5928.060570388792,0.006549415222049674,0.0,0.0,0.22180471578893476,0.0,0.796875,8.853717522339139,907.8203107048757,0.0009326241346740043,0.0030516771414084145,9493.33948497261,297482.42315237096,0.9765625,0.0546875,0.171875,0.0
0,6e-07,5.999805639200657e-07,625.0,0.0003749878524500383,5.999805639200657e-07,0.0005,4005.188779820018,881754.9021446771,2249.273931313633,61557.17910344678,49.63425384917257,119.9963646843901,99.26850769834515,8334.883286059658,1.112162090672463,0.0,0.1328125,2249.273931313633,64.81119590963299,39.165611500633986,959.9890780970454,5.020410753786564e-10,0.0,0.007623574429229633,1.9660163118532714e-05,6078.867194087432,0.006442912840525311,0.0,0.0,0.15142595820754493,0.0,0.203125,10.072038945574604,959.9890780970454,0.0010725287569484862,0.0031600609531643735,9390.926705062106,303788.15229362785,0.9765625,0.0546875,0.171875,0.0
0,6e-07,5.999805639200657e-07,650.0,0.00038998736654803943,5.999805639200657e-07,0.0005,4004.986360668699,889805.8903648063,2210.2667289268525,63002.226912468475,51.037206704892114,123.49670272790576,102.07441340978423,8398.196594908826,1.1206102787898484,0.0,0.140625,2210.266728926852,64.77529102426223,39.41212261911187,1008.8667437974364,4.94765117764473e-10,0.0,0.00783906100728477,1.9660163118532714e-05,6221.844198271042,0.006334475979013411,0.0,0.0,0.06724646889701963,0.0,0.203125,11.40305395697942,1008.8667437974364,0.0012285890839748314,0.0032573196467423427,9281.4221660568,309722.97877072264,0.9765625,0.0546875,0.171875,0.0
0,6e-07,5.999805639200657e-07,675.0,0.00040498688064604055,5.999805639200657e-07,0.0005,4004.7800135209036,898078.007728143,2175.352663553514,64354.242405058234,52.390106425537496,126.88135946974054,104.78021285107499,8463.210700649119,1.1292854121158613,0.0,0.140625,2175.3526635535136,64.73270038317558,39.568684090229,1086.7801034215372,4.874891601502895e-10,0.0,0.008046859672838719,1.9660163118532714e-05,6357.234959064137,0.006224197209167489,0.0,0.0,0.04691889000826104,0.0,0.203125,12.861250912006653,1086.7801034215372,0.0014033787581045384,0.0034455664087015042,9164.490225986883,315414.06390454713,0.9765625,0.0625,0.171875,0.0
0,6e-07,5.999805639200657e-07,700.0,0.00041998639474404167,5.999805639200657e-07,0.0005,4004.5700693532617,906564.9167909905,2140.5326789351684,65614.16419166539,53.69364336303896,130.15154664389325,107.38728672607792,8529.850663998483,1.1381774911549192,0.0,0.140625,2140.532678935168,64.7046327635006,39.639158713929646,1167.3312302983832,4.874891601502895e-10,0.0,0.008247076460513026,1.9660163118532714e-05,6485.302706772025,0.006112152432381914,0.0,0.0,0.03770882419257754,0.0,0.796875,14.461413673707284,1167.3312302983832,0.0015997509666177815,0.003640415248122843,9039.790552076884,320658.81245286786,0.9765625,0.0625,0.171875,0.0
0,6e-07,5.999805639200657e-07,725.0,0.0004349859088420428,5.999805639200657e-07,0.0005,4004.3568553285154,915260.5583703251,2109.827325570498,66783.42981441427,54.948624134180164,133.30880145511856,109.89724826836033,8598.041480195587,1.1472765076742357,0.0,0.1484375,2109.827325570498,64.7384059115006,39.6273986580959,1247.4792928290553,5.165929906070232e-10,0.0,0.00843983526263223,1.9660163118532714e-05,6606.326982923119,0.005998401041990485,0.0,0.0,0.032416465777366864,0.0,0.203125,16.21848543886881,1247.4792928290553,0.0018098558733857066,0.003832708247304975,8961.20275507287,325482.45583426254,0.9765625,0.0625,0.171875,0.0
0,6e-07,5.999805639200657e-07,750.0,0.0004499854229400439,5.999805639200657e-07,0.0005,4004.1406932357936,924159.1509727348,2079.410861697134,67863.98391658405,56.17481896486406,136.35496079458076,112.34963792972812,8667.708329266008,1.1565724780979982,0.0,0.1484375,2079.410861697134,64.76893846249311,39.537198138189524,1325.7131619427819,5.529727786779404e-10,0.0,0.008628172687525566,1.9660163118532714e-05,6720.600254132351,0.00588298613860852,0.0,0.0,0.028955327289829906,0.0,0.796875,18.147463939945737,1325.7131619427819,0.002043095913930378,0.0040154594574336,8882.335780817455,330152.29664156155,0.9765625,0.0625,0.171875,0.0
0,6e-07,5.999805639200657e-07,775.0,0.000464984937038045,5.999805639200657e-07,0.0005,4003.921897995737,933255.1867616714,2056.1011646506445,68858.27249769925,57.37185210693578,139.29213488938976,114.74370421387157,8738.776821855068,1.166055476309981,0.0,0.046875,2056.1011646506445,64.79564380800751,39.37225156630302,1400.3262316870969,5.529727786779404e-10,0.0,0.008812031022146033,1.9660163118532714e-05,6828.424709173842,0.005765934786306898,0.0,0.0,0.04096571785594666,0.0,0.2109375,20.26333343256556,1400.3262316870969,0.0023033091701273995,0.00418706164532743,8797.487413053092,334441.2741689144,0.9765625,0.0625,0.171875,0.0
0,6e-07,5.999805639200657e-07,800.0,0.00047998445113604614,5.999805639200657e-07,0.0005,4003.7007762403523,942543.4245372367,2044.4740110679352,69769.22123320824,58.52485799051213,142.12268064393425,117.04971598102426,8811.173238901185,1.175715665634272,0.0,0.046875,2044.4740110679352,64.81789429692328,39.13611706244865,1469.4478689818643,5.675246939063072e-10,0.0,0.008989126988925244,1.9660163118532714e-05,6930.109260157787,0.00564725830333555,0.0,0.0,0.06952241311694841,0.0,0.7890625,22.581037272888352,1469.4478689818643,0.002592100103500638,0.004342924967905271,8711.483496487115,338354.42238612403,0.9765625,0.0625,0.171875,0.0
0,6e-07,5.999805639200657e-07,825.0,0.0004949839652340479,5.999805639200657e-07,0.0005,4003.4776249759607,952018.8802087472,2034.7277006068964,70600.1967494449,59.634845984985,144.84917491517473,119.26969196997,8884.824763431823,1.1855433297648796,0.0,0.046875,2034.7277006068964,64.83501966236072,38.83218517617843,1531.0900332955644,5.966285243630409e-10,0.0,0.009159615621979537,1.9660163118532714e-05,7025.966763602958,0.005526952586417453,0.0,0.0,0.1616046995581459,0.0,0.7890625,25.1154929852637,1531.0900332955644,0.002912230787920882,0.004477924759513243,8624.142389207522,341919.5532579685,0.9765625,0.0625,0.171875,0.0
0,6e-07,5.999805639200657e-07,850.0,0.0005099834793320504,5.999805639200657e-07,0.0005,4003.2527303360257,961676.8152361374,2026.807155960793,71354.95084497359,60.70288197475517,147.47438794679306,121.40576394951034,8959.659702791882,1.1955289024186961,0.0,0.046875,2026.807155960793,64.84630562253676,38.46365263470261,1678.1623848641757,6.039044819772243e-10,0.0,0.009323660635849421,1.9660163118532714e-05,7116.311472497957,0.00540499847194029,0.0,0.0,1.0,0.0,0.2109375,27.881649615206697,1678.1623848641757,0.003268601996792949,0.004861893915445375,8530.145194356275,345166.39277812117,0.9765625,0.9765625,0.171875,0.0
0,6e-07,5.999805639200657e-07,875.0,0.0005249829934300529,5.999805639200657e-07,0.0005,4003.026366429344,971512.7235031542,2020.6390182204814,72037.54886915961,61.73007900711035,150.00125716863334,123.4601580142207,9035.607699662378,1.2056629954926987,0.0,0.046875,2020.6390182204814,64.85099271281582,38.14284834664886,1896.4498229806777,6.330083124339581e-10,0.0,0.009481432989060167,1.9660163118532714e-05,7201.456726152912,0.005296546212397383,0.0,0.9921875,0.15389574635598482,0.0,0.7890625,30.894584957633924,1896.4498229806777,0.0036565036171235256,0.005447591144131198,8449.214931158163,348126.3135952782,0.9765625,0.9765625,0.171875,0.0
0,6e-07,5.999805639200657e-07,900.0,0.0005399825075280553,5.999805639200657e-07,0.0005,4002.7987942878685,981522.3170646777,2016.1337049954395,72652.28472016627,62.71758853129866,152.4328615485072,125.43517706259732,9112.599930294717,1.2159364255152658,0.0,0.046875,2016.1337049954395,64.8482754137928,38.01884680927742,2130.2844555824995,6.402842700481415e-10,0.0,0.009633109538487094,1.9660163118532714e-05,7281.7128807526715,0.005221140606871555,0.0,0.015625,0.08660977517173882,0.0,0.2109375,34.16963809256413,2130.2844555824995,0.004078850502300935,0.006072091819744228,8377.271506589557,350832.0557102894,0.9765625,0.9765625,0.171875,0.0
0,6e-07,5.999805639200657e-07,925.0,0.0005549820216260578,5.999805639200657e-07,0.0005,4002.5702609173654,991701.5111837472,2013.1877377321068,73203.5861072831,63.66659224232879,154.82476069401292,127.33318448465758,9190.569288472867,1.2263402381931032,0.0,0.046875,2013.1877377321068,64.83730164790853,37.99876343520873,2380.5772248606663,6.693881005048752e-10,0.0,0.009778871786603855,1.9660163118532714e-05,7357.385480022846,0.005164710145796348,0.0,0.984375,0.06260561469482122,0.0,0.2109375,37.72257071510103,2380.5772248606663,0.004532050535229755,0.006737785793438466,8323.510610013236,353317.4395628562,0.9765625,0.9765625,0.171875,0.0
0,6e-07,5.999805639200657e-07,950.0,0.0005699815357240603,5.999805639200657e-07,0.0005,4002.340998453253,1002046.4090422568,2011.6862924325521,73695.91473142624,64.57829453339795,157.19095220550253,129.1565890667959,9269.450553821582,1.2368657308693887,0.0,0.046875,2011.6862924325521,64.81717272455518,37.936772506655416,2648.2870884183794,6.912159733474255e-10,0.0,0.009918904722212915,1.9660163118532714e-05,7428.77366230135,0.005106734197485704,0.0,0.984375,0.05024909779113459,0.0,0.7890625,41.569749190311995,2648.2870884183794,0.005029853797526493,0.007447018911621081,8264.603875912766,355617.07575171115,0.9765625,0.9765625,0.171875,0.0
0,6e-07,5.999805639200657e-07,975.0,0.0005849810498220628,5.999805639200657e-07,0.0005,4002.111223423105,1012553.2864741426,2011.505917498163,74133.66677193265,65.45391555266107,159.46752086508948,130.90783110532215,9349.18054320192,1.247504472725179,0.0,0.046875,2011.505917498163,64.78861753350407,38.33687071872373,2934.4177042823285,7.712515071034431e-10,0.0,0.010053395753999859,1.9660163118532714e-05,7496.168797561083,0.005114195231462348,0.0,0.9765625,0.0426958055043197,0.0,0.2109375,45.72833826115675,2934.4177042823285,0.005576506787777744,0.008201109372746547,8200.17620374486,357807.41006013355,0.9765625,0.9765625,0.171875,0.0
0,6e-07,5.999805639200657e-07,1000.0,0.0005999805639200652,5.999805639200657e-07,0.0005,4001.8811361166963,1023218.5770322966,2012.5173528895343,74521.07944034293,66.3306278974927,161.6569737767939,132.6612557949854,9429.69824407487,1.2582483225747352,0.0,0.046875,2012.5173528895343,64.7575898132052,38.75135886055068,3240.0171787510626,7.930793799459934e-10,0.0,0.010188054407964086,1.9660163118532714e-05,7559.853345547486,0.00512594055589372,0.0,0.9765625,0.049345622597191115,0.0,0.78125,50.21649704282754,3240.0171787510626,0.006164068652590127,0.00894503608606934,8146.647916019996,362213.98634678987,0.9765625,0.9765625,0.171875,0.0
0,6e-07,5.999805639200657e-07,1025.0,0.0006149800780180677,5.999805639200657e-07,0.0005,4001.650920063794,1034038.8576615084,2014.5883768538204,74862.14930874357,67.17596203123354,163.76188587432335,134.35192406246708,9510.944928867799,1.269089444125968,0.0,0.046875,2014.5883768538204,64.71446270547229,39.13945066813358,3566.1818224524613,8.294591680169106e-10,0.0,0.01031789352483134,1.9660163118532714e-05,7620.099924172481,0.005136343493866191,0.0,0.9765625,0.07161727646104843,0.0,0.78125,55.05356844786729,3566.1818224524613,0.006806492851404596,0.009706356858722112,8088.389960845456,367406.83186894143,0.9765625,0.9765625,0.171875,0.0
0,6e-07,5.999805639200657e-07,1050.0,0.0006299795921160702,5.999805639200657e-07,0.0005,4001.420741619355,1045010.8352103665,2017.5866007649179,75160.5676084058,67.98937868666899,165.78488334160653,135.97875737333797,9592.864249544453,1.2800203185993508,0.0,0.046875,2017.5866007649179,64.65810674414111,39.50171125492125,3914.06445827079,8.87666828930378e-10,0.0,0.010442830275840654,1.9660163118532714e-05,7677.170575639844,0.005145347607654142,0.0,0.0234375,0.11882412692841049,0.0,0.78125,60.26025456457137,3914.06445827079,0.007509089153915473,0.010502467188151093,8024.975243921534,372680.47480183,0.9765625,0.9765625,0.171875,0.0
0,6e-07,5.999805639200657e-07,1075.0,0.0006449791062140726,5.999805639200657e-07,0.0005,4001.190749655276,1056131.3339760294,2021.3821297413729,75419.67672759738,68.77199718151903,167.72862763739357,137.54399436303805,9675.402311755635,1.291033754622189,0.0,0.046875,2021.3821297413729,64.58734676449319,39.843253661971175,4284.887292304775,9.167706593871117e-10,0.0,0.0105630365826245,1.9660163118532714e-05,7731.316216461693,0.005153489075655193,0.0,0.96875,0.2868777529235354,0.0,0.78125,65.85877271909703,4284.887292304775,0.008250687100975132,0.011333547120002976,7982.216743053232,378071.1587409582,0.9765625,0.9765625,0.171875,0.0
0,6e-07,5.999805639200657e-07,1100.0,0.0006599786203120751,5.999805639200657e-07,0.0005,4000.961075357293,1067397.2844378208,2025.8500071523079,75642.45075871919,69.52493075304373,169.59580018253178,139.04986150608747,9758.507728131079,1.302122895339601,0.0,0.046875,2025.8500071523079,64.57529892835095,40.760854241877496,4679.958744740346,9.167706593871117e-10,0.0,0.010678683432886962,1.9660163118532714e-05,7782.776256554946,0.0052373154383755,0.0,0.96875,1.0,0.0,0.21875,71.87298990204727,4679.958744740346,0.009058361773212327,0.012199571386187139,7934.435795509111,383616.6531259606,0.9765625,0.9765625,0.171875,0.0
0,6e-07,5.999805639200657e-07,1125.0,0.0006749781344100776,5.999805639200657e-07,0.0005,4000.7318321251414,1078805.7132992256,2030.872365259844,75831.50123645081,70.24928298728011,171.38908776058187,140.49856597456022,9842.131650461291,1.3132812227086896,0.0,0.046875,2030.872365259844,64.6276951623789,41.66644595812522,5105.166828526184,9.38598532229662e-10,0.0,0.010789940331952281,1.9660163118532714e-05,7831.778371970759,0.005320176846071863,0.0,0.96875,0.20316278040414174,0.0,0.78125,78.5742613028633,5105.166828526184,0.009969716712593885,0.013111824746303817,7881.293277230958,389355.93842232483,0.96875,0.96875,0.171875,0.0
0,6e-07,5.999805639200657e-07,1150.0,0.0006899776485080801,5.999805639200657e-07,0.0005,4000.503115573551,1090353.7349235448,2036.340212271924,75989.10728735584,70.94614465097169,173.11116867439824,141.89228930194338,9926.227780708148,1.3245025589677393,0.0,0.046875,2036.340212271924,64.67865004835178,42.56010471866284,5606.580490386579,9.458744898438454e-10,0.0,0.010896974816165004,1.9660163118532714e-05,7878.538415494604,0.0054020304876549845,0.0,0.03125,0.1169829255432246,0.0,0.21875,86.2666311234425,5606.580490386579,0.011027570600621468,0.014117266821752074,7822.813768118689,397143.4811834742,0.96875,0.96875,0.171875,0.0
0,6e-07,5.999805639200657e-07,1175.0,0.0007049771626060825,5.999805639200657e-07,0.0005,4000.2750036311204,1102038.5442165148,2042.1547979805025,76117.26742184792,71.61659090098331,174.7646996932096,143.23318180196662,10010.75236097156,1.3357810652974196,0.0,0.046875,2042.1547979805025,64.71963221121689,43.44187237977076,6140.663178105839,9.531504474580288e-10,0.0,0.01099995202426998,1.9660163118532714e-05,7923.260449339625,0.005482827764849189,0.0,0.96875,0.0857979807609262,0.0,0.046875,94.5317521147881,6140.663178105839,0.012126573089267505,0.015149369487342792,7795.421791375869,405341.17167294165,0.96875,0.96875,0.171875,0.0
0,6e-07,5.999805639200657e-07,1200.0,0.000719976676704085,5.999805639200657e-07,0.0005,4000.047556733585,1113857.410979895,2048.2285156943603,76217.7683031315,72.26167884588328,176.3523038166942,144.52335769176656,10095.66414272444,1.3471112377156647,0.0,0.046875,2048.2285156943603,64.74948654170865,44.31177311730244,6708.886607182678,9.531504474580288e-10,0.0,0.011099034322883516,1.9660163118532714e-05,7966.136884416057,0.005562517159853026,0.0,0.03125,0.09856416305467595,0.0,0.046875,103.4050680433138,6708.886607182678,0.013319083048961008,0.016218822073783234,7763.677699372871,413648.2030977574,0.96875,0.96875,0.171875,0.0
0,6e-07,5.999805639200657e-07,1225.0,0.0007349761908020875,5.999805639200657e-07,0.0005,3999.820818107473,1125807.6757334939,2054.4853168574396,76300.9080432407,72.88244543461862,177.876558874626,145.76489086923723,10180.92433580567,1.3584879002715704,0.0,0.046875,2054.4853168574396,64.76699668207338,45.169842193543445,7312.936233371962,9.604264050722122e-10,0.0,0.01119438098220439,1.9660163118532714e-05,8007.3487111625145,0.005641048469710724,0.0,0.03125,0.11373553179560311,0.0,0.953125,112.92489604725415,7312.936233371962,0.014613735410966507,0.017324715692798042,7727.312208110223,422110.02841518377,0.96875,0.96875,0.171875,0.0
0,6e-07,5.999805639200657e-07,1250.0,0.00074997570490009,5.999805639200657e-07,0.0005,3999.5948141395575,1137886.7469794634,2060.860635844207,76517.48328083962,73.48701990159361,179.33998697296585,146.97403980318722,10266.496537829107,1.3699061956261085,0.0,0.046875,2060.860635844207,64.77088708036888,46.01616406984431,7954.793617803138,1.0695657692849636e-09,0.0,0.011287240612188986,1.9660163118532714e-05,8047.0658076350255,0.005718377998870637,0.0,0.03125,0.13197694867825907,0.0,0.953125,123.13224597823137,7954.793617803138,0.016020217411738296,0.01846617414640509,7686.05336704171,430776.4864955386,0.96875,0.96875,0.171875,0.0
0,6e-07,5.999805639200657e-07,1275.0,0.0007649752189980924,5.999805639200657e-07,0.0005,3999.369554827086,1150092.099861955,2067.300844990438,76744.29726677001,74.0953759000173,180.74504478987237,148.1907518000346,10352.346644822672,1.3813615731282878,0.0,0.046875,2067.300844990438,64.75982615540799,46.85091564843515,8636.813795094844,1.178705133497715e-09,0.0,0.011380681066588577,1.9660163118532714e-05,8085.447311425498,0.0057944741761201506,0.0,0.03125,0.15421276269572498,0.0,0.953125,134.0705892460319,8636.813795094844,0.017549360536001486,0.019642490828186403,7639.628177391074,439700.5385234172,0.96875,0.96875,0.171875,0.0
0,6e-07,5.999805639200657e-07,1300.0,0.0007799747330960949,5.999805639200657e-07,0.0005,3999.1450343031916,1162421.2761573698,2073.7622828081844,76943.52154794034,74.68219106498105,182.09411471809221,149.3643821299621,10438.442744053742,1.392849774514349,0.0,0.046875,2073.7622828081844,64.73243070665072,47.67440957512099,9361.787544625811,1.2441887520253658e-09,0.0,0.011470812956148076,1.9660163118532714e-05,8122.6420429808295,0.005869322976791618,0.0,0.03125,0.1817647879552216,0.0,0.953125,145.78562618793512,9361.787544625811,0.019183042068765886,0.020853243853303234,7599.713625468477,448936.7510629704,0.96875,0.96875,0.171875,0.0
0,6e-07,5.999805639200657e-07,1325.0,0.0007949742471940974,5.999805639200657e-07,0.0005,3998.9212314315278,1174871.8855154181,2080.2099202678323,77114.83092548205,75.24834480029197,183.38949684363635,150.49668960058395,10524.754990123165,1.4043668173744162,0.0,0.046875,2080.2099202678323,64.68727169765603,48.94071093605453,10132.978276042268,1.3242242857813835e-09,0.0,0.011557771352916664,1.9660163118532714e-05,8158.78896897322,0.005998526389415082,0.0,0.0390625,0.21658834165975693,0.0,0.953125,158.3251103848379,10132.978276042268,0.020933042616522398,0.022098372789371254,7563.406490171299,458539.5663573912,0.96875,0.96875,0.171875,0.0
0,6e-07,5.999805639200657e-07,1350.0,0.0008099737612920999,5.999805639200657e-07,0.0005,3998.698110463696,1187441.6078588776,2086.6157496584365,77257.88542175684,75.79469384966512,184.63340174461732,151.58938769933025,10611.255465518921,1.415908976545524,0.0,0.046875,2086.6157496584365,64.62288153074196,50.31766378614884,10954.124228128698,1.4115357771515846e-09,0.0,0.011641687848466128,1.9660163118532714e-05,8194.017695490258,0.00614078046400146,0.0,0.9609375,0.2616984475471262,0.0,0.953125,171.73879334316007,10954.124228128698,0.022751955177620388,0.023378203852851605,7548.309233313201,468561.4128902613,0.96875,0.96875,0.171875,0.0
0,6e-07,5.999805639200657e-07,1375.0,0.0008249732753901023,5.999805639200657e-07,0.0005,3998.475621752761,1200128.1968402395,2092.9569965227383,77372.5224699888,76.32207156842279,185.8279440886701,152.64414313684557,10697.91802691105,1.427472763602039,0.0,0.046875,2092.9569965227383,64.53776291357076,51.692886683505094,11829.39895631792,1.4479155652225018e-09,0.0,0.011722690442027499,1.9660163118532714e-05,8228.448981932155,0.006282215129122291,0.0,0.9609375,0.5224253129460928,0.0,0.2265625,186.07855229203415,11829.39895631792,0.024713562797830275,0.024693416487418,7529.410219572666,479050.7203547689,0.96875,0.96875,0.171875,0.0
0,6e-07,5.999805639200657e-07,1400.0,0.0008399727894881048,5.999805639200657e-07,0.0005,3998.2537025158126,1212929.484246196,2099.21426627007,77525.92306004347,76.83128736109111,186.97513700253432,153.66257472218223,10784.718138540937,1.4390549046240204,0.0,0.046875,2099.21426627007,64.43039939490022,53.06646297263342,12763.326632983517,1.5497789718210697e-09,0.0,0.011800903454108688,1.9660163118532714e-05,8262.195267590294,0.006422804261331684,0.0,0.0390625,1.0,0.0,0.2265625,201.39875662986015,12763.326632983517,0.02585218087783031,0.02604495238342744,7790.397165392373,490049.9123624775,0.96875,0.96875,0.171875,0.0
0,6e-07,5.999805639200657e-07,1425.0,0.0008549723035861073,5.999805639200657e-07,0.0005,3998.032277638375,1225843.3852359843,2105.3697422591695,77838.02966537769,77.32312626972987,188.0768871831759,154.64625253945974,10871.632694110416,1.450652316431057,0.0,0.046875,2105.3697422591695,64.40387809143417,54.438941718285605,13760.653353997506,1.5934347175061703e-09,0.0,0.011876447463263993,1.9660163118532714e-05,8295.361203911316,0.006562576406271169,0.0,0.0390625,0.5298280066815743,0.0,0.953125,217.75691437182832,13760.653353997506,0.02681962956356181,0.027433877303951595,8119.311038795306,501593.45693419036,0.96875,0.96875,0.171875,0.0
0,6e-07,5.999805639200657e-07,1450.0,0.0008699718176841097,5.999805639200657e-07,0.0005,3997.811260513299,1238867.90429683,2111.4055506607947,78154.12007745737,77.79834869880773,189.13499071626913,155.59669739761546,10958.639828609652,1.4622620814735903,0.0,0.046875,2111.4055506607947,64.48355191805067,55.81142539843495,14826.181130501907,1.6152625903487206e-09,0.0,0.011949439263836306,1.9660163118532714e-05,8328.044186406507,0.0067016245530413295,0.0,0.0390625,0.7284814937188095,0.0,0.953125,235.21461905501928,14826.181130501907,0.027852725895817672,0.028861215246822017,8444.940719081962,513706.05858789873,0.03125,0.96875,0.171875,0.0
0,6e-07,5.999805639200657e-07,1475.0,0.0008849713317821122,5.999805639200657e-07,0.0005,3997.5905539067235,1252001.1417989512,2117.3023988711034,78476.1981331683,78.2576902633916,190.15112956495906,156.5153805267832,11045.718721538089,1.473881421575774,0.0,0.046875,2117.3023988711034,64.54864825494089,57.18562073261455,15964.577101405244,1.6370904631912708e-09,0.0,0.01201999184263975,1.9660163118532714e-05,8360.33488103829,0.006840111257063967,0.0,0.0390625,1.0,0.0,0.046875,253.83879088815593,15964.577101405244,0.02895467473701921,0.030327782027476786,8766.763681293138,526401.0763115296,0.03125,0.96875,0.171875,0.0
0,6e-07,5.999805639200657e-07,1500.0,0.0008999708458801147,5.999805639200657e-07,0.0005,3997.370050843685,1265241.30103363,2123.7945038779167,78806.31259915026,78.70186174833464,191.12686868955277,157.40372349666927,11132.849392970547,1.4855076707236285,0.015625,0.046875,2123.7945038779153,64.59762803113706,58.5638425580828,17180.17616064148,1.6298145055770874e-09,0.0,0.012088214372691164,1.9660163118532714e-05,8392.317740703982,0.006978268026488023,0.0,0.0390625,1.0,0.0,0.046875,273.70317520603567,17180.17616064148,0.030128737901172088,0.03183404995447423,9084.45538289169,539679.2486413382,0.03125,0.96875,0.171875,0.0
0,6e-07,5.999805639200657e-07,1525.0,0.0009149703599781172,5.999805639200657e-07,0.0005,3997.14963550608,1278586.6956205645,2130.1685857865305,79146.50146790537,79.131549167022,192.06365375714097,158.263098334044,11220.012493902517,1.4971382470898422,0.015625,0.046875,2130.168585786529,64.62889125163993,59.948963848566564,18476.800002822187,1.6589183360338211e-09,0.0,0.012154212222233157,1.9660163118532714e-05,8424.071508147448,0.0071163882916456915,0.0,0.0390625,1.0,0.0,0.046875,294.890028907801,18476.800002822187,0.03137832709180659,0.03338007592554617,9397.888805385097,553527.8003571487,0.03125,0.96875,0.171875,0.0
0,6e-07,5.999805639200657e-07,1550.0,0.0009299698740761196,5.999805639200657e-07,0.0005,3996.929184135765,1292035.7571749445,2136.670737823934,79498.722245907,79.54741390906125,192.96280939908362,159.0948278181225,11307.189092276101,1.5087706244822212,0.046875,0.0390625,2136.670737823934,64.64078460096988,61.344309141332815,19857.618865838274,1.6443664208054543e-09,0.0,0.01221808697741861,1.9660163118532714e-05,8455.669702274903,0.007254813787822012,0.0,0.0390625,1.0,0.0,0.046875,317.4918945598474,19857.618865838274,0.03270708242883608,0.03496552162419379,9707.12980134027,567919.9949958171,0.03125,0.96875,0.171875,0.0
0,6e-07,5.999805639200657e-07,1575.0,0.0009449693881741221,5.999805639200657e-07,0.0005,3996.7085659358377,1305587.0431302576,2147.040629711647,79864.77251997196,79.9500929670769,193.82553797379217,159.9001859341538,11402.343046739588,1.5214674574551392,0.046875,0.0390625,2147.040629711647,64.63161088900999,62.75349355102844,21325.083337991964,1.57160684466362e-09,0.0,0.01227993647714521,1.9660163118532714e-05,8487.181085447835,0.007393914766190851,0.0,0.0390625,1.0,0.0,0.046875,341.61333561853826,21325.083337991964,0.034118929808151795,0.0365897868408351,10012.428219155896,582815.1836673901,0.03125,0.96875,0.15625,0.0
0,6e-07,5.999805639200657e-07,1600.0,0.0009599689022721246,5.999805639200657e-07,0.0005,3996.4876439634295,1319239.2446196235,2157.5789934959275,80246.20621689882,80.34019923349675,194.79474042644318,160.6803984669935,11498.453444813636,1.5342919131300221,0.046875,0.0390625,2157.5789934959275,64.59964043392739,64.18021486496491,22880.951954792254,1.5133991837501526e-09,0.0,0.012339854858640335,1.9660163118532714e-05,8518.670109891269,0.007534065063799506,0.0,0.0390625,1.0,0.0,0.046875,367.37248834053025,22880.951954792254,0.03561811037684467,0.038252266154337036,10314.204893344344,598159.3838773919,0.03125,0.96875,0.15625,0.0
0,6e-07,5.999805639200657e-07,1625.0,0.0009749684163701271,5.999805639200657e-07,0.0005,3996.2662760075827,1332991.1943262753,2168.28671528705,80644.2518376361,80.74085955012384,195.77263375934297,161.4817191002477,11595.157971484214,1.5471956461360168,0.046875,0.0390625,2168.28671528705,64.54312444210602,65.62801152496377,24526.43557255296,1.5133991837501526e-09,0.0,0.012401394289734175,1.9660163118532714e-05,8556.57463879306,0.007669892953124625,0.0,0.0390625,1.0,0.0,0.046875,394.9022797247744,24526.43557255296,0.037209176314110026,0.03995272653808847,10613.034709264022,613886.402700726,0.03125,0.96875,0.15625,0.0
0,6e-07,5.999805639200657e-07,1650.0,0.000989967930468127,5.999805639200657e-07,0.0005,3996.0443154462814,1346841.8742225387,2179.1671116843627,81126.5761312844,81.13016285377655,196.7310786321226,162.2603257075531,11692.450134587347,1.560177790193607,0.046875,0.0390625,2179.1671116843627,64.46031040220345,67.10000414761907,26262.471565138083,1.57160684466362e-09,0.0,0.01246118934014352,1.9660163118532714e-05,8595.67130225902,0.007806255240353897,0.0,0.0390625,0.9557678966271698,0.0,0.046875,424.35116904598544,26262.471565138083,0.03889694900222903,0.04169179026219842,10909.626074314147,629919.4973392647,0.03125,0.96875,0.15625,0.0
0,6e-07,5.999805639200657e-07,1675.0,0.0010049674445661268,5.999805639200657e-07,0.0005,3995.82161207704,1360790.423126128,2190.2263288995105,81689.91455076421,81.50798949407576,197.67079550446186,163.01597898815152,11790.322161157845,1.5732373081200366,0.046875,0.0390625,2190.2263288995105,64.34945945992976,68.59864214682511,28090.129949635826,1.7462298274040222e-09,0.0,0.01251922163216547,1.9660163118532714e-05,8635.184194631467,0.007944085569069064,0.0,0.9609375,0.8436555429615953,0.0,0.046875,455.88329501939006,28090.129949635826,0.04059448903756726,0.043471494971101456,11230.176948341512,646173.5435670961,0.03125,0.96875,0.15625,0.0
0,6e-07,5.999805639200657e-07,1700.0,0.0010199669586641266,5.999805639200657e-07,0.0005,3995.598012915996,1374836.1440125937,2201.4736805996026,82273.50966633942,81.87484274707666,198.5923757287893,163.7496854941533,11888.764783956121,1.5863729633445949,0.046875,0.0390625,2201.4736805996026,64.20886568261747,70.12547954908587,30011.140163737815,1.9354047253727913e-09,0.0,0.012575568466497985,1.9660163118532714e-05,8676.63082387713,0.008082109400818148,0.0,0.0390625,0.7709412286351126,0.0,0.046875,489.6779518964322,30011.140163737815,0.04230897208152821,0.04529589195134116,11573.856035850658,662557.6596654085,0.03125,0.03125,0.15625,0.0
0,6e-07,5.999805639200657e-07,1725.0,0.0010349664727621263,5.999805639200657e-07,0.0005,3995.373362960923,1388978.5110331937,2213.9342124242103,82878.10501835126,82.23120608502758,199.49628335797672,164.46241217005516,11987.767031033509,1.5995832918293398,0.0625,0.0390625,2213.9342124242103,64.12370877597063,71.68100484664683,32028.512306694407,2.051820047199726e-09,0.0,0.012630304102072828,1.9660163118532714e-05,8729.20135314265,0.008211633796354182,0.0,0.0390625,0.7225153369560963,0.0,0.046875,525.9283747877998,32028.512306694407,0.044173313767500576,0.047171634941404625,11906.020398558794,678978.2110897659,0.03125,0.03125,0.15625,0.0
0,6e-07,5.999805639200657e-07,1750.0,0.001049965986860126,5.999805639200657e-07,0.0005,3995.1475059142185,1403217.176198096,2228.10840328204,83504.12564001339,82.57754362414849,200.38285694289374,165.15508724829698,12087.316018412394,1.6128665744054498,0.0625,0.0390625,2228.10840328204,64.23092963407932,73.26454842708972,34147.21146174427,2.1827872842550278e-09,0.0,0.012683499824832111,1.9660163118532714e-05,8782.747481420305,0.008341871217643355,0.0,0.0390625,0.6904134229441593,0.0,0.046875,564.8398844120893,34147.21146174427,0.046196437348240145,0.04910850565354755,12226.914386366785,695342.1002595201,0.03125,0.03125,0.15625,0.0
0,6e-07,5.999805639200657e-07,1775.0,0.0010649655009581259,5.999805639200657e-07,0.0005,3994.9202848624295,1417551.9756955188,2242.564754446087,84285.24824346743,82.91430059756098,201.25231128233696,165.82860119512196,12187.396745893773,1.626220809526879,0.0625,0.0390625,2242.564754446087,64.31816746882147,74.87428760077455,36374.829747595824,2.2264430299401283e-09,0.0,0.012735224020367994,1.9660163118532714e-05,8837.334870220782,0.00847249636913487,0.0,0.0390625,0.6700932896804366,0.0,0.046875,606.6275196877759,36374.829747595824,0.048387008342086923,0.05111981859350729,12536.991652780744,711560.2274890658,0.03125,0.03125,0.15625,0.0
0,6e-07,5.999805639200657e-07,1800.0,0.0010799650150561256,5.999805639200657e-07,0.0005,3994.6915429096066,1431982.935828041,2257.312085484622,85158.12780086558,83.24190384882807,202.10473909139978,166.48380769765615,12287.991895953583,1.6396436864361632,0.0625,0.0390625,2257.312085484622,64.38348392769196,76.50736353252705,38722.18965603551,2.2264430299401283e-09,0.0,0.012785542249727937,1.9660163118532714e-05,8893.028427585003,0.008603071963113407,0.0,0.9609375,0.6588394614897748,0.0,0.046875,651.513366826126,38722.18965603551,0.05075317866603512,0.0532226468902539,12836.897785519977,727550.9941450562,0.03125,0.03125,0.15625,0.0
0,6e-07,5.999805639200657e-07,1825.0,0.0010949645291541254,5.999805639200657e-07,0.0005,3994.461123762359,1446510.2785577113,2272.361380973178,86053.61570101495,83.5607623419266,202.94011255793026,167.1215246838532,12389.08163565124,1.6531325587321584,0.0625,0.0390625,2272.361380973178,64.42489665986767,78.16011667077964,41203.80568729807,2.1827872842550278e-09,0.0,0.012834517327743926,1.9660163118532714e-05,8949.892604754197,0.008733078722001743,0.0,0.9609375,1.0,0.0,0.234375,699.7238682696407,41203.80568729807,0.05330235108897792,0.055437812949160455,13127.448489121758,743243.7084970188,0.03125,0.03125,0.15625,0.0
0,6e-07,5.999805639200657e-07,1850.0,0.0011099640432521251,5.999805639200657e-07,0.0005,3994.2288722651865,1461134.4266616963,2287.725792478485,86971.79209805839,83.87126768383207,203.75828476035434,167.74253536766415,12490.643421449358,1.666684418326231,0.0625,0.0390625,2287.725792478485,64.44039461164309,79.82843794691962,43838.13079560874,2.051820047199726e-09,0.0,0.012882209403298905,1.9660163118532714e-05,9007.9916779837,0.008861957337508107,0.0,0.9609375,1.0,0.0,0.234375,751.4874554968555,43838.13079560874,0.05604098872426847,0.0577895933320614,13409.603802572186,758581.7492037541,0.03125,0.03125,0.15625,0.0
0,6e-07,5.999805639200657e-07,1875.0,0.001124963557350125,5.999805639200657e-07,0.0005,3993.994634885331,1475856.008509944,2303.4205365606776,87912.69545227085,84.17379465623038,204.55899092383353,168.34758931246077,12592.65180683351,1.680295869772073,0.0625,0.0390625,2303.420536560677,64.42795564771149,81.82432817415702,46647.52086569369,1.8917489796876907e-09,0.0,0.012928676040995051,1.9660163118532714e-05,9067.390016382225,0.009024022130549524,0.0,0.953125,0.6663409548631457,0.0,0.046875,807.0328878405708,46647.52086569369,0.05897449572427775,0.060305097143438964,13684.438975344106,773525.3415601009,0.03125,0.03125,0.15625,0.0
0,6e-07,5.999805639200657e-07,1900.0,0.0011399630714481247,5.999805639200657e-07,0.0005,3993.758260147011,1490675.862485619,2319.462678713822,88876.33424173608,84.46870175319413,205.34184949547526,168.93740350638825,12695.078252625332,1.6939631049548989,0.0625,0.0390625,2319.4626787138213,64.38556644753976,84.05243483642244,49657.86500475649,2.0081643015146255e-09,0.0,0.012973972303738177,1.9660163118532714e-05,9128.152336904917,0.009208044709836875,0.0,0.953125,0.681056928252725,0.0,0.046875,866.5886871769908,49657.86500475649,0.062107194482487395,0.06301329237274635,13953.112749624299,788053.8079332898,0.03125,0.03125,0.15625,0.0
0,6e-07,5.999805639200657e-07,1925.0,0.0011549625855461244,5.999805639200657e-07,0.0005,3993.519599015543,1505595.0410778783,2335.870798864862,89862.69953872233,84.75633172196758,206.10636302315078,169.51266344393517,12797.890939901448,1.7076818781283523,0.0625,0.0390625,2335.8707988648616,64.31124455951262,86.32855486263452,52897.85184430797,2.1391315385699272e-09,0.0,0.01301815083579962,1.9660163118532714e-05,9190.34394789331,0.009393397608630685,0.0,0.953125,0.7022228532122186,0.0,0.046875,930.3840293629473,52897.85184430797,0.06514644151068116,0.06587543496268107,14281.425167488313,802998.1414813427,0.03125,0.03125,0.15625,0.0
0,6e-07,5.999805639200657e-07,1950.0,0.0011699620996441242,5.999805639200657e-07,0.0005,3993.2785052324066,1520614.8146848187,2352.6645405185536,90871.777834547,85.03701210429206,206.85191882638668,170.07402420858412,12901.054585465277,1.721447481292053,0.0625,0.0390625,2352.664540518553,64.20306242313411,88.64493657894491,56397.87153472705,2.1973391994833946e-09,0.0,0.013061261945961114,1.9660163118532714e-05,9254.030982828344,0.009579062004809933,0.0,0.953125,0.7307517080167131,0.0,0.046875,998.6513838942337,56397.87153472705,0.0683131995956855,0.06859400296420402,14618.717755935795,822198.2840709623,0.03125,0.03125,0.15625,0.0
0,6e-07,5.999805639200657e-07,1975.0,0.001184961613742124,5.999805639200657e-07,0.0005,3993.034835602775,1535736.6751721222,2369.8640526074555,91903.56339208904,85.311055775973,207.57778945180172,170.622111551946,13004.530259868203,1.7352547199093207,0.0625,0.0390625,2369.864052607455,64.05917309332297,90.99234497426914,60188.58811312029,2.1973391994833946e-09,0.0,0.013103353690389622,1.9660163118532714e-05,9319.28062622693,0.009763880778328805,0.0,0.953125,0.7682027950792631,0.0,0.046875,1071.6310829927825,60188.58811312029,0.07161811748386517,0.07151490481040049,14963.128334589499,841622.9913567193,0.03125,0.03125,0.15625,0.0
0,6e-07,5.999805639200657e-07,2000.0,0.0011999611278401237,5.999805639200657e-07,0.0005,3992.788450237436,1550962.3392400588,2387.489340264499,92958.06932081316,85.5787614826403,208.28313290966028,171.1575229652806,13108.275208041803,1.7490978889732998,0.0625,0.0390625,2387.4893402644984,63.889136754083665,93.36076964785207,64299.255085515324,2.3137545213103294e-09,0.0,0.013144471954927444,1.9660163118532714e-05,9386.161333847602,0.009946640200097792,0.0,0.953125,0.8170677703787098,0.0,0.046875,1149.5778537448496,64299.255085515324,0.07506406466919104,0.07465646808171456,15314.623033152602,861268.3768422739,0.03125,0.03125,0.15625,0.0
0,6e-07,5.999805639200657e-07,2025.0,0.0012149606419381235,5.999805639200657e-07,0.0005,3992.5392127513464,1566293.7516580948,2405.559547719818,94035.33650990107,85.84041436987893,208.9669926923108,171.68082873975786,13212.242672682685,1.7629707494403817,0.0625,0.0390625,2405.5595477198176,63.80001091609828,95.7402841277526,68755.88535840902,2.3865140974521637e-09,0.0,0.01318466053651765,1.9660163118532714e-05,9454.74304955284,0.010126164574327657,0.0,0.953125,0.8812957702617658,0.0,0.046875,1232.769169844396,68755.88535840902,0.07865549586581622,0.07803156381774762,15673.020127512274,881129.1481867121,0.03125,0.03125,0.15625,0.0
0,6e-07,5.999805639200657e-07,2050.0,0.0012299601560361233,5.999805639200657e-07,0.0005,3992.2869904211784,1581733.0884325197,2424.092202939699,95135.43952493145,86.09628650611415,209.62829757958053,172.1925730122283,13327.318721422505,1.7783258797475883,0.0625,0.0390625,2424.092202939699,63.93083776824561,98.122003436456,73579.42153512267,2.546585164964199e-09,0.0,0.013223961223516649,1.9660163118532714e-05,9525.097421279126,0.010301417308053023,0.0,0.953125,0.9672923524063447,0.0,0.046875,1321.5150850826758,73579.42153512267,0.08239899078702798,0.08164630826808703,16038.000859723164,901197.1648922986,0.03125,0.03125,0.140625,0.0
0,6e-07,5.999805639200657e-07,2075.0,0.001244959670134123,5.999805639200657e-07,0.0005,3992.031654304324,1597282.7599783735,2443.10245906354,96258.4885758152,86.34663739681739,210.265861240613,172.69327479363477,13456.181888010356,1.7955206890621613,0.0625,0.0390625,2443.10245906354,64.03642850796967,100.49907256235565,78784.08022314496,2.764863893389702e-09,0.0,0.013262413874673645,1.9660163118532714e-05,9597.298018567093,0.010471600690937019,0.0,0.953125,1.0,0.0,0.046875,1416.169014921441,78784.08022314496,0.08630375207209824,0.08549919752675265,16409.124527267042,921459.8791818304,0.03125,0.03125,0.140625,0.0
0,6e-07,5.999805639200657e-07,2100.0,0.0012599591842321228,5.999805639200657e-07,0.0005,3991.7730793217474,1612945.4143727492,2462.602371746325,97404.62670071422,86.59171448876344,210.87838164617546,173.1834289775269,13586.221591941987,1.8128724892051724,0.0625,0.0390625,2462.602371746325,64.11460905776016,102.86760823035183,84376.06054212525,2.8812792152166367e-09,0.0,0.013300056496582046,1.9660163118532714e-05,9671.4205539825,0.010636246005039351,0.0,0.953125,1.0,0.0,0.046875,1517.1387542441953,84376.06054212525,0.09035785336648089,0.08958082226704292,16790.3363982194,941898.7056247137,0.03125,0.03125,0.140625,0.0
0,6e-07,5.999805639200657e-07,2125.0,0.0012749586983301225,5.999805639200657e-07,0.0005,3991.511144306965,1628723.940772404,2482.6002537946415,98574.02138365632,86.83175366321377,211.53433206386313,173.66350732642755,13717.394253682178,1.830375465157342,0.0625,0.0390625,2482.6002537946415,64.16320485289442,105.22751136673287,90352.80896926345,3.0704541131854057e-09,0.0,0.013336925319429947,1.9660163118532714e-05,9750.299643139791,0.010792233594663919,0.0,0.953125,1.0,0.0,0.046875,1624.8968792609376,90352.80896926345,0.0944934787049379,0.09387428003304019,17195.862630211603,962487.3707416205,0.03125,0.03125,0.140625,0.0
0,6e-07,5.999805639200657e-07,2150.0,0.0012899582124281223,5.999805639200657e-07,0.0005,3991.245732023165,1644621.4730847743,2503.10014865573,99766.84993243915,87.0669797170289,212.57987136986523,174.1339594340578,13849.650940593227,1.8480230876101267,0.0625,0.0390625,2503.10014865573,64.18006365197691,107.58306895310943,96703.01720011374,3.157765604555607e-09,0.0,0.01337305487089662,1.9660163118532714e-05,9840.27456114542,0.010932933657959503,0.0,0.953125,1.0,0.0,0.046875,1739.9896000643057,96703.01720011374,0.0988342534915344,0.09755398385801024,17605.127155772403,991276.966616401,0.03125,0.03125,0.140625,0.0
0,6e-07,5.999805639200657e-07,2175.0,0.001304957726526122,5.999805639200657e-07,0.0005,3990.9767291503476,1660641.3939879425,2524.101462115133,100983.27808674303,87.29760683083697,213.61602663243173,174.59521366167394,13982.937072991654,1.865808073743503,0.0625,0.0390625,2524.101462115133,64.16308043980136,109.94327218359376,103407.49510225747,3.2014213502407074e-09,0.0,0.013408478048060862,1.9660163118532714e-05,9932.494841554631,0.01106904900907912,0.0,0.953125,1.0,0.0,0.046875,1863.0431260457262,103407.49510225747,0.10340141731211287,0.10112187057570025,18017.578235143606,1022602.6725331014,0.03125,0.03125,0.140625,0.0
0,6e-07,5.999805639200657e-07,2200.0,0.0013199572406241218,5.999805639200657e-07,0.0005,3990.704026244063,1676787.3394019112,2545.5987868095076,102223.43150123491,87.52383902349695,214.64138916509566,175.0476780469939,14117.192121273642,1.8837223468120126,0.0625,0.0390625,2545.5987868095076,64.11022415855382,112.32179309621097,110441.00680930074,3.245077095925808e-09,0.0,0.013443226187204288,1.9660163118532714e-05,10027.033954074486,0.01120189615500095,0.0,0.953125,1.0,0.0,0.046875,1994.766693686077,110441.00680930074,0.10821936556948454,0.10470042851753124,18432.622324008124,1054828.603598392,0.03125,0.03125,0.140625,0.0
0,6e-07,5.999805639200657e-07,2225.0,0.0013349567547221216,5.999805639200657e-07,0.0005,3990.4275176672486,1693063.203520536,2567.5819468169666,103625.40948701685,87.74587059221336,215.65441644568602,175.49174118442673,14252.349294755217,1.9017569946252648,0.0625,0.0390625,2567.5819468169666,64.01956592592548,114.73658367470853,117775.0860171984,3.2741809263825417e-09,0.0,0.01347732913141076,1.9660163118532714e-05,10123.967228107413,0.011333164271429346,0.0,0.953125,1.0,0.0,0.046875,2135.951593450969,117775.0860171984,0.11331532817719642,0.10826725102674935,18849.626328671817,1087818.1989501144,0.03125,0.03125,0.140625,0.0
0,6e-07,5.999805639200657e-07,2250.0,0.0013499562688201214,5.999805639200657e-07,0.0005,3990.147101496636,1709473.1445204017,2590.036279738651,105157.98198896013,87.96388653778153,216.65342610755988,175.92777307556307,14388.335223131151,1.9199022270435238,0.0625,0.0390625,2590.036279738651,63.88930832251335,117.20908873541703,125381.76006517792,3.3032847568392754e-09,0.0,0.013510815295881943,1.9660163118532714e-05,10223.37202918607,0.01146481693132208,0.0,0.953125,1.0,0.0,0.046875,2287.465819966703,125381.76006517792,0.11871888350360116,0.11180679236453507,19267.918906071216,1121414.5170749824,0.03125,0.03125,0.140625,0.0
0,6e-07,5.999805639200657e-07,2275.0,0.0013649557829181211,5.999805639200657e-07,0.0005,3989.86267940533,1726021.5910695705,2612.943161579206,106748.42735711338,88.17806297457656,217.63658940760445,176.35612594915312,14525.069631740611,1.9381473326468983,0.0625,0.0390625,2612.943161579206,63.71781525892942,119.76309505056452,133238.0169286374,3.3760443329811096e-09,0.0,0.01354371173090957,1.9660163118532714e-05,10325.327956940499,0.011598962817453361,0.0,0.953125,1.0,0.0,0.046875,2450.244348260123,133238.0169286374,0.12446134021671271,0.11531332640500867,19686.790645141256,1155443.3566565656,0.03125,0.03125,0.140625,0.0
0,6e-07,5.999805639200657e-07,2300.0,0.0013799552970161209,5.999805639200657e-07,0.0005,3989.5741565235244,1742713.2497650501,2636.28076578313,108396.36308335987,88.38856752504589,218.60192417195594,176.77713505009177,14662.465012138164,1.9564806347781056,0.0625,0.0390625,2636.28076578313,63.557803959714676,122.42327192349512,141330.7522662687,3.4051481634378433e-09,0.0,0.013576044182467542,1.9660163118532714e-05,10429.917064704416,0.01173770329754435,0.0,0.953125,1.0,0.0,0.046875,2625.275489335356,141330.7522662687,0.13057503667114068,0.11879358931765739,20105.493027332894,1189716.9963300487,0.03125,0.03125,0.140625,0.0
0,6e-07,5.999805639200657e-07,2325.0,0.0013949548111141206,5.999805639200657e-07,0.0005,3989.281441279852,1759553.1136327367,2660.025032568375,110100.66810034393,88.5955596986288,219.54728722477705,177.1911193972576,14800.426289806797,1.9748894472038796,0.0625,0.0390625,2660.025032568375,63.40528457725969,125.21349022919458,149661.8441437357,3.4051481634378433e-09,0.0,0.013607837150412071,1.9660163118532714e-05,10537.224098317947,0.011882967379348262,0.0,0.953125,1.0,0.0,0.046875,2813.5842711923906,149661.8441437357,0.1370926228448886,0.12226891172813217,20523.23613631478,1224038.4086881576,0.03125,0.03125,0.140625,0.0
0,6e-07,5.999805639200657e-07,2350.0,0.0014099543252121204,5.999805639200657e-07,0.0005,3988.9844452266043,1776546.4718270735,2684.150808955324,111911.60838651066,88.79919125519845,220.4703663114995,177.5983825103969,14938.850491214347,1.9933600296887686,0.0625,0.0390625,2684.150808955324,63.56645159926316,128.15503495425583,158252.93090666085,3.5579432733356953e-09,0.0,0.013639113944304572,1.9660163118532714e-05,10647.336748616717,0.012036346551254283,0.0,0.953125,0.9274882209221017,0.0,0.953125,3016.2142875465215,158252.93090666085,0.14404640215856454,0.12577666886712838,20939.18516775108,1258205.7732331955,0.03125,0.03125,0.140625,0.0
0,6e-07,5.999805639200657e-07,2375.0,0.0014249538393101202,5.999805639200657e-07,0.0005,3988.683082852935,1793698.920669407,2714.1606196764233,113988.50550924659,88.99960655330223,221.36867153598075,177.99921310660446,15091.802539757993,2.013769130121578,0.0625,0.03125,2714.1606196764233,63.70506377635417,131.2648476940467,167149.42283509672,3.8853613659739494e-09,0.0,0.013669896736899646,1.9660163118532714e-05,10760.345908623287,0.01219894312029985,0.0,0.953125,0.7688931062469746,0.0,0.953125,3234.20990939092,167149.42283509672,0.15146781841441667,0.12937090715387384,21352.455876416643,1292017.0887902107,0.03125,0.03125,0.125,0.0
0,6e-07,5.999805639200657e-07,2400.0,0.00143995335340812,5.999805639200657e-07,0.0005,3988.377271391079,1811016.376163723,2746.557190724285,116123.06458806034,89.1969428836498,222.23952634131905,178.3938857672996,15274.104965117484,2.0380945873072327,0.0625,0.03125,2746.557190724285,63.81035447375434,134.55394780619827,176423.26959092775,4.241883289068937e-09,0.0,0.013700206615367192,1.9660163118532714e-05,10876.345922749446,0.012371245707141336,0.0,0.953125,0.6569006022728954,0.0,0.953125,3468.6011127511447,176423.26959092775,0.15880734968062216,0.13312204147452247,21841.56539182133,1325274.6700454745,0.03125,0.03125,0.125,0.0
0,6e-07,5.999805639200657e-07,2425.0,0.0014549528675061197,5.999805639200657e-07,0.0005,3988.0669306215136,1828505.0881260075,2779.850217444753,118315.15827968062,89.3913307884542,223.0800580768557,178.7826615769084,15458.597953589608,2.0627123414774378,0.0625,0.03125,2779.850217444753,63.87981985516374,138.02618187820917,186174.03982931422,4.627509042620659e-09,0.0,0.0137300636303416,1.9660163118532714e-05,10995.434811618143,0.012553044444624064,0.0,0.953125,0.5740240997594875,0.0,0.953125,3720.393387120319,186174.03982931422,0.16597660301718192,0.13711555899951072,22415.167677188714,1357789.3069741162,0.03125,0.03125,0.125,0.0
0,6e-07,5.999805639200657e-07,2450.0,0.0014699523816041195,5.999805639200657e-07,0.0005,3987.751982683673,1846171.656058873,2814.0768850541654,120564.36569078598,89.58289436735188,223.88718820935105,179.16578873470377,15645.197938796526,2.0876112419832524,0.0625,0.03125,2814.0768850541654,63.91101878992422,141.6774394666154,196527.95023191068,5.0131347961723804e-09,0.0,0.013759486842909558,1.9660163118532714e-05,11117.714452725611,0.012743396142170377,0.0,0.046875,0.5104211762836377,0.0,0.953125,3990.565204430459,196527.95023191068,0.17349733849670293,0.14101774043183019,23000.728650983277,1393639.903958856,0.03125,0.03125,0.125,0.0
0,6e-07,5.999805639200657e-07,2475.0,0.0014849518957021192,5.999805639200657e-07,0.0005,3987.432351899154,1864023.0468968994,2849.2755367026966,122869.93282108611,89.77175157069838,224.65762225457019,179.54350314139677,15833.809905146518,2.1127786104540855,0.0625,0.03125,2849.2755367026966,63.90160461962549,145.49544826046258,207634.60812869528,5.435140337795019e-09,0.0,0.013788494369658793,1.9660163118532714e-05,11243.290694445584,0.012940646312057049,0.0,0.953125,0.4601166953695886,0.0,0.953125,4280.075308101514,207634.60812869528,0.18137879227673295,0.14364066695724345,23597.44077230002,1445514.0910094804,0.03125,0.03125,0.125,0.0
0,6e-07,5.999805639200657e-07,2500.0,0.001499951409800119,5.999805639200657e-07,0.0005,3987.107964614189,1882066.6147411487,2885.484598768459,125230.72845076698,89.95801448103563,225.3878395266127,179.91602896207127,16024.326572287016,2.138200131975486,0.0625,0.03125,2885.484598768459,63.84935837112348,149.46022455221828,219661.39976289123,5.893525667488575e-09,0.0,0.013817103425910067,1.9660163118532714e-05,11372.273379223469,0.013142510698456657,0.0,0.953125,0.4192689669280315,0.0,0.953125,4589.881600136141,219661.39976289123,0.18963123963406348,0.14653925115017657,24204.24825041148,1498993.6009552656,0.03125,0.03125,0.125,0.0
0,6e-07,5.999805639200657e-07,2525.0,0.0015149509238981188,5.999805639200657e-07,0.0005,3986.778749067336,1900310.1226951466,2922.7412937536037,127645.1947130234,90.14178958344665,226.07408282623607,180.2835791668933,16216.627553768796,2.163859742825808,0.0625,0.03125,2922.7412937536037,63.79895667755265,153.54520696729014,232785.65549918963,6.351910997182131e-09,0.0,0.013845330367242299,1.9660163118532714e-05,11504.77625162337,0.01334621409483077,0.0,0.953125,0.38529804991610506,0.0,0.953125,4920.97265521012,232785.65549918963,0.1982676939250993,0.1497938273698215,24819.84108348556,1554040.3739365847,0.03125,0.03125,0.125,0.0
0,6e-07,5.999805639200657e-07,2550.0,0.0015299504379961185,5.999805639200657e-07,0.0005,3986.4446352867685,1918761.766911291,2961.080170200744,130111.29147054617,90.32317802534382,226.89052208743135,180.64635605068764,16410.57849586763,2.189739515565194,0.0625,0.03125,2961.080170200744,63.708120798053855,157.71904575933695,247184.9401268051,6.81757228448987e-09,0.0,0.013873190729394757,1.9660163118532714e-05,11640.916728554517,0.013548679149337179,0.0,0.953125,0.35641557209043123,0.0,0.953125,5274.411891857759,247184.9401268051,0.2073058698196765,0.15347565806740016,25442.65580345442,1610580.7477186492,0.03125,0.03125,0.125,0.0
0,6e-07,5.999805639200657e-07,2575.0,0.0015449499520941183,5.999805639200657e-07,0.0005,3986.1055550192164,1937430.2029588593,3000.5314920329292,132626.4334778668,90.50227586597856,228.36252003573313,181.00455173195712,16606.030204239218,2.2158195425010976,0.0625,0.03125,3000.5314920329292,63.600655781162274,161.94796060708177,263026.033868846,7.30506144464016e-09,0.0,0.013900699266590507,1.9660163118532714e-05,11780.815512826852,0.013746752967207933,0.0,0.953125,0.33135615857063994,0.0,0.953125,5651.39322639459,263026.033868846,0.2167703047275538,0.15764233618079893,26070.88287991062,1668498.7056217135,0.03125,0.03125,0.125,0.0
0,6e-07,5.999805639200657e-07,2600.0,0.001559949466192118,5.999805639200657e-07,0.0005,3985.7614416895685,1956324.5746354496,3041.1195419348655,135187.41915740035,90.6791743156282,229.82025673724561,181.3583486312564,16802.81776802744,2.2420778188139883,0.0625,0.03125,3041.1195419348655,63.51770706806438,166.19852153274405,280453.36877762293,7.741618901491165e-09,0.0,0.013927869988274316,1.9660163118532714e-05,11924.596037357214,0.013937455072866162,0.0,0.953125,0.3092159720200523,0.0,0.953125,6053.305696894095,280453.36877762293,0.22621400503689362,0.1623342215955012,26759.199528370715,1727629.3687257573,0.03125,0.03125,0.125,0.0
0,6e-07,5.999805639200657e-07,2625.0,0.0015749489802901178,5.999805639200657e-07,0.0005,3985.4122303865975,1975454.545365726,3082.860903915259,137790.3496447123,90.85395996403075,231.2600715208431,181.7079199280615,17000.75969316911,2.2684901269101907,0.0625,0.03125,3082.860903915259,63.394014757935494,170.4406555549358,299577.84631814016,8.221832104027271e-09,0.0,0.013954716194199102,1.9660163118532714e-05,12072.383735883064,0.014118227127616111,0.0,0.953125,0.28935049627610715,0.0,0.953125,6481.803169785024,299577.84631814016,0.23223092607648937,0.16757228122148446,27911.024940968142,1787752.98715532,0.03125,0.03125,0.125,0.0
0,6e-07,5.999805639200657e-07,2650.0,0.0015899484943881176,5.999805639200657e-07,0.0005,3985.057857866576,1994830.3323674358,3125.762798030382,140430.53656853543,91.02671499724269,232.6779340301976,182.05342999448538,17199.65705887699,2.295029923867503,0.0625,0.03125,3125.762798030382,63.25585874214684,174.65064128551057,320467.06654179795,8.716597221791744e-09,0.0,0.013981250507734213,1.9660163118532714e-05,12224.305146721286,0.014287163089376421,0.0,0.953125,0.2713060032209748,0.0,0.953125,6938.873949032815,320467.06654179795,0.23843129081524012,0.17335759673713588,29102.195124253776,1848589.6930592887,0.03125,0.03125,0.125,0.0
0,6e-07,5.999805639200657e-07,2675.0,0.0016049480084861173,5.999805639200657e-07,0.0005,3984.698262563168,2014462.7438165734,3169.821544401872,143102.39682676562,91.19751740173447,234.06941299696777,182.39503480346895,17405.346094387165,2.3224759647909563,0.0625,0.03125,3169.821544401872,63.207638985176466,178.8138297301557,343138.03121412033,9.38598532229662e-09,0.0,0.014007484907213479,1.9660163118532714e-05,12380.486868434684,0.014443198529296923,0.0,0.953125,0.2547706168194168,0.0,0.953125,7426.904029719561,343138.03121412033,0.24485831093408336,0.17843006323534977,30331.435356992668,1923095.3853416522,0.03125,0.03125,0.109375,0.0
0,6e-07,5.999805639200657e-07,2700.0,0.001619947522584117,5.999805639200657e-07,0.0005,3984.3333845894354,2034363.2193121049,3215.0212331747907,145799.3324086218,91.36644115427013,235.42964305318947,182.73288230854027,17680.879270603073,2.3592416329824273,0.0625,0.03125,3215.0212331747907,63.35706923920243,186.87897642573262,367553.3303068108,9.98261384665966e-09,0.0,0.014033430755099774,1.9660163118532714e-05,12541.05439941036,0.014901376748235705,0.0,0.0,0.23953718421319534,0.0,0.953125,7948.727010141636,367553.3303068108,0.25156270057078933,0.18257622643091473,31597.398947086265,2013150.000369242,0.03125,0.03125,0.109375,0.0
0,6e-07,5.999805639200657e-07,2725.0,0.0016349470366821169,5.999805639200657e-07,0.0005,3983.9631657168757,2054543.8740251858,3261.3326711148584,148513.59310853496,91.53355639601111,236.75328962213507,183.06711279202221,17961.057605652004,2.3966271262370618,0.0625,0.03125,3261.3326711148584,63.46545126822679,195.41598858005818,393621.67618826963,1.0637450031936169e-08,0.0,0.014059098824726498,1.9660163118532714e-05,12706.130906136597,0.015379661206361363,0.0,0.0,0.22547377439087019,0.0,0.953125,8507.653427467812,393621.67618826963,0.25860056188280733,0.18652584701988956,32898.82034874817,2110279.5268169837,0.03125,0.03125,0.109375,0.0
0,6e-07,5.999805639200657e-07,2750.0,0.0016499465507801166,5.999805639200657e-07,0.0005,3983.5875493176914,2075017.547016083,3308.7126635397076,151350.99254601373,91.69892958938621,238.0345119738214,183.39785917877242,18245.752136808755,2.434615236460978,0.0625,0.03125,3308.7126635397076,63.5676593781047,204.27389214597133,421203.4116001283,1.1204974725842476e-08,0.0,0.014084499324392022,1.9660163118532714e-05,12875.835975861599,0.015864903259790255,0.0,0.0,0.21249970185422504,0.0,0.953125,9107.472619525957,421203.4116001283,0.26603056399080377,0.19018569201039015,34234.685229028,2214695.5806597546,0.03125,0.03125,0.109375,0.0
0,6e-07,5.999805639200657e-07,2775.0,0.0016649460648781164,5.999805639200657e-07,0.0005,3983.2064802604204,2095797.85431027,3357.10367193905,155267.3888180698,91.86262365663748,239.2669245927936,183.72524731327496,18534.804897185426,2.473184885400494,0.0625,0.03125,3357.1036719390486,63.62845610524519,213.46253021894518,450121.2921175291,1.1699739843606949e-08,0.0,0.014109641918639648,1.9660163118532714e-05,13050.284416488741,0.016356925520277555,0.0,0.0,0.2005660950911479,0.0,0.953125,9752.421215554554,450121.2921175291,0.2739104914627019,0.1934809360034895,35604.40917569793,2326437.4331402397,0.03125,0.03125,0.109375,0.0
0,6e-07,5.999805639200657e-07,2800.0,0.0016799455789761161,5.999805639200657e-07,0.0005,3982.8199047562016,2116899.2474380606,3406.433863095876,159351.00564877645,92.02469809960175,240.44355708470704,184.0493961992035,18828.02590091013,2.5123107223605596,0.0625,0.03125,3406.433863095871,63.643790045418875,222.99142927455978,480176.4450444556,1.2332748156040907e-08,0.0,0.014134535746655451,1.9660163118532714e-05,13229.585167925328,0.01685551182777785,0.0,0.0,0.18964053992724497,0.0,0.953125,10447.114056266451,480176.4450444556,0.2822932816909783,0.19636246846703193,37008.01518791627,2445357.551232222,0.03125,0.03125,0.109375,0.0
0,6e-07,5.999805639200657e-07,2825.0,0.001694945093074116,5.999805639200657e-07,0.0005,3982.427770162985,2138337.0782530806,3456.617535401941,163603.68565699313,92.1852091012189,241.55681294761047,184.3704182024378,19125.19000433197,2.5519627053807903,0.0625,0.03125,3456.6175354019333,63.615594595388124,232.87005496676466,511168.9564396804,1.30821717903018e-08,0.0,0.014159189437859453,1.9660163118532714e-05,13413.840382453061,0.01736043134010951,0.0,0.0,0.17969546854532922,0.0,0.953125,11196.435724008537,511168.9564396804,0.2912227191266864,0.19881203254931454,38446.29896178503,2571116.797535315,0.03125,0.03125,0.109375,0.0
0,6e-07,5.999805639200657e-07,2850.0,0.0017099446071721157,5.999805639200657e-07,0.0005,3982.0300247675254,2160127.670946448,3507.555873548409,168025.27790645958,92.34420961041744,242.59842765683896,184.68841922083487,19426.033696021303,2.5921056729103342,0.0625,0.03125,3507.555873548398,63.629231964184456,243.10821406430568,542922.0658346214,1.3897079043090343e-08,0.0,0.014183611124943617,1.9660163118532714e-05,13603.144714873259,0.017871471572194528,0.0,0.0,0.17069992189585487,0.0,0.953125,12005.393860161508,542922.0658346214,0.30072900893529353,0.2008448995670246,39920.97038681311,2703190.705888158,0.03125,0.03125,0.109375,0.0
0,6e-07,5.999805639200657e-07,2875.0,0.0017249441212701154,5.999805639200657e-07,0.0005,3981.6266175790124,2182288.4022585605,3559.1379456338586,172613.3391706362,92.50174941332949,243.55942666220722,185.00349882665898,19730.25188679608,2.6326989154862144,0.0625,0.03125,3559.1379456338427,63.59724757430685,253.71662138378815,575308.4905337449,1.4784745872020721e-08,0.0,0.01420780845481012,1.9660163118532714e-05,13797.58483431795,0.018388480623995382,0.0,0.0,0.1864504152973892,0.0,0.0390625,12878.938938497173,575308.4905337449,0.31082451142109085,0.20251011504994054,41434.7596964429,2840887.6780889165,0.03125,0.03125,0.109375,0.0
0,6e-07,5.999805639200657e-07,2900.0,0.0017399436353681152,5.999805639200657e-07,0.0005,3981.217498181684,2204837.790952491,3611.2418193058056,177362.85372844234,92.6578751950868,244.43008407593953,185.3157503901736,20037.494790862394,2.673695759569464,0.0625,0.03125,3611.241819305785,63.51790835452798,264.7076452342335,608276.9992006477,1.5730620361864567e-08,0.0,0.014231788598062912,1.9660163118532714e-05,13997.23912736528,0.018911418375122082,0.0,0.0,0.20675428490055991,0.0,0.0390625,13821.758976918325,608276.9992006477,0.32149997636875144,0.20388859382563893,42991.47742724919,2983379.24543652,0.03125,0.03125,0.109375,0.0
0,6e-07,5.999805639200657e-07,2925.0,0.001754943149466115,5.999805639200657e-07,0.0005,3980.802616704985,2227795.597648776,3663.735638682203,182265.97677441014,92.8126305975712,245.1998830425288,185.6252611951424,20347.36500922988,2.7150431783717304,0.0625,0.03125,3663.7356386821766,63.49816757762615,276.0962369808658,641877.0504129035,1.664739102125168e-08,0.0,0.01425555825787789,1.9660163118532714e-05,14202.177505955202,0.019440415870389888,0.0,0.0,0.2311829302550533,0.0,0.0390625,14838.061582905037,641877.0504129035,0.3327216642733246,0.20508946207298986,44596.01876334643,3129741.742578973,0.03125,0.03125,0.109375,0.0
0,6e-07,5.999805639200657e-07,2950.0,0.0017699426635641147,5.999805639200657e-07,0.0005,3980.381923975618,2251182.936131088,3716.478474709698,187311.80352822854,92.96605627923572,246.10585522765447,185.93211255847143,20659.41494522319,2.756681446994997,0.0625,0.03125,3716.4784747096655,63.46486063855727,287.9010395361356,676279.1465513469,1.760781742632389e-08,0.0,0.014279123679191146,1.9660163118532714e-05,14412.461164224238,0.019975841478816023,0.0,0.0,0.2609817101680456,0.0,0.0390625,15931.359470237978,676279.1465513469,0.34442976677081677,0.20624504955726314,46254.30496208735,3279007.898628765,0.03125,0.03125,0.109375,0.0
0,6e-07,5.999805639200657e-07,2975.0,0.0017849421776621145,5.999805639200657e-07,0.0005,3979.9553719139544,2275022.3972219294,3771.4023060140985,192486.16215437744,93.11818998325342,248.36931836835603,186.23637996650683,20973.14469710246,2.7985438612341715,0.0625,0.0234375,3771.4023060140885,63.38740535952642,300.14565568374746,711788.5609379704,1.858279574662447e-08,0.0,0.014302490659166259,1.9660163118532714e-05,14628.142047871455,0.020518371690779535,0.0,0.0,0.3026719755464731,0.015625,0.0390625,17104.27884264401,711788.5609379704,0.3565385269202071,0.20750485743687083,47973.15732016789,3430226.0184657015,0.03125,0.03125,0.109375,0.0
0,6e-07,5.999805639200657e-07,3000.0,0.0017999416917601142,5.999805639200657e-07,0.0005,3979.5229142251223,2299338.186308874,3850.243676584344,197771.4237344683,93.26906661962651,250.60508834739812,186.53813323925303,21397.037387533863,2.8551058267267724,0.0625,0.0234375,3850.2436765843304,63.26468596933064,312.8600401401736,748850.300284659,1.964508555829525e-08,0.0,0.014325664559805874,1.9660163118532714e-05,14849.261711809415,0.021069063648555694,0.0,0.0,0.3453366583319117,0.0,0.0390625,18358.412461459127,748850.300284659,0.36893839758290486,0.20902870995428732,49760.10244998631,3582523.66599988,0.03125,0.03125,0.09375,0.0
0,6e-07,5.999805639200657e-07,3025.0,0.001814941205858114,5.999805639200657e-07,0.0005,3979.084507411303,2324156.275592466,3931.2346852673145,203146.3169455239,93.4187183653458,252.80275280705717,186.8374367306916,21866.686521834672,2.9177732865051365,0.0625,0.0234375,3931.2346852672927,63.24493213811033,326.0819594914401,788043.5752839958,2.0634615793824196e-08,0.0,0.014348650323335672,1.9660163118532714e-05,15075.849152187831,0.021629425725854957,0.0,0.0,0.40801156035721087,0.0,0.0390625,19694.240416689456,788043.5752839958,0.3815004539354398,0.21097918596984205,51623.111358138136,3735172.129238573,0.03125,0.03125,0.09375,0.0
0,6e-07,5.999805639200657e-07,3050.0,0.0018299407199561138,5.999805639200657e-07,0.0005,3978.640112096395,2349504.5721471445,4014.351526597057,208585.72905892992,93.56717478422256,254.9503975486212,187.13434956844512,22347.673495699244,2.9819536067423904,0.0625,0.0234375,4014.351526597027,63.20797130833452,339.85844240472034,830064.6638790062,2.1653249859809875e-08,0.0,0.014371452490609971,1.9660163118532714e-05,15307.917114610718,0.022201481747006636,0.0,0.0,0.49551139255890725,0.0,0.0390625,21111.141208383488,830064.6638790062,0.39408309403491687,0.21351335607544983,53570.27877606184,3887647.4949215064,0.03125,0.03125,0.09375,0.0
0,6e-07,5.999805639200657e-07,3075.0,0.0018449402340541135,5.999805639200657e-07,0.0005,3978.1896946094703,2375413.102955801,4099.543513015447,214060.46876388698,93.71446296470188,257.03443647604394,187.42892592940376,22839.724418930637,3.0476102410006787,0.0625,0.0234375,4099.543513015407,63.20072643350947,354.24712018073296,875697.8425308112,2.270098775625229e-08,0.0,0.014394075222279154,1.9660163118532714e-05,15545.456309992842,0.022787823857767227,0.0,0.0,0.6273762471211403,0.0,0.0390625,22607.513338901583,875697.8425308112,0.4065408316066878,0.2167738512324859,55609.45317486205,4039683.926598885,0.03125,0.03125,0.09375,0.0
0,6e-07,5.999805639200657e-07,3100.0,0.0018599397481521133,5.999805639200657e-07,0.0005,3977.733228724019,2401914.218208295,4186.7256112366385,219536.96061697952,93.86060767006383,259.03943253987836,187.72121534012766,23342.450097566907,3.1146912573266037,0.0625,0.0234375,4186.725611236588,63.29454770641844,369.31733683065613,925774.9935306562,2.37050699070096e-08,0.0,0.014416522321859825,1.9660163118532714e-05,15788.426922090555,0.02339164874709092,0.0,0.0,0.85132279650219,0.0,0.0390625,24181.02289909433,925774.9935306562,0.418734733519771,0.22087937778221298,57747.831654267575,4191314.747560862,0.03125,0.03125,0.09375,0.0
0,6e-07,5.999805639200657e-07,3125.0,0.001874939262250113,5.999805639200657e-07,0.0005,3977.270697403373,2429042.81434029,4275.769981839869,224976.8362055695,94.00563149132911,260.9479108705905,188.01126298265822,23855.33090987033,3.183127320184399,0.0625,0.0234375,4275.769981839804,63.40038479003857,385.1508911573119,981125.5204453636,2.4607288651168346e-08,0.0,0.014438797259220358,1.9660163118532714e-05,16036.746774889549,0.024016772015156083,0.0,0.0,1.0,0.0,0.0390625,25828.985407947883,981125.5204453636,0.4305438172845696,0.2259149775646501,59991.53714678968,4342897.186462969,0.03125,0.03125,0.09375,0.0
0,6e-07,5.999805639200657e-07,3150.0,0.0018899387763481128,5.999805639200657e-07,0.0005,3976.802094368768,2456836.5785032716,4366.496568867632,230501.20294572276,94.14955498944923,262.7401655880565,188.29910997889846,24377.702356263802,3.252829762317001,0.0625,0.0234375,4366.496568867555,63.45602955043592,401.84226409955227,1042519.2569334256,2.638137864004662e-08,0.0,0.014460903192420604,1.9660163118532714e-05,16290.275550457378,0.024667616140370927,0.0,0.0,1.0,0.0,0.0390625,27548.880435735977,1042519.2569334256,0.4418765422973144,0.2319226004656993,62345.19780685677,4495117.141839789,0.03125,0.03125,0.09375,0.0
0,6e-07,5.999805639200657e-07,3175.0,0.0019049382904461126,5.999805639200657e-07,0.0005,3976.3274252963656,2485336.256341181,4458.662805915038,239676.4156045039,94.29239681061364,264.3940622417244,188.58479362122728,24908.742156691333,3.3236888630870824,0.0625,0.0234375,4458.662805914948,63.45913338236857,419.49818648453856,1110606.064078671,2.9416937762700158e-08,0.0,0.014482842985422482,1.9660163118532714e-05,16548.794511807988,0.025349168858506032,0.0,0.0,1.0,0.0,0.0390625,29338.985571010286,1110606.064078671,0.45268143870278227,0.23889287625471095,64811.549718241105,4648971.042964576,0.03125,0.03125,0.09375,0.0
0,6e-07,5.999805639200657e-07,3200.0,0.0019199378045441124,5.999805639200657e-07,0.0005,3975.846708474072,2514585.9450127482,4551.952518452278,249272.15852211253,94.43417375739578,265.88483859329494,188.86834751479157,25447.459897033037,3.395572466950241,0.0625,0.0234375,4551.952518452177,63.518360431024284,438.23641884493827,1193044.676316727,3.2681033797130796e-08,0.0,0.014504619219017675,1.9660163118532714e-05,16844.76747887088,0.02601617501664165,0.0,0.0,1.0,0.0,0.0390625,31199.102668749154,1193044.676316727,0.462955941826595,0.24825499221295527,67391.08379439508,4805722.8001011275,0.03125,0.0234375,0.09375,0.0
0,6e-07,5.999805639200657e-07,3225.0,0.0019349373186421121,5.999805639200657e-07,0.0005,3975.3599748158626,2544633.4132214948,4645.964109640277,259288.6707760743,94.57490079954663,267.18490764885655,189.14980159909325,25992.690306851673,3.4683250864735755,0.0625,0.0234375,4645.964109640161,63.55972106682112,458.1836489292773,1282087.878227083,3.616605815572726e-08,0.0,0.014526234192485441,1.9660163118532714e-05,17178.725252792505,0.026671574414684627,0.0,0.0,1.0,0.0,0.0390625,33131.33496870982,1282087.878227083,0.47275263977713927,0.2581297549573721,70081.7556181776,4966834.909980869,0.03125,0.0234375,0.09375,0.0
0,6e-07,5.999805639200657e-07,3250.0,0.0019499368327401119,5.999805639200657e-07,0.0005,3974.8672672427933,2575530.4494630303,4740.198122432483,269718.33632921596,94.71459101188933,268.2636686453287,189.42918202377865,26543.091261421672,3.541767635737163,0.0625,0.0234375,4740.198122432353,63.54990148848401,479.4724654335114,1375155.672402067,3.988537054234613e-08,0.0,0.014547689914053566,1.9660163118532714e-05,17526.74189220059,0.027356622718731138,0.0,0.0,1.0,0.0,0.234375,35140.859837624754,1375155.672402067,0.48218237697986205,0.26176884650668986,72878.77267047523,5253320.5946908705,0.03125,0.0234375,0.09375,0.0
0,6e-07,5.999805639200657e-07,3275.0,0.0019649363468381116,5.999805639200657e-07,0.0005,3974.3686395890863,2607333.2386470176,4834.04428211429,280543.23123108514,94.85325543300058,269.0873342582222,189.70651086600117,27097.147520013234,3.6156979291506257,0.0625,0.0234375,4834.044282114144,63.48714573037613,502.2374377289998,1471378.1931347093,4.381367694382195e-08,0.0,0.014568988079192506,1.9660163118532714e-05,17889.445725899783,0.02807451082745823,0.0,0.0,1.0,0.0,0.234375,37236.63002534663,1471378.1931347093,0.49141395026053664,0.26075687324996827,75774.46673136692,5642720.649300807,0.03125,0.0234375,0.09375,0.0
0,6e-07,5.999805639200657e-07,3300.0,0.0019799358609361114,5.999805639200657e-07,0.0005,3973.8641553617435,2640102.7656223206,4926.7681532514825,291732.20646809245,94.99090284680311,269.61878574958524,189.98180569360622,27819.289470325675,3.7120566751171165,0.0625,0.0234375,4926.768153251321,63.540223008022295,526.6104177544876,1569853.8757339688,4.794255325447601e-08,0.0,0.014590130037069082,1.9660163118532714e-05,18267.444946701286,0.028827809214204435,0.0,0.0,0.6386983816856134,0.0,0.765625,39431.92797167682,1569853.8757339688,0.5006704426534254,0.259981621651087,78758.25016291691,6038326.346932397,0.03125,0.0234375,0.078125,0.0
0,6e-07,5.999805639200657e-07,3325.0,0.001994935375034111,5.999805639200657e-07,0.0005,3973.3538868450337,2673905.2419479648,5017.497610997427,303237.45186327543,95.12753949899319,270.0660553951608,190.25507899798637,28725.44292378993,3.8329689284369004,0.0625,0.0234375,5017.497610997246,63.563053707027095,552.715275617229,1669742.106451408,5.2273825663406656e-08,0.0,0.014611116746991169,1.9660163118532714e-05,18661.309861691392,0.029618246506471813,0.0,0.0,0.3580289810227709,0.0,0.765625,41744.69430247844,1669742.106451408,0.510222523512099,0.2594433800662029,81816.64348161327,6435863.216187421,0.96875,0.0234375,0.078125,0.0
0,6e-07,5.999805639200657e-07,3350.0,0.002009934889132111,5.999805639200657e-07,0.0005,3972.837915161705,2708812.549684323,5105.209450988696,314990.4827221065,95.26316877011078,273.76844070477546,190.52633754022156,29663.623760870432,3.9581547439289335,0.0625,0.0234375,5105.209450988501,63.536924656961695,580.6623756671961,1781519.5920970356,5.6823938684093434e-08,0.0,0.014631948728192885,1.9660163118532714e-05,19071.551114150025,0.030446520694186067,0.0,0.0,0.3026758201940252,0.0,0.9609375,44506.65028774153,1781519.5920970356,0.5240185515322204,0.260834159915145,84933.34855723126,6830085.417786544,0.9765625,0.03125,0.078125,0.0
0,6e-07,5.999805639200657e-07,3375.0,0.0020249344032301107,5.999805639200657e-07,0.0005,3972.3163319436776,2744902.693420208,5233.691254888983,326897.48952943913,95.39779083543267,277.3948752544294,190.79558167086535,30632.6504351873,4.087456462385885,0.046875,0.0234375,5233.691254888983,63.460507521469374,610.5431830562711,1898135.3090904783,6.163837059566655e-08,0.0,0.01465262600759587,1.9660163118532714e-05,19498.593271533304,0.03131216568056861,0.0,0.0,0.2645910630766037,0.0,0.9609375,47661.748967495805,1898135.3090904783,0.5410615589184001,0.26309339224458733,88089.32769641445,7214682.561566801,0.9765625,0.03125,0.078125,0.0
0,6e-07,5.999805639200657e-07,3400.0,0.0020399339173281105,5.999805639200657e-07,0.0005,3971.7892431986684,2782260.2498719846,5381.937147052512,338833.9946808964,95.53140234704165,280.9079972554143,191.0628046940833,31630.753531281374,4.220637982505697,0.046875,0.0234375,5381.937147052512,63.401721279478195,642.4254481917833,2016682.820062941,6.677773202466271e-08,0.0,0.0146731480709767,1.9660163118532714e-05,19942.74300910523,0.032213494798507505,0.0,0.0,0.2352356190624992,0.0,0.0390625,51134.26493766892,2016682.820062941,0.5542192456702896,0.2659756912522084,92263.60386641859,7582207.27077891,0.9765625,0.03125,0.078125,0.0
0,6e-07,5.999805639200657e-07,3425.0,0.0020549334314261102,5.999805639200657e-07,0.0005,3971.2567757794222,2820976.804184772,5533.693236607048,350638.7729438764,95.66399617389354,284.2629319288609,191.32799234778707,32655.525221508673,4.35737801669086,0.046875,0.0234375,5533.693236607048,63.44786390252376,676.3494329120986,2136019.2688861275,7.22928875343551e-08,0.0,0.014693513823042471,1.9660163118532714e-05,20404.15086283066,0.03314763929452093,0.0,0.0,0.2786471817274038,0.34375,0.828125,54961.861451969395,2136019.2688861275,0.5671614752880052,0.26956206460641136,96906.90190841982,7924035.127142009,0.9765625,0.03125,0.078125,0.0
0,6e-07,5.999805639200657e-07,3450.0,0.00206993294552411,5.999805639200657e-07,0.0005,3970.7190866006185,2861151.364871012,5688.525896790605,362107.0194051897,95.79556123047588,287.40609764186763,191.59112246095177,33703.890993662935,4.4972663185341055,0.046875,0.0234375,5688.525896790605,63.449332139577116,712.3256022456108,2255256.0374198062,7.8238401897278e-08,0.0,0.014713721561113627,1.9660163118532714e-05,20882.76515117509,0.03411069353550278,0.0,0.0,0.3157436890474933,0.0,0.03125,59180.56878339959,2255256.0374198062,0.5814929008216306,0.27042856262457576,101773.50179130194,8339563.008921806,0.9765625,0.03125,0.078125,0.0
0,6e-07,5.999805639200657e-07,3475.0,0.0020849324596221097,5.999805639200657e-07,0.0005,3970.1763744855166,2902890.7567815734,5845.8368361515295,372982.7968556544,95.92608241353615,290.27390629517356,191.8521648270723,34772.11238978662,4.639804048270646,0.046875,0.0234375,5845.8368361515295,63.40501403660377,750.3340947796241,2373903.343187101,8.46739527355717e-08,0.0,0.014733768965405725,1.9660163118532714e-05,21378.27614833857,0.03509796999408378,0.0,0.0,0.388096427679425,0.0,0.03125,63822.95017596046,2373903.343187101,0.5972017157972649,0.26762832265729236,106870.00470311235,8870149.91394229,0.9765625,0.03125,0.078125,0.0
0,6e-07,5.999805639200657e-07,3500.0,0.0020999319737201095,5.999805639200657e-07,0.0005,3969.6288943970685,2946310.005441683,6004.812689851819,387340.9504389304,96.05554065016709,292.79138407283097,192.11108130033418,35855.82974790412,4.78440947600565,0.046875,0.0234375,6004.812689851819,63.31406206391155,790.3260910096196,2492004.208719394,9.163050869358738e-08,0.0,0.014753653106415115,1.9660163118532714e-05,21890.04791126905,0.03610435638209626,0.0,0.0,0.4943863992019947,0.0,0.03125,68916.20555786142,2492004.208719394,0.6142202550596875,0.26441737182151576,112201.12816234694,9424510.165699404,0.9765625,0.03125,0.078125,0.0
0,6e-07,5.999805639200657e-07,3525.0,0.0021149314878181093,5.999805639200657e-07,0.0005,3969.0769739993843,2991532.7482513306,6164.3641027733365,408664.41457294946,96.18391304106453,294.87076044179844,192.36782608212906,36950.15329705638,4.930430136946741,0.046875,0.0234375,6164.3641027733365,63.32757465868148,832.2269154800488,2610244.8017324293,9.919210123041414e-08,0.0,0.014773370466922613,1.9660163118532714e-05,22417.034310168296,0.03712475539650458,0.0,0.0,0.6662887128904392,0.0,0.03125,74480.34076097063,2610244.8017324293,0.6306015983503777,0.26104397997892353,118109.97776695697,9999253.00688098,0.9765625,0.03125,0.078125,0.0
0,6e-07,5.999805639200657e-07,3550.0,0.002129931001916109,5.999805639200657e-07,0.0005,3968.5210332015445,3038691.7397727678,6339.194568398032,430909.8055798997,96.31117306264743,296.41010377131096,192.62234612529485,38049.80905879071,5.077162299715712,0.046875,0.015625,6339.194568398032,63.3774595499052,875.9403361297673,2730028.5211430704,1.073214720418056e-07,0.0,0.014792916973038143,1.9660163118532714e-05,22957.674796346313,0.038154575491642216,0.0,0.0,0.9942769332278124,0.0,0.03125,80526.54338767141,2730028.5211430704,0.6477871782457894,0.25779810653822494,124310.18410357805,10589792.756054537,0.9765625,0.03125,0.078125,0.0
0,6e-07,5.999805639200657e-07,3575.0,0.002144930516014109,5.999805639200657e-07,0.0005,3967.961608693758,3087929.5601474266,6626.618342897592,453965.7347547927,96.4464601269743,297.292122609232,192.8929202539486,39163.05299444689,5.2257075954823105,0.046875,0.015625,6626.618342897592,63.42442984045718,921.353076336497,2853502.684437168,1.1602959028781839e-07,0.0,0.0148136963929795,1.9660163118532714e-05,23509.764302086096,0.039190230259124395,0.0,0.0,1.0,0.0,0.03125,87055.90478547642,2853502.684437168,0.6658110369057065,0.2550044801116914,130751.6697080608,11190010.00761767,0.9765625,0.03125,0.0625,0.0
0,6e-07,5.999805639200657e-07,3600.0,0.0021599300301121086,5.999805639200657e-07,0.0005,3967.3993874588136,3139399.6872723065,6927.740757319399,477658.45842001284,96.58906360315557,297.38330316362,193.17812720631113,41196.953732940965,5.497100393666678,0.046875,0.015625,6927.740757319399,63.55087710544851,968.3380614577163,3005635.3411409464,1.2524766916406904e-07,0.0,0.014835599577377886,1.9660163118532714e-05,24070.290492040243,0.04022959597342351,0.0,0.0,1.0,0.0,0.03125,94058.60574308116,3005635.3411409464,0.6845157781127341,0.25163358739703584,137408.96667482,11944491.878973832,0.9765625,0.9765625,0.0625,0.0
0,6e-07,5.999805639200657e-07,3625.0,0.0021749295442101083,5.999805639200657e-07,0.0005,3966.835255463553,3193268.154079699,7241.391924785651,501730.61616361374,96.73068698242295,296.53361480074204,193.4613739648459,43329.84030126096,5.781701329705868,0.046875,0.015625,7241.391924785651,63.62155471628358,1016.7544311851052,3216935.2531559262,1.3493102369141831e-07,0.0,0.014857352223766907,1.9660163118532714e-05,24635.230531737063,0.04127237331411376,0.0,0.0,1.0,0.0,0.03125,101513.63796931389,3216935.2531559262,0.6968367716103897,0.25271069649457834,145677.785824528,12729715.432622943,0.9765625,0.9765625,0.0625,0.0
0,6e-07,5.999805639200657e-07,3650.0,0.002189929058308108,5.999805639200657e-07,0.0005,3966.2703693693334,3249716.0825427393,7565.589739037992,525814.4153234877,96.87128015346909,294.57708216224154,193.74256030693817,45553.14770245514,6.078367536376729,0.046875,0.015625,7565.589739037936,63.634286513757914,1066.4419297848654,3463797.4314215276,1.450585539444927e-07,0.0,0.014878946635299085,1.9660163118532714e-05,25199.29886216185,0.042320301672606746,0.0,0.0,1.0,0.0,0.03125,109389.06363997026,3463797.4314215276,0.7054298242628292,0.25794649466372926,155067.2510256868,13428356.279611751,0.9765625,0.9765625,0.0625,0.0
0,6e-07,5.999805639200657e-07,3653.0,0.002191729,5.999805640518295e-07,0.0005,3966.2026002841053,3256672.442274038,7605.070684270334,528682.7173657912,96.88807957061483,294.25949401265416,193.77615914122967,45825.47421598235,6.114705324709833,0.046875,0.015625,7605.070684270264,63.63182863507521,1072.481142989178,3496094.4849564377,1.463009003825397e-07,0.0,0.014881526945453064,1.966016312285035e-05,25266.621541608583,0.04244655903928575,0.0,0.0,1.0,0.0,0.03125,110360.4638482543,3496094.4849564377,0.7063752832720193,0.25887763884290504,156234.88882149264,13504814.47753769,0.9765625,0.9765625,0.0625,0.0
1,3e-07,2.9999028196003285e-07,0.0,0.0,0.0,0.0005,4008.11113236055,773886.7345045686,3265.5332310870513,0.0,0.0,0.0,0.0,7494.3062310458845,1.0,0.0,0.0859375,3265.533231087051,64.88057619110188,0.0,11.361380314832786,6.366462912410498e-12,0.0,0.0,0.0,0.0,0.0,0.0,0.0,0.0,0.0,0.0,11.361380314832786,0.0,0.0009388669913412475,0.0,12101.160675168838,0.0,0.9140625,0.0,0.171875,0.0
1,3e-07,2.9999028196003285e-07,25.0,7.499757049000818e-06,2.9999028196003285e-07,0.0005,4008.1041475404045,773932.1342011302,3264.909910402409,1589.033706745123,1.1701817597933273,2.769485626736438,2.3403635195866546,7494.644627080096,1.0000451537505646,0.0,0.0859375,3264.9099104024085,64.8806205187104,1.2330589878365856,22.5903097297778,1.0686562745831907e-11,0.0,8.986704795261124e-05,9.830081559266357e-06,153.12213433861334,0.00805278082860187,0.0,0.0,0.022714104097620355,0.0,0.8046875,11.334371032877243,22.5903097297778,0.0009367969141184233,0.002756436869194404,12099.069565727063,8195.475101296277,0.9140625,0.03125,0.171875,0.0
1,3e-07,2.9999028196003285e-07,50.0,1.4999514098001632e-05,2.9999028196003285e-07,0.0005,4008.094835558979,774072.5220164068,3263.0481599915197,3176.9376479459324,2.3398244277545417,5.537891967642214,4.679648855509083,7495.708349478451,1.000187091158186,0.0,0.0859375,3263.0481599915192,64.88086228529635,2.464578795344835,45.11497991452052,2.000888343900442e-11,0.0,0.00017969269499367872,9.830081559266357e-06,306.1440424791821,0.00805038953358835,0.0,0.0,0.022727117313927406,0.0,0.1953125,11.254098688354134,45.11497991452052,0.0009306426028162139,0.0027535491478313783,12092.825596311784,16384.30167482279,0.9140625,0.03125,0.171875,0.0
1,3e-07,2.9999028196003285e-07,75.0,2.2499271147002447e-05,2.9999028196003285e-07,0.0005,4008.0831974602625,774307.8180797603,3259.9511894734947,4762.603855736927,3.50839362267045,8.304169608715059,7.0167872453409,7497.496974674838,1.0004257557044756,0.0,0.0859375,3259.951189473494,64.88129983994358,3.693039494067648,67.50976022015675,3.092281986027956e-11,0.0,0.0002694359019754725,9.830081559266357e-06,458.96737263180444,0.008046409645398258,0.0,0.0,0.022748845798559028,0.0,0.8046875,11.121146189499996,67.50976022015675,0.0009204396147657368,0.002748774838895235,12082.428886256122,24559.945494586136,0.9140625,0.03125,0.171875,0.0
1,3e-07,2.9999028196003285e-07,100.0,2.999902819600326e-05,2.9999028196003285e-07,0.0005,4008.069235419195,774637.8916307341,3255.6243245570786,6344.928657719265,4.67535697748929,11.06727224816865,9.35071395497858,7500.009816307217,1.0007610558049662,0.0,0.0859375,3255.624324557078,64.88193043071368,4.916931240518352,89.71098661914584,4.4565240386873484e-11,0.0,0.0003590557844328497,9.830081559266357e-06,611.4942453213143,0.00804084630090789,0.0,0.0,0.022779859191133765,0.0,0.1953125,10.936476396396756,89.71098661914584,0.0009062467261019178,0.002742122516324515,12067.87961975691,32715.89292056601,0.9140625,0.03125,0.171875,0.0
1,3e-07,2.9999028196003285e-07,125.0,3.749878524500415e-05,2.9999028196003285e-07,0.0005,4008.0529527429912,775062.5613922251,3250.0749857790843,7922.814786054673,5.84018513288083,13.826158226063008,11.68037026576166,7503.245925686737,1.00119286487171,0.0,0.0859375,3250.074985779084,64.88275020138788,6.134759208898799,111.6558536545781,5.638867150992155e-11,0.0,0.00044851168888619826,9.830081559266357e-06,763.6274852633395,0.008033706653163757,0.0,0.0,0.022820990191662317,0.0,0.8046875,10.701421243720688,111.6558536545781,0.0008881453311354327,0.0027336037800074317,12049.178066431603,40845.66112733226,0.9140625,0.03125,0.171875,0.0
1,3e-07,2.9999028196003285e-07,150.0,4.499854229400505e-05,2.9999028196003285e-07,0.0005,4008.034353872811,775581.5960887887,3243.3126589774524,9495.173453212992,7.002352718669645,16.579792040936,14.00470543733929,7507.204092447281,1.0017210213999483,0.0,0.0859375,3243.312658977452,64.88375418689759,7.345048421758861,133.28266412380617,6.912159733474255e-11,0.0,0.0005377632682130711,9.830081559266357e-06,915.2708499242407,0.008024999837334304,0.0,0.0,0.022873375943186787,0.0,0.8046875,10.417666766865295,133.28266412380617,0.0008662386144252158,0.0027232328644985885,12026.324610081989,48942.80832952075,0.9140625,0.03125,0.171875,0.0
1,3e-07,2.9999028196003285e-07,175.0,5.249829934300595e-05,2.9999028196003285e-07,0.0005,4008.013444385703,776194.7151072819,3235.348857710258,11060.926384053473,8.161339319242773,19.327145849238185,16.322678638485545,7511.882845376036,1.0023453290789397,0.0,0.0859375,3235.3488577102576,64.8849363074424,8.546348446448292,154.5310495705926,7.639755494892597e-11,0.0,0.0006267705557890923,9.830081559266357e-06,1066.3292537061927,0.008014736927402236,0.0,0.0,0.022938517702260786,0.0,0.1953125,10.091238338834955,154.5310495705926,0.0008409841990292114,0.002711026146604609,11999.319785655614,57000.944002009375,0.90625,0.03125,0.171875,0.0
1,3e-07,2.9999028196003285e-07,200.0,5.9998056392006845e-05,2.9999028196003285e-07,0.0005,4007.990230996751,776901.5892962835,3226.197077888167,12619.007794591089,9.316630419145914,22.067200943456193,18.63326083829183,7517.2804534259085,1.003065556927051,0.0,0.0859375,3226.1970778881664,64.88628936129514,9.737237926714215,175.34215569880325,9.094947017729282e-11,0.0,0.0007154940381073925,9.830081559266357e-06,1216.708986734045,0.00800293088395067,0.0,0.0,0.023018365051054115,0.0,0.8046875,9.736581356584793,175.34215569880325,0.0008135400795542049,0.002697001559183874,11968.164324393387,65013.73909174255,0.09375,0.03125,0.171875,0.0
1,3e-07,2.9999028196003285e-07,225.0,6.749781344100774e-05,2.9999028196003285e-07,0.0005,4007.964721561301,777701.8419000106,3215.8727449411567,14168.366308612629,10.467718325220938,24.798949204911843,20.935436650441876,7523.394926910667,1.0038814394512303,0.0,0.0859375,3215.8727449411563,64.88780501629296,10.916328920619776,195.6587877420825,1.0368239600211382e-10,0.0,0.0008038947255964754,9.830081559266357e-06,1366.3179272639286,0.00798959649346026,0.0,0.0,0.02311543419771378,0.0,0.1953125,9.345905568479793,195.6587877420825,0.0007832075620973457,0.002681177920596292,11932.859207146139,72974.93621705199,0.8984375,0.03125,0.171875,0.0
1,3e-07,2.9999028196003285e-07,250.0,7.499757049000864e-05,2.9999028196003285e-07,0.0005,4007.936925077167,778595.049621753,3204.393153890166,15707.966804246795,11.61410306180043,27.52139452734504,23.22820612360086,7530.224018883982,1.0047926768310194,0.0,0.0859375,3204.3931538901656,64.88947380001396,12.082271018081656,215.42551181162708,1.1641532182693481e-10,0.0,0.0008919342213689322,9.830081559266357e-06,1515.0657467843155,0.007974750299599827,0.0,0.0,0.023232975054737627,0.0,0.1953125,8.94924242948764,215.42551181162708,0.0007524541444042934,0.002663574189853989,11893.405725836783,80878.35984904037,0.890625,0.03125,0.171875,0.0
1,3e-07,2.9999028196003285e-07,275.0,8.249732753900954e-05,2.9999028196003285e-07,0.0005,4007.90685168669,779580.7438112026,3191.777402740156,17236.79218363904,12.755293235660602,30.23355420752673,25.510586471321204,7537.765226703492,1.0057989351272536,0.0,0.0859375,3191.7774027401556,64.89128508863813,13.233755213712698,234.5887093838537,1.3096723705530167e-10,0.0,0.0009795747876476732,9.830081559266357e-06,1662.8641069377932,0.007958410527053228,0.0,0.0,0.023375210058626757,0.0,0.1953125,8.569518976277323,234.5887093838537,0.0007231780249829688,0.002644208659093174,11849.805553036735,88717.92646814242,0.1171875,0.03125,0.171875,0.0
1,3e-07,2.9999028196003285e-07,300.0,8.999708458801044e-05,2.9999028196003285e-07,0.0005,4007.8745126784956,780658.4117694353,3178.0463196525716,18753.84506001474,13.890806867640123,32.9344602993024,27.781613735280246,7546.0157937812,1.006899846515626,0.0,0.0859375,3178.046319652571,64.89322709449291,14.369517513264782,253.09658326779027,1.5643308870494366e-10,0.0,0.0010667794096321846,9.830081559266357e-06,1809.6268474554072,0.007940596998475331,0.0,0.0,0.023547681456107923,0.0,0.8046875,8.220030462660361,253.09658326779027,0.000696491111874155,0.002623098095687215,11802.060819615443,96487.65468737931,0.875,0.03125,0.171875,0.0
1,3e-07,2.9999028196003285e-07,325.0,9.749684163701133e-05,2.9999028196003285e-07,0.0005,4007.8399204888174,781827.4981647538,3163.2223843918237,20258.14935761049,15.020172188056861,35.623160927637095,30.040344376113723,7554.972711521572,1.0080950095452959,0.0,0.0859375,3163.222384391823,64.8952868522825,15.488342254771283,270.89911461726297,1.673470251262188e-10,0.0,0.001153511856584556,9.830081559266357e-06,1955.2701643643632,0.007921331045219714,0.0,0.0,0.023757767407056537,0.0,0.1953125,7.906875607935945,270.89911461726297,0.0006729156072988671,0.002600256847029332,11750.174200409361,104181.6753320935,0.859375,0.03125,0.171875,0.0
1,3e-07,2.9999028196003285e-07,350.0,0.00010499659868601223,2.9999028196003285e-07,0.0005,4007.8030887022182,783087.4065520882,3147.329644572047,21748.75182118906,16.14292839329552,38.29872155941601,32.28585678659104,7564.6327214487355,1.0093839894227323,0.0,0.0859375,3147.3296445720466,64.89745020400204,16.589065128415314,287.9479718056973,1.7462298274040222e-10,0.0,0.0012397367399335278,9.830081559266357e-06,2099.712777803289,0.007900635412511384,0.0,0.0,0.024015469372339077,0.0,0.8046875,7.634991526705562,287.9479718056973,0.0006528898786551441,0.0025756959216732653,11694.14900784265,111794.24146412278,0.8515625,0.03125,0.171875,0.0
1,3e-07,2.9999028196003285e-07,375.0,0.00011249635573501313,2.9999028196003285e-07,0.0005,4007.764032051568,784437.5009881986,3130.393627256624,23224.723433103467,17.258626361193414,40.960226227951516,34.51725272238683,7574.992317524158,1.0107663183209707,0.0,0.0859375,3130.3936272566234,64.89970178253704,17.67057588220314,304.19637319864705,1.8553691916167736e-10,0.0,0.0013254195682143406,9.830081559266357e-06,2242.876088856289,0.007878534159777817,0.0,0.0,0.02433465146838114,0.0,0.1953125,7.392421821699827,304.19637319864705,0.0006354159038021523,0.002549422060756224,11633.989293414954,119319.7383364662,0.84375,0.03125,0.171875,0.0
1,3e-07,2.9999028196003285e-07,400.0,0.00011999611278401403,2.9999028196003285e-07,0.0005,4007.722766417098,785877.1077345344,3112.441246483817,24685.160737114915,18.366829323117248,43.60677870835453,36.733658646234495,7586.047748656251,1.0122414957144823,0.0,0.0859375,3112.4412464838165,64.90202499395066,18.731820703612357,319.5989070077194,2.0372681319713593e-10,0.0,0.001410526798682558,9.830081559266357e-06,2384.684324896847,0.007855052556871496,0.0,0.0,0.024735064829784464,0.0,0.8046875,7.174632873720839,319.5989070077194,0.0006199376864863849,0.002521436813541882,11573.151673330976,126752.6932625277,0.8359375,0.03125,0.171875,0.0
1,3e-07,2.9999028196003285e-07,425.0,0.00012749586983301468,2.9999028196003285e-07,0.0005,4007.679308824384,787405.5170392737,3093.5007073071124,26129.187069372372,19.467113490898186,46.237503641145096,38.93422698179637,7597.795021403157,1.0138089887398196,0.0,0.0859375,3093.500707307112,64.9044019984612,19.77180427047756,335.902220876771,2.1827872842550278e-10,0.0,0.0014950258854611216,9.830081559266357e-06,2525.0646730142735,0.007830216976928019,0.0,0.0,0.02524580386400736,0.0,0.8046875,6.981320358172525,335.902220876771,0.0006058891804889923,0.0025050918688804455,11522.437737769375,134087.7853820545,0.8359375,0.0390625,0.171875,0.0
1,3e-07,2.9999028196003285e-07,450.0,0.00013499562688201524,2.9999028196003285e-07,0.0005,4007.6336774411034,789021.9849897887,3073.601406948572,27555.953698103694,20.55906863707206,48.851547601702144,41.11813727414412,7610.229902870078,1.0154682325822193,0.0,0.0859375,3073.6014069485714,64.9068136901144,20.78959146745092,352.1304603568278,2.255546860396862e-10,0.0,0.0015788853241013544,9.830081559266357e-06,2663.947401178061,0.007804054786613754,0.0,0.0,0.025911532138971606,0.0,0.1953125,6.808623274118872,352.1304603568278,0.0005936763831912411,0.0024917267258701805,11468.57693331151,141319.85530389735,0.171875,0.0390625,0.171875,0.0
1,3e-07,2.9999028196003285e-07,475.0,0.0001424953839310158,2.9999028196003285e-07,0.0005,4007.5858915723966,790725.7354265866,3052.7738336677457,28964.640874626213,21.64229862715571,51.44808011338351,43.28459725431142,7623.347923802217,1.0172186308883089,0.0,0.0859375,3052.7738336677453,64.90923967515602,21.78430876738821,367.84427807619795,2.4374458007514477e-10,0.0,0.0016620746924604604,9.830081559266357e-06,2801.2659668783363,0.007776594234521802,0.0,0.0,0.026804464360941863,0.0,0.8046875,6.64895381849783,367.84427807619795,0.000582650832175229,0.002478001735928397,11411.558091619088,148443.91460378986,0.1796875,0.0390625,0.171875,0.0
1,3e-07,2.9999028196003285e-07,500.0,0.00014999514098001636,2.9999028196003285e-07,0.0005,4007.535971654707,792515.96190962,3031.049463947605,30354.45879923593,22.71642190297434,54.026294602383615,45.43284380594868,7637.144381874323,1.019059556205045,0.0,0.0859375,3031.0494639476046,64.91165824911222,22.755145279884346,383.0306012564106,2.6557245291769505e-10,0.0,0.0017445646878198626,9.830081559266357e-06,2936.957113062629,0.0077478643384599885,0.0,0.0,0.028049441775501012,0.0,0.1953125,6.500059114390751,383.0306012564106,0.0005726233161514657,0.0024639298766149227,11351.36996879011,155455.15515345684,0.1796875,0.0390625,0.171875,0.0
1,3e-07,2.9999028196003285e-07,525.0,0.00015749489802901692,2.9999028196003285e-07,0.0005,4007.483939247953,794391.8297277843,3008.4606585926244,31724.648506359594,23.781071916337382,56.5854092926359,47.562143832674764,7651.614345177691,1.0209903504450009,0.0,0.0859375,3008.460658592624,64.9140463725875,23.701353471921266,397.67577291396447,2.801243681460619e-10,0.0,0.0018263271601904308,9.830081559266357e-06,3070.9609512698567,0.0077178947723580285,0.0,0.0,0.029882507805797716,0.0,0.8046875,6.370519212359795,397.67577291396447,0.0005643620175510741,0.002449512317091044,11288.001343540578,162348.95825558878,0.1875,0.0390625,0.171875,0.0
1,3e-07,2.9999028196003285e-07,550.0,0.00016499465507801748,2.9999028196003285e-07,0.0005,4007.429817025909,796352.4779423991,2985.040558323053,33074.48267403445,24.835897512639413,59.12466803930823,49.671795025278826,7666.7526559051985,1.0230103253780767,0.0,0.0859375,2985.0405583230527,64.91637964579161,24.622249568175675,411.76494353695307,2.9831426218152046e-10,0.0,0.001907335141772077,9.830081559266357e-06,3203.221031940774,0.007686715753504371,0.0,0.0,0.03281015131342285,0.0,0.1953125,6.243478042219067,411.76494353695307,0.0005563882548191851,0.0024347371311012928,11221.441121628406,169120.903557544,0.1953125,0.0390625,0.171875,0.0
1,3e-07,2.9999028196003285e-07,575.0,0.00017249441212701804,2.9999028196003285e-07,0.0005,4007.373628764673,798397.0214555053,2960.82297943363,34403.26636330254,25.880563264234485,61.64334109968156,51.76112652846897,7682.553934234692,1.0251187631496794,0.0,0.0859375,2960.8229794336294,64.91863228181056,25.51721364089053,425.28144449577667,3.092281986027956e-10,0.0,0.001987562872556076,9.830081559266357e-06,3333.684401959666,0.007654357930789893,0.0,0.0,0.038152071947362025,0.0,0.1953125,6.1329206788796,425.28144449577667,0.0005499549425002908,0.0024195780910600136,11151.6784465963,175766.77771514351,0.1953125,0.0390625,0.171875,0.0
1,3e-07,2.9999028196003285e-07,600.0,0.0001799941691760186,2.9999028196003285e-07,0.0005,4007.3153993291407,800524.5530939125,2935.842310065039,35710.33769345685,26.91474975369656,64.14072584044199,53.82949950739312,7699.012582410837,1.027314916825381,0.0,0.0859375,2935.8423100650384,64.92077707863885,26.385689401351556,438.20615450665355,3.310560714453459e-10,0.0,0.00206698582207876,9.830081559266357e-06,3462.3016495540865,0.007620852274598834,0.0,0.0,0.05837546260295264,0.046875,0.1953125,6.022626628830039,438.20615450665355,0.0005436220041614239,0.0024039935567721094,11078.70281689641,182282.58277657023,0.796875,0.0390625,0.171875,0.0
1,3e-07,2.9999028196003285e-07,625.0,0.00018749392622501916,2.9999028196003285e-07,0.0005,4007.255154657382,802734.1457000782,2910.133407612549,36995.068459248585,27.938153807332778,66.61614738065556,55.876307614665556,7716.122789025189,1.02959801096203,0.0,0.0859375,2910.1334076125486,64.92278538999459,27.22718370693633,450.51687083696015,3.41970007866621e-10,0.0,0.0021455807073547583,9.830081559266357e-06,3589.0269367474157,0.007586229968953976,0.0,0.0,0.11508079849128826,0.0,0.1953125,5.927532272587996,450.51687083696015,0.0005387439222701522,0.0023879254717166466,11002.504209440798,188664.54425526515,0.203125,0.0390625,0.171875,0.0
1,3e-07,2.9999028196003285e-07,650.0,0.00019499368327401972,2.9999028196003285e-07,0.0005,4007.192921742852,805024.8542211101,2883.731497769075,38256.86469615212,28.95048867955741,69.06895916992812,57.90097735911482,7733.878533493875,1.0319672422052275,0.0,0.0859375,2883.7314977690744,64.92462709494197,28.041265799310395,462.18769709323533,3.4924596548080444e-10,0.0,0.0022233255070364588,9.830081559266357e-06,3713.818019622573,0.007550522306464592,0.0,0.0,0.07379037690202216,0.0,0.8046875,5.831049289852672,462.18769709323533,0.0005338286375969704,0.002371298478988667,10923.073209599883,194909.11885978747,0.203125,0.0390625,0.171875,0.0
1,3e-07,2.9999028196003285e-07,675.0,0.00020249344032302027,2.9999028196003285e-07,0.0005,4007.128728614406,807395.7177874359,2856.6720756696513,39495.167199586715,29.951484188963782,71.49854350148354,59.902968377927564,7752.273590732009,1.0344217799130586,0.0,0.0859375,2856.672075669651,64.92627056635078,28.827566290779714,473.1884593924042,3.5652192309498787e-10,0.0,0.00230019947186399,9.830081559266357e-06,3836.6362567138385,0.007513760586590282,0.0,0.0,0.01802073928559872,0.71875,0.75,5.74634365534439,473.1884593924042,0.0005293318146992627,0.002354019168124986,10855.844095842127,201013.00184794434,0.2109375,0.0390625,0.171875,0.0
1,3e-07,2.9999028196003285e-07,700.0,0.00020999319737202083,2.9999028196003285e-07,0.0005,4007.062604314053,809845.7617729828,2828.990809571525,40709.452003614286,30.940886807143805,73.90431196011531,61.88177361428761,7771.301536023466,1.0369607668058856,0.0,0.0859375,2828.9908095715246,64.92768263822697,29.58577591690323,483.48416247358546,3.710738383233547e-10,0.0,0.002376183131486344,9.830081559266357e-06,3957.446605897313,0.007475976017671359,0.0,0.0,0.016258888648903926,0.0,0.0390625,5.664030150612234,483.48416247358546,0.0005246965648878009,0.00233597546307036,10794.86798588706,206973.1339720938,0.2109375,0.0390625,0.171875,0.0
1,3e-07,2.9999028196003285e-07,725.0,0.0002174929544210214,2.9999028196003285e-07,0.0005,4006.9945788724444,812373.9998290573,2800.7234474692896,41899.2308240775,31.918459701503817,76.28570580518459,63.836919403007634,7790.955750084297,1.0395833196419855,0.0,0.0859375,2800.723447469289,64.9288285719538,30.31564407434462,498.88720215205103,3.8562575355172157e-10,0.0,0.0024512582977495234,9.830081559266357e-06,4076.2176101986965,0.007437199623124849,0.0,0.0,0.016484679236405786,0.0,0.0390625,5.5823342316653,498.88720215205103,0.0005201863746951494,0.0023445411928330437,10731.411861636661,212786.70798239077,0.21875,0.046875,0.171875,0.0
1,3e-07,2.9999028196003285e-07,750.0,0.00022499271147002195,2.9999028196003285e-07,0.0005,4006.9246832821045,814979.435884486,2771.980297808598,43064.051470422004,32.88398273350533,78.64219628904448,65.76796546701065,7811.229424317646,1.042288529918737,0.0,0.09375,2771.980297808598,64.92967202148878,31.016977163537376,515.4013570495881,4.0745362639427185e-10,0.0,0.0025254080645614376,9.830081559266357e-06,4192.921372979731,0.0073974621521449915,0.0,0.0,0.01779655998898066,0.734375,0.25,5.512367720453767,515.4013570495881,0.000516843344154695,0.002359343491119908,10665.451694012481,218451.17465492187,0.21875,0.046875,0.171875,0.0
1,3e-07,2.9999028196003285e-07,775.0,0.0002324924685190225,2.9999028196003285e-07,0.0005,4006.8529494684026,817661.0661050038,2743.7176960751917,44203.49822957715,33.83725241392376,80.97328491147155,67.67450482784751,7832.115566257493,1.0450754645990046,0.0,0.09375,2743.7176960751917,64.9301749975684,31.689636756126674,531.9326238171197,4.3655745685100555e-10,0.0,0.0025986168044558823,9.830081559266357e-06,4307.533523001807,0.00735679399519635,0.0,0.0,0.016928238995452358,0.0,0.9609375,5.44166876746749,531.9326238171197,0.0005135120836802144,0.002375078289619635,10596.963421908971,223964.24831212952,0.21875,0.046875,0.171875,0.0
1,3e-07,2.9999028196003285e-07,800.0,0.00023999222556802307,2.9999028196003285e-07,0.0005,4006.7794102583016,820417.8808053092,2714.986745946035,45317.192224266655,34.77808181686336,83.27850361087454,69.55616363372673,7853.607005198225,1.0479431668623178,0.0,0.09375,2714.986745946035,64.93029783097951,32.333537607227754,548.4559897910804,4.729372449219227e-10,0.0,0.0026708701619891024,9.830081559266357e-06,4420.033169896762,0.007315225104517251,0.0,0.0,0.017145615568195886,0.0,0.9609375,5.370338380489557,548.4559897910804,0.0005102011816849321,0.002391621464492317,10525.923054027611,229323.91180370352,0.21875,0.046875,0.171875,0.0
1,3e-07,2.9999028196003285e-07,825.0,0.00024749198261702395,2.9999028196003285e-07,0.0005,4006.7040993469464,823248.8663076779,2685.8207293376704,46404.79174700823,35.70630045439477,85.55741489323186,71.41260090878954,7875.69639800635,1.0508906568803553,0.0,0.09375,2685.8207293376704,64.92999913496404,32.94864553248408,564.9377672744449,4.729372449219227e-10,0.0,0.0027421550441122655,9.830081559266357e-06,4530.4028506010345,0.0072727849198030775,0.0,0.0,0.01735984799075891,0.0,0.9609375,5.310276235293713,564.9377672744449,0.0005080482565893313,0.0024088243338059494,10452.306776807127,234528.42091720388,0.2265625,0.046875,0.171875,0.0
1,3e-07,2.9999028196003285e-07,850.0,0.0002549917396660252,2.9999028196003285e-07,0.0005,4006.6270512621413,826153.0067415148,2656.252585502346,47465.99256986176,36.62175411379093,87.80961189987764,73.24350822758186,7898.376235110439,1.0539169326162114,0.0,0.09375,2656.252585502346,64.92923576683162,33.53497516961443,581.3350243559107,4.94765117764473e-10,0.0,0.002812459607671586,9.830081559266357e-06,4638.62846733006,0.0072295022991821474,0.0,0.0,0.01757081411262785,0.0,0.0390625,5.24973309932102,581.3350243559107,0.0005059451641866825,0.002426512991831947,10376.091068604394,239576.30818906915,0.7734375,0.046875,0.171875,0.0
1,3e-07,2.9999028196003285e-07,875.0,0.00026249149671502643,2.9999028196003285e-07,0.0005,4006.548301326793,829129.2857787244,2626.314843413447,48500.52822872838,37.524304659428566,90.03471841541679,75.04860931885713,7921.638846664607,1.0570209706468165,0.0,0.09375,2626.314843413447,64.92796278886534,34.09258764361721,597.5950963329524,5.093170329928398e-10,0.0,0.0028817732441948542,9.830081559266357e-06,4744.699217685378,0.00718540545553248,0.0,0.0,0.01777841523802068,0.0,0.9609375,5.491478458381607,597.5950963329524,0.0005332954870813986,0.0024444877919411172,10297.252820261398,244466.38608835696,0.921875,0.046875,0.171875,0.0
1,3e-07,2.9999028196003285e-07,900.0,0.00026999125376402766,2.9999028196003285e-07,0.0005,4006.467885619427,832176.6883003014,2596.197515802474,49508.170279715356,38.41382980149671,92.23238881719666,76.82765960299342,7945.476408880575,1.060201727007855,0.0,0.1015625,2596.197515802473,64.92613342861344,34.62158815422072,613.6551876806188,5.165929906070232e-10,0.0,0.002950086562128822,9.830081559266357e-06,4848.607517497576,0.007140521898148879,0.0,0.0,0.0383701299068931,1.0,0.25,5.809946205525193,613.6551876806188,0.0005682464766206714,0.002462522991458552,10224.34180336076,249197.74954756908,0.921875,0.046875,0.171875,0.0
1,3e-07,2.9999028196003285e-07,925.0,0.0002774910108130289,2.9999028196003285e-07,0.0005,4006.385840932851,835294.2019900624,2567.541409247669,50488.72852379734,39.29022283370986,94.40230796789857,78.58044566741972,7969.880950522638,1.0634581380604171,0.0,0.1015625,2567.541409247668,64.92369903867252,35.1221235033413,629.442073990358,5.311449058353901e-10,0.0,0.0030173913666962284,9.830081559266357e-06,4950.34891701418,0.007094878379709309,0.0,0.0,0.08231456206982932,1.0,0.25,6.093233121384401,629.442073990358,0.0005992588724108937,0.0024803665724284834,10167.948113760183,253769.77781718865,0.921875,0.046875,0.171875,0.0
1,3e-07,2.9999028196003285e-07,950.0,0.00028499076786203014,2.9999028196003285e-07,0.0005,4006.3022047311138,838480.8188519625,2538.624756489993,51442.05119475309,40.153392342263636,96.5441910529402,80.30678468452727,7994.844359559519,1.0667891213785883,0.0,0.1015625,2538.6247564899923,64.92060905607839,35.594379579440556,644.8719126256183,5.384208634495735e-10,0.0,0.003083680637544318,9.830081559266357e-06,5049.922011043171,0.007048500848449294,0.0,0.0,0.020306736975655153,1.0,0.75,6.340927754266886,644.8719126256183,0.000627221034611278,0.0024977402525129012,10109.55851982339,258182.13562312257,0.921875,0.046875,0.171875,0.0
1,3e-07,2.9999028196003285e-07,975.0,0.0002924905249110314,2.9999028196003285e-07,0.0005,4006.2170151048595,841735.5366479765,2509.5528116201344,52368.02510417387,41.00590070852395,98.65778336449095,82.0118014170479,8020.35838996647,1.0701935766570845,0.0,0.109375,2509.5528116201344,64.9168109614325,36.03857881469412,666.0080140102655,5.675246939063072e-10,0.0,0.0031491511591872543,9.830081559266357e-06,5147.328343660413,0.007001414405412896,0.0,0.0,0.018573860244458378,0.0,0.9609375,6.5527605704410234,666.0080140102655,0.0006520717677156855,0.0025378039840194475,10049.140132836023,262434.77360904077,0.921875,0.0546875,0.171875,0.0
1,3e-07,2.9999028196003285e-07,1000.0,0.0002999902819600326,2.9999028196003285e-07,0.0005,4006.1303107252097,845057.3602540389,2482.6338499524604,53266.57573625641,41.85434109690144,100.74286003400675,83.70868219380289,8046.414668670502,1.073670386637986,0.0,0.109375,2482.6338499524604,64.91225023790666,36.454977629813584,691.8411457268521,5.748006515204906e-10,0.0,0.0032143092702491788,9.830081559266357e-06,5242.572308083079,0.006953643266609167,0.0,0.0,0.06198740511479371,0.984375,0.25,6.728586966390139,691.8411457268521,0.0006737574994779384,0.0025930934187611008,9986.659846612158,266801.4737615555,0.921875,0.0546875,0.171875,0.0
1,3e-07,2.9999028196003285e-07,1025.0,0.00030749003900903385,2.9999028196003285e-07,0.0005,4006.042130796319,848445.3029320467,2455.549115776939,54137.66728414194,42.690025946810685,102.79922571528179,85.38005189362137,8073.004702631146,1.0772184180555562,0.0,0.109375,2455.549115776939,64.90687033028087,36.84386388022904,718.1476812649053,6.111804395914078e-10,0.0,0.003278487787690203,9.830081559266357e-06,5335.66104230167,0.0069052107298659135,0.0,0.0,0.10551599874698979,0.90625,0.75,6.920364876365056,718.1476812649053,0.0006974708723689711,0.0026487652343055944,9922.084420328443,271125.45572698757,0.9140625,0.0546875,0.171875,0.0
1,3e-07,2.9999028196003285e-07,1050.0,0.0003149897960580351,2.9999028196003285e-07,0.0005,4005.95251500675,851898.3875164469,2429.073312700928,54981.30261877387,43.51291338957751,104.82671422009449,87.02582677915503,8100.119886048577,1.080836522598056,0.0,0.1171875,2429.073312700927,64.90061260418548,37.205554316274174,744.8543351504486,6.111804395914078e-10,0.0,0.0033416834961003125,9.830081559266357e-06,5426.60432105069,0.006856139146159545,0.0,0.0,0.019132817730074813,0.0,0.9609375,7.091204798969557,744.8543351504486,0.0007195262273722019,0.0027055261038852617,9855.380567387387,275308.5006575257,0.9140625,0.0546875,0.171875,0.0
1,3e-07,2.9999028196003285e-07,1075.0,0.0003224895531070363,2.9999028196003285e-07,0.0005,4005.861503479794,855415.6475144041,2404.382865141062,55797.523180649245,44.32297410945603,106.82518810859533,88.64594821891205,8127.751507690566,1.0845235378854114,0.0,0.1171875,2404.3828651410613,64.89341630573466,37.540392068754954,771.8755164183676,6.184563972055912e-10,0.0,0.003403894144103155,9.830081559266357e-06,5515.414444682849,0.00680644989515627,0.0,0.0,0.019311927960897382,0.0,0.9609375,7.233561792803812,771.8755164183676,0.0007391356121605826,0.002763103166481045,9786.515050545648,279350.95793089445,0.9140625,0.0546875,0.171875,0.0
1,3e-07,2.9999028196003285e-07,1100.0,0.00032998931015603756,2.9999028196003285e-07,0.0005,4005.7691367229213,858996.1281190263,2379.599827254998,56661.46894899154,45.12019097532918,108.7945382366429,90.24038195065836,8155.890758329135,1.088278288461522,0.0,0.1171875,2379.5998272549973,64.88521852175381,37.84874417024821,799.1130699680652,6.330083124339581e-10,0.0,0.0034651184160715597,9.830081559266357e-06,5602.10612549425,0.006756163364704016,0.0,0.0,0.022054745149483947,0.0,0.796875,7.348044104699511,799.1130699680652,0.0007563237190274339,0.002821194940506714,9715.474894993975,283253.4039014464,0.9140625,0.0546875,0.171875,0.0
1,3e-07,2.9999028196003285e-07,1125.0,0.0003374890672050388,2.9999028196003285e-07,0.0005,4005.675455576475,862638.8871355787,2355.659512660671,57535.626379202076,45.904558659873665,110.73468326234381,91.80911731974733,8184.528738277381,1.0920995867999341,0.0,0.125,2355.659512660671,64.87595414082297,38.130999121260174,826.4561190446839,6.402842700481415e-10,0.0,0.0035253559028803503,9.830081559266357e-06,5686.696372028473,0.006705298933985226,0.0,0.0,0.03193148857139565,0.0,0.203125,7.435314846254187,826.4561190446839,0.0007710111505247461,0.0028794710938895947,9643.58925444042,287016.6402428807,0.9140625,0.0546875,0.171875,0.0
1,3e-07,2.9999028196003285e-07,1150.0,0.00034498882425404003,2.9999028196003285e-07,0.0005,4005.580501161782,866342.9958210441,2333.4081967086995,58386.59495067494,46.67608324802647,112.64556911409157,93.35216649605294,8213.656465016502,1.0959862343215494,0.0,0.125,2333.4081967086995,64.86555581537557,38.38756450930805,853.7810199344531,6.402842700481415e-10,0.0,0.0035846070718375494,9.830081559266357e-06,5769.204371866488,0.00665387496003867,0.0,0.0,0.048986179701286076,0.0,0.203125,7.734019181152689,853.7810199344531,0.000806552069378352,0.0029375724279074055,9588.989322305832,290641.69169869565,0.0234375,0.0546875,0.171875,0.0
1,3e-07,2.9999028196003285e-07,1175.0,0.00035248858130304127,2.9999028196003285e-07,0.0005,4005.484314828837,870107.5396378093,2311.1149311696413,59214.286119361546,47.434781836532224,114.52716842242812,94.86956367306445,8243.264880902596,1.09993702242298,0.0,0.125,2311.1149311696413,64.85395392511195,38.618864688001395,880.9514400132466,6.402842700481415e-10,0.0,0.00364287323593061,9.830081559266357e-06,5849.651373386863,0.006601908767366701,0.0,0.0,0.08562907499788854,0.0,0.796875,8.28236910502892,880.9514400132466,0.0008679918341523868,0.002995111105056946,9541.989658366816,294129.8032403032,0.0234375,0.0546875,0.171875,0.0
1,3e-07,2.9999028196003285e-07,1200.0,0.0003599883383520425,2.9999028196003285e-07,0.0005,4005.3869381036807,873931.6189226308,2288.8907960975976,60018.63543771125,48.18068212628515,116.379479918075,96.3613642525703,8273.344860942447,1.103950733514107,0.0,0.1328125,2288.8907960975966,64.84107654200768,38.82533852206234,907.818569998024,6.402842700481415e-10,0.0,0.003700156522519295,9.830081559266357e-06,5928.060566957282,0.006549416640321265,0.0,0.0,0.2218135747555104,0.0,0.203125,8.853675559432304,907.818569998024,0.0009326196977782445,0.0030516711516293377,9493.33965444241,297482.4366358494,0.0234375,0.0546875,0.171875,0.0
1,3e-07,2.9999028196003285e-07,1225.0,0.00036748809540104374,2.9999028196003285e-07,0.0005,4005.2884126356435,877814.3494724036,2269.0876946728713,60799.603629531615,48.91382200910877,118.20252779849046,97.82764401821754,8303.887220627079,1.1080261420633477,0.0,0.1328125,2269.0876946728704,64.82684939721709,39.007437203435074,934.2214807332493,6.402842700481415e-10,0.0,0.0037564598416013825,9.830081559266357e-06,6004.45696599417,0.006496413817994037,0.0,0.0,0.669157201683545,0.0,0.203125,9.449637421756051,934.2214807332493,0.0010007029972952913,0.0031068092655743835,9442.999018986266,300701.26643597847,0.0234375,0.0546875,0.171875,0.0
1,3e-07,2.9999028196003285e-07,1250.0,0.000374987852450045,2.9999028196003285e-07,0.0005,4005.188780144588,881754.8630485849,2249.2740222013367,61557.177663109374,49.634249150541734,119.99636106531602,99.26849830108347,8334.882723811565,1.1121620156490952,0.0,0.1328125,2249.274022201336,64.81119585019515,39.16562214267651,959.9876339447219,6.330083124339581e-10,0.0,0.0038117868537716573,9.830081559266357e-06,6078.867288302486,0.006442914491330087,0.0,0.0,0.15142282221889966,0.0,0.796875,10.071993145633314,959.9876339447219,0.0010725238572313128,0.003160055959140295,9390.926903606465,303788.1753859479,0.0234375,0.0546875,0.171875,0.0
1,3e-07,2.9999028196003285e-07,1275.0,0.0003824876094990462,2.9999028196003285e-07,0.0005,4005.088082368276,885752.307802436,2229.461398310469,62291.37179915405,50.34202057011935,121.761052835069,100.6840411402387,8366.322090629088,1.1163571160157286,0.0,0.1328125,2229.461398310468,64.79403686038353,39.30036293905323,984.933555214433,6.257323548197746e-10,0.0,0.0038661419379885766,9.830081559266357e-06,6151.319838082598,0.006388931802203831,0.0,0.0,0.09078209032330174,0.0,0.203125,10.722515065164771,984.933555214433,0.0011483796663507443,0.003210917064035983,9337.08195934727,306745.2492766706,0.0234375,0.0546875,0.171875,0.0
1,3e-07,2.9999028196003285e-07,1300.0,0.00038998736654804745,2.9999028196003285e-07,0.0005,4004.9863610100224,889805.8486235221,2210.266741220395,63002.228588891034,51.03720222056024,123.49669962543014,102.07440444112048,8398.196005427271,1.1206102001325935,0.0,0.140625,2210.2667412203946,64.77529096182853,39.41213543204958,1008.8656756067649,6.257323548197746e-10,0.0,0.0039195301592568526,9.830081559266357e-06,6221.844388966102,0.006334477844213456,0.0,0.0,0.06724597669774213,0.0,0.796875,11.40300390466291,1008.8656756067649,0.0012285836604457468,0.0032573164698031206,9281.42239863889,309722.9529152084,0.0234375,0.0546875,0.171875,0.0
1,3e-07,2.9999028196003285e-07,1325.0,0.0003974871235970487,2.9999028196003285e-07,0.0005,4004.883657686715,893914.6674141653,2192.802080768221,63689.81979679601,51.719868567183084,125.20342061945519,103.43973713436617,8430.49512471406,1.1249200212542587,0.0,0.140625,2192.8020807682205,64.75487424112436,39.50141983627918,1046.764588636579,6.257323548197746e-10,0.0,0.003971957236327704,9.830081559266357e-06,6290.472068417204,0.006279563664960117,0.0,0.0,0.054715143193890856,0.0,0.203125,12.115283556500799,1046.764588636579,0.0013134656265420765,0.003348299235132933,9223.906063226306,312625.7586696909,0.0234375,0.9375,0.171875,0.0
1,3e-07,2.9999028196003285e-07,1350.0,0.00040498688064604993,2.9999028196003285e-07,0.0005,4004.7800138773723,898077.9632927601,2175.352668852903,64354.24722206753,52.39010216879532,126.88135691001523,104.78020433759065,8463.21008510061,1.1292853299803722,0.0,0.140625,2175.3526688529028,64.73270031909739,39.56869896131684,1086.7772077680565,6.039044819772243e-10,0.0,0.004023429509512151,9.830081559266357e-06,6357.2352438114995,0.006224199269617292,0.0,0.0,0.046918692910881514,0.0,0.203125,12.861196189158363,1086.7772077680565,0.0014033727452083472,0.0034455573102061578,9164.490498387844,315414.05639920454,0.0234375,0.9375,0.171875,0.0
1,3e-07,2.9999028196003285e-07,1375.0,0.00041248663769505116,2.9999028196003285e-07,0.0005,4004.67547087232,902294.9527290772,2157.9268755595203,64995.643393012295,53.04799326120998,128.53067072674253,106.09598652241996,8496.331511228196,1.1337048753133847,0.0,0.140625,2157.92687555952,64.70868033667222,39.61445651732765,1127.0170289371163,5.966285243630409e-10,0.0,0.004073953908696142,9.830081559266357e-06,6422.167410479411,0.006168393625598505,0.0,0.0,0.04158950296497986,0.0,0.796875,13.642597744030354,1127.0170289371163,0.0014986705888455675,0.0035430678942008223,9103.13303375047,318090.72323501925,0.0234375,0.9375,0.171875,0.0
1,3e-07,2.9999028196003285e-07,1400.0,0.0004199863947440524,2.9999028196003285e-07,0.0005,4004.570069723095,906564.8696148235,2140.5326771532673,65614.17210909494,53.69363934446261,130.15154464771922,107.38727868892522,8529.85002366596,1.1381774057123841,0.0,0.140625,2140.532677153267,64.70463255707605,39.639175507029904,1167.3285917318426,5.893525667488575e-10,0.0,0.004123537921639847,9.830081559266357e-06,6485.303081977375,0.006112154668173794,0.0,0.0,0.03770871691836795,0.0,0.203125,14.461353875056375,1167.3285917318426,0.0015997442951301967,0.0036404068910217834,9039.790871002559,320658.82377345976,0.0234375,0.9375,0.171875,0.0
1,3e-07,2.9999028196003285e-07,1425.0,0.00042748615179305364,2.9999028196003285e-07,0.0005,4004.4638511932026,910886.9652728934,2125.0875927803127,66210.02880650066,54.32714477471518,131.74418079810823,108.65428954943036,8563.756246766352,1.1427016701412824,0.0,0.1484375,2125.087592780312,64.72188908888889,39.643336704029934,1207.5427678443957,5.893525667488575e-10,0.0,0.004172189562636885,9.830081559266357e-06,6546.677682826563,0.006055489306892792,0.0,0.0,0.034750595344401274,0.0,0.796875,15.319336382497568,1207.5427678443957,0.0017024318687962345,0.0037371155381451912,8998.5018862045,323121.6042209186,0.0234375,0.9375,0.171875,0.0
1,3e-07,2.9999028196003285e-07,1450.0,0.0004349859088420549,2.9999028196003285e-07,0.0005,4004.3568557097906,915260.5084088453,2109.8272671711643,66783.44072468116,54.948620361751786,133.3088000378781,109.89724072350357,8598.040816464718,1.147276419109551,0.0,0.1484375,2109.827267171164,64.73840568220992,39.627417217352104,1247.4770169043913,6.039044819772243e-10,0.0,0.004219917341603,9.830081559266357e-06,6606.327443935725,0.005998403432716323,0.0,0.0,0.03241639778026914,0.0,0.203125,16.2184201873024,1247.4770169043913,0.0018098485859319173,0.00383270089756231,8961.202784238052,325482.48617517133,0.0234375,0.9375,0.171875,0.0
1,3e-07,2.9999028196003285e-07,1475.0,0.0004424856658910561,2.9999028196003285e-07,0.0005,4004.2491233163455,919684.7850082412,2094.5997711143673,67334.6668535032,55.55949123465093,134.8456411407226,111.11898246930186,8632.694388009731,1.151900405703728,0.0,0.1484375,2094.599771114367,64.75411274086748,39.591889141589036,1286.935828017071,6.184563972055912e-10,0.0,0.00426683070490596,9.830081559266357e-06,6664.289300902772,0.005940901925765101,0.0,0.0,0.030523812827791,0.0,0.203125,17.160480882906995,1286.935828017071,0.0019232827560553738,0.003925275032188751,8922.495056370652,327858.765937089,0.0234375,0.0625,0.171875,0.0
1,3e-07,2.9999028196003285e-07,1500.0,0.00044998542294005735,2.9999028196003285e-07,0.0005,4004.140693626492,924159.0981835444,2079.4107974428657,67863.99764328133,56.17481568093786,136.35495996622294,112.34963136187572,8667.70764361102,1.1565723866078768,0.0,0.1484375,2079.4107974428653,64.76893820897716,39.53721829193091,1325.7113640166353,6.184563972055912e-10,0.0,0.00431408609156542,9.830081559266357e-06,6720.600795368102,0.005882988663629644,0.0,0.0,0.028955280132693117,0.0,0.203125,18.14739290189027,1325.7113640166353,0.0020430879066748145,0.004015453924522455,8882.3358224589,330152.30380816734,0.0234375,0.9375,0.171875,0.0
1,3e-07,2.9999028196003285e-07,1525.0,0.0004574851799890586,2.9999028196003285e-07,0.0005,4004.031605778957,928682.7679743206,2064.265753490229,68371.75446312905,56.77889637920601,137.83702862724064,113.55779275841202,8703.071299990548,1.161291123111201,0.0,0.1484375,2064.2657534902287,64.78280751695213,39.46386302310748,1363.5843234867789,6.402842700481415e-10,0.0,0.004360477986349439,9.830081559266357e-06,6775.299979571957,0.005824666530204421,0.0,0.0,0.032970368544054426,0.0,0.2109375,19.18102832223667,1363.5843234867789,0.0021696323392587976,0.004102912749894051,8840.681425678511,332345.43520867964,0.0234375,0.0625,0.171875,0.0
1,3e-07,2.9999028196003285e-07,1550.0,0.0004649849370380598,2.9999028196003285e-07,0.0005,4003.921898393779,933255.1311045125,2056.1006609231126,68858.2887966705,57.371849042519386,139.29213465446702,114.74369808503877,8738.776115824274,1.1660553821010213,0.0,0.046875,2056.100660923112,64.79564352908409,39.372273131105885,1400.325033250032,6.548361852765083e-10,0.0,0.0044060152757334605,9.830081559266357e-06,6828.425324248157,0.00576593742503012,0.0,0.0,0.04096577815358688,0.0,0.7890625,20.26325633184024,1400.325033250032,0.0023033003910893773,0.0041870577845777,8797.487470688291,334441.29632217786,0.0234375,0.0625,0.171875,0.0
1,3e-07,2.9999028196003285e-07,1575.0,0.00047248469408706106,2.9999028196003285e-07,0.0005,4003.8116095298215,937875.5407005455,2050.049270344706,69323.98116817059,57.953793854629936,140.72058015999238,115.90758770925987,8774.812899060591,1.1708639370393066,0.0,0.046875,2050.0492703447057,64.80736649304293,39.262888836392904,1435.694780790247,6.548361852765083e-10,0.0,0.004450707189530638,9.830081559266357e-06,6880.01562996746,0.005706802273148121,0.0,0.0,0.05227558299904172,0.0,0.7890625,21.39594336308801,1435.694780790247,0.002444475204721408,0.004267272826265967,8752.775778523988,336443.16621924005,0.0234375,0.0625,0.171875,0.0
1,3e-07,2.9999028196003285e-07,1600.0,0.0004799844511360623,2.9999028196003285e-07,0.0005,4003.700776643642,942543.3659740281,2044.4734472521968,69769.2397965089,58.52485514725083,142.12268100168717,117.04971029450166,8811.172514102338,1.1757155689210042,0.0,0.046875,2044.4734472521964,64.81789399166965,39.13613984724134,1469.447392195696,6.548361852765083e-10,0.0,0.004494563276107227,9.830081559266357e-06,6930.109942025301,0.005647261035487113,0.0,0.0,0.06952255518998667,0.0,0.2109375,22.580953901444445,1469.447392195696,0.0025920905386540285,0.004342923082991291,8711.483478185084,338354.45945397206,0.0234375,0.0625,0.171875,0.0
1,3e-07,2.9999028196003285e-07,1625.0,0.00048748420818506353,2.9999028196003285e-07,0.0005,4003.589436549769,947257.9918727498,2039.368149412497,70194.49897907091,59.08516108564052,143.49876595011997,118.17032217128104,8847.845888839172,1.1806090672124019,0.0,0.046875,2039.3681494124965,64.82714089746625,38.99244450165452,1501.3310566914733,6.548361852765083e-10,0.0,0.0045375933782362265,9.830081559266357e-06,6978.747468951282,0.0055873127198159,0.0,0.0,0.09908821334593607,0.0,0.2109375,23.82015196033899,1501.3310566914733,0.0027478593562686197,0.004413359730461362,8668.621232742025,340178.71834221133,0.0234375,0.0625,0.171875,0.0
1,3e-07,2.9999028196003285e-07,1650.0,0.0004949839652340635,2.9999028196003285e-07,0.0005,4003.4776253824325,952018.818703644,2034.727079793489,70600.21721248064,59.63484336281307,144.84917585966264,119.26968672562614,8884.82402151733,1.1855432307677916,0.0,0.046875,2034.7270797934887,64.83501933021377,38.83220898632908,1531.0903934428934,6.548361852765083e-10,0.0,0.004579807609613488,9.830081559266357e-06,7025.967504700917,0.005526955392313916,0.0,0.0,0.16160534180976055,0.0,0.2109375,25.11540320936183,1531.0903934428934,0.0029122203791154453,0.004477925135799422,8624.142386157724,341919.6049532783,0.0234375,0.0625,0.171875,0.0
1,3e-07,2.9999028196003285e-07,1675.0,0.0005024837222830634,2.9999028196003285e-07,0.0005,4003.36537855879,956825.2617313104,2030.54273897098,70986.87506206763,60.17403690263755,146.1742628453605,120.3480738052751,8922.097987434034,1.1905168687227357,0.0,0.046875,2030.5427389709796,64.84143861818065,38.655826630934826,1574.5745833108667,6.548361852765083e-10,0.0,0.004621216332056489,9.830081559266357e-06,7071.809354574181,0.005466186189808906,0.0,0.0,0.38202422758730853,0.0,0.2109375,26.468577731335245,1574.5745833108667,0.0030856352040559685,0.004582835122927902,8577.999660019159,343580.8928480272,0.0234375,0.0234375,0.171875,0.0
1,3e-07,2.9999028196003285e-07,1700.0,0.0005099834793320633,2.9999028196003285e-07,0.0005,4003.2527307436844,961676.7507556041,2026.8064825298293,71354.9727969457,60.70287957204029,147.4743894670674,121.40575914408058,8959.658945444095,1.1955288013622722,0.0,0.046875,2026.8064825298288,64.84630526341246,38.463677275989994,1678.1582684020977,6.984919309616089e-10,0.0,0.004661830133402185,9.830081559266357e-06,7116.31226489029,0.005405001332748989,0.0,0.0,1.0,0.0,0.2109375,27.88155337759963,1678.1582684020977,0.003268590708161785,0.00486188106232945,8530.145211506115,345166.458596593,0.0234375,0.0234375,0.171875,0.0
1,3e-07,2.9999028196003285e-07,1725.0,0.0005174832363810632,2.9999028196003285e-07,0.0005,4003.1397158159493,966572.7296717147,2023.5085832492114,71705.02781249222,61.22151190247695,148.7499279222705,122.4430238049539,8997.49814426646,1.2005778609624274,0.0,0.046875,2023.5085832492111,64.84952291162472,38.297764769348305,1785.4133849299978,7.275957614183426e-10,0.0,0.004701659806116753,9.830081559266357e-06,7159.515356433592,0.005349211903698713,0.0,0.0078125,0.270898786911725,0.0,0.7890625,29.356219680121285,1785.4133849299978,0.0034576072963335793,0.005150028782760872,8490.327895608734,346680.2731096307,0.0234375,0.0234375,0.171875,0.0
1,3e-07,2.9999028196003285e-07,1750.0,0.000524982993430063,2.9999028196003285e-07,0.0005,4003.026366836315,971512.6560160436,2020.638297820248,72037.5718667388,61.73007682079855,150.00125924894985,123.4601536415971,9035.60692857896,1.205662892603466,0.0,0.046875,2020.6382978202478,64.85099232724994,38.14287114862282,1896.445442906348,7.8580342233181e-10,0.0,0.004740716326626777,9.830081559266357e-06,7201.457561672012,0.0052965487641875265,0.0,0.0078125,0.15389532019556784,0.0,0.2109375,30.89448227368848,1896.445442906348,0.003656491528210226,0.005447577322594098,8449.214782896179,348126.39281699527,0.0234375,0.0234375,0.171875,0.0
1,3e-07,2.9999028196003285e-07,1775.0,0.0005324827504790629,2.9999028196003285e-07,0.0005,4002.9127160169173,976496.0005010748,2018.1839378017492,72353.14816162031,62.2287193895943,151.2287725397389,124.4574387791886,9073.976744889724,1.2107827549533408,0.0,0.046875,2018.1839378017492,64.8506113742216,38.01271609296782,2011.363459319109,8.149072527885437e-10,0.0,0.0047790108353782165,9.830081559266357e-06,7242.177565736255,0.0052487964770169745,0.0,0.984375,0.10978441607835447,0.0,0.2109375,32.49826777245471,2011.363459319109,0.003865851709174995,0.005754826750877459,8406.49621798093,349508.95072773984,0.0234375,0.0234375,0.171875,0.0
1,3e-07,2.9999028196003285e-07,1800.0,0.0005399825075280628,2.9999028196003285e-07,0.0005,4002.7987946924345,981522.2465423135,2016.1329444770536,72652.30830407164,62.71758655705747,152.4328641685742,125.43517311411495,9112.599147174224,1.2159363210198704,0.0,0.046875,2016.1329444770536,64.8482750031049,38.01886319511823,2130.279772010166,8.149072527885437e-10,0.0,0.004816554617626736,9.830081559266357e-06,7281.71375113615,0.005221142233061033,0.0,0.015625,0.08660965808155872,0.0,0.7890625,34.16952903998754,2130.279772010166,0.004078837571727436,0.006072076882826395,8377.271327702401,350832.14740498737,0.0234375,0.0234375,0.171875,0.0
1,3e-07,2.9999028196003285e-07,1825.0,0.0005474822645770627,2.9999028196003285e-07,0.0005,4002.6846332928726,986590.8897802269,2014.4719672325032,72935.609185507,63.19682691638452,153.6139370309391,126.39365383276905,9151.46580226738,1.2211224788702324,0.0,0.046875,2014.4719672325032,64.84387524521514,38.01415285725125,2253.309862791095,8.149072527885437e-10,0.0,0.00485335908496015,9.830081559266357e-06,7320.1041461788045,0.005193116395358277,0.0,0.015625,0.07231325322364876,0.0,0.7890625,35.910250785862445,2253.309862791095,0.004300108039186766,0.006399626000550099,8351.01129055673,352100.24188872986,0.0234375,0.0234375,0.171875,0.0
1,3e-07,2.9999028196003285e-07,1850.0,0.0005549820216260626,2.9999028196003285e-07,0.0005,4002.5702613180115,991701.4375999934,2013.1869450365693,73203.60982117297,63.66659047468751,154.8247624423933,127.33318094937502,9190.568495000614,1.2263401323164245,0.0,0.046875,2013.1869450365693,64.83730121439031,37.99878036526752,2380.572199938586,8.585629984736443e-10,0.0,0.004889435757551475,9.830081559266357e-06,7357.386377042682,0.005164711817206644,0.0,0.015625,0.06260556133112798,0.0,0.2109375,37.722455418923346,2380.572199938586,0.004532036784461041,0.006737769606422169,8323.510424333279,353317.54259889224,0.0234375,0.0234375,0.171875,0.0
1,3e-07,2.9999028196003285e-07,1875.0,0.0005624817786750625,2.9999028196003285e-07,0.0005,4002.4557073135097,996853.408651711,2012.263190558604,73456.86819314216,64.12702843136907,156.01921485647455,128.25405686273814,9229.8991330742,1.2315882015654036,0.0,0.046875,2012.263190558604,64.82843911711086,37.972933023231235,2512.188110170653,8.731149137020111e-10,0.0,0.004924796247138675,9.830081559266357e-06,7393.597623451571,0.005135920962588743,0.0,0.015625,0.055577162793718396,0.0,0.7890625,39.608209083235124,2512.188110170653,0.004775109113581229,0.007086799236792512,8294.723354191548,354488.39825010626,0.0234375,0.0234375,0.171875,0.0
1,3e-07,2.9999028196003285e-07,1900.0,0.0005699815357240623,2.9999028196003285e-07,0.0005,4002.3409988487,1002046.3323735775,2011.6854764283091,73695.93814223439,64.57829296588335,157.19095439596518,129.1565859317667,9269.449751655908,1.2368656238327065,0.0,0.046875,2011.6854764283091,64.81717227168443,37.93678981753419,2648.2816899837926,8.731149137020111e-10,0.0,0.004959452240725235,9.830081559266357e-06,7428.774577883267,0.005106735898337595,0.0,0.015625,0.050249067708224904,0.0,0.7890625,41.5696278027026,2648.2816899837926,0.005029839225758711,0.007447001363618887,8264.60368550491,355617.1888085776,0.0234375,0.0234375,0.171875,0.0
1,3e-07,2.9999028196003285e-07,1925.0,0.0005774812927730622,2.9999028196003285e-07,0.0005,4002.226162496055,1007279.7485204,2011.438123101938,73921.36635485048,65.02053703478285,158.34028689352397,130.0410740695657,9309.212517697451,1.2421713539184112,0.0,0.046875,2011.438123101938,64.80338113723312,38.11954568276997,2788.979765539523,8.731149137020111e-10,0.0,0.0049934154849938595,9.830081559266357e-06,7462.953408239055,0.005107836482093835,0.0,0.0234375,0.046067532627278834,0.0,0.2109375,43.6088836601848,2788.979765539523,0.005296773066857382,0.007818656410219366,8233.104025741904,356708.31652023876,0.0234375,0.0234375,0.171875,0.0
1,3e-07,2.9999028196003285e-07,1950.0,0.0005849810498220621,2.9999028196003285e-07,0.0005,4002.111223812346,1012553.2066996389,2011.5050877695871,74133.68949052996,65.45391417792786,159.46752348735993,130.9078283558557,9349.17973396087,1.2475043647443966,0.0,0.046875,2011.5050877695871,64.78861697913517,38.336878571068155,2934.4119093851186,8.585629984736443e-10,0.0,0.005026697771423839,9.830081559266357e-06,7496.169723892261,0.0051141956469953525,0.0,0.0234375,0.04269578647144255,0.0,0.7890625,45.728210938192206,2934.4119093851186,0.005576491391744201,0.008201089387986154,8200.176011370018,357807.57537940796,0.0234375,0.0234375,0.171875,0.0
1,3e-07,2.9999028196003285e-07,1975.0,0.000592480806871062,2.9999028196003285e-07,0.0005,4001.996207321481,1017866.2659170345,2011.8700537103755,74333.43149496439,65.89564003026912,160.5729800821029,131.79128006053824,9389.343842747567,1.2528636478519262,0.0,0.046875,2011.8700537103755,64.77454680764657,38.547459675348364,3084.7105209950823,8.294591680169106e-10,0.0,0.005060621217950019,9.830081559266357e-06,7528.458545026921,0.005120232706974482,0.0,0.9765625,0.042098199368541554,0.0,0.78125,47.929912152954785,3084.7105209950823,0.005863894397277352,0.008577284157731627,8173.733854281036,359637.2073338041,0.0234375,0.0234375,0.171875,0.0
1,3e-07,2.9999028196003285e-07,2000.0,0.0005999805639200619,2.9999028196003285e-07,0.0005,4001.8811364990297,1023218.4941337184,2012.516519479415,74521.10114119588,66.33062670706131,161.65697681753463,132.66125341412263,9429.697429323456,1.2582482138586795,0.0,0.046875,2012.516519479415,64.75758924187024,38.75136702291957,3240.0109765117522,8.294591680169106e-10,0.0,0.005094027112559874,9.830081559266357e-06,7559.854275171131,0.005125941005263935,0.0,0.9765625,0.04934560469143742,0.0,0.21875,50.21636391942593,3240.0109765117522,0.0061640525522720655,0.008945013962300968,8146.647598083215,362214.1888393776,0.0234375,0.0234375,0.171875,0.0
1,3e-07,2.9999028196003285e-07,2025.0,0.0006074803209690617,2.9999028196003285e-07,0.0005,4001.7660337584243,1028609.4678365451,2013.42788729291,74697.18983880908,66.75735362642044,162.71983754574316,133.51470725284088,9470.233225034279,1.2636570928744446,0.0,0.046875,2013.42788729291,64.73760758962214,38.948676009654264,3400.451851174701,8.36735125631094e-10,0.0,0.0051267986783476455,9.830081559266357e-06,7590.3906768237775,0.005131313744966874,0.0,0.0234375,0.05879004947183603,0.0,0.78125,52.59002258905093,3400.451851174701,0.006478027675956011,0.009321344653279906,8118.215175931589,364802.7165241854,0.0234375,0.0234375,0.171875,0.0
1,3e-07,2.9999028196003285e-07,2050.0,0.0006149800780180616,2.9999028196003285e-07,0.0005,4001.6509204388444,1034038.7716232373,2014.58754996596,74862.16974710622,67.17596099719881,163.76188931723414,134.35192199439763,9510.944110105818,1.2690893348747636,0.0,0.046875,2014.58754996596,64.71446212488239,39.139459007303685,3566.1752158484887,9.022187441587448e-10,0.0,0.0051589466830043755,9.830081559266357e-06,7620.1008500682565,0.005136343964129175,0.0,0.9765625,0.0716172432596808,0.0,0.78125,55.053429615269124,3566.1752158484887,0.006806475962005418,0.00970633324911888,8088.389634016796,367407.04489743523,0.0234375,0.0234375,0.171875,0.0
1,3e-07,2.9999028196003285e-07,2075.0,0.0006224798350670615,2.9999028196003285e-07,0.0005,4001.535816794752,1039505.9978037811,2015.9789757522303,75016.49222358156,67.58658902991529,164.7834618765043,135.17317805983058,9551.823116124582,1.2745440100319407,0.0,0.046875,2015.9789757522303,64.68801016525089,39.3237850591222,3737.327006659936,9.74978320300579e-10,0.0,0.005190481894349094,9.830081559266357e-06,7649.017214062342,0.005141024521010014,0.0,0.9765625,0.0900529994644852,0.0,0.21875,57.609216607808776,3737.327006659936,0.007150097531499368,0.010100022736797684,8057.123186643887,370031.5438938204,0.0234375,0.0234375,0.171875,0.0
1,3e-07,2.9999028196003285e-07,2100.0,0.0006299795921160614,2.9999028196003285e-07,0.0005,4001.4207419871,1045010.7460193612,2017.5857904360348,75160.58663354526,67.98937780142256,165.78488716754924,135.97875560284513,9592.863428195022,1.2800202090028912,0.0,0.046875,2017.5857904360348,64.65810616430215,39.50171966726339,3914.0574643586297,1.0040821507573128e-09,0.0,0.005221415069935604,9.830081559266357e-06,7677.17149128954,0.005145348089733534,0.0,0.9765625,0.11882404553487509,0.0,0.78125,60.26011005121836,3914.0574643586297,0.007509071600615965,0.010502442251284607,8024.974758034703,372680.69375767163,0.0234375,0.0234375,0.171875,0.0
1,3e-07,2.9999028196003285e-07,2125.0,0.0006374793491650613,2.9999028196003285e-07,0.0005,4001.3057140761703,1050552.622879976,2019.3918560358986,75294.8595405688,68.38446712662422,166.76649884974896,136.76893425324843,9634.058386770335,1.2855170431734324,0.0,0.046875,2019.3918560358986,64.62460181971805,39.67332467322967,4096.521637436934,1.0477378964424133e-09,0.0,0.005251756947200665,9.830081559266357e-06,7704.5946944541865,0.005149307166253245,0.0,0.0234375,0.17004257904580908,0.0,0.21875,63.00893567567255,4096.521637436934,0.007871981735111682,0.010913607452393658,8004.202473518395,375359.0785912364,0.0234375,0.0234375,0.171875,0.0
1,3e-07,2.9999028196003285e-07,2150.0,0.0006449791062140612,2.9999028196003285e-07,0.0005,4001.1907500160555,1056131.2416217371,2021.3813454946153,75419.69429063618,68.77199643706051,167.7286318245423,137.54399287412102,9675.401489154436,1.2910336448587,0.0,0.046875,2021.3813454946153,64.58734619806573,39.843251550847526,4284.8799405233,1.076841726899147e-09,0.0,0.005281518234139688,9.830081559266357e-06,7731.317115900021,0.0051534882030523565,0.0,0.03125,0.2868773258039156,0.0,0.78125,65.85862247945624,4284.8799405233,0.008250668801623768,0.011333521085351114,7982.216237609122,378071.3785463923,0.0234375,0.0234375,0.171875,0.0
1,3e-07,2.9999028196003285e-07,2175.0,0.000652478863263061,2.9999028196003285e-07,0.0005,4001.0758656507487,1061746.2217847144,2023.5388127544513,75535.45099559991,69.15210466617405,168.67162177327168,138.3042093323481,9716.886390673535,1.2965691674594773,0.0,0.046875,2023.5388127544513,64.54701012623427,40.303559120097816,4479.298757066019,1.0913936421275139e-09,0.0,0.005310709600495426,9.830081559266357e-06,7757.368319430251,0.005195519596400698,0.0,0.96875,0.8208335901301249,0.0,0.78125,68.8122064217896,4479.298757066019,0.008645863365038649,0.011762173705794927,7958.974542675067,380822.360654237,0.0234375,0.0234375,0.171875,0.0
1,3e-07,2.9999028196003285e-07,2200.0,0.0006599786203120609,2.9999028196003285e-07,0.0005,4000.9610757118285,1067397.1889120487,2025.8492576474782,75642.46691389375,69.52493014106422,169.59580470654552,139.04986028212844,9758.506905516444,1.3021227855743192,0.0,0.046875,2025.8492576474782,64.5752980207265,40.760851979942345,4679.951073128497,1.0913936421275139e-09,0.0,0.005339341669444977,9.830081559266357e-06,7782.777134405715,0.005237314557004182,0.0,0.96875,1.0,0.0,0.21875,71.8728338150031,4679.951073128497,0.009058342698087194,0.012199544545150626,7934.435272600156,383616.86830257927,0.0234375,0.0234375,0.171875,0.0
1,3e-07,2.9999028196003285e-07,2225.0,0.0006674783773610608,2.9999028196003285e-07,0.0005,4000.846393817723,1073083.7742709396,2028.298185070117,75741.05721858749,69.89061048053519,170.5015165254361,139.78122096107037,9800.25700724357,1.3076936950674718,0.0,0.046875,2028.298185070117,64.60158698187665,41.21514320762617,4887.017126894556,1.0913936421275139e-09,0.0,0.005367425009770132,9.830081559266357e-06,7807.571651997379,0.005278868391439259,0.0,0.96875,0.3359573809060708,0.0,0.21875,75.04376446349488,4887.017126894556,0.009488934125598128,0.012645602487473198,7908.5557418984135,386459.8093871495,0.0234375,0.0234375,0.171875,0.0
1,3e-07,2.9999028196003285e-07,2250.0,0.0006749781344100607,2.9999028196003285e-07,0.0005,4000.731832474535,1078805.6145959718,2030.8716579576972,75831.51613493671,70.2492824992405,171.38909259479996,140.498564998481,9842.130828965142,1.3132811130926527,0.0,0.046875,2030.8716579576972,64.62769412541103,41.666443495618296,5105.157216970809,1.0913936421275139e-09,0.0,0.0053949701284959125,9.830081559266357e-06,7831.779223469139,0.005320175953218695,0.0,0.96875,0.20316295913372925,0.0,0.21875,78.57408544249483,5105.157216970809,0.009969695078988657,0.013111793165244988,7881.292739643701,389356.1431782562,0.03125,0.03125,0.171875,0.0
1,3e-07,2.9999028196003285e-07,2275.0,0.0006824778914590606,2.9999028196003285e-07,0.0005,4000.617403078388,1084562.3518551365,2033.5563436289417,75914.11842174591,70.60108211772646,172.25886732897155,141.20216423545293,9884.122663190126,1.3188842780728918,0.0,0.046875,2033.5563436289417,64.65434835890362,42.11476110932563,5351.866013246123,1.0913936421275139e-09,0.0,0.00542198746398213,9.830081559266357e-06,7855.4264603675965,0.00536123166855474,0.0,0.96875,0.14755599925030682,0.0,0.78125,82.35077432300022,5351.866013246123,0.010487067631421012,0.013615444063528794,7852.602578461829,393073.18867270555,0.03125,0.03125,0.171875,0.0
1,3e-07,2.9999028196003285e-07,2300.0,0.0006899776485080604,2.9999028196003285e-07,0.0005,4000.5031159192868,1090353.6330387879,2036.3395531314357,75989.12116329101,70.94614427817511,173.11117379005628,141.89228855635022,9926.226961347851,1.324502449636699,0.0,0.046875,2036.3395531314357,64.67864894473205,42.56010207396048,5606.570439673029,1.0913936421275139e-09,0.0,0.005448487379452653,9.830081559266357e-06,7878.539236496423,0.005402029589039263,0.0,0.96875,0.1169829803519112,0.0,0.78125,86.2664514606804,5606.570439673029,0.011027548624554065,0.014117230514282113,7822.813065507464,397143.7906323748,0.03125,0.03125,0.171875,0.0
1,3e-07,2.9999028196003285e-07,2325.0,0.0006974774055570603,2.9999028196003285e-07,0.0005,4000.3889801864434,1096179.1099716586,2039.2092732868664,76056.76583140343,71.28460286564945,173.9463432990106,142.5692057312989,9968.438332985193,1.330134908510941,0.0,0.046875,2039.2092732868664,64.7004573261954,43.00247058561217,5869.440086992923,1.0477378964424133e-09,0.0,0.005474480156947237,9.830081559266357e-06,7901.142691554494,0.005442563470164559,0.0,0.03125,0.0976387102168061,0.0,0.21875,90.32526967016747,5869.440086992923,0.011565862047547807,0.014628558554719288,7809.644391298807,401231.609050052,0.03125,0.03125,0.171875,0.0
1,3e-07,2.9999028196003285e-07,2350.0,0.0007049771626060602,2.9999028196003285e-07,0.0005,4000.2750039750604,1102038.439147964,2042.1541912084886,76117.28057076901,71.61659063464299,174.7647050596729,143.23318126928598,10010.751544642802,1.3357809563708913,0.0,0.046875,2042.1541912084886,64.71963104456644,43.441869636250885,6140.652913079597,1.0331859812140465e-09,0.0,0.0054999759916807165,9.830081559266357e-06,7923.261236319018,0.00548282687400486,0.0,0.96875,0.0857978063937074,0.0,0.953125,94.53156807373307,6140.652913079597,0.012126550614760428,0.015149332684001416,7795.421062166624,405341.4788074782,0.03125,0.03125,0.171875,0.0
1,3e-07,2.9999028196003285e-07,2375.0,0.0007124769196550601,2.9999028196003285e-07,0.0005,4000.1611942945215,1107931.2815895178,2045.1637111422235,76170.88265469455,71.94223914073899,175.5665857958707,143.88447828147798,10053.16151841455,1.3414399156480104,0.0,0.046875,2045.1637111422235,64.73602376520634,43.87830183639926,6420.397657759022,1.0331859812140465e-09,0.0,0.0055249849867945984,9.830081559266357e-06,7944.918559257187,0.005522813293696201,0.0,0.03125,0.0919142136713014,0.0,0.953125,98.88986989584373,6420.397657759022,0.01271060085789578,0.01567944628243946,7780.109768328828,409478.5965081998,0.03125,0.03125,0.171875,0.0
1,3e-07,2.9999028196003285e-07,2400.0,0.00071997667670406,2.9999028196003285e-07,0.0005,4000.0475570779618,1113857.3027266997,2048.2279635661434,76217.78105369656,72.261678677185,176.35230940170734,144.52335735437,10095.663330195068,1.3471111292961064,0.0,0.046875,2048.2279635661434,64.74948531785675,44.311770414065904,6708.876384848729,1.0622898116707802e-09,0.0,0.00554951714848615,9.830081559266357e-06,7966.137634452886,0.005562516296783671,0.0,0.96875,0.09856397150109245,0.0,0.953125,103.40487864907482,6708.876384848729,0.01331905994773165,0.016218785851817522,7763.676945285133,413648.4966349632,0.03125,0.03125,0.171875,0.0
1,3e-07,2.9999028196003285e-07,2425.0,0.0007274764337530598,2.9999028196003285e-07,0.0005,3999.9340971931824,1119816.1723020142,2051.3378065699367,76258.17905540079,72.57503821619328,177.1221966050948,145.15007643238656,10138.252207620793,1.3527939605165997,0.0,0.046875,2051.3378065699367,64.75986175216072,44.742280363143436,7006.307091375813,1.0622898116707802e-09,0.0,0.005573582381500411,9.830081559266357e-06,7986.940730737977,0.005601929683909066,0.0,0.03125,0.1058123448073712,0.0,0.953125,108.08147291637579,7006.307091375813,0.013953038171392908,0.016767235452985738,7746.088815120485,417857.0230626899,0.03125,0.03125,0.171875,0.0
1,3e-07,2.9999028196003285e-07,2450.0,0.0007349761908020597,2.9999028196003285e-07,0.0005,3999.8208184548666,1125807.5642959175,2054.4848196252165,76300.91974078657,72.88244535477847,177.8765646445752,145.76489070955694,10180.923527710658,1.3584877924437093,0.0,0.046875,2054.4848196252165,64.76699540947452,45.16983971004265,7312.926316403318,1.0622898116707802e-09,0.0,0.00559719048497067,9.830081559266357e-06,8007.349421921175,0.005641047658840047,0.0,0.03125,0.11373531580638581,0.0,0.953125,112.92469999329478,7312.926316403318,0.014613711508286028,0.017324681216069265,7727.311431409198,422110.2960105445,0.03125,0.03125,0.171875,0.0
1,3e-07,2.9999028196003285e-07,2475.0,0.0007424759478510596,2.9999028196003285e-07,0.0005,3999.707723638061,1131831.1568744949,2057.661289948127,76393.7858136918,73.18402626494859,178.61572695944287,146.36805252989717,10223.672814213092,1.3641920277904502,0.0,0.046875,2057.661289948127,64.77072501203624,45.594460863019776,7628.99167530518,1.0622898116707802e-09,0.0,0.005620351148593248,9.830081559266357e-06,8027.384598011396,0.0056798650053860355,0.0,0.96875,0.12242184052207927,0.0,0.953125,117.93976870267215,7628.99167530518,0.01530232436027038,0.01789101578886034,7707.310727831693,426414.67456841073,0.03125,0.03125,0.171875,0.0
1,3e-07,2.9999028196003285e-07,2500.0,0.0007499757049000595,2.9999028196003285e-07,0.0005,3999.594814492881,1137886.6323585196,2060.8601917463566,76517.48597297422,73.48701983779075,179.3399928931515,146.9740396755815,10266.495734666547,1.3699060884564072,0.0,0.046875,2060.8601917463566,64.77088577055308,46.01616200530225,7954.784240756184,1.0622898116707802e-09,0.0,0.005643620301194592,9.830081559266357e-06,8047.0664773361805,0.0057183772664116195,0.0,0.03125,0.13197669751943145,0.0,0.953125,123.13204174931161,7954.784240756184,0.016020192500399724,0.018466142583918353,7686.052570606709,430776.7149856074,0.03125,0.03125,0.171875,0.0
1,3e-07,2.9999028196003285e-07,2525.0,0.0007574754619490594,2.9999028196003285e-07,0.0005,3999.482091760379,1143973.6772133412,2064.07515873218,76634.32650286604,73.79394630012673,180.04966740996548,147.58789260025347,10309.388097181321,1.3756294150983168,0.0,0.046875,2064.07515873218,64.76730951125718,46.43496849052735,8290.610688583925,1.0622898116707802e-09,0.0,0.005667191489924747,9.830081559266357e-06,8066.414619460131,0.0057565809199174485,0.0,0.96875,0.14252411820799707,0.0,0.953125,128.50702802226442,8290.610688583925,0.016768706311898286,0.01904997968317191,7663.502814828469,435203.1249622572,0.03125,0.03125,0.171875,0.0
1,3e-07,2.9999028196003285e-07,2550.0,0.0007649752189980593,2.9999028196003285e-07,0.0005,3999.369555189558,1150091.9820590124,2067.3004503701845,76744.29906459403,74.09537590362898,180.74505082478802,148.19075180725795,10352.345846950919,1.3813614666645633,0.0,0.046875,2067.3004503701845,64.75982482345806,46.850914197166276,8636.80512559833,1.0331859812140465e-09,0.0,0.005690340533571656,9.830081559266357e-06,8085.447938812389,0.005794473547008931,0.0,0.96875,0.15421246051653267,0.0,0.953125,134.07037529422814,8636.80512559833,0.017549334397149556,0.019642463261878542,7639.627364785098,439700.71423579357,0.03125,0.03125,0.171875,0.0
1,3e-07,2.9999028196003285e-07,2575.0,0.0007724749760470591,2.9999028196003285e-07,0.0005,3999.2572035554667,1156241.2416999915,2070.5309124114524,76847.37754711843,74.39142063719034,181.4264385460733,148.78284127438067,10395.365062501663,1.3871017198947466,0.0,0.046875,2070.5309124114524,64.74825722858839,47.2640427978813,8993.730518077035,1.0040821507573128e-09,0.0,0.005713076032603683,9.830081559266357e-06,8104.184718936656,0.0058320539865585365,0.0,0.96875,0.1672202929380165,0.0,0.953125,139.82786379394383,8993.730518077035,0.018356088490970687,0.020243550402696032,7617.519596439339,444276.34180609207,0.03125,0.03125,0.171875,0.0
1,3e-07,2.9999028196003285e-07,2600.0,0.000779974733096059,2.9999028196003285e-07,0.0005,3999.1450346783126,1162421.1551737285,2073.761932344058,76943.5233185585,74.68219112879248,182.09412083170815,149.36438225758496,10438.441951689696,1.3928496687855436,0.0,0.046875,2073.761932344058,64.732429371698,47.67440889986574,9361.779643129092,9.968061931431293e-10,0.0,0.005735406482974597,9.830081559266357e-06,8122.642627281584,0.005869322471450526,0.0,0.03125,0.18176441120840114,0.0,0.953125,145.78540115321812,9361.779643129092,0.019183014222878384,0.02085322118376691,7599.712926206819,448936.8601919748,0.03125,0.03125,0.171875,0.0
1,3e-07,2.9999028196003285e-07,2625.0,0.0007874744901450589,2.9999028196003285e-07,0.0005,3999.0330454435757,1168631.4258173758,2076.9893904611163,77032.69084930352,74.96779661563691,182.74838255772434,149.93559323127383,10481.572847454912,1.3986048240241356,0.0,0.046875,2076.9893904611163,64.71216123629695,48.25164430539735,9741.375491385348,9.89530235528946e-10,0.0,0.005757340273829712,9.830081559266357e-06,8140.838730453838,0.0059271097122823605,0.0,0.9609375,0.19811054317058102,0.0,0.953125,151.9490192344092,9741.375491385348,0.020044457827895577,0.02147147994353353,7580.600110966534,453689.0571587784,0.03125,0.03125,0.171875,0.0
1,3e-07,2.9999028196003285e-07,2650.0,0.0007949742471940588,2.9999028196003285e-07,0.0005,3998.9212318230448,1174871.7613518592,2080.2096073113803,77114.83360387273,75.24834491725044,183.38950299968297,150.49668983450087,10524.754203341658,1.4043667123905146,0.0,0.046875,2080.2096073113803,64.6872703833834,48.94069602323361,10132.971058731433,1.0040821507573128e-09,0.0,0.005778885685440451,9.830081559266357e-06,8158.789509860471,0.005998524163919824,0.0,0.0390625,0.21658785482988818,0.0,0.953125,158.3248733473156,10132.971058731433,0.020933013861914006,0.022098355649912593,7563.405556013862,458539.59540068824,0.03125,0.03125,0.171875,0.0
1,3e-07,2.9999028196003285e-07,2675.0,0.0008024740042430587,2.9999028196003285e-07,0.0005,3998.809588896723,1181141.873982477,2083.419288351951,77189.91008928775,75.52394241143182,184.0177556265504,151.04788482286364,10567.982588796456,1.4101348761300374,0.0,0.046875,2083.419288351951,64.6575722154136,49.6293793261957,10537.048475804273,1.0040821507573128e-09,0.0,0.005800050887357111,9.830081559266357e-06,8176.510877671693,0.006069750296758358,0.0,0.0390625,0.2376089302764791,0.0,0.953125,164.91924434802058,10537.048475804273,0.021825336065436636,0.02273390132911622,7556.320958979068,463494.95070206234,0.03125,0.03125,0.171875,0.0
1,3e-07,2.9999028196003285e-07,2700.0,0.0008099737612920585,2.9999028196003285e-07,0.0005,3998.6981108755717,1187441.4805151932,2086.61546666709,77257.8899402241,75.79469401291219,184.63340790686743,151.58938802582438,10611.25468425321,1.4159088722976207,0.0,0.046875,2086.61546666709,64.62288026587999,50.31765034512955,10954.11743837595,1.0186340659856796e-09,0.0,0.005820843936770033,9.830081559266357e-06,8194.018193039283,0.006140778450781787,0.0,0.9609375,0.2616977956661449,0.0,0.953125,171.73854408391344,10954.11743837595,0.022751925040328892,0.023378192543024777,7548.308276310621,468561.3491383563,0.03125,0.03125,0.171875,0.0
1,3e-07,2.9999028196003285e-07,2725.0,0.0008174735183410584,2.9999028196003285e-07,0.0005,3998.586791125013,1193770.302487754,2089.7954446503386,77318.75991574179,76.0607031546048,185.23672112699685,152.1214063092096,10654.567276016573,1.4216882720750057,0.0,0.046875,2089.7954446503386,64.58300651505886,51.00548348887787,11384.712917922065,1.0186340659856796e-09,0.0,0.005841272777069632,9.830081559266357e-06,8211.326278510112,0.006211601117637291,0.0,0.9609375,0.2927577355683822,0.0,0.2265625,178.78932460938813,11384.712917922065,0.023714171761498027,0.024031324939322297,7539.345097418405,473744.7039090772,0.03125,0.03125,0.171875,0.0
1,3e-07,2.9999028196003285e-07,2750.0,0.0008249732753900583,2.9999028196003285e-07,0.0005,3998.475622189137,1200128.0663147457,2092.956735568125,77372.52967914287,76.32207177132321,185.8279502212145,152.64414354264642,10697.917250954462,1.4274726600625567,0.0,0.046875,2092.956735568125,64.53776173236979,51.69287533442639,11829.392150255851,1.025910023599863e-09,0.0,0.005861345236595997,9.830081559266357e-06,8228.449436578378,0.0062822134027625195,0.0,0.9609375,0.5224238002862441,0.0,0.2265625,186.07829153865896,11829.392150255851,0.024713531374449683,0.02469341093638591,7529.409242219335,479050.5524218674,0.03125,0.03125,0.171875,0.0
1,3e-07,2.9999028196003285e-07,2775.0,0.0008324730324390582,2.9999028196003285e-07,0.0005,3998.364595815577,1206514.503445684,2096.0970059311976,77419.23723162343,76.57890028585228,186.40734361339798,153.15780057170457,10741.301591010779,1.4332616335470658,0.0,0.046875,2096.0970059311976,64.48695584565739,52.37984833459086,12288.730920526199,1.0477378964424133e-09,0.0,0.005881069027569169,9.830081559266357e-06,8245.401466323794,0.006352613459577776,0.0,0.9609375,1.0,0.0,0.2265625,193.61232183542597,12288.730920526199,0.02539205168142074,0.025364575643197326,7624.918390391089,484483.99426788697,0.03125,0.03125,0.171875,0.0
1,3e-07,2.9999028196003285e-07,2800.0,0.0008399727894880581,2.9999028196003285e-07,0.0005,3998.2537029809714,1212929.3505352347,2099.2140195948027,77525.9287937192,76.83128759725855,186.9751430700503,153.6625751945171,10784.717367549547,1.4390548017470675,0.0,0.046875,2099.2140195948027,64.43039833755857,53.0664542397235,12763.319184682332,1.0550138540565968e-09,0.0,0.005900451745191416,9.830081559266357e-06,8262.195680087018,0.006422802883695996,0.0,0.9609375,1.0,0.0,0.2265625,201.3984862544312,12763.319184682332,0.025852166701555407,0.02604495215170437,7790.3909788077435,490049.63074378716,0.03125,0.03125,0.171875,0.0
1,3e-07,2.9999028196003285e-07,2825.0,0.000847472546537058,2.9999028196003285e-07,0.0005,3998.142933916966,1219372.349624638,2102.305584489232,77681.60652253756,77.07933107133121,187.5315835643847,154.15866214266242,10828.161735541828,1.4448517850371694,0.0,0.046875,2102.305584489232,64.3678986689585,53.75277713043579,13253.75609050272,1.0550138540565968e-09,0.0,0.005919500866913119,9.830081559266357e-06,8278.844920136966,0.006492787055316226,0.0,0.0390625,0.4613963936354259,0.0,0.953125,209.44407655665418,13253.75609050272,0.02632788372479947,0.02673467637409837,7955.218837409593,495751.5065842911,0.03125,0.03125,0.171875,0.0
1,3e-07,2.9999028196003285e-07,2850.0,0.0008549723035860578,2.9999028196003285e-07,0.0005,3998.0322781367026,1225843.2483334185,2105.369502849007,77838.03556541004,77.3231265330491,188.07689315118455,154.6462530660982,10871.631927606748,1.4506522141529214,0.0,0.046875,2105.369502849007,64.40387597529167,54.43893596223916,13760.644484563265,1.076841726899147e-09,0.0,0.005938223751854259,9.830081559266357e-06,8295.361575288176,0.0065625754185824,0.0,0.9609375,0.5298260115564228,0.0,0.953125,217.75663751162938,13760.644484563265,0.026819611103485966,0.02743388162804457,8119.306304308258,501593.0545714793,0.03125,0.03125,0.171875,0.0
1,3e-07,2.9999028196003285e-07,2875.0,0.0008624720606350577,2.9999028196003285e-07,0.0005,3997.921724461724,1232341.800060462,2108.403525761492,77995.45916788578,77.56276826097118,188.61129285214338,155.12553652194237,10915.125247918015,1.4564557293777318,0.0,0.046875,2108.403525761492,64.44544138548649,55.12508652820543,14284.585015208926,1.1350493878126144e-09,0.0,0.005956627640373614,9.830081559266357e-06,8311.757597429594,0.0066321816874511386,0.0,0.9609375,0.6162361929415047,0.0,0.953125,226.34400359095162,14284.585015208926,0.027327751171458123,0.02814269319901655,8282.56969155046,507577.04368209164,0.03125,0.03125,0.171875,0.0
1,3e-07,2.9999028196003285e-07,2900.0,0.0008699718176840576,2.9999028196003285e-07,0.0005,3997.8112610492476,1238867.7641935379,2111.405312794534,78154.12595040738,77.79834898345385,189.1349965513798,155.5966979669077,10958.639065987403,1.4622619797133705,0.0,0.046875,2111.405312794534,64.48354970669467,55.811422753988154,14826.169963889755,1.2223608791828156e-09,0.0,0.005974719653778267,9.830081559266357e-06,8328.044517929138,0.00670162396872805,0.0,0.9609375,0.7284782179235402,0.0,0.953125,235.2143401248686,14826.169963889755,0.027852703517282956,0.028861223126879103,8444.937489781383,513705.5314222567,0.03125,0.03125,0.171875,0.0
1,3e-07,2.9999028196003285e-07,2925.0,0.0008774715747330575,2.9999028196003285e-07,0.0005,3997.7008754197436,1245420.9063263673,2114.3723973881456,78314.28883489399,78.02995987659945,189.64821090081574,156.0599197531989,11002.170810336467,1.468070622035555,0.0,0.046875,2114.3723973881456,64.51801470629647,56.498177249994114,15385.976959215477,1.2660166248679161e-09,0.0,0.005992506794166046,9.830081559266357e-06,8344.233463881556,0.006770924794296491,0.0,0.9609375,0.8797215483252802,0.0,0.953125,244.37618857807684,15385.976959215477,0.028394868209819714,0.0295895654762459,8606.350512786143,519979.8209800387,0.03125,0.03125,0.171875,0.0
1,3e-07,2.9999028196003285e-07,2950.0,0.0008849713317820574,2.9999028196003285e-07,0.0005,3997.5905544847683,1252000.9984823253,2117.3021586081973,78476.2036865782,78.25769056384594,190.15113523509888,156.51538112769188,11045.717962067763,1.47388132023613,0.0,0.046875,2117.3021586081973,64.54864596391671,57.18562105781257,15964.562747079879,1.280568540096283e-09,0.0,0.006009995944394021,9.830081559266357e-06,8360.335174169528,0.006840111056132758,0.0,0.9609375,1.0,0.0,0.046875,253.83851546176447,15964.562747079879,0.028954648939106008,0.030327792352134966,8766.761979936542,526400.423799922,0.03125,0.03125,0.171875,0.0
1,3e-07,2.9999028196003285e-07,2975.0,0.0008924710888310572,2.9999028196003285e-07,0.0005,3997.480284574978,1258607.8193439075,2120.55893774112,78640.127686271,78.48162911710976,190.64396149574594,156.96325823421952,11089.278048346845,1.4796937443533391,0.015625,0.046875,2120.558937741118,64.57524904178511,57.87406254286998,16562.45720728999,1.2951204553246498e-09,0.0,0.006027193868166267,9.830081559266357e-06,8376.360015310845,0.006909213839553705,0.0,0.9609375,1.0,0.0,0.046875,263.6107642762072,16562.45720728999,0.029532456030969413,0.031075950917229266,8926.137534913112,532967.0281499692,0.96875,0.03125,0.171875,0.0
1,3e-07,2.9999028196003285e-07,3000.0,0.0008999708458800571,2.9999028196003285e-07,0.0005,3997.3700514682932,1265241.154487084,2123.7942548383153,78806.31745375996,78.70186205939727,191.12687416417913,157.40372411879454,11132.848635805942,1.4855075696916473,0.015625,0.046875,2123.7942548383126,64.59762568095334,58.5638454017535,17180.15782044502,1.2951204553246498e-09,0.0,0.006044107210234419,9.830081559266357e-06,8392.317997066923,0.006978268152162645,0.0,0.9609375,1.0,0.0,0.046875,273.70290975034004,17180.15782044502,0.03012870928871613,0.03183406165223311,9084.455199441545,539678.4742119093,0.03125,0.03125,0.171875,0.0
1,3e-07,2.9999028196003285e-07,3025.0,0.000907470602929057,2.9999028196003285e-07,0.0005,3997.259840418132,1271900.7966196935,2126.998343597039,78975.02694845067,78.91847436880374,191.6000502033236,157.83694873760749,11176.427323880325,1.491322475932582,0.015625,0.046875,2126.998343597036,64.61557402445187,59.255345770750864,17818.124798319302,1.2951204553246498e-09,0.0,0.006060742496704783,9.830081559266357e-06,8408.21878779021,0.007047312548145996,0.0,0.9609375,1.0,0.0,0.046875,284.12551353162416,17818.124798319302,0.03074384061187947,0.03260211807796478,9241.705261177995,546532.7361771096,0.96875,0.03125,0.171875,0.0
1,3e-07,2.9999028196003285e-07,3050.0,0.0009149703599780569,2.9999028196003285e-07,0.0005,3997.1496361816703,1278586.5458230583,2130.168332800282,79146.505178551,79.13154948382166,192.0636590074351,158.26309896764332,11220.011738088007,1.4971381462380107,0.015625,0.046875,2130.168332800279,64.62888886839403,59.94896844178584,18476.77709575789,1.3096723705530167e-09,0.0,0.006077106135446003,9.830081559266357e-06,8424.071729490612,0.007116388649911323,0.0,0.0390625,1.0,0.0,0.046875,294.88978036804474,18476.77709575789,0.03137829633863119,0.0333800881269276,9397.890095294722,553526.9117774658,0.96875,0.03125,0.171875,0.0
1,3e-07,2.9999028196003285e-07,3075.0,0.0009224701170270568,2.9999028196003285e-07,0.0005,3997.039423048079,1285298.209796004,2133.301170343732,79320.9937549833,79.34116930988273,192.5178623598213,158.68233861976546,11263.599523263323,1.5029542663472675,0.015625,0.046875,2133.3011703437287,64.63736194194392,60.6451422124037,19156.489521718584,1.3242242857813835e-09,0.0,0.006093204416591468,9.830081559266357e-06,8439.885852602925,0.007185540571464041,0.0,0.9609375,1.0,0.0,0.046875,306.0076137384167,19156.489521718584,0.03203253925760773,0.03416791731443312,9553.023919754967,560657.2196200718,0.96875,0.03125,0.171875,0.0
1,3e-07,2.9999028196003285e-07,3100.0,0.0009299698740760567,2.9999028196003285e-07,0.0005,3996.9291848666703,1292035.6041005265,2136.6705335781594,79498.72433070204,79.54741422706157,192.96281439812608,159.09482845412313,11307.188336754629,1.508770523669491,0.046875,0.0390625,2136.6705335781594,64.64078221696155,61.34431441756897,19857.591161107644,1.3242242857813835e-09,0.0,0.0061090435131309385,9.830081559266357e-06,8455.669890439909,0.00725481425036775,0.0,0.9609375,1.0,0.0,0.046875,317.49166980962764,19857.591161107644,0.03270705023438989,0.03496553381603575,9707.132484720387,567919.0046285132,0.96875,0.03125,0.171875,0.0
1,3e-07,2.9999028196003285e-07,3125.0,0.0009374696311250565,2.9999028196003285e-07,0.0005,3996.8189050749156,1298798.5524083464,2141.8343997377942,79679.9159701127,79.75036309887074,193.39866158684126,159.50072619774147,11354.51153677298,1.5150850774866689,0.046875,0.0390625,2141.8343997377942,64.63893624801578,62.04694471262064,20580.3653068617,1.3387762010097504e-09,0.0,0.006124629481585979,9.830081559266357e-06,8471.43229331731,0.007324256697603117,0.0,0.9609375,1.0,0.0,0.046875,329.35540855091676,20580.3653068617,0.03340232939984354,0.03577285550999669,9860.252697000811,575306.7518222171,0.96875,0.03125,0.15625,0.0
1,3e-07,2.9999028196003285e-07,3150.0,0.0009449693881740564,2.9999028196003285e-07,0.0005,3996.70856672628,1305586.8867476352,2147.040440500711,79864.77249674602,79.95009328208036,193.82554269671706,159.90018656416072,11402.342201009988,1.5214673446055205,0.046875,0.0390625,2147.040440500711,64.63160854332222,62.75349819770872,21325.051083455328,1.3387762010097504e-09,0.0,0.006139968262764087,9.830081559266357e-06,8487.181242339811,0.007393915177002672,0.0,0.9609375,1.0,0.0,0.046875,341.6131408052679,21325.051083455328,0.03411889685063187,0.03658979899282223,10012.432180934986,582814.1085890806,0.96875,0.03125,0.15625,0.0
1,3e-07,2.9999028196003285e-07,3175.0,0.0009524691452230563,2.9999028196003285e-07,0.0005,3996.5981525178136,1312400.4477492424,2152.2885684355574,80053.4798701684,80.14668063749787,194.2982417649921,160.29336127499573,11450.322767062484,1.527869613818077,0.046875,0.0390625,2152.2885684355574,64.61858196700933,63.464437994705804,22091.846918179654,1.3387762010097504e-09,0.0,0.006155065682586545,9.830081559266357e-06,8502.924662838434,0.007463836328231115,0.0,0.9609375,1.0,0.0,0.046875,354.28007012122544,22091.846918179654,0.034857292817868944,0.03741629052337184,10163.728777571916,590433.9155261831,0.96875,0.03125,0.15625,0.0
1,3e-07,2.9999028196003285e-07,3200.0,0.0009599689022720562,2.9999028196003285e-07,0.0005,3996.4876448174773,1319239.0848917582,2157.578821594622,80246.20364523167,80.34019954164529,194.79474223597092,160.68039908329058,11498.452588030033,1.5342917988054168,0.046875,0.0390625,2157.578821594622,64.59963817294967,64.18021740697804,22880.9159852406,1.3242242857813835e-09,0.0,0.006169927452985209,9.830081559266357e-06,8518.670237452605,0.007534065249386891,0.0,0.0390625,1.0,0.0,0.046875,367.3723281758066,22880.9159852406,0.035618077266948926,0.03825227879811918,10314.209984509813,598158.2458393467,0.96875,0.03125,0.15625,0.0
1,3e-07,2.9999028196003285e-07,3225.0,0.0009674686593210561,2.9999028196003285e-07,0.0005,3996.3770256911266,1326102.6567448096,2162.9113768067327,80443.08656812356,80.5417416562987,195.28616982413163,161.0834833125974,11546.730957290107,1.5407338052796218,0.046875,0.0390625,2162.9113768067327,64.5745580702096,64.90127181014213,23692.39371049311,1.3096723705530167e-09,0.0,0.006185405385990443,9.830081559266357e-06,8537.163067478032,0.007602205943257759,0.0,0.0390625,1.0,0.0,0.046875,380.907002684231,23692.39371049311,0.03640182890132139,0.03909774940868165,10463.952339229967,605978.4532056011,0.96875,0.03125,0.15625,0.0
1,3e-07,2.9999028196003285e-07,3250.0,0.0009749684163700559,2.9999028196003285e-07,0.0005,3996.26627692913,1332991.031210012,2168.2865629543644,80644.24636421847,80.74085984619201,195.77263505191547,161.48171969238402,11595.157101672448,1.5471955300730031,0.046875,0.0390625,2168.2865629543644,64.54312231997328,65.62801043766285,24526.397381151095,1.2951204553246498e-09,0.0,0.006200697167604387,9.830081559266357e-06,8556.574677346547,0.007669892791494289,0.0,0.9609375,1.0,0.0,0.046875,394.9021567839227,24526.397381151095,0.03720914355409432,0.03995274078267677,10613.040749239968,613885.2279137147,0.96875,0.03125,0.15625,0.0
1,3e-07,2.9999028196003285e-07,3275.0,0.0009824681734190558,2.9999028196003285e-07,0.0005,3996.1553800725783,1339904.0857590328,2173.704873925051,80852.19222783486,80.93697831714263,196.2542402067928,161.87395663428526,11643.730174674956,1.5536768602328637,0.046875,0.0390625,2173.704873925051,64.50511186358402,66.36080823849625,25383.037856373936,1.3096723705530167e-09,0.0,0.0062157585782662865,9.830081559266357e-06,8576.074803180467,0.007737899885608053,0.0,0.0390625,1.0,0.0,0.046875,409.3768390120822,25383.037856373936,0.038040631965037756,0.0408173613624951,10761.567772804898,621868.6610079862,0.96875,0.03125,0.15625,0.0
1,3e-07,2.9999028196003285e-07,3300.0,0.0009899679304680557,2.9999028196003285e-07,0.0005,3996.0443164390244,1346841.7076682749,2179.166980920864,81126.57286865411,81.13016314158138,196.7310793953885,162.26032628316275,11692.449249723399,1.560177672122111,0.046875,0.0390625,2179.166980920864,64.46030848112075,67.09999799395518,26262.43332138844,1.3242242857813835e-09,0.0,0.006230594692174454,9.830081559266357e-06,8595.671315862044,0.007806254512097505,0.0,0.9609375,0.955764064256618,0.0,0.046875,424.35108315556863,26262.43332138844,0.038896916955440015,0.04169180773347535,10909.632854493371,629918.3160700826,0.96875,0.03125,0.15625,0.0
1,3e-07,2.9999028196003285e-07,3325.0,0.0009974676875170556,2.9999028196003285e-07,0.0005,3995.933067147741,1353803.7942497209,2184.673743808139,81405.76679955055,81.32047911555186,197.20323859877567,162.64095823110372,11741.313313476421,1.5666978305259134,0.046875,0.0390625,2184.673743808139,64.40849537968832,67.84586288826722,27164.72497105552,1.3969838619232178e-09,0.0,0.006245210485503838,9.830081559266357e-06,8615.371923984225,0.007874977828802953,0.0,0.0390625,0.8933668354836406,0.0,0.046875,439.84589744831464,27164.72497105552,0.03977863003010609,0.04257638337441906,11057.341520193666,638023.3081839627,0.96875,0.03125,0.15625,0.0
1,3e-07,2.9999028196003285e-07,3350.0,0.0010049674445660555,2.9999028196003285e-07,0.0005,3995.8216131444474,1360790.253077516,2190.22622119294,81689.90933775573,81.50798977097715,197.67079572858137,163.0159795419543,11790.321259177244,1.5732371877645865,0.046875,0.0390625,2190.22622119294,64.34945781035216,68.59862973013969,28090.094449150376,1.4260876923799515e-09,0.0,0.0062596108373480725,9.830081559266357e-06,8635.184185235015,0.007944084139795648,0.0,0.0390625,0.8436518007068635,0.0,0.046875,455.8832428161404,28090.094449150376,0.04059447510984407,0.04347151766902392,11230.179515379168,646172.3895406178,0.96875,0.03125,0.15625,0.0
1,3e-07,2.9999028196003285e-07,3375.0,0.0010124672016150553,2.9999028196003285e-07,0.0005,3995.7099352254686,1367801.0022099183,2195.825678916196,81979.12026487866,81.69275738847871,198.1338206835645,163.38551477695742,11839.471880053086,1.5797955828128474,0.046875,0.0390625,2195.825678916196,64.2829837123883,69.35846302222308,29038.782808912452,1.4406396076083183e-09,0.0,0.006273800530703945,9.830081559266357e-06,8655.11551747071,0.008013580278879022,0.0,0.9609375,0.8035507384769817,0.0,0.046875,472.4860001219349,29038.782808912452,0.041433542215314485,0.044377784787817835,11403.46624641947,654354.0410535296,0.96875,0.03125,0.15625,0.0
1,3e-07,2.9999028196003285e-07,3400.0,0.0010199669586640552,2.9999028196003285e-07,0.0005,3995.5980140612915,1374835.9704062836,2201.4735966760254,82273.50221237955,81.87484301070522,198.5923754063382,163.74968602141044,11888.763862762975,1.5863728404255255,0.046875,0.0390625,2201.4735966760254,64.20886438325351,70.12546007034416,30011.110699566547,1.4551915228366852e-09,0.0,0.00628778425349501,9.830081559266357e-06,8676.63070384163,0.008082107267662744,0.0,0.0390625,0.7709376254771639,0.0,0.046875,489.67792664185254,30011.110699566547,0.04230895233018951,0.0452959220259206,11573.86084203374,662556.5692733373,0.96875,0.03125,0.15625,0.0
1,3e-07,2.9999028196003285e-07,3425.0,0.0010274667157130551,2.9999028196003285e-07,0.0005,3995.4858302195053,1381895.0973387833,2207.1716725034807,82573.13916510547,82.05430645612971,199.04651393992398,164.10861291225942,11938.195780894448,1.592968770269798,0.046875,0.0390625,2207.1716725034807,64.12689517240868,70.89964731477448,31007.49942414416,1.4988472685217857e-09,0.0,0.0063015665996311795,9.830081559266357e-06,8702.798150535033,0.008146764533475443,0.0,0.0390625,0.7442947926750809,0.0,0.046875,507.4836023018652,31007.49942414416,0.04322182688945634,0.04622684716271899,11741.373255688603,670768.207812171,0.96875,0.03125,0.15625,0.0
1,3e-07,2.9999028196003285e-07,3450.0,0.001034966472762055,2.9999028196003285e-07,0.0005,3995.373364187075,1388978.3337986174,2213.934058691165,82878.0951136389,82.23120633327683,199.4962824838372,164.46241266655366,11987.766088509223,1.599583166063958,0.0625,0.0390625,2213.934058691165,64.12370518291611,71.68097805266552,32028.492457722314,1.5425030142068863e-09,0.0,0.006315152070101339,9.830081559266357e-06,8729.201214017132,0.008211630857765315,0.0,0.0390625,0.7225119183607539,0.0,0.046875,525.9283665115363,32028.492457722314,0.04417328728867143,0.0471716743954739,11906.027348035168,678977.2224153958,0.96875,0.03125,0.15625,0.0
1,3e-07,2.9999028196003285e-07,3475.0,0.0010424662298110549,2.9999028196003285e-07,0.0005,3995.2605963919414,1396085.641896505,2220.986361562255,83188.4128855613,82.40560005534184,199.94171944941775,164.81120011068367,12037.473113737986,1.6062158047227368,0.0625,0.0390625,2220.986361562255,64.17969438328603,72.4693317019337,33074.77696387656,1.5861587598919868e-09,0.0,0.00632854507409605,9.830081559266357e-06,8755.848194311393,0.008276677495278694,0.0,0.0390625,0.7047600943155928,0.0,0.046875,545.038246758173,33074.77696387656,0.04516444694941749,0.048131728390133535,12067.860531284612,687172.0187521153,0.96875,0.03125,0.15625,0.0
1,3e-07,2.9999028196003285e-07,3500.0,0.0010499659868600548,2.9999028196003285e-07,0.0005,3995.1475072239186,1403216.9952572875,2228.1082675262605,83504.11318466025,82.57754385516503,200.38285551413458,165.15508771033006,12087.315052423895,1.6128664455091293,0.0625,0.0390625,2228.1082675262605,64.23092595221598,73.26451473486486,34147.20480189333,1.6007106751203537e-09,0.0,0.0063417499301575515,9.830081559266357e-06,8782.74732496206,0.008341867530064842,0.0,0.0390625,0.6904102438068354,0.0,0.046875,564.8398804390163,34147.20480189333,0.046196403206520895,0.0491085559885758,12226.923336734704,695341.2519365677,0.96875,0.96875,0.15625,0.0
1,3e-07,2.9999028196003285e-07,3525.0,0.0010574657439090546,2.9999028196003285e-07,0.0005,3995.0340770548596,1410372.3792085217,2235.3006812043664,83857.23879118306,82.74709280052734,200.81971367460494,165.49418560105468,12137.28996181448,1.6195348291926728,0.0625,0.0390625,2235.3006812043664,64.27716266970947,74.06626338277601,35246.81248074211,1.6152625903487206e-09,0.0,0.006354770867354419,9.830081559266357e-06,8809.906782911688,0.00840715630799183,0.0,0.0390625,0.6789787600234701,0.0,0.046875,585.360431727866,35246.81248074211,0.04727022916282677,0.050103935113802484,12383.278907143365,703473.9367413963,0.96875,0.96875,0.15625,0.0
1,3e-07,2.9999028196003285e-07,3550.0,0.0010649655009580545,2.9999028196003285e-07,0.0005,3994.920286258092,1417551.790962974,2242.564637379741,84285.2393275232,82.9143008097337,201.2523092980856,165.8286016194674,12187.39575430136,1.6262206772141097,0.0625,0.0390625,2242.564637379741,64.31816373709385,74.87424818274667,36374.83948859619,1.6880221664905548e-09,0.0,0.006367612026478334,9.830081559266357e-06,8837.334698131759,0.008472492073721654,0.0,0.0390625,0.6700904176584879,0.0,0.046875,606.6275055708975,36374.83948859619,0.04838696567406824,0.051119880422107085,12537.002416252028,711559.5574215327,0.96875,0.96875,0.15625,0.0
1,3e-07,2.9999028196003285e-07,3575.0,0.0010724652580070544,2.9999028196003285e-07,0.0005,3994.8061152270857,1424755.2397949724,2249.9013045515667,84718.85987863298,83.07922066745175,201.6806501722034,166.1584413349035,12237.630191207074,1.632923690856335,0.0625,0.0390625,2249.9013045515667,64.3536851643616,75.68808040321255,37532.74441084452,1.7025740817189217e-09,0.0,0.006380277461260452,9.830081559266357e-06,8865.03916301027,0.008537816811799782,0.0,0.0390625,0.6634525772124029,0.0,0.046875,628.6690611844751,37532.74441084452,0.049547613641629636,0.052158645265211495,12688.180418365715,719588.1760348924,0.96875,0.96875,0.15625,0.0
1,3e-07,2.9999028196003285e-07,3600.0,0.0010799650150560543,2.9999028196003285e-07,0.0005,3994.691544393361,1431982.7472106114,2257.311987225032,85158.11868002267,83.24190404077609,202.10473655271142,166.48380808155218,12287.990876618336,1.639643550421539,0.0625,0.0390625,2257.311987225032,64.38348019348084,76.50732034860357,38722.21824654378,1.7025740817189217e-09,0.0,0.0063927711396050985,9.830081559266357e-06,8893.028241501022,0.008603067287200044,0.0,0.0390625,0.658836976949636,0.0,0.046875,651.5133276724373,38722.21824654378,0.05075312680379802,0.05322271954660005,12836.910131489327,727550.538123853,0.96875,0.96875,0.15625,0.0
1,3e-07,2.9999028196003285e-07,3625.0,0.0010874647721050542,2.9999028196003285e-07,0.0005,3994.5765542436125,1439234.347111843,2264.7981267975197,85603.03041552412,83.40240149548865,202.52456120906854,166.8048029909773,12338.475251264721,1.6463799144144124,0.0625,0.0390625,2264.7981267975197,64.40729975806386,77.33148750341934,39945.194343842566,1.7171259969472885e-09,0.0,0.006405096944838529,9.830081559266357e-06,8921.309978040132,0.00866817627610422,0.0,0.0390625,0.6560667573896477,0.0,0.046875,675.1887245848702,39945.194343842566,0.05200440522592807,0.054314823084903575,12983.298658095955,735438.1746102944,0.96875,0.96875,0.15625,0.0
1,3e-07,2.9999028196003285e-07,3650.0,0.001094964529154054,2.9999028196003285e-07,0.0005,3994.4611253360486,1446510.0859545257,2272.3613009154033,86053.60650236155,83.5607625124869,202.94010946765417,167.1215250249738,12389.080586442054,1.653132418731316,0.0625,0.0390625,2272.3613009154033,64.42489297957916,78.1600724352893,41203.85440058913,1.7462298274040222e-09,0.0,0.00641725867697057,9.830081559266357e-06,8949.892406236162,0.008733073973138317,0.0,0.0390625,1.0,0.0,0.234375,699.7237904012436,41203.85440058913,0.053302289696523765,0.055437894134942524,13127.462148157545,743243.4987572576,0.96875,0.96875,0.15625,0.0
1,3e-07,2.9999028196003285e-07,3675.0,0.001102464286203054,2.9999028196003285e-07,0.0005,3994.3452383159383,1453810.02290054,2280.003221192371,86509.85540361144,83.71703550435407,203.3513592524462,167.43407100870814,12439.803977979514,1.659900675855282,0.0625,0.0390625,2280.003221192371,64.4360077000792,78.9925503341683,42500.6300172559,1.760781742632389e-09,0.0,0.00642926005396717,9.830081559266357e-06,8978.783557341188,0.008797689556686418,0.0,0.0390625,1.0,0.0,0.234375,725.1471220156236,42500.6300172559,0.05464755723781231,0.05659507276420953,13269.524909594169,750959.8970625072,0.96875,0.96875,0.15625,0.0
1,3e-07,2.9999028196003285e-07,3700.0,0.0011099640432520538,2.9999028196003285e-07,0.0005,3994.228873930371,1461134.229964114,2287.725729198743,86971.78296544404,83.87126783204593,203.75828112300383,167.74253566409186,12490.642340249578,1.6666842740567354,0.0625,0.0390625,2287.725729198743,64.44039105118098,79.8283960225308,43838.19934609253,1.7898855730891228e-09,0.0,0.006441104713031908,9.830081559266357e-06,9007.99146851103,0.008861952889452056,0.0,0.0390625,1.0,0.0,0.234375,751.4873283413472,43838.19934609253,0.05604091793680091,0.05778967884062844,13409.618471789181,758581.8129737128,0.96875,0.96875,0.15625,0.0
1,3e-07,2.9999028196003285e-07,3725.0,0.0011174638003010537,2.9999028196003285e-07,0.0005,3994.1120130422173,1468482.792152545,2295.5307906518888,87439.39277601507,84.02350582166913,204.16083830961247,168.04701164333827,12541.59240022005,1.6734827765998268,0.0625,0.0390625,2295.5307906518888,64.43779005879037,80.73011060270437,45219.478453449905,1.8044374883174896e-09,0.0,0.006452796211894524,9.830081559266357e-06,9037.524190864042,0.00893276841065762,0.0,0.953125,0.9349749796308587,0.0,0.765625,778.7730011192616,45219.478453449905,0.057483013294629744,0.05902518445796142,13547.88060827036,766104.8223518194,0.96875,0.96875,0.15625,0.0
1,3e-07,2.9999028196003285e-07,3750.0,0.0011249635573500536,2.9999028196003285e-07,0.0005,3993.994636643298,1475855.8076015252,2303.4204877603374,87912.68654236304,84.17379478132989,204.55898674546052,168.34758956265978,12592.65069154726,1.6802957209542617,0.0625,0.0390625,2303.4204877603374,64.42795228279887,81.82426606718855,46647.6071000346,1.8335413187742233e-09,0.0,0.006464338030104856,9.830081559266357e-06,9067.389797348686,0.009024015499048474,0.0,0.046875,0.666340208783197,0.0,0.046875,807.0327059020128,46647.6071000346,0.05897441627789339,0.06030518070780295,13684.454325061793,773525.6996584842,0.96875,0.96875,0.15625,0.0
1,3e-07,2.9999028196003285e-07,3775.0,0.0011324633143990535,2.9999028196003285e-07,0.0005,3993.8767258667763,1483253.3877053251,2311.3970096982403,88391.66448117366,84.32217901802956,204.95267509573767,168.64435803605912,12643.813548710012,1.6871226180125651,0.0625,0.0390625,2311.3970096982403,64.4106264907085,82.93189891883321,48125.92874735966,1.8480932340025902e-09,0.0,0.006475733570330382,9.830081559266357e-06,9097.596390431363,0.009115803269318368,0.0,0.046875,0.67292897042463,0.0,0.046875,836.2949959997932,48125.92874735966,0.06051563323571145,0.0616333388047823,13819.4868215686,780842.4739051366,0.96875,0.96875,0.15625,0.0
1,3e-07,2.9999028196003285e-07,3800.0,0.0011399630714480533,2.9999028196003285e-07,0.0005,3993.7582619987743,1490675.6572421142,2319.462641212401,88876.32571879754,84.46870185458815,205.34184478355385,168.9374037091763,12695.077101183515,1.6939629513126828,0.0625,0.0390625,2319.462641212401,64.38556336385439,84.05235753297347,49657.96471505612,1.8917489796876907e-09,0.0,0.006486986159655897,9.830081559266357e-06,9128.152109616985,0.009208036470428655,0.0,0.046875,0.6810569667454056,0.0,0.046875,866.5884519016836,49657.96471505612,0.062107107820116046,0.06301336568280903,13953.128431155215,788054.4734750383,0.96875,0.96875,0.15625,0.0
1,3e-07,2.9999028196003285e-07,3825.0,0.0011474628284970532,2.9999028196003285e-07,0.0005,3993.639226489207,1498122.754494728,2327.619749390735,89366.66869546263,84.61340564657482,205.72643001259848,169.22681129314964,12746.437267653107,1.7008161762658918,0.0625,0.0390625,2327.619749390735,64.35251623460303,85.18485196806887,51247.38254262833,1.9354047253727913e-09,0.0,0.006498099050883742,9.830081559266357e-06,9159.065138815804,0.009300605539648189,0.0,0.046875,0.6907899197212518,0.0,0.046875,897.9417483351717,51247.38254262833,0.06361425638539758,0.06444895430675383,14115.416879120996,795162.3590153104,0.96875,0.96875,0.15625,0.0
1,3e-07,2.9999028196003285e-07,3850.0,0.001154962585546053,2.9999028196003285e-07,0.0005,3993.51960096187,1505594.8313672289,2335.870768648583,89862.6915682086,84.75633179922791,206.10635778647205,169.51266359845582,12797.889750267566,1.707681719389992,0.0625,0.0390625,2335.870768648583,64.31124185260185,86.32846542747575,52897.958748244215,2.0081643015146255e-09,0.0,0.00650907542383321,9.830081559266357e-06,9190.343713571177,0.009393388116703014,0.0,0.046875,0.7022237738596672,0.0,0.046875,930.383750689798,52897.958748244215,0.06514642466936539,0.06587554533410919,14281.424581805237,802998.4189118294,0.96875,0.96875,0.15625,0.0
1,3e-07,2.9999028196003285e-07,3875.0,0.001162462342595053,2.9999028196003285e-07,0.0005,3993.399367223787,1513092.0534976262,2344.2181840173857,90364.39260669335,84.89752078434691,206.48154792463905,169.79504156869382,12849.430028932058,1.7145589775477894,0.0625,0.0390625,2344.2181840173857,64.26150117785306,87.48216899929412,54613.536324027926,2.0227162167429924e-09,0.0,0.0065199183866378185,9.830081559266357e-06,9221.996128163886,0.009486250892268804,0.0,0.046875,0.7154885283036697,0.0,0.046875,963.9436420226702,54613.536324027926,0.06671266892365779,0.06721085047267407,14449.18420406404,812570.2314424985,0.96875,0.96875,0.15625,0.0
1,3e-07,2.9999028196003285e-07,3900.0,0.0011699620996440529,2.9999028196003285e-07,0.0005,3993.278507273823,1520614.60036716,2352.664512848542,90871.77057568966,85.03701215713934,206.85191307496797,170.0740243142787,12901.053355641052,1.7214473171909093,0.0625,0.0390625,2352.664512848542,64.20306019807721,88.6448395638181,56397.9774593208,2.066371962428093e-09,0.0,0.006530630977039097,9.830081559266357e-06,9254.030742609506,0.009579051769912481,0.0,0.046875,0.730753597609546,0.0,0.046875,998.6510812751803,56397.9774593208,0.06831318892102822,0.06859410281119843,14618.715610387422,822198.6314851758,0.96875,0.96875,0.15625,0.0
1,3e-07,2.9999028196003285e-07,3925.0,0.0011774618566930527,2.9999028196003285e-07,0.0005,3993.1570033105736,1528162.6654065673,2361.212285073477,91384.82509780102,85.17484457300797,207.21735872283818,170.34968914601595,12952.75474885177,1.7283460736090204,0.0625,0.0390625,2361.212285073477,64.13569076752708,89.81528068774242,58255.11213757936,2.1391315385699272e-09,0.0,0.006541216163675811,9.830081559266357e-06,9286.455989566359,0.009671642313133543,0.0,0.046875,0.7482351073646767,0.0,0.046875,1034.5363926867285,58255.11213757936,0.06994823316730223,0.07002799688476742,14790.02893771918,831883.1714326972,0.96875,0.96875,0.15625,0.0
1,3e-07,2.9999028196003285e-07,3950.0,0.0011849616137420526,2.9999028196003285e-07,0.0005,3993.034837739582,1535736.4560997903,2369.8640221885817,91903.55698969193,85.31105580426302,207.57778319681302,170.62211160852604,13004.528987899177,1.7352545501846008,0.0625,0.0390625,2369.8640221885817,64.05917146411176,90.99224625392162,60188.68340570666,2.1827872842550278e-09,0.0,0.006551676847367414,9.830081559266357e-06,9319.28038117212,0.009763870441944702,0.0,0.046875,0.768205723641198,0.0,0.046875,1071.6307856829371,60188.68340570666,0.0716181151768046,0.07151498350588126,14963.124665280397,841623.3977143664,0.96875,0.96875,0.15625,0.0
1,3e-07,2.9999028196003285e-07,3975.0,0.0011924613707910525,2.9999028196003285e-07,0.0005,3992.9119931798546,1543336.1940855912,2378.622215160467,92427.96856494666,85.44568275674567,207.93307767089112,170.89136551349134,13056.370607453624,1.7421720176533957,0.0625,0.0390625,2378.622215160467,63.97328846139563,92.17446650623788,62202.29026301671,2.2264430299401283e-09,0.0,0.0065620158623906945,9.830081559266357e-06,9352.51251582786,0.009855583336589507,0.0,0.046875,0.7910078931305123,0.0,0.046875,1109.9666037718707,62202.29026301671,0.07332323034426345,0.07305721860878414,15137.99376487387,851418.8118234456,0.96875,0.96875,0.15625,0.0
1,3e-07,2.9999028196003285e-07,4000.0,0.0011999611278400524,2.9999028196003285e-07,0.0005,3992.7884524697342,1550962.1152575894,2387.4893014724594,92958.06389654933,85.57876148635036,208.28312616336945,171.15752297270072,13108.273892022919,1.7490977133708032,0.0625,0.0390625,2387.4893014724594,63.889134355116354,93.36067612216084,64299.3292570333,2.270098775625229e-09,0.0,0.006572235977748645,9.830081559266357e-06,9386.161084948715,0.009946630499648083,0.0,0.046875,0.8170717834093574,0.0,0.046875,1149.5776002070343,64299.3292570333,0.07506407312881218,0.07465651503865764,15314.617929596294,861268.8286312143,0.96875,0.96875,0.15625,0.0
1,3e-07,2.9999028196003285e-07,4025.0,0.0012074608848890523,2.9999028196003285e-07,0.0005,3992.6641986721124,1558614.4698632252,2396.4676415569925,93493.84903192053,85.7103272154332,208.62780553236294,171.4206544308664,13160.23287050075,1.7560308405844451,0.0625,0.0390625,2396.4676415569925,63.809178325213644,94.54964386317624,66482.93600125657,2.342858351767063e-09,0.0,0.006582339898430587,9.830081559266357e-06,9420.234879700576,0.010036866922173975,0.0,0.046875,0.8469398418987965,0.0,0.046875,1190.4992373873974,66482.93600125657,0.07684125424354833,0.07631429857743956,15492.969878056785,871172.7322474613,0.96875,0.96875,0.15625,0.0
1,3e-07,2.9999028196003285e-07,4050.0,0.0012149606419380521,2.9999028196003285e-07,0.0005,3992.539215079047,1566293.5226022135,2405.559494880234,94035.33215345078,85.8404143490947,208.96698546804967,171.6808286981894,13212.24131076398,1.7629705677132594,0.0625,0.0390625,2405.559494880234,63.80000576556246,95.74020329629639,68755.92794170417,2.342858351767063e-09,0.0,0.006592330266662648,9.830081559266357e-06,9454.742797742252,0.010126156294717895,0.0,0.046875,0.8813008760154041,0.0,0.046875,1232.7690061789035,68755.92794170417,0.07865551752748495,0.0780315695021714,15673.013730386192,881129.6297172504,0.96875,0.96875,0.15625,0.0
1,3e-07,2.9999028196003285e-07,4075.0,0.001222460398987052,2.9999028196003285e-07,0.0005,3992.4134852157526,1573999.5527250424,2414.766995964362,94582.5236775464,85.96905649132748,209.30052848172014,171.93811298265496,13264.2927143217,1.7699160276334975,0.0625,0.0390625,2414.766995964362,63.86843841178177,96.93128402960065,71120.74979087012,2.4010660126805305e-09,0.0,0.006602209663147858,9.830081559266357e-06,9489.693849992336,0.010214374200246611,0.0,0.046875,0.9210381367126528,0.0,0.046875,1276.4267605862988,71120.74979087012,0.08050775616670222,0.0798088709471253,15854.705451525493,891138.4028723924,0.96875,0.96875,0.15625,0.0
1,3e-07,2.9999028196003285e-07,4100.0,0.001229960156036052,2.9999028196003285e-07,0.0005,3992.2869928440236,1581732.8541321165,2424.0921306491764,95135.43628534547,86.09628646101639,209.62828989173448,172.19257292203278,13327.317009416274,1.7783256513066654,0.0625,0.0390625,2424.0921306491764,63.930832612620655,98.12194286391423,73579.42311587976,2.444721758365631e-09,0.0,0.006611980608294929,9.830081559266357e-06,9525.097167439584,0.010301411223324048,0.0,0.046875,0.96729849610078,0.0,0.046875,1321.5150624835514,73579.42311587976,0.08239902792741766,0.0816462652859362,16037.993356519044,901197.6586827913,0.96875,0.96875,0.140625,0.0
1,3e-07,2.9999028196003285e-07,4125.0,0.0012374599130850518,2.9999028196003285e-07,0.0005,3992.1597219650857,1589493.7354741518,2433.5367129075835,95694.08487847679,86.22213630778384,209.95011780650407,172.44427261556768,13391.598968270026,1.78690309088172,0.0625,0.0390625,2433.5367129075835,63.98691813596464,99.31139423052264,76133.50160856964,2.444721758365631e-09,0.0,0.006621645563435126,9.830081559266357e-06,9560.96200801479,0.010387175908373195,0.0,0.046875,1.0,0.0,0.046875,1368.0795304596977,76133.50160856964,0.08433056906667172,0.08354331966389052,16222.81867181632,911305.6784775625,0.96875,0.96875,0.140625,0.0
1,3e-07,2.9999028196003285e-07,4150.0,0.0012449596701340517,2.9999028196003285e-07,0.0005,3992.031656821904,1597282.5202544618,2443.1023625387766,96258.48645351888,86.3466373276696,210.2658531046344,172.6932746553392,13456.180105644937,1.7955204512328862,0.0625,0.0390625,2443.1023625387766,64.03642341732454,100.49903926477418,78784.03357554274,2.5174813345074654e-09,0.0,0.0066312069320264445,9.830081559266357e-06,9597.297763541252,0.010471597499720757,0.0,0.046875,1.0,0.0,0.046875,1416.169186270432,78784.03357554274,0.08630380659613252,0.08549910169324695,16409.11614591394,921460.3664282172,0.96875,0.96875,0.140625,0.0
1,3e-07,2.9999028196003285e-07,4175.0,0.0012524594271830516,2.9999028196003285e-07,0.0005,3991.9027819009593,1605099.5469337937,2452.790484068142,96828.65988917221,86.46982007863728,210.5753294123854,172.93964015727457,13521.055455789034,1.8041770697568724,0.0625,0.0390625,2452.790484068142,64.07907618341223,101.68449285657152,81531.53316363972,2.5756889954209328e-09,0.0,0.0066406670608444695,9.830081559266357e-06,9634.113966779561,0.010554628397297448,0.0,0.046875,1.0,0.0,0.046875,1465.8367919205339,81531.53316363972,0.08832036859088475,0.08751218617750772,16596.814702059768,931659.1977060545,0.96875,0.96875,0.140625,0.0
1,3e-07,2.9999028196003285e-07,4200.0,0.0012599591842320514,2.9999028196003285e-07,0.0005,3991.773081933517,1612945.1690383973,2462.6022471839265,97404.62564058516,86.59171439589971,210.8783730786225,173.18342879179943,13586.21973624373,1.8128722415907568,0.0625,0.0390625,2462.6022471839265,64.11460411259003,102.86760802343088,84375.96177732619,2.6193447411060333e-09,0.0,0.00665002824115932,9.830081559266357e-06,9671.420298580917,0.010636246264524828,0.0,0.046875,1.0,0.0,0.046875,1517.1391700699314,84375.96177732619,0.09035790223159575,0.08958067355457595,16790.33192007227,941899.1667429374,0.96875,0.96875,0.140625,0.0
1,3e-07,2.9999028196003285e-07,4225.0,0.0012674589412810513,2.9999028196003285e-07,0.0005,3991.642541896395,1620819.7552720306,2472.538569036953,97986.40533577006,86.71234940705494,211.17480314745146,173.4246988141099,13651.667339023628,1.8216052184350677,0.0625,0.0390625,2472.538569036953,64.1427355311621,104.0484969695126,87316.72104876023,2.7066562324762344e-09,0.0,0.006659292709898061,9.830081559266357e-06,9709.226595161277,0.01071645572896265,0.0,0.046875,1.0,0.0,0.046875,1570.1375002570712,87316.72104876023,0.0924012789320083,0.09170222054786817,16992.594890514738,952176.7360385922,0.96875,0.96875,0.140625,0.0
1,3e-07,2.9999028196003285e-07,4250.0,0.0012749586983300512,2.9999028196003285e-07,0.0005,3991.5111470122506,1628723.6896326449,2482.600098721376,98574.02126960647,86.83175354702666,211.53431908317884,173.66350709405333,13717.392321647747,1.8303752073570372,0.0625,0.0390625,2482.600098721376,64.16320014419094,105.22754822638308,90352.65858620824,2.735760062932968e-09,0.0,0.006668462650792093,9.830081559266357e-06,9750.29917323414,0.010792237895145475,0.0,0.046875,1.0,0.0,0.046875,1624.8975834087905,90352.65858620824,0.09449354510056315,0.09387408329062698,17195.85799939584,962487.7859683948,0.96875,0.96875,0.140625,0.0
1,3e-07,2.9999028196003285e-07,4275.0,0.001282458455379051,2.9999028196003285e-07,0.0005,3991.378882749401,1636657.3715344968,2492.7872042409467,99167.49579155812,86.94995457280157,212.05817848961902,173.89990914560315,13783.388398024179,1.8391813695742998,0.0625,0.0390625,2492.7872042409467,64.17572979922986,106.4054393168899,93482.08755295305,2.7939677238464355e-09,0.0,0.006677540195508939,9.830081559266357e-06,9795.010478001917,0.010863228738331633,0.0,0.046875,1.0,0.0,0.046875,1681.490067245366,93482.08755295305,0.09663704694851387,0.0957821047591912,17400.056400121866,975986.9840820401,0.96875,0.96875,0.140625,0.0
1,3e-07,2.9999028196003285e-07,4300.0,0.001289958212428051,2.9999028196003285e-07,0.0005,3991.2457348211838,1644621.2159364796,2503.099962246823,99766.85058391538,87.06697957795855,212.57985782247886,174.1339591559171,13849.648929190851,1.8480228192193893,0.0625,0.0390625,2503.099962246823,64.18005928106338,107.58314444391544,96702.82091621682,2.852175384759903e-09,0.0,0.006686527424768053,9.830081559266357e-06,9840.274076006312,0.010932941868584437,0.0,0.046875,1.0,0.0,0.046875,1739.9906255241804,96702.82091621682,0.09883433815950969,0.0975539173055299,17605.122449608483,991275.6308222096,0.96875,0.96875,0.140625,0.0
1,3e-07,2.9999028196003285e-07,4325.0,0.0012974579694770508,2.9999028196003285e-07,0.0005,3991.1116891848806,1652615.6534774895,2513.5381508093215,100372.10582811953,87.18285500698275,213.0991931490537,174.3657100139655,13916.166913916091,1.8568986220855281,0.0625,0.0390625,2513.5381508093215,64.17592713524311,108.76193677910669,100012.22095620632,2.9249349609017372e-09,0.0,0.006695426369440107,9.830081559266357e-06,9886.098987920985,0.011001501897967439,0.0,0.046875,1.0,0.0,0.046875,1800.480084593466,100012.22095620632,0.10108817692724248,0.0993349386582846,17810.985807859106,1006818.1679786565,0.96875,0.96875,0.140625,0.0
1,3e-07,2.9999028196003285e-07,4350.0,0.0013049577265260507,2.9999028196003285e-07,0.0005,3990.9767320402098,1660641.1306196572,2524.101245457222,100983.27925751936,87.29760666936043,213.6160125189304,174.59521333872087,13982.934979163456,1.8658077943543063,0.0625,0.0390625,2524.101245457222,64.16307651790274,109.94338501305629,103407.26434062747,3.026798367500305e-09,0.0,0.006704239011629435,9.830081559266357e-06,9932.494340713998,0.01106906092686009,0.0,0.046875,1.0,0.0,0.046875,1863.0444914582622,103407.26434062747,0.10340152010985522,0.1011218000310288,18017.57352772897,1022601.1039053635,0.96875,0.96875,0.140625,0.0
1,3e-07,2.9999028196003285e-07,4375.0,0.0013124574835750506,2.9999028196003285e-07,0.0005,3990.8408498273843,1668698.1098003236,2534.7884186844253,101600.38509575106,87.41125975344892,214.1301357965756,174.82251950689783,14049.945370426383,1.874749301305988,0.0625,0.0390625,2534.7884186844253,64.14125606903013,111.12934392632815,106884.62275428278,3.14321368932724e-09,0.0,0.0067129672857392155,9.830081559266357e-06,9979.469372398442,0.011135796882516969,0.0,0.046875,1.0,0.0,0.046875,1927.7751184944937,106884.62275428278,0.10577751452159984,0.10291127393960806,18224.810132978128,1038609.4609712677,0.96875,0.96875,0.140625,0.0
1,3e-07,2.9999028196003285e-07,4400.0,0.0013199572406240505,2.9999028196003285e-07,0.0005,3990.704029224782,1676787.0695936459,2545.5985430850833,102223.43288081174,87.52383884011802,214.6413744858051,175.04767768023603,14117.189941939123,1.8837220560133112,0.0625,0.0390625,2545.5985430850833,64.11022080607549,112.32193884918888,110440.75873000594,3.2014213502407074e-09,0.0,0.006721613079519098,9.830081559266357e-06,10027.033437065049,0.011201911268590119,0.0,0.046875,1.0,0.0,0.046875,1994.7684010759403,110440.75873000594,0.10821948544679484,0.10470036918780835,18432.617682853896,1054826.8319083063,0.96875,0.96875,0.140625,0.0
1,3e-07,2.9999028196003285e-07,4425.0,0.0013274569976730504,2.9999028196003285e-07,0.0005,3990.566257146204,1684908.5048827692,2556.5301982349197,102880.73867669149,87.63536791615824,215.1495315461053,175.2707358323165,14184.66014677147,1.892724918019783,0.0625,0.0390625,2556.5301982349197,64.0697330344794,113.52354399484011,114072.03596230829,3.3032847568392754e-09,0.0,0.006730178235094919,9.830081559266357e-06,10075.196010222668,0.011267626344902363,0.0,0.046875,1.0,0.0,0.046875,2064.12580570257,114072.03596230829,0.1107309225284872,0.10648642751000806,18640.91582160839,1071235.4487766745,0.96875,0.96875,0.140625,0.0
1,3e-07,2.9999028196003285e-07,4450.0,0.0013349567547220503,2.9999028196003285e-07,0.0005,3990.427520737751,1693062.9270434945,2567.5816813888227,103625.39244187488,87.74587038745356,215.65440120078327,175.49174077490713,14252.34702681608,1.9017566920036388,0.0625,0.0390625,2567.5816813888227,64.01956327142084,114.73675477460529,117774.84300499922,3.3614924177527428e-09,0.0,0.006738664549980337,9.830081559266357e-06,10123.966694467063,0.011333181769287238,0.0,0.046875,1.0,0.0,0.046875,2135.953627714567,117774.84300499922,0.11331546325275263,0.10826722020625942,18849.62181154637,1087816.264060598,0.96875,0.96875,0.140625,0.0
1,3e-07,2.9999028196003285e-07,4475.0,0.0013424565117710501,2.9999028196003285e-07,0.0005,3990.287807374322,1701250.8641404342,2578.751022013144,104384.44555228564,87.85536909191471,216.15576873693266,175.71073818382942,14320.241202678017,1.91081612642876,0.0625,0.0390625,2578.751022013144,63.95949117881394,115.96435433226907,121545.72886597319,3.41970007866621e-09,0.0,0.00674707377807008,9.830081559266357e-06,10173.355225491947,0.011398830745798661,0.0,0.046875,1.0,0.0,0.046875,2210.362719332057,121545.72886597319,0.1159768743184014,0.11004104309172856,19058.650548416714,1104549.043257019,0.96875,0.96875,0.140625,0.0
1,3e-07,2.9999028196003285e-07,4500.0,0.00134995626882005,2.9999028196003285e-07,0.0005,3990.147104655764,1709472.8611366416,2590.0360001160966,105157.95881885402,87.963886312172,216.65341029721398,175.927772624344,14388.332863477723,1.919901912184035,0.0625,0.0390625,2590.0360001160966,63.88930650132726,117.20927466478497,125381.54862458212,3.4633558243513107e-09,0.0,0.00675540763061472,9.830081559266357e-06,10223.371478448225,0.011464835735635013,0.0,0.046875,1.0,0.0,0.046875,2287.468150549117,125381.54862458212,0.11871903124957676,0.1118068080954346,19267.91455819997,1121412.4681706375,0.96875,0.96875,0.140625,0.0
1,3e-07,2.9999028196003285e-07,4525.0,0.00135745602586905,2.9999028196003285e-07,0.0005,3990.0054004026697,1717729.4801177392,2601.434168281707,105945.95120351577,88.07144378802532,217.14709266346173,176.14288757605064,14456.611756579621,1.9290126812128008,0.0625,0.0390625,2601.434168281707,63.80881000496203,118.4745528271742,129279.61681861989,3.521563485264778e-09,0.0,0.0067636677771768065,9.830081559266357e-06,10274.025474648948,0.01153146379863559,0.0,0.046875,1.0,0.0,0.046875,2367.388807302632,129279.61681861989,0.12154589667393578,0.11356412988010682,19477.32397460928,1138384.2499837263,0.96875,0.96875,0.140625,0.0
1,3e-07,2.9999028196003285e-07,4550.0,0.0013649557829180498,2.9999028196003285e-07,0.0005,3989.8626826518516,1726021.3005315766,2612.9428772526226,106748.39790538157,88.17806272865062,217.63657303214754,176.35612545730123,14525.067177259996,1.938147005134179,0.0625,0.0390625,2612.9428772526226,63.71781441151396,119.7632828460919,133237.86598838074,3.6088749766349792e-09,0.0,0.0067718558465682845,9.830081559266357e-06,10325.327388606906,0.011598981643743345,0.0,0.046875,1.0,0.0,0.046875,2450.2469333011395,133237.86598838074,0.1244614977505961,0.11531340591277821,19686.78649690606,1155441.251029914,0.96875,0.96875,0.140625,0.0
1,3e-07,2.9999028196003285e-07,4575.0,0.0013724555399670497,2.9999028196003285e-07,0.0005,3989.718939651516,1734348.9194444865,2624.559304845429,107565.22883274093,88.2837638245624,218.12159878174813,176.5675276491248,14593.68795832916,1.9473033938583137,0.0625,0.0390625,2624.559304845429,63.64238659130961,121.07856408776388,137255.00743470993,3.65253072232008e-09,0.0,0.006779973427769196,9.830081559266357e-06,10377.287555381332,0.01166765047625344,0.0,0.046875,1.0,0.0,0.046875,2536.1676238938817,137255.00743470993,0.12746990328820254,0.11705588849195542,19896.207327934848,1172559.614069673,0.96875,0.03125,0.140625,0.0
1,3e-07,2.9999028196003285e-07,4600.0,0.0013799552970160495,2.9999028196003285e-07,0.0005,3989.574159856144,1742712.9518151963,2636.2804879197743,108396.32750309355,88.38856725933302,218.60190723209206,176.77713451866603,14662.462459724322,1.9564802941977018,0.0625,0.0390625,2636.2804879197743,63.55780289030359,122.42344693822088,141330.6909558666,3.7107383832335472e-09,0.0,0.0067880220708276835,9.830081559266357e-06,10429.916478197505,0.011737720737661944,0.0,0.046875,1.0,0.0,0.046875,2625.278282342275,141330.6909558666,0.13057520114287988,0.11879374732880495,20105.4890926004,1189714.8977435862,0.96875,0.03125,0.140625,0.0
1,3e-07,2.9999028196003285e-07,4625.0,0.0013874550540650494,2.9999028196003285e-07,0.0005,3989.4283319211368,1751114.0307874775,2648.1033570603895,109241.53041060947,88.4924927210695,219.07722539578347,176.984985442139,14731.378558091052,1.965676088476996,0.0625,0.0390625,2648.1033570603895,63.46338977272453,123.80087675433606,145465.66008560592,3.768946044147015e-09,0.0,0.006796003287741387,9.830081559266357e-06,10483.22483629058,0.01180942684027582,0.0,0.046875,1.0,0.0,0.046875,2717.7080507870123,145465.66008560592,0.13378147652753042,0.12053012138581161,20314.531737342164,1206882.2167695058,0.96875,0.03125,0.140625,0.0
1,3e-07,2.9999028196003285e-07,4650.0,0.0013949548111140493,2.9999028196003285e-07,0.0005,3989.281444697218,1759552.808002627,2660.0247735700264,110100.62689692462,88.59555941364958,219.54726972183494,177.19111882729916,14800.423636372754,1.9748890931438825,0.0625,0.0390625,2660.0247735700264,63.40527985774932,125.21363713059691,149661.8991704327,3.812601789832115e-09,0.0,0.006803918553320341,9.830081559266357e-06,10537.22349291083,0.011882982003260857,0.0,0.046875,1.0,0.0,0.046875,2813.5872300178453,149661.8991704327,0.13709279189573426,0.12226915879401802,20523.232411502097,1224036.3853534164,0.96875,0.03125,0.140625,0.0
1,3e-07,2.9999028196003285e-07,4675.0,0.0014024545681630492,2.9999028196003285e-07,0.0005,3989.1334872246566,1768029.9539328632,2672.0415683122533,110973.35955697582,88.69778606772023,220.0117458316749,177.39557213544046,14869.584573429222,1.9841175573838359,0.0625,0.0390625,2672.0415683122533,63.48543506347938,126.66429359559879,153922.76850775164,3.856257535517216e-09,0.0,0.006811769306031633,9.830081559266357e-06,10591.923503413367,0.011958573299248224,0.0,0.046875,1.0,0.0,0.046875,2913.046703822227,153922.76850775164,0.14051316908537564,0.12401604379929043,20731.48533182867,1241152.0622030383,0.96875,0.03125,0.140625,0.0
1,3e-07,2.9999028196003285e-07,4700.0,0.001409954325212049,2.9999028196003285e-07,0.0005,3988.9844487273294,1776546.15823673,2684.1505818870696,111911.58995212962,88.79919095146082,220.47034824773704,177.59838190292163,14938.847733706789,1.99335966174176,0.0625,0.0390625,2684.1505818870696,63.56644456613979,128.15513890244256,158253.1237259456,3.8853613659739494e-09,0.0,0.006819556948825991,9.830081559266357e-06,10647.336123340712,0.012036357020936478,0.0,0.046875,0.9274991510120317,0.0,0.953125,3016.217385134136,158253.1237259456,0.144046574416581,0.12577700982786802,20939.181631708023,1258203.895469631,0.96875,0.03125,0.140625,0.0
1,3e-07,2.9999028196003285e-07,4725.0,0.001417454082261049,2.9999028196003285e-07,0.0005,3988.8343186066822,1785102.1301375895,2698.2874811937945,112942.83271906515,88.89979188111536,220.92276011488136,177.79958376223072,15008.198956984535,2.002613516753776,0.0625,0.03125,2698.2874811937945,63.63975781569714,129.68814110547646,162659.41562970914,3.899913281202316e-09,0.0,0.0068272828499466335,9.830081559266357e-06,10703.472816391604,0.012116454475118424,0.0,0.046875,0.8407959233693549,0.0,0.953125,3123.229702397104,162659.41562970914,0.14769690743584646,0.1275593379121574,21146.209197059245,1275166.6658988392,0.96875,0.03125,0.140625,0.0
1,3e-07,2.9999028196003285e-07,4750.0,0.0014249538393100488,2.9999028196003285e-07,0.0005,3988.6830864356107,1793698.598826285,2714.1606985447797,113988.48597021904,88.9996062312986,221.36865291494925,177.9992124625972,15091.799200462749,2.0137686845439435,0.0625,0.03125,2714.1606985447797,63.70505693863006,131.2648956211342,167149.76686440362,3.958120942115784e-09,0.0,0.006834948343720746,9.830081559266357e-06,10760.345262154678,0.012198948307245059,0.0,0.953125,0.7688993911967262,0.0,0.953125,3234.213145426271,167149.76686440362,0.15146799398166652,0.12937133987946745,21352.452491169424,1292015.4264471058,0.96875,0.03125,0.125,0.0
1,3e-07,2.9999028196003285e-07,4775.0,0.0014324535963590487,2.9999028196003285e-07,0.0005,3988.530741952335,1802336.3138890252,2730.2491918946153,115048.55874991138,89.09865094508062,221.80768617480717,178.19730189016124,15182.671716824143,2.02589422539587,0.0625,0.03125,2730.2491918946153,63.76202521252941,132.886582450863,171734.02197571984,4.001776687800884e-09,0.0,0.00684255473133396,9.830081559266357e-06,10817.9653634715,0.012283879452930649,0.0,0.953125,0.7084159486575516,0.0,0.953125,3349.295890566733,171734.02197571984,0.15535172869405173,0.13122232587999955,21559.43753392539,1308725.6366174114,0.96875,0.03125,0.125,0.0
1,3e-07,2.9999028196003285e-07,4800.0,0.0014399533534080486,2.9999028196003285e-07,0.0005,3988.377275054298,1811016.0457615398,2746.557289467501,116123.04400997271,89.19694254385527,222.23950716829557,178.39388508771054,15274.10146684448,2.038094120516459,0.0625,0.03125,2746.557289467501,63.81034794921886,134.5539296992447,176423.76775708003,4.045432433485985e-09,0.0,0.006850103281588222,9.830081559266357e-06,10876.34525327964,0.012371244803825206,0.0,0.953125,0.656903844442519,0.0,0.953125,3468.604525043993,176423.76775708003,0.1588075002615779,0.1331225560165692,21841.566168667865,1325273.2897881058,0.96875,0.96875,0.125,0.0
1,3e-07,2.9999028196003285e-07,4825.0,0.0014474531104570485,2.9999028196003285e-07,0.0005,3988.2226757921508,1819738.5862105212,2763.089467499777,117211.91752589103,89.29449713699884,222.66375061256497,178.58899427399768,15366.079022333026,2.050367111858542,0.0625,0.03125,2763.089467499777,63.849713413318476,136.26718444873222,181232.32118689595,4.059984348714352e-09,0.0,0.006857595231643553,9.830081559266357e-06,10935.497300774063,0.012460995664009412,0.0,0.046875,0.6125604477305059,0.0,0.953125,3592.263890052709,181232.32118689595,0.16234877602948075,0.13508317603836761,22126.830752332826,1341635.0318519354,0.96875,0.96875,0.125,0.0
1,3e-07,2.9999028196003285e-07,4850.0,0.0014549528675060484,2.9999028196003285e-07,0.0005,3988.0669343638883,1828504.7488433537,2779.8503293036224,118315.13675670631,89.39133043132517,223.0800383593511,178.78266086265035,15458.594288868371,2.0627118524767054,0.0625,0.03125,2779.8503293036224,63.87981377361206,138.02609195521654,186174.68275844818,4.059984348714352e-09,0.0,0.00686503178774418,9.830081559266357e-06,10995.434116714132,0.01255303705975587,0.0,0.953125,0.5740252684516518,0.0,0.953125,3720.397061299431,186174.68275844818,0.16597677114921447,0.13711613727536412,22415.167107659683,1357788.2695496446,0.96875,0.96875,0.125,0.0
1,3e-07,2.9999028196003285e-07,4875.0,0.0014624526245550482,2.9999028196003285e-07,0.0005,3987.91004110916,1837315.3696470882,2796.8445806558516,119432.63964416929,89.48745774034352,223.48797908182075,178.97491548068703,15551.636481496771,2.075126903284606,0.0625,0.03125,2796.8445806558516,63.90034608423715,139.8298840055195,191267.45359141985,4.030880518257618e-09,0.0,0.006872414125929517,9.830081559266357e-06,11056.16855769435,0.012647227950247494,0.0,0.046875,0.5402516755664412,0.0,0.953125,3853.1254843644856,191267.45359141985,0.1696926443051686,0.13923410121891217,22706.496796850995,1373711.2669740133,0.96875,0.96875,0.125,0.0
1,3e-07,2.9999028196003285e-07,4900.0,0.0014699523816040481,2.9999028196003285e-07,0.0005,3987.751986503857,1846171.3075576103,2814.0770015201906,120564.3433463018,89.58289399332517,223.88716795769892,179.16578798665034,15645.194099927654,2.0876107297451942,0.0625,0.03125,2814.0770015201906,63.911013292374584,141.67727713066597,196528.71537945792,4.077779314736746e-09,0.0,0.006879743392730458,9.830081559266357e-06,11117.713729190105,0.012743382369945837,0.0,0.953125,0.5104209213380648,0.0,0.953125,3990.569280378797,196528.71537945792,0.17349753122297903,0.14101815696994144,23000.72659391399,1393641.213318004,0.96875,0.96875,0.125,0.0
1,3e-07,2.9999028196003285e-07,4925.0,0.001477452138653048,2.9999028196003285e-07,0.0005,3987.5927611549764,1855073.4450599086,2831.5524141573987,121710.14290009213,89.6776537441861,224.27718634947843,179.3553074883722,15739.254903252986,2.1001616984974016,0.0625,0.03125,2831.5524141573987,63.91152526878133,143.56648119886086,201977.87296239054,4.155995349702776e-09,0.0,0.006887020705851542,9.830081559266357e-06,11180.082987185457,0.012841271515016113,0.0,0.046875,0.4838830655934653,0.0,0.953125,4132.84773510159,201977.87296239054,0.1773925843230563,0.14230042477236285,23297.748047771296,1419376.4585418024,0.96875,0.96875,0.125,0.0
1,3e-07,2.9999028196003285e-07,4950.0,0.0014849518957020479,2.9999028196003285e-07,0.0005,3987.4323557958596,1864022.6888203265,2849.2756477257585,122869.90980763658,89.77175118019022,224.657601482605,179.54350236038044,15833.805884222216,2.112778073923528,0.0625,0.03125,2849.2756477257585,63.90159985718455,145.49521872218975,207635.46010345826,4.234776127807029e-09,0.0,0.006894247154839341,9.830081559266357e-06,11243.289938188973,0.01294062676690392,0.0,0.953125,0.4601154889225251,0.0,0.953125,4280.079981541916,207635.46010345826,0.18137901823100788,0.14364112939680151,23597.437141768634,1445515.3685813453,0.96875,0.96875,0.125,0.0
1,3e-07,2.9999028196003285e-07,4975.0,0.0014924516527510478,2.9999028196003285e-07,0.0005,3987.270761281817,1873019.970351661,2867.251499524556,124043.49053959007,89.8652001304804,225.0279661226313,179.7304002609608,15928.833243109866,2.12545801466227,0.0625,0.03125,2867.251499524556,63.88096393824297,147.46075500318875,213522.90988773992,4.315311258558942e-09,0.0,0.0069014238017376245,9.830081559266357e-06,11307.348437445966,0.013041143626108712,0.0,0.953125,0.43869319290136854,0.0,0.953125,4432.385882808783,213522.90988773992,0.18545816072433918,0.14505080190100422,23899.654054032064,1472056.0458084696,0.96875,0.96875,0.125,0.0
1,3e-07,2.9999028196003285e-07,5000.0,0.0014999514098000476,2.9999028196003285e-07,0.0005,3987.1079685861937,1882066.246711955,2885.484693084333,125230.70494931542,89.95801407444009,225.38781825243706,179.91602814888017,16024.322361218809,2.1381995700731458,0.0625,0.03125,2885.484693084333,63.84935450348534,149.4599390268013,219662.29202139797,4.46837574904821e-09,0.0,0.006908551681729507,9.830081559266357e-06,11372.272585161547,0.013142486508968794,0.0,0.953125,0.41926717267290803,0.0,0.953125,4589.887117934719,219662.29202139797,0.18963150856612251,0.1465397299948892,24204.24302185137,1498994.7915767215,0.96875,0.96875,0.125,0.0
1,3e-07,2.9999028196003285e-07,5025.0,0.0015074511668490475,2.9999028196003285e-07,0.0005,3986.9439687969107,1891162.5012378227,2903.9798333594476,126431.34459061858,90.0502061498918,225.73668075072032,180.1004122997836,16120.257774068401,2.151000676658859,0.0625,0.03125,2903.9798333594476,63.828287563876415,151.48925477160992,226076.02018691227,4.697931672236619e-09,0.0,0.006915631803767072,9.830081559266357e-06,11438.07672055944,0.013244294340089068,0.0,0.953125,0.40154842504968535,0.0,0.953125,4752.708469023419,226076.02018691227,0.19390078755332013,0.14811779117082635,24511.032311905838,1526325.8950855916,0.96875,0.96875,0.125,0.0
1,3e-07,2.9999028196003285e-07,5050.0,0.0015149509238980474,2.9999028196003285e-07,0.0005,3986.7787531134827,1900309.7443131555,2922.7413593300203,127645.1709314239,90.14178916113312,226.07406107308282,180.28357832226624,16216.623144323563,2.1638591544531023,0.0625,0.03125,2922.7413593300203,63.79895262702327,153.54488237770965,232786.53347742558,4.938389221417695e-09,0.0,0.006922665151188521,9.830081559266357e-06,11504.775413616042,0.013346186853503235,0.0,0.046875,0.38529595804500244,0.0,0.953125,4920.979303305314,232786.53347742558,0.19826801599374608,0.14979429145562545,24819.834296725574,1554041.4205062378,0.96875,0.96875,0.125,0.0
1,3e-07,2.9999028196003285e-07,5075.0,0.0015224506809470473,2.9999028196003285e-07,0.0005,3986.612312844559,1909509.0141740735,2941.7734943707965,128871.91345517783,90.23277558681379,226.39945093714928,180.46555117362757,16313.401234528086,2.176772703382236,0.0625,0.03125,2941.7734943707965,63.758965265952625,155.62276837144236,239815.95677586645,5.187881288481865e-09,0.0,0.0069296526823231066,9.830081559266357e-06,11572.383454328632,0.013447771497170007,0.0,0.046875,0.3703076838912555,0.0,0.953125,5094.835238586646,239815.95677586645,0.2027355707224418,0.1515778135105258,25130.4456363102,1582130.9941194875,0.96875,0.96875,0.125,0.0
1,3e-07,2.9999028196003285e-07,5100.0,0.0015299504379960472,2.9999028196003285e-07,0.0005,3986.4446394059514,1918761.3777510254,2961.0801947931345,130111.26764116932,90.32317758765329,226.89049508483237,180.64635517530658,16410.573879712967,2.189738899610292,0.0625,0.03125,2961.0801947931345,63.70811773783103,157.71870391388256,247185.7457414884,5.447456936033382e-09,0.0,0.006936595331083835,9.830081559266357e-06,11640.915839400779,0.013548650818353583,0.0,0.046875,0.3564134166115169,0.0,0.953125,5274.419975259312,247185.7457414884,0.20730625467873112,0.15347607769070012,25442.647562338352,1610581.5933062942,0.96875,0.96875,0.125,0.0
1,3e-07,2.9999028196003285e-07,5125.0,0.001537450195045047,2.9999028196003285e-07,0.0005,3986.275724319158,1928067.93154901,2980.6650970121,131362.89281431804,90.41300701399842,227.62806098735325,180.82601402799685,16508.121959958735,2.202755191877835,0.0625,0.03125,2980.6650970121,63.646215445469196,159.82840981686968,254916.3227985669,5.718021972306894e-09,0.0,0.006943494007547857,9.830081559266357e-06,11710.38775625666,0.013648430192371393,0.0,0.953125,0.3434694223023238,0.0,0.953125,5459.887272577325,254916.3227985669,0.21198336499047424,0.1554958194715018,25756.20626091426,1639377.3393070945,0.96875,0.96875,0.125,0.0
1,3e-07,2.9999028196003285e-07,5150.0,0.001544949952094047,2.9999028196003285e-07,0.0005,3986.1055592103526,1937429.8025669581,3000.5314638327727,132626.4098543087,90.50227541321829,228.36249189722838,181.00455082643657,16606.025372999004,2.215818897846334,0.0625,0.03125,3000.5314638327727,63.60065141705897,161.9476268617782,263026.7111698552,5.998906529960281e-09,0.0,0.006950349598524391,9.830081559266357e-06,11780.814564329727,0.013746725744425828,0.0,0.953125,0.3313541252646758,0.0,0.953125,5651.403041419704,263026.7111698552,0.21677076045400198,0.15764268636084536,26070.87334834032,1668499.295728728,0.96875,0.96875,0.125,0.0
1,3e-07,2.9999028196003285e-07,5175.0,0.0015524497091430468,2.9999028196003285e-07,0.0005,3985.9341358097845,1946848.149257435,3020.6821303871934,133901.39875323887,90.59099403693202,229.09336280086643,181.18198807386403,16704.263006961075,2.228927200460806,0.0625,0.03125,3020.6821303871934,63.564195858108896,164.07220976815552,271534.1745425202,6.290163155318476e-09,0.0,0.006957162968109796,9.830081559266357e-06,11852.211773609088,0.013843172304218311,0.0,0.046875,0.3199646808051801,0.0,0.953125,5849.147520359766,271534.1745425202,0.22167292725778567,0.15992115705478432,26386.38643300692,1697925.2748246468,0.96875,0.96875,0.125,0.0
1,3e-07,2.9999028196003285e-07,5200.0,0.0015599494661920467,2.9999028196003285e-07,0.0005,3985.761445951548,1956324.1625279686,3041.1194502850144,135187.39601020457,90.67917384806464,229.82022742348843,181.35834769612927,16802.812713348383,2.2420771443447447,0.0625,0.03125,3041.1194502850144,63.517703612803686,166.19822299666885,280453.8703790307,6.591564679611938e-09,0.0,0.006963934958229439,9.830081559266357e-06,11924.595020469122,0.013937431226082049,0.0,0.953125,0.30921420168051905,0.0,0.953125,6053.317496684802,280453.8703790307,0.22621463885827897,0.1623344851680224,26759.176714806417,1727629.6536053335,0.96875,0.96875,0.125,0.0
1,3e-07,2.9999028196003285e-07,5225.0,0.0015674492232410466,2.9999028196003285e-07,0.0005,3985.587481573642,1965859.0667854613,3061.845242565826,136483.8918504672,90.76682552772277,230.54261733010892,181.53365105544555,16901.651280378366,2.2552656322424682,0.0625,0.03125,3061.845242565826,63.46102212747398,168.32203643829962,289798.5251736087,6.903782942420158e-09,0.0,0.006970666389165737,9.830081559266357e-06,11997.980040853892,0.014029197903743153,0.0,0.953125,0.29902947995410417,0.0,0.953125,6264.128529174326,289798.5251736087,0.22920257208352385,0.16488466939630506,27330.09700646645,1757583.2018504376,0.96875,0.96875,0.125,0.0
1,3e-07,2.9999028196003285e-07,5250.0,0.0015749489802900465,2.9999028196003285e-07,0.0005,3985.4122347182238,1975454.1210253583,3082.8607400582823,137790.32725604347,90.85395948188152,231.26004099587686,181.70791896376303,17000.75440679844,2.2684894215252616,0.0625,0.03125,3082.8607400582823,63.39401234559753,170.44041894461952,299578.1400922532,7.227377033910814e-09,0.0,0.006977358060071689,9.830081559266357e-06,12072.382640936663,0.014118208808811872,0.0,0.953125,0.2893490861403416,0.0,0.953125,6481.817125101486,299578.1400922532,0.23223163366502408,0.16757245145855834,27910.99999085826,1787752.9240917065,0.96875,0.96875,0.125,0.0
1,3e-07,2.9999028196003285e-07,5275.0,0.0015824487373390463,2.9999028196003285e-07,0.0005,3985.2356975319803,1985110.619967476,3104.1665397596635,139106.09079373316,90.94058584787342,231.97198284564013,181.88117169574684,17100.09667631155,2.2817451207788593,0.0625,0.03125,3104.1665397596635,63.31654945622577,172.55062759471184,309799.7354081562,7.561935101228518e-09,0.0,0.006984010749469215,9.830081559266357e-06,12147.818665426174,0.014204247885738288,0.0,0.046875,0.280121757331226,0.0,0.953125,6706.642820191613,309799.7354081562,0.23530641280074144,0.17039734263874096,28501.742644263715,1818101.917615945,0.96875,0.96875,0.125,0.0
1,3e-07,2.9999028196003285e-07,5300.0,0.0015899484943880462,2.9999028196003285e-07,0.0005,3985.0578622664902,1994829.8952406666,3125.762555848453,140430.5152257614,91.02671450066713,232.67790226269463,182.05342900133425,17199.65153275107,2.2950291864909205,0.0625,0.03125,3125.762555848453,63.255854108437546,174.65049057833312,320467.1419450673,7.90638191796879e-09,0.0,0.0069906252157313385,9.830081559266357e-06,12224.3039637437,0.014287152143494828,0.0,0.046875,0.2713050084878188,0.0,0.953125,6938.890107305255,320467.1419450673,0.23843205912870097,0.17335767921679213,29102.169115436685,1848589.2484999625,0.96875,0.96875,0.125,0.0
1,3e-07,2.9999028196003285e-07,5325.0,0.001597448251437046,2.9999028196003285e-07,0.0005,3984.878721278468,2004613.3166187853,3147.647975930997,141762.87388737898,91.11235505892469,233.3772325667946,182.22471011784938,17299.3912561536,2.3083379198583063,0.0625,0.03125,3147.647975930997,63.22211022774637,176.73848160238776,331580.84736114694,8.261200933399875e-09,0.0,0.006997202197547378,9.830081559266357e-06,12301.854354347615,0.014366816295457633,0.0,0.953125,0.26286391820740335,0.0,0.953125,7178.870157521931,331580.84736114694,0.24161424578795168,0.17631509198189968,29712.114590388577,1880615.2305736067,0.96875,0.96875,0.125,0.0
1,3e-07,2.9999028196003285e-07,5350.0,0.001604948008486046,2.9999028196003285e-07,0.0005,3984.6982670297643,2014462.2933107724,3169.8212211007267,143102.37681494403,91.1975168908241,234.06937996163612,182.3950337816482,17405.339563974427,2.3224750934077303,0.0625,0.03125,3169.8212211007267,63.20763018252273,178.81378380241404,343137.9045405085,8.626190939992886e-09,0.0,0.007003742414370094,9.830081559266357e-06,12380.485587533556,0.014443196313920784,0.0,0.046875,0.2547700533994433,0.0,0.953125,7426.922276223966,343137.9045405085,0.24485912069519167,0.17842987437110633,30331.409567827504,1923096.7109623984,0.96875,0.96875,0.109375,0.0
1,3e-07,2.9999028196003285e-07,5375.0,0.0016124477655350459,2.9999028196003285e-07,0.0005,3984.5164920870093,2024378.2753080118,3192.2799103540547,144448.16660722505,91.28220911963577,234.75372245218117,182.56441823927153,17542.518306345824,2.340779488523468,0.0625,0.03125,3192.2799103540547,63.28730208128244,182.72750176115187,355131.9086081581,9.000511021330374e-09,0.0,0.007010246566843959,9.830081559266357e-06,12460.213307087011,0.01466487749910523,0.0,0.0,0.24700050734338047,0.0,0.953125,7683.41503680413,355131.9086081581,0.24817324609915598,0.18052123593023514,30959.884506383387,1967258.3492914021,0.96875,0.96875,0.109375,0.0
1,3e-07,2.9999028196003285e-07,5400.0,0.0016199475225840458,2.9999028196003285e-07,0.0005,3984.333389120774,2034362.7547925268,3215.0208298604484,145799.31400194558,91.36644062903962,235.42960873236967,182.73288125807923,17680.872345202246,2.359240708894111,0.0625,0.03125,3215.0208298604484,63.357060914299105,186.87886259216975,367553.04814765183,9.385979187017737e-09,0.0,0.00701671533721349,9.830081559266357e-06,12541.053011209602,0.014901369320832256,0.0,0.0,0.2395370332105892,0.0,0.953125,7948.747035870096,367553.04814765183,0.25156352662190656,0.1825760980987493,31597.374796771932,2013149.869972874,0.96875,0.96875,0.109375,0.0
1,3e-07,2.9999028196003285e-07,5425.0,0.0016274472796330456,2.9999028196003285e-07,0.0005,3984.14895090414,2044417.2676099704,3238.0399075251125,147154.8131489526,91.45022006817179,236.09635704397792,182.90044013634358,17820.38807571466,2.377856939164294,0.0625,0.03125,3238.0399075251125,63.416556210409674,191.10788098379362,380388.2350863265,9.780877182856403e-09,0.0,0.007023149389710825,9.830081559266357e-06,12623.02001317841,0.015139632257912714,0.0,0.0,0.23236526079411018,0.0,0.953125,8223.347216336566,380388.2350863265,0.25503712614460994,0.18458168770440625,32243.72600432222,2060812.4230367304,0.96875,0.96875,0.109375,0.0
1,3e-07,2.9999028196003285e-07,5450.0,0.0016349470366820455,2.9999028196003285e-07,0.0005,3983.963170310606,2054543.3948118074,3261.3321932109507,148513.5765608775,91.5335558563913,236.75325400761224,183.0671117127826,17961.050260145345,2.396626146092078,0.0625,0.03125,3261.3321932109507,63.465443586431796,195.41585842347376,393621.31642854586,1.0186997598885928e-08,0.0,0.00702954937092179,9.830081559266357e-06,12706.129402227929,0.015379652783105529,0.0,0.0,0.22547398826425194,0.0,0.953125,8507.674708671417,393621.31642854586,0.2586013740480596,0.18652583481732957,32898.79931995378,2110277.7361325375,0.96875,0.96875,0.109375,0.0
1,3e-07,2.9999028196003285e-07,5475.0,0.0016424467937310454,2.9999028196003285e-07,0.0005,3983.7760403112284,2064742.7642715273,3284.8918449022253,149874.429721801,91.61645618775853,237.399553427105,183.23291237551706,18102.841939935628,2.415546066818415,0.0625,0.03125,3284.8918449022253,63.52095367705364,199.804066032847,407233.36957728816,1.060375501178886e-08,0.0,0.007035915910129837,9.830081559266357e-06,12790.39600516401,0.015621413594401445,0.0,0.0,0.21885454356054337,0.0,0.953125,8802.218145812658,407233.36957728816,0.26226366147671,0.1883972610757507,33562.477150858846,2161567.3564041248,0.96875,0.96875,0.109375,0.0
1,3e-07,2.9999028196003285e-07,5500.0,0.0016499465507800453,2.9999028196003285e-07,0.0005,3983.5875539709787,2075017.0523801565,3308.7121209958786,151350.96930377863,91.6989290352199,238.034475068878,183.3978580704398,18245.744345049075,2.434614196770386,0.0625,0.03125,3308.7121209958786,63.567651470845924,204.27374613625216,421203.081405981,1.1030778240857405e-08,0.0,0.007042249619637417,9.830081559266357e-06,12875.834349226603,0.01586489392421564,0.0,0.0,0.21250021179369116,0.0,0.046875,9107.494413908687,421203.081405981,0.2660313284614579,0.19018585047953912,34234.66877596773,2214691.9991363687,0.96875,0.96875,0.109375,0.0
1,3e-07,2.9999028196003285e-07,5525.0,0.0016574463078290452,2.9999028196003285e-07,0.0005,3983.3977044443036,2085367.9858268085,3332.7853787984236,153288.4422480853,91.78098215449684,238.65720341818488,183.56196430899368,18389.736800767623,2.4538277772245776,0.0625,0.03125,3332.7853787984236,63.603585720924094,208.82611540260677,435507.20954610314,1.1467404882848452e-08,0.0,0.00704855109506464,9.830081559266357e-06,12962.458626711319,0.016110069965607106,0.0,0.0,0.2064057259957857,0.0,0.953125,9424.046809064952,435507.20954610314,0.26991154291377367,0.19188289557476346,34915.315985858266,2269651.0193969645,0.96875,0.96875,0.109375,0.0
1,3e-07,2.9999028196003285e-07,5550.0,0.001664946064878045,2.9999028196003285e-07,0.0005,3983.206484969903,2095797.3434704412,3357.1030791875573,155267.35070948224,91.86262308767968,239.26688641453092,183.72524617535936,18534.796632192334,2.473183782564176,0.0625,0.03125,3357.1030791875573,63.62844900025262,213.4623697464349,450121.12256883923,1.1915040156251035e-08,0.0,0.00705482091562528,9.830081559266357e-06,13050.282661835732,0.016356915423041723,0.0,0.0,0.20056681892521735,0.0,0.046875,9752.442579632465,450121.12256883923,0.2739111726925125,0.19348131315739933,35604.398622251065,2326432.0219010524,0.96875,0.96875,0.109375,0.0
1,3e-07,2.9999028196003285e-07,5575.0,0.001672445821927045,2.9999028196003285e-07,0.0005,3983.0138888648216,2106306.9583094115,3381.6557972692394,157288.09024109802,91.94385916653347,239.86263416899527,183.88771833306694,18680.899066759062,2.4926789072711815,0.0625,0.03125,3381.6557972692394,63.64194384979144,218.18369117176826,465019.4138882905,1.2370148473076295e-08,0.0,0.007061059644380654,9.830081559266357e-06,13139.31988029382,0.016605402194294492,0.0,0.0,0.1949798335883348,0.0,0.046875,10093.269844218405,465019.4138882905,0.27803665214698325,0.1949758250139961,36301.939928706335,2385010.6230088254,0.96875,0.96875,0.109375,0.0
1,3e-07,2.9999028196003285e-07,5600.0,0.0016799455789760448,2.9999028196003285e-07,0.0005,3982.8199095179725,2116898.7195558352,3406.433238724475,159350.95116614382,92.02469751552442,240.4435176666588,184.04939503104885,18828.017135143913,2.5123095527037633,0.0625,0.03125,3406.433238724475,63.643783921723326,222.99125673767685,480176.5823339317,1.2833891582630135e-08,0.0,0.00706726782847204,9.830081559266357e-06,13229.583281878047,0.016855501189000522,0.0,0.0,0.18964138983992607,0.0,0.046875,10447.133887412783,480176.5823339317,0.282293844754443,0.19636310069318752,37008.01162172118,2445350.377127094,0.96875,0.96875,0.109375,0.0
1,3e-07,2.9999028196003285e-07,5625.0,0.0016874453360250447,2.9999028196003285e-07,0.0005,3982.624540383266,2127574.5748221166,3431.4242613970814,161456.10879376912,92.1051450545825,241.00856745787166,184.210290109165,18976.12157100162,2.5320718137178875,0.0625,0.03125,3431.4242613970814,63.6336951247525,227.88624981597968,495567.77046631696,1.3305373274277362e-08,0.0,0.007073445999332845,9.830081559266357e-06,13321.085416461981,0.017107183288109656,0.0,0.0,0.18454810400237753,0.0,0.046875,10814.652848118974,495567.77046631696,0.28668790369660546,0.19764186076654147,37722.738590198234,2507402.8778331103,0.96875,0.96875,0.109375,0.0
1,3e-07,2.9999028196003285e-07,5650.0,0.0016949450930740446,2.9999028196003285e-07,0.0005,3982.427774972593,2138336.532427378,3456.6169015263663,163603.61375251485,92.18520850162162,241.55677234267188,184.37041700324323,19125.180710053133,2.5519614652021065,0.0625,0.03125,3456.6169015263663,63.615587108071004,232.86987379967923,511169.54988140846,1.3784616590571374e-08,0.0,0.0070795946728821465,9.830081559266357e-06,13413.838363524865,0.017360420447058832,0.0,0.0,0.17969635800310407,0.0,0.953125,11196.452829174988,511169.54988140846,0.2912231324540395,0.1988129404029404,38446.303131300876,2571108.041787447,0.96875,0.96875,0.109375,0.0
1,3e-07,2.9999028196003285e-07,5675.0,0.0017024448501230444,2.9999028196003285e-07,0.0005,3982.2296068489454,2149186.6638317774,3481.9984038791795,165793.38250537502,92.26489437484153,242.08707805331005,184.52978874968306,19275.160389114728,2.571973948604545,0.0625,0.03125,3481.9984038791795,63.62799184850555,237.943368404588,526960.7410068293,1.4275199554843058e-08,0.0,0.007085714349701468,9.830081559266357e-06,13507.853715262445,0.017615186943854534,0.0,0.0,0.1750821141493259,0.0,0.046875,11593.16247151616,526960.7410068293,0.2959028477354957,0.19987931427626401,39178.948632083324,2636394.580974439,0.96875,0.96875,0.109375,0.0
1,3e-07,2.9999028196003285e-07,5700.0,0.0017099446071720443,2.9999028196003285e-07,0.0005,3982.0300296200176,2160127.1062069885,3507.5552548868013,168025.18810629233,92.34420899484327,242.59838594053053,184.68841798968654,19426.023845739837,2.592104358541644,0.0625,0.03125,3507.5552548868013,63.629225423297115,243.10802868631163,542923.2532795882,1.4773609216255882e-08,0.0,0.007091805515197244,9.830081559266357e-06,13603.14256316354,0.01787146077147151,0.0,0.0,0.1707007713896786,0.0,0.046875,12005.407051241593,542923.2532795882,0.30072924729373196,0.20084608479996371,39920.98260903611,2703180.6660325113,0.96875,0.96875,0.109375,0.0
1,3e-07,2.9999028196003285e-07,5725.0,0.0017174443642210442,2.9999028196003285e-07,0.0005,3981.829036932712,2171160.06515128,3533.2732177464386,170298.65125195493,92.4231584865948,243.08955167002398,184.8463169731896,19577.73161922463,2.612347429588878,0.0625,0.03125,3533.2732177464386,63.61905023269836,248.36522686913304,559042.9301525098,1.5277643845547213e-08,0.0,0.007097868639751777,9.830081559266357e-06,13699.715487740017,0.01812922517196777,0.0,0.0,0.1775636967576684,0.0,0.0390625,12433.802173399192,559042.9301525098,0.3057032854018369,0.2017204364045011,40672.77902183933,2771374.7804485494,0.96875,0.96875,0.109375,0.0
1,3e-07,2.9999028196003285e-07,5750.0,0.001724944121270044,2.9999028196003285e-07,0.0005,3981.626622468962,2182287.817557789,3559.137368307692,172613.23167493736,92.50174878128514,243.55938393629418,185.0034975625703,19730.24145380863,2.632697523364365,0.0625,0.03125,3559.137368307692,63.597242153693315,253.71643705307906,575310.3821484903,1.5789666041258896e-08,0.0,0.007103904178865627,9.830081559266357e-06,13797.58255087786,0.01838847030757113,0.0,0.0,0.18644996493421673,0.0,0.0390625,12878.947151854285,575310.3821484903,0.3108245589634377,0.20251155903586013,41434.77978318063,2840876.7622326985,0.96875,0.96875,0.109375,0.0
1,3e-07,2.9999028196003285e-07,5775.0,0.001732443878319044,2.9999028196003285e-07,0.0005,3981.422779943384,2193512.714644671,3585.1321304344738,174968.21991447985,92.5799856181145,244.00664320207773,185.159971236229,19883.508204979713,2.653148616026707,0.0625,0.03125,3585.1321304344706,63.56359154459611,259.16326282923274,591721.790207847,1.631000019854082e-08,0.0,0.007109912573295093,9.830081559266357e-06,13896.75329003004,0.01864919506163821,0.0,0.0,0.19614726194595092,0.0,0.0390625,13341.41817998518,591721.790207847,0.3160912073937698,0.2032305442649343,42207.4953934582,2911579.026410862,0.96875,0.96875,0.109375,0.0
1,3e-07,2.9999028196003285e-07,5800.0,0.0017399436353680439,2.9999028196003285e-07,0.0005,3981.217503103244,2204837.185155808,3611.2413094158337,177362.7294894884,92.65787454606524,244.430040472426,185.3157490921305,20037.48374986799,2.6736942863184305,0.0625,0.03125,3611.241309415828,63.51790423109593,264.7074677913024,608279.6608938565,1.6839684740269827e-08,0.0,0.0071158942491882145,9.830081559266357e-06,13997.236713198825,0.018911408959862343,0.0,0.0,0.2067538342193993,0.0,0.0390625,13821.761411874963,608279.6608938565,0.32149982952242834,0.20389025738394573,42991.50463751874,2983367.9583247826,0.96875,0.96875,0.109375,0.0
1,3e-07,2.9999028196003285e-07,5825.0,0.0017474433924170437,2.9999028196003285e-07,0.0005,3981.0107857312837,2216263.7387408027,3637.448121898406,179795.68948466433,92.73542092570574,244.82823611360095,185.47084185141148,20192.11690278246,2.6943277042956524,0.0625,0.03125,3637.448121898396,63.49867319172618,270.3510088836483,624993.5146686677,1.737807642855915e-08,0.0,0.007121849618223307,9.830081559266357e-06,14099.041293358358,0.01917513419944395,0.0,0.0,0.21838590998307392,0.0,0.0390625,14320.486087834259,624993.5146686677,0.32704542081764476,0.2045051886628993,43787.45329022396,3056125.4643709296,0.96875,0.96875,0.109375,0.0
1,3e-07,2.9999028196003285e-07,5850.0,0.0017549431494660436,2.9999028196003285e-07,0.0005,3980.8026216518924,2227794.969522869,3663.735220732066,182265.83754507353,92.81262993107526,245.19983872805648,185.62525986215053,20347.353337005854,2.715041620892803,0.0625,0.03125,3663.7352207320537,63.498160679933555,276.09607247146323,641880.4884570884,1.7927285753889416e-08,0.0,0.007127779077753716,9.830081559266357e-06,14202.174960650162,0.019440407771094226,0.0,0.0,0.23118257864284117,0.0,0.0390625,14838.057851159785,641880.4884570884,0.33272133420066835,0.20509128658996273,44596.05178852393,3129730.663499101,0.96875,0.96875,0.109375,0.0
1,3e-07,2.9999028196003285e-07,5875.0,0.0017624429065150435,2.9999028196003285e-07,0.0005,3980.5930047411525,2239433.5598632013,3690.0847130624425,184771.7132570172,92.88950655170157,245.54340409797356,185.77901310340314,20503.13551401499,2.735828358478171,0.0625,0.03125,3690.084713062427,63.486946842111166,281.94511295843586,658965.8341025086,1.8484578026213282e-08,0.0,0.007133683010962758,9.830081559266357e-06,14306.645090348531,0.019707283655805517,0.0,0.0,0.24531228940177482,0.0,0.0390625,15374.89241467732,658965.8341025086,0.33851926759299533,0.20566577547078632,45418.071839747354,3204061.6995904166,0.96875,0.96875,0.109375,0.0
1,3e-07,2.9999028196003285e-07,5900.0,0.0017699426635640434,2.9999028196003285e-07,0.0005,3980.3819289411554,2251182.284330278,3716.4781699721634,187311.6518738841,92.96605559479754,246.10579973686413,185.93211118959508,20659.40262133277,2.7566798025612043,0.0625,0.03125,3716.478169972145,63.46485481937897,287.900893710389,676283.2951058815,1.90512107505659e-08,0.0,0.007139561787032423,9.830081559266357e-06,14412.458484244316,0.019975835075266443,0.0,0.0,0.2609816057942944,0.0,0.0390625,15931.349745451851,676283.2951058815,0.3444292811052917,0.2062469592602553,46254.341948882255,3278997.6518029775,0.96875,0.96875,0.109375,0.0
1,3e-07,2.9999028196003285e-07,5925.0,0.0017774424206130433,2.9999028196003285e-07,0.0005,3980.169388279018,2263044.0138825094,3742.8966259704407,189883.77832492194,93.04228168767983,247.24039456200788,186.08456337535966,20816.090520241756,2.7775873948156935,0.0625,0.03125,3742.8966259704166,63.43172199047611,293.96652997094407,693875.3452354483,1.9629268172406584e-08,0.0,0.00714541576132912,9.830081559266357e-06,14519.62134273923,0.020246156771708563,0.0,0.0,0.2784471575985318,0.0,0.0390625,16507.72894370598,693875.3452354483,0.3504398464249281,0.20685401299084308,47105.74186158451,3354420.5171700707,0.96875,0.96875,0.109375,0.0
1,3e-07,2.9999028196003285e-07,5950.0,0.0017849421776620431,2.9999028196003285e-07,0.0005,3979.9553768908327,2275021.720272533,3771.402241533198,192486.001422767,93.11818928044852,248.36925916096186,186.23637856089704,20973.131704595355,2.7985421275837568,0.0625,0.0234375,3771.4022415331724,63.387400779744645,300.14553337719735,711793.27420406,2.0217751653657327e-08,0.0,0.007151245275609462,9.830081559266357e-06,14628.139224585688,0.020518367289855923,0.0,0.0,0.3026729919170135,0.015625,0.0390625,17104.263997088026,711793.27420406,0.356537930482913,0.20750676268585294,47973.19593436005,3430217.237216758,0.96875,0.96875,0.109375,0.0
1,3e-07,2.9999028196003285e-07,5975.0,0.001792441934711043,2.9999028196003285e-07,0.0005,3979.7398890507625,2287118.4806815046,3810.553594786575,195116.00816239222,93.19378264895447,249.4912213705921,186.38756529790894,21166.507420159374,2.8243451451816957,0.0625,0.0234375,3810.5535947865433,63.33175943758384,306.44185760084747,730097.1076276558,2.0820092594520703e-08,0.0,0.007157050658248158,9.830081559266357e-06,14738.016990855525,0.020792611230600763,0.0,0.0,0.3201500715494838,0.0,0.0390625,17721.120593552798,730097.1076276558,0.36270911487881974,0.20822545424071834,48857.66545865103,3506281.7381761093,0.96875,0.96875,0.09375,0.0
1,3e-07,2.9999028196003285e-07,6000.0,0.001799941691760043,2.9999028196003285e-07,0.0005,3979.5229192052675,2299337.482591736,3850.243594101812,197771.25798017706,93.26906589807732,250.60502525295612,186.53813179615463,21397.02189524127,2.855103759518399,0.0625,0.0234375,3850.243594101774,63.264682789102444,312.8599445540458,748855.3508889386,2.1436792913628814e-08,0.0,0.007162832224489753,9.830081559266357e-06,14849.258729383477,0.021069061443111874,0.0,0.0,0.345337778978132,0.0,0.0390625,18358.394174896064,748855.3508889386,0.3689377518194996,0.2090305114534745,49760.13998122315,3582516.9525819058,0.96875,0.96875,0.09375,0.0
1,3e-07,2.9999028196003285e-07,6025.0,0.0018074414488090428,2.9999028196003285e-07,0.0005,3979.3044620123546,2311682.028906235,3890.471314435172,200448.97681744694,93.34404296531939,251.70932617108494,186.68808593063878,21630.4155567004,2.8862465570321003,0.0625,0.0234375,3890.471314435128,63.24860830652988,319.4047705104758,768144.5493124975,2.2071096727558904e-08,0.0,0.007168590276724629,9.830081559266357e-06,14961.867655615848,0.02134792111936568,0.0,0.0,0.374305880452726,0.0,0.0390625,19016.10940801479,768144.5493124975,0.37520715649504616,0.20994228321413252,50681.62767909747,3658836.788628337,0.96875,0.96875,0.09375,0.0
1,3e-07,2.9999028196003285e-07,6050.0,0.0018149412058580427,2.9999028196003285e-07,0.0005,3979.0845123855297,2324155.5433239043,3931.234561413955,203146.15080848988,93.4187176247127,252.8026857018871,186.8374352494254,21866.669708564536,2.9177710430326096,0.0625,0.0234375,3931.2345614139035,63.24492507227906,326.08189140324066,788048.6601829557,2.2721565436932615e-08,0.0,0.007174325104789056,9.830081559266357e-06,15075.845985510865,0.021629425752732703,0.0,0.0,0.4080138946754672,0.0,0.0390625,19694.221241896958,788048.6601829557,0.3814998348926057,0.21098077984522629,51623.144863066555,3735168.0127500785,0.96875,0.96875,0.09375,0.0
1,3e-07,2.9999028196003285e-07,6075.0,0.0018224409629070426,2.9999028196003285e-07,0.0005,3978.8630655419383,2336761.5759795923,3972.529677968007,205859.51938920558,93.49309349101782,253.8835663926671,186.98618698203563,22105.75985648476,2.949673949125474,0.0625,0.0234375,3972.5296779679497,63.2314186044751,332.8974864729862,808658.2355683958,2.3392454476937188e-08,0.0,0.007180036986287654,9.830081559266357e-06,15191.194775893618,0.02191384492029881,0.0,0.0,0.44778850281427146,0.0,0.0390625,20392.61770483901,808658.2355683958,0.3877977450608298,0.21216539874030405,52585.70469934071,3811452.010411059,0.96875,0.96875,0.09375,0.0
1,3e-07,2.9999028196003285e-07,6100.0,0.0018299407199560424,2.9999028196003285e-07,0.0005,3978.6401170539903,2349503.809358641,4014.351334950835,208585.56759969957,93.56717402418059,254.95032636847532,187.13434804836118,22347.655247123475,2.9819511717503833,0.0625,0.0234375,4014.351334950771,63.20796528676182,339.858399355453,830069.4186041327,2.408062870206023e-08,0.0,0.0071857261869356535,9.830081559266357e-06,15307.913727474368,0.022201483847239176,0.0,0.0,0.49551565075257736,0.0,0.0390625,21111.124578174,830069.4186041327,0.39408258881752917,0.21351463978705143,53570.305253828454,3887646.390111711,0.96875,0.96875,0.09375,0.0
1,3e-07,2.9999028196003285e-07,6125.0,0.0018374404770050423,2.9999028196003285e-07,0.0005,3978.4156629035647,2362386.06449626,4056.6923057609183,211320.51733287316,93.64096253399485,256.0012137982296,187.2819250679897,22592.318397700386,3.0145977094063134,0.0625,0.0234375,4056.6923057608465,63.174455120281884,346.9721756198978,852382.759797018,2.478521761458022e-08,0.0,0.007191392960916989,9.830081559266357e-06,15426.000945603711,0.022492684710925172,0.0,0.0,0.553966860574633,0.0,0.0390625,21849.51205965414,852382.759797018,0.4003361298781032,0.21504581159464323,54577.91697768326,3963726.3961399137,0.96875,0.96875,0.09375,0.0
1,3e-07,2.9999028196003285e-07,6150.0,0.0018449402340540422,2.9999028196003285e-07,0.0005,3978.189699537695,2375412.3074727766,4099.54322508493,214060.3172619895,93.71446218490252,257.0343612283411,187.42892436980503,22839.70461970035,3.047607599097656,0.0625,0.0234375,4099.543225084852,63.20071733043491,354.2470957011137,875701.8639710872,2.5510481429558888e-08,0.0,0.007197037551252926,9.830081559266357e-06,15545.45265376897,0.02278782764265324,0.0,0.0,0.6273837030283574,0.0,0.0390625,22607.503501437488,875701.8639710872,0.40654053341390906,0.21677473027133093,55609.46976576189,4039686.096598969,0.96875,0.96875,0.09375,0.0
1,3e-07,2.9999028196003285e-07,6175.0,0.001852439991103042,2.9999028196003285e-07,0.0005,3977.962223924447,2388586.656216673,4142.892331991287,216800.6311639785,93.78767600084763,258.0477797934716,187.57535200169525,23089.761541393724,3.0809738526218964,0.0625,0.0234375,4142.892331991202,63.24078277387018,361.69220211193715,900131.8826313671,2.6258406160478005e-08,0.0,0.007202660190174844,9.830081559266357e-06,15666.26285484089,0.023087331386130415,0.0,0.0,0.7225951238140257,0.0,0.0390625,23384.78627435927,900131.8826313671,0.4126787211709817,0.21871541341073067,56665.83973121902,4115539.31473951,0.96875,0.96875,0.09375,0.0
1,3e-07,2.9999028196003285e-07,6200.0,0.001859939748152042,2.9999028196003285e-07,0.0005,3977.7332336075897,2401913.3876282,4186.725197702093,219536.82434256835,93.86060687008448,259.03935331513077,187.72121374016896,23342.428634472613,3.114688393406498,0.0625,0.0234375,4186.725197702,63.29453706664111,369.3173197836013,925777.8707073238,2.7030293994235993e-08,0.0,0.007208261099493489,9.830081559266357e-06,15788.422935163688,0.023391653574282235,0.0,0.0,0.8513362475538524,0.0,0.0390625,24181.024771918615,925777.8707073238,0.418734735532349,0.22087977302555428,57747.83584929159,4191320.273587105,0.96875,0.96875,0.09375,0.0
1,3e-07,2.9999028196003285e-07,6225.0,0.0018674395052010418,2.9999028196003285e-07,0.0005,3977.5027267585365,2415396.945037256,4231.024438461651,222263.94784692352,93.93325754982682,260.00683230016193,187.86651509965364,23597.63675075189,3.1487419946887694,0.0625,0.0234375,4231.024438461552,63.35357435241209,377.13306836127776,952743.0307796551,2.7826211373240527e-08,0.0,0.007213840490956015,9.830081559266357e-06,15911.92120674845,0.023701290589682584,0.0,0.0,1.0,0.0,0.0390625,24995.87552443758,952743.0307796551,0.4246941053304014,0.22327731238497997,58856.18663106099,4267083.926274217,0.96875,0.96875,0.09375,0.0
1,3e-07,2.9999028196003285e-07,6250.0,0.0018749392622500417,2.9999028196003285e-07,0.0005,3977.2707022239724,2429041.946010036,4275.7694139982095,224976.7201780886,94.00563067061374,260.94782785287686,188.01126134122748,23855.307675505872,3.183124219915509,0.0625,0.0234375,4275.769413998102,63.40037516847154,385.1508652860757,981126.8719194494,2.864619985260814e-08,0.0,0.007219398566581281,9.830081559266357e-06,16036.742383080804,0.024016776979121413,0.0,0.0,1.0,0.0,0.0390625,25829.004346521382,981126.8719194494,0.43054420584122033,0.22591483302157261,59991.52699327422,4342905.947329991,0.96875,0.96875,0.09375,0.0
1,3e-07,2.9999028196003285e-07,6275.0,0.0018824390192990416,2.9999028196003285e-07,0.0005,3977.0371595676206,2442853.1905195685,4320.935912140805,227669.5061779488,94.07772874025923,261.859805516792,188.15545748051846,24115.35370459297,3.217823366316791,0.0625,0.0234375,4320.9359121406915,63.43462454364964,393.38291852566,1011023.3140961453,2.949135479344802e-08,0.0,0.007224935518963162,9.830081559266357e-06,16162.866984388129,0.02433868439959522,0.0,0.0,1.0,0.0,0.0390625,26680.105389864504,1011023.3140961453,0.43627460524486283,0.22879615951405174,61154.385492802336,4418882.363425564,0.96875,0.96875,0.09375,0.0
1,3e-07,2.9999028196003285e-07,6300.0,0.0018899387763480415,2.9999028196003285e-07,0.0005,3976.8020991046737,2456835.6694956697,4366.495820204464,230501.16321789825,94.14955414724712,262.74007906473435,188.29910829449423,24377.67725304203,3.252826412677822,0.0625,0.0234375,4366.495820204344,63.4560211605918,401.8422078772601,1042518.772656831,3.03627573528093e-08,0.0,0.0072304515315312744,9.830081559266357e-06,16290.270668623649,0.02466762008142934,0.0,0.0,1.0,0.0,0.0390625,27548.921919318323,1042518.772656831,0.44187738992739556,0.23192189094525775,62345.172093654444,4495128.80568443,0.96875,0.96875,0.09375,0.0
1,3e-07,2.9999028196003285e-07,6325.0,0.0018974385333970414,2.9999028196003285e-07,0.0005,3976.565521927601,2470994.5737697757,4412.41678379479,235036.46141246412,94.22110916343388,263.58580425965664,188.44221832686776,24642.170503214325,3.288118972391569,0.0625,0.0234375,4412.416783794665,63.46427857863307,410.5424538618254,1075690.2605552608,3.125923416185983e-08,0.0,0.007235946778758545,9.830081559266357e-06,16418.923484907842,0.025004224804335867,0.0,0.0,1.0,0.0,0.0390625,28435.268573896,1075690.2605552608,0.44734746133428027,0.23528918908588467,63564.16663030474,4571779.369610624,0.96875,0.96875,0.09375,0.0
1,3e-07,2.9999028196003285e-07,6350.0,0.0019049382904460413,2.9999028196003285e-07,0.0005,3976.327429922257,2485335.3034295873,4458.6618537089735,239676.36419273156,94.29239594592309,264.39397261301195,188.58479189184618,24908.715100992937,3.3236852529199017,0.0625,0.0234375,4458.6618537088425,63.45912644317723,419.4980733592147,1110603.5487218099,3.217607061002367e-08,0.0,0.007241421426305158,9.830081559266357e-06,16548.789046709193,0.025349170393989276,0.0,0.0,1.0,0.0,0.0390625,29339.054817116892,1110603.5487218099,0.45268279765067004,0.23889161425586106,64811.50812308422,4648985.072922299,0.96875,0.96875,0.09375,0.0
1,3e-07,2.9999028196003285e-07,6375.0,0.0019124380474950411,2.9999028196003285e-07,0.0005,3976.0878257736454,2499863.477597222,4505.189121627715,244421.48848026464,94.36341653798695,265.16140517312476,188.7268330759739,25177.18190866294,3.3595080228192495,0.0625,0.0234375,4505.18912162758,63.47909906408804,428.72412130304474,1150271.0866951654,3.31175030298724e-08,0.0,0.0072468756310893395,9.830081559266357e-06,16682.861541787228,0.025698476261352205,0.0,0.0,1.0,0.0,0.0390625,30260.309224012773,1150271.0866951654,0.45788467436087527,0.2433451499742233,66087.18508923831,4726911.906060218,0.96875,0.9765625,0.09375,0.0
1,3e-07,2.9999028196003285e-07,6400.0,0.001919937804544041,2.9999028196003285e-07,0.0005,3975.846712961051,2514584.944642557,4551.951345306784,249272.0905523517,94.43417286892189,265.8847463828622,188.86834573784378,25447.43082320966,3.3955685874952946,0.0625,0.0234375,4551.951345306641,63.51835032747174,438.2362179606853,1193038.9352221666,3.40757600165986e-08,0.0,0.007252309541276252,9.830081559266357e-06,16844.766547469044,0.026016164529542325,0.0,0.0,1.0,0.0,0.0390625,31199.20419661919,1193038.9352221666,0.4629578386958692,0.24825298785469377,67391.02697668086,4805738.474819366,0.96875,0.9765625,0.09375,0.0
1,3e-07,2.9999028196003285e-07,6425.0,0.001927437561593041,2.9999028196003285e-07,0.0005,3975.604095742822,2529505.792840456,4598.895563995244,254228.00555761662,94.50466675274743,266.5604580541913,189.00933350549485,25719.31066865552,3.4318467748369823,0.0625,0.0234375,4598.895563995092,63.54530827018489,448.05046156902245,1237006.7301695952,3.50527690689997e-08,0.0,0.0072577232961780844,9.830081559266357e-06,17010.02761033448,0.026340372386980043,0.0,0.0,1.0,0.0,0.0390625,32156.080647306066,1237006.7301695952,0.46791063407471034,0.2531916756189958,68722.69682627424,4885653.239370514,0.96875,0.9765625,0.09375,0.0
1,3e-07,2.9999028196003285e-07,6450.0,0.0019349373186420408,2.9999028196003285e-07,0.0005,3975.359979131707,2544632.3614765806,4645.962704839551,259288.58094229535,94.57489988568004,267.18481351708886,189.14979977136008,25992.65917075763,3.4683209318403003,0.0625,0.0234375,4645.962704839394,63.55971222884476,458.1833263778235,1282082.794794988,3.604328142837504e-08,0.0,0.007263117026060041,9.830081559266357e-06,17178.724084221598,0.026671557452783008,0.0,0.0,1.0,0.0,0.0390625,33131.47214141402,1282082.794794988,0.4727550718390732,0.25812787663057507,70081.68524248438,4966851.35883199,0.96875,0.9765625,0.09375,0.0
1,3e-07,2.9999028196003285e-07,6475.0,0.0019424370756910407,2.9999028196003285e-07,0.0005,3975.114368862224,2559971.2524012816,4693.087181090942,264452.60341885086,94.64487384234349,267.75389201186624,189.28974768468697,26267.30302188071,3.504967933264574,0.0625,0.0234375,4693.087181090779,63.56131704142361,468.6515464671338,1328166.8792276895,3.704309638428314e-08,0.0,0.007268490851849308,9.830081559266357e-06,17350.935347018785,0.02701016038006602,0.0,0.0,0.8382264851245651,0.0,0.9609375,34126.127948899404,1328166.8792276895,0.47750684882274125,0.26237790422050433,71467.30572144654,5062037.8387941085,0.96875,0.9765625,0.09375,0.0
1,3e-07,2.9999028196003285e-07,6500.0,0.0019499368327400405,2.9999028196003285e-07,0.0005,3974.8672713523515,2575529.3420247296,4740.196483032637,269718.2190929376,94.71459007071307,268.26357340740003,189.42918014142614,26543.058043127035,3.5417632032662163,0.0625,0.0234375,4740.196483032473,63.5498941304205,479.47198604865844,1375151.9818960093,3.80483601466392e-08,0.0,0.007273844884746789,9.830081559266357e-06,17526.740431422066,0.02735659764716191,0.0,0.0,1.0,0.0,0.234375,35141.03442060342,1375151.9818960093,0.48218531054436514,0.2617684224435716,72878.6913498688,5253315.006673295,0.96875,0.9765625,0.09375,0.0
1,3e-07,2.9999028196003285e-07,6525.0,0.0019574365897890435,2.9999028196003285e-07,0.0005,3974.6186936623953,2591313.7937388495,4787.210762700953,275082.8463478407,94.7840498858251,268.70953334307393,189.5680997716502,26819.72944983645,3.5786807508256255,0.0625,0.0234375,4787.210762700784,63.525232560890046,490.66149732721533,1422926.498638155,3.9136026823484805e-08,0.0,0.0072791792257439975,9.830081559266357e-06,17706.217607754894,0.027711254215712196,0.0,0.0,1.0,0.0,0.234375,36177.43407979372,1422926.498638155,0.4868133610196322,0.26123087694995406,74314.7928479612,5447007.318781675,0.96875,0.9765625,0.09375,0.0
1,3e-07,2.9999028196003285e-07,6550.0,0.0019649363468380488,2.9999028196003285e-07,0.0005,3974.368643454694,2607332.070742962,4834.042413710125,280543.0810679339,94.85325446232574,269.0872389094463,189.70650892465147,27097.112225360564,3.615693219621607,0.0625,0.0234375,4834.04241370995,63.48714006782146,502.2367673800145,1471376.6903915955,4.030012238747066e-08,0.0,0.007284493965050839,9.830081559266357e-06,17889.44391545662,0.02807447619688603,0.0,0.0,1.0,0.0,0.234375,37236.841805160526,1471376.6903915955,0.4914173213229496,0.26075686469897835,75774.37788500178,5642715.071337335,0.96875,0.9765625,0.09375,0.0
1,3e-07,2.9999028196003285e-07,6575.0,0.001972436103887054,2.9999028196003285e-07,0.0005,3974.1171289582985,2623591.9492403246,4880.595647826867,286094.5937652514,94.922204825971,269.3919450016961,189.844409651942,27378.405874465578,3.6532275343977667,0.0625,0.0234375,4880.595647826686,63.51092624034087,514.2141558990606,1520389.453062824,4.150384379758961e-08,0.0,0.007289789181442823,9.830081559266357e-06,18076.494639690434,0.02844656368110243,0.0,0.0,1.0,0.0,0.234375,38321.05747865047,1520389.453062824,0.496026740061161,0.26034120533937266,77256.03154766498,5839987.761756314,0.96875,0.9765625,0.078125,0.0
1,3e-07,2.9999028196003285e-07,6600.0,0.0019799358609360594,2.9999028196003285e-07,0.0005,3973.8641589434155,2640101.5319624036,4926.766070401297,291732.0181571588,94.99090184423247,269.61869150060147,189.98180368846494,27819.24555900362,3.7120508158259824,0.0625,0.0234375,4926.766070401107,63.5402126364178,526.6095260260436,1569855.3655630276,4.2748332552494816e-08,0.0,0.007295064941539611,9.830081559266357e-06,18267.44272931607,0.028827763898278264,0.0,0.0,0.6387056491826845,0.0,0.234375,39432.17448142321,1569855.3655630276,0.500674159835535,0.2599821122629696,78758.15778944168,6038320.682521162,0.96875,0.9765625,0.078125,0.0
1,3e-07,2.9999028196003285e-07,6625.0,0.0019874356179850647,2.9999028196003285e-07,0.0005,3973.6097427106233,2656869.261966914,4972.4402573709785,297448.8307299653,95.05934621619966,269.76230145792897,190.1186924323993,28268.263648386564,3.7719653797015344,0.0625,0.0234375,4972.440257370782,63.55765472370828,539.4380708762328,1619671.9842367768,4.4038660542248396e-08,0.0,0.007300321299029534,9.830081559266357e-06,18462.358152196015,0.02921826488411336,0.0,0.0,0.46036304913078674,0.0,0.234375,40572.58344458045,1619671.9842367768,0.5053948445559303,0.25968135708450873,80278.98163510139,6237151.570760172,0.96875,0.9765625,0.078125,0.0
1,3e-07,2.9999028196003285e-07,6650.0,0.00199493537503407,2.9999028196003285e-07,0.0005,3973.353890100187,2673903.9366450426,5017.495337340297,303237.2208152389,95.12753846200516,270.06593924067795,190.25507692401033,28725.39363844038,3.832962352064381,0.0625,0.0234375,5017.495337340097,63.56304465160908,552.7141386873536,1669747.3442163207,4.5372944837855233e-08,0.0,0.0073055582938574845,9.830081559266357e-06,18661.307183438235,0.029618189832804592,0.0,0.0,0.35803135510224215,0.0,0.234375,41744.97069871196,1669747.3442163207,0.5102264731360735,0.2594444296640527,81816.55185809791,6435857.367908919,0.96875,0.9765625,0.078125,0.0
1,3e-07,2.9999028196003285e-07,6675.0,0.0020024351320830753,2.9999028196003285e-07,0.0005,3973.096611526699,2691214.721863395,5061.798583222993,309087.95070521074,95.19547891202814,271.9245488025698,190.39095782405627,29190.538534643558,3.895028790486162,0.0625,0.0234375,5061.7985832227805,63.5561904872923,566.4510598254128,1724319.960306839,4.6751975739236936e-08,0.0,0.0073107759513957584,9.830081559266357e-06,18864.35162169821,0.030027592317239667,0.0,0.0,0.3262176293024803,0.0,0.0390625,43036.568592808806,1724319.960306839,0.5162194682950206,0.2599313602618296,83368.74379215259,6633751.150957417,0.9765625,0.96875,0.078125,0.0
1,3e-07,2.9999028196003285e-07,6700.0,0.0020099348891320806,2.9999028196003285e-07,0.0005,3972.8379180440666,2708811.166157896,5105.20701914497,314990.2053441927,95.26316769615153,273.7683143600583,190.52633539230305,29663.56860012877,3.9581473835756245,0.0625,0.0234375,5105.20701914475,63.53691712311582,580.6609791190713,1781513.2677749842,4.81732413501362e-08,0.0,0.0073159742816190435,9.830081559266357e-06,19071.54792804517,0.03044645255381685,0.0,0.0,0.30267905270627354,0.0,0.0390625,44506.883878363646,1781513.2677749842,0.5240218365816254,0.26083346743077607,84933.26188217146,6830079.304327728,0.9765625,0.96875,0.078125,0.0
1,3e-07,2.9999028196003285e-07,6725.0,0.002017434646181086,2.9999028196003285e-07,0.0005,3972.5778214453367,2726703.214891102,5160.98621257717,320931.4311582053,95.33060473336458,275.59319247364135,190.66120946672916,30144.31921842831,4.02229616579485,0.046875,0.0234375,5160.98621257717,63.50506715313581,595.3546971609103,1839503.7111600759,4.965267698927626e-08,0.0,0.007321153278305915,9.830081559266357e-06,19282.946281114924,0.03087467488015464,0.0,0.0,0.2823314998172786,0.0,0.0390625,46047.12074621121,1839503.7111600759,0.5322896328485072,0.26188763280482946,86507.64152552356,7024019.009446534,0.9765625,0.96875,0.078125,0.0
1,3e-07,2.9999028196003285e-07,6750.0,0.002024934403230091,2.9999028196003285e-07,0.0005,3972.316334401167,2744901.224282244,5233.692239670365,326897.16362950805,95.3977897220011,277.3947383818437,190.7955794440022,30632.588921522733,4.0874482543326405,0.046875,0.0234375,5233.692239670365,63.460501714141145,610.5415242938006,1898132.189509023,5.1196991874273685e-08,0.0,0.00732631291828916,9.830081559266357e-06,19498.58954129916,0.0313120865999378,0.0,0.0,0.2645933503380826,0.0,0.0390625,47661.96857614399,1898132.189509023,0.541064530987502,0.2630931941072592,88089.24970401531,7214676.137669995,0.9765625,0.96875,0.078125,0.0
1,3e-07,2.9999028196003285e-07,6775.0,0.0020324341602790965,2.9999028196003285e-07,0.0005,3972.0534706397625,2763415.975222207,5307.354664614463,332870.843291596,95.46472213090003,279.16807328552045,190.92944426180006,31128.137638725402,4.153571615445083,0.046875,0.0234375,5307.354664614463,63.40310128669417,626.2291509769911,1957242.2035488728,5.3188777088432105e-08,0.0,0.007331453160776932,9.830081559266357e-06,19718.512115529746,0.03175843832982665,0.0,0.0,0.24901376835050615,0.0,0.0390625,49356.16769912277,1957242.2035488728,0.5482597088561936,0.2644534636214684,90023.33547743649,7401083.641507593,0.9765625,0.96875,0.078125,0.0
1,3e-07,2.9999028196003285e-07,6800.0,0.002039933917328102,2.9999028196003285e-07,0.0005,3971.7892451700413,2782258.6867949604,5381.938320354039,338833.61991934106,95.53140119175018,280.9078497540658,191.06280238350035,31630.685226599562,4.220628868295561,0.046875,0.0234375,5381.938320354039,63.401709796939066,642.4235380851815,2016684.1052995138,5.721384491658632e-08,0.0,0.007336573946764839,9.830081559266357e-06,19942.73871278137,0.03221340595880394,0.0,0.0,0.23523710301772277,0.0,0.0390625,51134.46256942698,2016684.1052995138,0.5542218787812684,0.2659760965443025,92263.52211477369,7582200.549227188,0.9765625,0.96875,0.078125,0.0
1,3e-07,2.9999028196003285e-07,6825.0,0.002047433674377107,2.9999028196003285e-07,0.0005,3971.5236745485795,2801441.0294443816,5457.401431735074,344764.1448249034,95.59782589285284,282.60821527575024,191.19565178570568,32139.910344279786,4.288577134883695,0.046875,0.0234375,5457.401431735074,63.430286758440644,659.128830419676,2076319.5469933795,6.152531860408023e-08,0.0,0.0073416751985569415,9.830081559266357e-06,20171.282978710675,0.03267659430068671,0.0,0.0,0.4556634243305539,0.34375,0.171875,53001.55104293983,2076319.5469933795,0.5605206786710373,0.2676734804902817,94557.70868008563,7756911.679073727,0.9765625,0.96875,0.078125,0.0
1,3e-07,2.9999028196003285e-07,6850.0,0.0020549334314261124,2.9999028196003285e-07,0.0005,3971.2567771897297,2820975.137752729,5533.694549228388,350638.351350163,95.66399497448882,284.26277401019854,191.32798994897763,32655.44974204311,4.357367945116089,0.046875,0.0234375,5533.694549228388,63.44785360661247,676.3472962901378,2136026.049338363,6.615759643536574e-08,0.0,0.007346756819409937,9.830081559266357e-06,20404.145995850493,0.03314754248610473,0.0,0.0,0.27865288839909647,0.34375,0.828125,54962.03030411346,2136026.049338363,0.5671636985810193,0.2695631558816302,96906.81974467401,7924028.201674299,0.9765625,0.96875,0.078125,0.0
1,3e-07,2.9999028196003285e-07,6875.0,0.0020624331884751177,2.9999028196003285e-07,0.0005,3970.9885737173263,2840873.622836049,5610.759349202083,356429.2238788385,95.72990692602201,285.8645468462112,191.45981385204402,33176.898033500176,4.426947206408738,0.046875,0.0234375,5610.759349202083,63.45424812622158,694.0792954460503,2195701.600883456,7.114195275375884e-08,0.0,0.007351818693310731,9.830081559266357e-06,20641.314633464124,0.03362573110148685,0.0,0.0,0.2875997611828537,0.0,0.03125,57020.34010004546,2195701.600883456,0.5741549331701862,0.2716121720810213,99311.76552852847,8083958.771289834,0.9765625,0.96875,0.078125,0.0
1,3e-07,2.9999028196003285e-07,6900.0,0.002069932945524123,2.9999028196003285e-07,0.0005,3970.7190873556633,2861149.584414438,5688.527292020341,362106.5559851055,95.79555998480808,287.40592992432124,191.59111996961616,33703.808023073325,4.497255247383948,0.046875,0.0234375,5688.527292020341,63.44932322139504,712.32327688855,2255269.193521358,7.651269267465264e-08,0.0,0.007356860684892625,9.830081559266357e-06,20882.759728518526,0.03411059104011843,0.0,0.0,0.31574325632311756,0.0,0.03125,59180.70405298576,2255269.193521358,0.581494717650244,0.2704307937156006,101773.4164329617,8339542.855068196,0.9765625,0.96875,0.078125,0.0
1,3e-07,2.9999028196003285e-07,6925.0,0.0020774327025731283,2.9999028196003285e-07,0.0005,3970.448344357303,2881816.622683174,5766.918129597317,367636.69870017027,95.86095213690093,288.87865185233693,191.72190427380187,34235.691660178534,4.568226945191256,0.046875,0.0234375,5766.918129597317,63.43294764344062,731.0758071673972,2314681.1942387316,8.229603986544312e-08,0.0,0.007361882639489568,9.830081559266357e-06,21128.43407624647,0.034601513984858216,0.0,0.0,0.3487822306633178,0.0,0.03125,61447.069928715966,2314681.1942387316,0.5891797440098796,0.2690960336854089,104292.57039713436,8601691.97790833,0.9765625,0.96875,0.078125,0.0
1,3e-07,2.9999028196003285e-07,6950.0,0.0020849324596221336,2.9999028196003285e-07,0.0005,3970.1763744657746,2902888.8501959336,5845.838254631617,372982.30032458616,95.92608111947357,290.27372992543064,191.85216223894713,34772.02168938877,4.6397919456963646,0.046875,0.0234375,5845.838254631617,63.40500668741204,750.3316286602458,2373923.450304648,8.852701943742542e-08,0.0,0.007366884383322076,9.830081559266357e-06,21378.27020543085,0.03509786439454931,0.0,0.0,0.3880965659721509,0.0,0.03125,63823.04983325573,2373923.450304648,0.5972031654641801,0.2676312091654515,106869.91215736247,8870129.375819812,0.9765625,0.96875,0.078125,0.0
1,3e-07,2.9999028196003285e-07,6975.0,0.002092432216671139,2.9999028196003285e-07,0.0005,3969.9032114127226,2924380.904075033,5925.178884654226,378102.0397537355,95.99094442478702,291.5814257618623,191.98188884957403,35312.234061455376,4.711874985194901,0.046875,0.0234375,5925.178884654226,63.36540285386916,770.0837460421099,2433019.0243135216,9.524452135624395e-08,0.0,0.007371865723802036,9.830081559266357e-06,21632.177909865735,0.03559899281758864,0.0,0.0,0.4356581676474019,0.0,0.03125,66311.86138939249,2433019.0243135216,0.6055547962236303,0.2660629207719407,109505.96346181633,9144524.976477332,0.9765625,0.96875,0.078125,0.0
1,3e-07,2.9999028196003285e-07,7000.0,0.002099931973720144,2.9999028196003285e-07,0.0005,3969.6288934516365,2946307.9589870153,6004.814075320833,387340.73259993934,96.05553930545906,292.7912008829328,192.11107861091813,35855.73116302247,4.784396321368169,0.046875,0.0234375,6004.814075320833,63.31405647237028,790.3235376859157,2492031.456947812,1.0249667942963242e-07,0.0,0.0073768264499373265,9.830081559266357e-06,21890.041503445416,0.036104250307680844,0.0,0.0,0.4943877768671164,0.0,0.03125,68916.27100235602,2492031.456947812,0.6142214125119349,0.26442083730015997,112201.02327679259,9424489.697530748,0.9765625,0.96875,0.078125,0.0
1,3e-07,2.9999028196003285e-07,7025.0,0.0021074317307691495,2.9999028196003285e-07,0.0005,3969.353463934199,2968685.7414654014,6084.5985591655535,397882.22089034494,96.11986278070734,293.8916729028482,192.23972556141467,36401.885912807644,4.857272279855517,0.046875,0.0234375,6084.5985591655535,63.28083435577936,811.0408871036989,2551067.4590125456,1.1032596931316888e-07,0.0,0.00738176633281128,9.830081559266357e-06,22151.716762039403,0.0366130036699255,0.0,0.0,0.5688045301425236,0.0,0.03125,71638.54035502113,2551067.4590125456,0.6223666209110702,0.2627374659556055,115106.65570423892,9709568.63625836,0.9765625,0.96875,0.078125,0.0
1,3e-07,2.9999028196003285e-07,7050.0,0.002114931487818155,2.9999028196003285e-07,0.0005,3969.0769719406217,2991530.546326221,6164.365408425115,408664.2038057992,96.18391164316682,294.87057315219215,192.36782328633365,36950.04675859187,4.930415921025851,0.046875,0.0234375,6164.365408425108,63.32756321605944,832.2243277596035,2610278.9401700543,1.1879235637064485e-07,0.0,0.0073866851261062405,9.830081559266357e-06,22417.027510780943,0.037124651221459436,0.0,0.0,0.6662928789682386,0.0,0.03125,74480.37727175115,2610278.9401700543,0.6306019485957726,0.26104791747296796,118109.97006527559,9999232.958601763,0.9765625,0.96875,0.078125,0.0
1,3e-07,2.9999028196003285e-07,7075.0,0.00212243124486716,2.9999028196003285e-07,0.0005,3968.7994729819998,3014859.2561054863,6243.923523682601,419677.376335121,96.24768246582038,295.7147067385625,192.49536493164075,37499.54359226444,5.003737829249487,0.046875,0.0234375,6243.9235236825525,63.35986570696108,853.861192690234,2669864.289768841,1.27953402696523e-07,0.0,0.007391582566635818,9.830081559266357e-06,22685.76181070885,0.037638638711580207,0.0,0.0,0.799800339359748,0.0,0.03125,77442.89205103359,2669864.289768841,0.6390807647337867,0.2593896761993604,121178.56822571234,10292870.282612368,0.9765625,0.96875,0.078125,0.0
1,3e-07,2.9999028196003285e-07,7100.0,0.0021299310019161654,2.9999028196003285e-07,0.0005,3968.5210298008406,3038689.364650232,6339.1908836829325,430909.5997466384,96.31117160852814,296.40991624990716,192.62234321705628,38049.694579201685,5.0771470241737875,0.046875,0.015625,6339.190883682777,63.37744989954072,875.9377583912628,2730068.8350704266,1.378781330354406e-07,0.0,0.0073964583748463274,9.830081559266357e-06,22957.66769396436,0.03815447501322399,0.0,0.0,0.9942886906341805,0.0,0.03125,80526.56028556381,2730068.8350704266,0.6477872618217206,0.25780238606446937,124310.19415093987,10589773.340529557,0.9765625,0.96875,0.078125,0.0
1,3e-07,2.9999028196003285e-07,7125.0,0.0021374307589651707,2.9999028196003285e-07,0.0005,3968.241713304841,3063039.0062150024,6481.1428453480885,442345.4220686739,96.37480372986681,296.9410505295457,192.74960745973362,38599.813873345105,5.150551990181781,0.046875,0.015625,6481.142845347858,63.38004364738059,898.4393704203703,2791184.413855538,1.4865664067730107e-07,0.0,0.007401345163459986,9.830081559266357e-06,23232.44839210377,0.03867174717261962,0.0,0.0,1.0,0.0,0.03125,83731.19306048282,2791184.413855538,0.6567037308319151,0.2563276644510306,127502.23446182007,10889126.69583806,0.9765625,0.96875,0.078125,0.0
1,3e-07,2.9999028196003285e-07,7150.0,0.002144930516014176,2.9999028196003285e-07,0.0005,3967.96160367854,3087926.9916528496,6626.613899202962,453965.531194101,96.44645833937929,297.291940194883,192.89291667875858,39162.92116719848,5.225690005161827,0.046875,0.015625,6626.613899202653,63.42441506966441,921.3505361829075,2853548.011637396,1.6038149145513862e-07,0.0,0.0074068480592069,9.830081559266357e-06,23509.756997728276,0.03919013438854075,0.0,0.0,1.0,0.0,0.03125,87055.91524341912,2853548.011637396,0.665810933613717,0.255008957407071,130751.70569957368,11189991.28756985,0.9765625,0.96875,0.0625,0.0
1,3e-07,2.9999028196003285e-07,7175.0,0.0021524302730631813,2.9999028196003285e-07,0.0005,3967.6807917265965,3113372.8535437533,6775.519018075611,465746.1340184288,96.5178795708985,297.44538183086775,193.035759141797,40167.09161788601,5.35968112051386,0.046875,0.015625,6775.519018075217,63.49446312389238,944.6549684763158,2917539.4283102034,1.7315458157171696e-07,0.0,0.0074123330321045336,9.830081559266357e-06,23789.190495795883,0.03970942048840455,0.0,0.0,1.0,0.0,0.03125,90499.15235284611,2917539.4283102034,0.675088533666267,0.253064343140536,134055.23548350588,11528844.372555424,0.9765625,0.96875,0.0625,0.0
1,3e-07,2.9999028196003285e-07,7200.0,0.0021599300301121866,2.9999028196003285e-07,0.0005,3967.399380510168,3139396.9023749684,6927.735433196094,477658.25499796687,96.5890617402516,297.38313305863903,193.1781234805032,41196.80188821782,5.497080132321803,0.046875,0.015625,6927.735433195609,63.55086378233562,968.3355616487843,3005667.0448582266,1.8710522114452318e-07,0.0,0.007417799645622553,9.830081559266357e-06,24070.28309796311,0.04022950447685957,0.0,0.0,1.0,0.0,0.03125,94058.62621516554,3005667.0448582266,0.6845155841823136,0.2516369671365726,137409.035511621,11944457.44224433,0.9765625,0.9765625,0.0625,0.0
1,3e-07,2.9999028196003285e-07,7225.0,0.002167429787161192,2.9999028196003285e-07,0.0005,3967.117487342832,3166020.2961799274,7083.096614243951,489666.9476591633,96.6599989415082,297.08592095124646,193.3199978830164,42251.311294231404,5.6377882076931,0.046875,0.015625,7083.096614243369,63.59331768755465,992.3742807592971,3107241.6023435276,2.0232984101720003e-07,0.0,0.007423247446200198,9.830081559266357e-06,24352.49881147468,0.04075040875442725,0.0,0.0,1.0,0.0,0.03125,97731.3592993179,3107241.6023435276,0.6921253280238888,0.251681314475549,141204.71443857448,12345936.800347561,0.9765625,0.9765625,0.0625,0.0
1,3e-07,2.9999028196003285e-07,7250.0,0.0021749295442101972,2.9999028196003285e-07,0.0005,3966.835246213036,3193265.126360014,7241.385604467162,501730.41294368514,96.73068503759191,296.53346653033395,193.46137007518382,43329.66659523476,5.781678151306047,0.046875,0.015625,7241.385604466477,63.62154310833371,1016.751943000163,3216962.2624019943,2.1897735811540587e-07,0.0,0.007428675962525268,9.830081559266357e-06,24635.2231739332,0.041272284639824144,0.0,0.0,1.0,0.0,0.03125,101513.68725677079,3216962.2624019943,0.6968366397629727,0.2527134923362705,145677.88411829266,12729681.477083059,0.9765625,0.9765625,0.0625,0.0
1,3e-07,2.9999028196003285e-07,7275.0,0.0021824293012592025,2.9999028196003285e-07,0.0005,3966.5528106944967,3221154.522763588,7402.32768196371,513799.01888326154,96.80111364595129,295.7045283150685,193.60222729190258,44430.6869783933,5.928592401833662,0.046875,0.015625,7402.327681962915,63.63527714289924,1041.4478699482443,3335572.0423383657,2.3721059874992117e-07,0.0,0.0074340847044336925,9.830081559266357e-06,24917.754087294205,0.04179541487967763,0.0,0.0,1.0,0.0,0.03125,105401.27880337232,3335572.0423383657,0.7012849157716279,0.25478248682567944,150297.37048799728,13091841.923265874,0.9765625,0.9765625,0.0625,0.0
1,3e-07,2.9999028196003285e-07,7300.0,0.002189929058308208,2.9999028196003285e-07,0.0005,3966.270357392533,3249712.7814870803,7565.582325171313,525814.21701655,96.87127811881491,294.57696808802666,193.74255623762983,45552.9504192826,6.078341211969044,0.046875,0.015625,7565.582325170403,63.63427689118905,1066.4393890405845,3463818.731564313,2.5723898879395794e-07,0.0,0.007439473161393164,9.830081559266357e-06,25199.29168933564,0.04232021289280533,0.0,0.0,1.0,0.0,0.03125,109389.16166956219,3463818.731564313,0.7054299276110492,0.25794869495669503,155067.36727205565,13428324.311335733,0.9765625,0.9765625,0.0625,0.0
1,3e-07,2.9999028196003285e-07,7306.0,0.002191729,2.9999028199100344e-07,0.0005,3966.2025879485586,3256669.10613984,7605.063134115222,528682.5203046731,96.88807752458578,294.2593850273922,193.77615504917156,45825.27399752503,6.114678608633501,0.046875,0.015625,7605.063134114284,63.63181926889668,1072.478589903707,3496115.0529690385,2.623334918409061e-07,0.0,0.007440763314730673,9.8300815602812e-06,25266.614402661704,0.042446469986526056,0.0,0.0,1.0,0.0,0.03125,110360.56906865464,3496115.0529690385,0.7063754224877704,0.258879767792663,156235.0069881789,13504782.86804197,0.9765625,0.9765625,0.0625,0.0
2,1.5e-07,1.4999514098001642e-07,0.0,0.0,0.0,0.0005,4008.11113236055,773886.7345045686,3265.5332310870513,0.0,0.0,0.0,0.0,7494.3062310458845,1.0,0.0,0.0859375,3265.533231087051,64.88057619110188,0.0,11.361380314832786,6.366462912410498e-12,0.0,0.0,0.0,0.0,0.0,0.0,0.0,0.0,0.0,0.0,11.361380314832786,0.0,0.0009388669913412475,0.0,12101.160675168838,0.0,0.9140625,0.0,0.171875,0.0
2,1.5e-07,1.4999514098001642e-07,25.0,3.749878524500409e-06,1.4999514098001642e-07,0.0005,4008.1079308667145,773897.5578399607,3265.376492041098,794.5886178329981,0.5851247786663583,1.384812014922458,1.1702495573327165,7494.384747047736,1.0000104767538756,0.0,0.0859375,3265.3764920410977,64.88057361479615,0.616626505733727,11.354554941295646,6.366462912410498e-12,0.0,2.2468063658742095e-05,4.9150407796331785e-06,76.56742989670212,0.008053378656768601,0.0,0.0,0.02271077305073846,0.0,0.8046875,11.354554941295646,11.299319462643325,0.0009383437861477138,0.0027571695148020238,12100.634233334407,4098.159145450534,0.9140625,0.03125,0.171875,0.0
2,1.5e-07,1.4999514098001642e-07,50.0,7.499757049000816e-06,1.4999514098001642e-07,0.0005,4008.104147540378,773932.1341962678,3264.9099105980254,1589.0335096277015,1.1701816847025905,2.7694855442609274,2.340363369405181,7494.644626995493,1.0000451537392756,0.0,0.0859375,3264.909910598025,64.88062051870487,1.2330587226521175,22.59029057409498,1.0231815394945443e-11,0.0,4.493352109291474e-05,4.9150407796331785e-06,153.12212134285681,0.008052779780206722,0.0,0.0,0.02271412448170992,0.0,0.8046875,11.33437105352641,22.59029057409498,0.0009367969158023461,0.0027564349067399864,12099.069566020902,8195.473986654863,0.9140625,0.03125,0.171875,0.0
2,1.5e-07,1.4999514098001642e-07,75.0,1.1249635573501223e-05,1.4999514098001642e-07,0.0005,4008.0997824060864,773990.4583787887,3264.1336885408705,2383.1959264903658,1.7551038020023224,4.153889227599844,3.510207604004645,7495.085842603679,1.000104027181938,0.0,0.0859375,3264.13368854087,64.88071679952702,1.8491060653877156,33.86484716566338,1.5916157281026244e-11,0.0,6.73938028072707e-05,4.9150407796331785e-06,229.65175253030492,0.00805178294968033,0.0,0.0,0.02271956789727043,0.0,0.1953125,11.300865362034529,33.86484716566338,0.0009342286188296602,0.0027552272827281103,12096.466683060411,12291.126535351315,0.9140625,0.03125,0.171875,0.0
2,1.5e-07,1.4999514098001642e-07,100.0,1.499951409800163e-05,1.4999514098001642e-07,0.0005,4008.094835559004,774072.5219969233,3263.04816077743,3176.9372548570013,2.3398242777698726,5.5378918029237285,4.679648555539745,7495.7083491426165,1.000187091113374,0.0,0.0859375,3263.0481607774295,64.88086228527962,2.4645782665616025,45.11494179627334,2.1373125491663814e-11,0.0,8.984634173761463e-05,4.9150407796331785e-06,306.1440165476946,0.00805038848824812,0.0,0.0,0.02272713784805246,0.0,0.8046875,11.2540987709217,45.11494179627334,0.0009306426095523204,0.0027535471951388147,12092.82559750344,16384.299450512583,0.9140625,0.03125,0.171875,0.0
2,1.5e-07,1.4999514098001642e-07,125.0,1.8749392622502076e-05,1.4999514098001642e-07,0.0005,4008.0893071649502,774178.3134700835,3261.6537950048205,3970.1190832824796,2.924276353887168,6.921362154759531,5.848552707774336,7496.512085446058,1.0002943373718884,0.0,0.0859375,3261.65379500482,64.88105673524697,3.0792855336185596,56.332554861553945,2.7284841053187847e-11,0.0,0.00011228857445525354,4.9150407796331785e-06,382.58662871376305,0.008048596847127047,0.0,0.0,0.02273688297789633,0.0,0.1953125,11.194156206271145,56.332554861553945,0.0009260440686633066,0.0027513954103161775,12088.146325940288,20474.176358054065,0.9140625,0.03125,0.171875,0.0
2,1.5e-07,1.4999514098001642e-07,150.0,2.2499271147002525e-05,1.4999514098001642e-07,0.0005,4008.0831974604193,774307.8180359184,3259.951191241481,4762.603268963999,3.5083933981847917,8.30416936221592,7.016786796369583,7497.496973921627,1.0004257556039708,0.0,0.0859375,3259.9511912414805,64.88129983990987,3.6930387048512614,67.50970352240256,3.2741809263825417e-11,0.0,0.0001347179423677662,4.9150407796331785e-06,458.96733388432506,0.008046408605153649,0.0,0.0,0.02274886658524712,0.0,0.1953125,11.121146373567171,67.50970352240256,0.0009204396297947137,0.002748772902381736,12082.428888951174,24559.942170525348,0.9140625,0.03125,0.171875,0.0
2,1.5e-07,1.4999514098001642e-07,175.0,2.6249149671502974e-05,1.4999514098001642e-07,0.0005,4008.0765067526304,774461.0177608394,3257.9410812274705,5554.2520039118,4.092108935585639,9.686182746885905,8.184217871171278,7498.662920564065,1.0005813332660642,0.0,0.0859375,3257.94108122747,64.88159122085382,4.305649404346411,78.63845039065927,3.9108272176235914e-11,0.0,0.00015713189291488073,4.9150407796331785e-06,535.2739137243577,0.008043824468090236,0.0,0.0,0.022763167363656318,0.0,0.8046875,11.035201452294132,78.63845039065927,0.000913837362726297,0.002745680845170278,12075.673311684543,28640.783406777336,0.9140625,0.96875,0.171875,0.0
2,1.5e-07,1.4999514098001642e-07,200.0,2.9999028196003422e-05,1.4999514098001642e-07,0.0005,4008.069235419564,774637.8915528329,3255.62432769413,6344.927880681356,4.6753566790898855,11.067271920579358,9.350713358179771,7500.0098149712985,1.0007610556267086,0.0,0.0859375,3255.6243276941295,64.88193043065706,4.9169301955935225,89.71091191429878,4.092726157978177e-11,0.0,0.00017952788075825888,4.9150407796331785e-06,611.4941939366427,0.008040845267785108,0.0,0.0,0.02277988033859454,0.0,0.8046875,10.936476720075007,89.71091191429878,0.0009062467525624243,0.002742120602425516,12067.879624563597,32715.888511594225,0.9140625,0.96875,0.171875,0.0
2,1.5e-07,1.4999514098001642e-07,225.0,3.374890672050387e-05,1.4999514098001642e-07,0.0005,4008.061383910016,774838.4151765452,3253.0019235044283,7134.493957583039,5.258070560570199,12.44730683285229,10.516141121140398,7501.537530363325,1.0009649057690602,0.0,0.0859375,3253.001923504428,64.882316952758,5.526694733493514,100.71926641184837,4.729372449219227e-11,0.0,0.00020190336896399385,4.9150407796331785e-06,687.6160514385124,0.008037471961178787,0.0,0.0,0.022799118022753688,0.0,0.8046875,10.825150116404984,100.71926641184837,0.0008976786756616759,0.0027380937164510183,12059.047864121094,36784.448175278565,0.9140625,0.96875,0.171875,0.0
2,1.5e-07,1.4999514098001642e-07,250.0,3.749878524500432e-05,1.4999514098001642e-07,0.0005,4008.052952743652,775062.5612706129,3250.0749906655315,7922.8138232871925,5.840184761346526,13.82615781829983,11.680369522693052,7503.245923603912,1.001192864593789,0.0,0.0859375,3250.074990665531,64.88275020130224,6.134757914517138,111.6557616959326,5.4569682106375694e-11,0.0,0.00022425583017664404,4.9150407796331785e-06,763.627421478363,0.008033705629167174,0.0,0.0,0.02282101181654186,0.0,0.1953125,10.701421741992817,111.6557616959326,0.0008881453719335576,0.0027336018949974863,12049.17807396219,40845.6556531745,0.9140625,0.96875,0.171875,0.0
2,1.5e-07,1.4999514098001642e-07,275.0,4.124866376950477e-05,1.4999514098001642e-07,0.0005,4008.0439425110662,775310.2993672244,3246.8447792153643,8709.751660744962,6.421633742510172,15.203695643580264,12.843267485020345,7505.13483522515,1.0014449108223529,0.0,0.0859375,3246.844779215364,64.88322952096885,6.74093602476114,122.51272224035347,6.002665031701326e-11,0.0,0.00024658274778364,4.9150407796331785e-06,839.5163046837015,0.008029547475317795,0.0,0.0,0.022845713687732062,0.0,0.1953125,10.5655132989923,122.51272224035347,0.0008776604138763065,0.0027286469966299413,12038.270305855855,44898.70708511022,0.9140625,0.96875,0.171875,0.0
2,1.5e-07,1.4999514098001642e-07,300.0,4.499854229400522e-05,1.4999514098001642e-07,0.0005,4008.034353873846,775581.595913877,3243.312665985149,9495.172310347785,7.00235227496727,16.579791554137806,14.00470454993454,7507.2040894548045,1.0017210210006484,0.0,0.0859375,3243.3126659851487,64.88375418677651,7.345046885658348,133.28255583922146,7.09405867382884e-11,0.0,0.00026888161706891637,4.9150407796331785e-06,915.2707740326501,0.008024998824442232,0.0,0.0,0.022873398173754736,0.0,0.1953125,10.417667471643654,133.28255583922146,0.0008662386722451235,0.0027232310145162745,12026.324620953565,48942.8018147393,0.9140625,0.96875,0.171875,0.0
2,1.5e-07,1.4999514098001642e-07,325.0,4.874842081850567e-05,1.4999514098001642e-07,0.0005,4008.0241875646325,775876.4142973074,3239.48015324012,10278.941332251503,7.582275469172275,17.954317320592033,15.16455093834455,7509.4534942465325,1.002021169503042,0.0,0.0859375,3239.4801532401198,64.88432340386882,7.946909997108378,143.95775971841067,8.003553375601768e-11,0.0,0.0002911499463546408,4.9150407796331785e-06,990.878981740977,0.008020061121031789,0.0,0.0,0.022904264757588905,0.0,0.1953125,10.258147252592607,143.95775971841067,0.000853896278709751,0.002717356058816338,12013.341091136746,52977.14270875408,0.9140625,0.03125,0.171875,0.0
2,1.5e-07,1.4999514098001642e-07,350.0,5.2498299343006116e-05,1.4999514098001642e-07,0.0005,4008.0134443871957,776194.714869559,3235.3488672008307,11060.925067794049,8.161338804522707,19.327145284762494,16.322677609045414,7511.882841312935,1.0023453285367814,0.0,0.0859375,3235.3488672008302,64.88493630727925,8.546346677799079,154.5309260529466,8.731149137020111e-11,0.0,0.0003133852581299359,4.9150407796331785e-06,1066.329166056893,0.008014735927557942,0.0,0.0,0.02293854068259479,0.0,0.8046875,10.091239187429892,154.5309260529466,0.0008409842687096936,0.0027110243376118268,11999.319800491263,57000.936475942784,0.90625,0.03125,0.171875,0.0
2,1.5e-07,1.4999514098001642e-07,375.0,5.6248177867506565e-05,1.4999514098001642e-07,0.0005,4008.002125216503,776536.454976153,3230.9205564476597,11840.990699939293,8.739478158386849,20.69814840529722,17.478956316773697,7514.491906161481,1.0026934681467878,0.0,0.0859375,3230.9205564476592,64.88559196167537,9.143180202491294,164.99474685330642,8.913048077374697e-11,0.0,0.00033558509016550647,4.9150407796331785e-06,1141.6096579560372,0.008009024922635503,0.0,0.0,0.02297648428556417,0.0,0.8046875,9.919017426043865,164.99474685330642,0.0008276703547053791,0.002704238136482268,11984.260846910096,61013.39398605449,0.90625,0.03125,0.171875,0.0
2,1.5e-07,1.4999514098001642e-07,400.0,5.9998056392007014e-05,1.4999514098001642e-07,0.0005,4007.9902309987856,776901.5889863267,3226.19709021133,12619.006312683254,9.316629834736828,22.06720030287451,18.633259669473656,7517.280448133271,1.00306555622083,0.0,0.0859375,3226.1970902113294,64.88628936108289,9.73723593606087,175.3420181972324,8.913048077374697e-11,0.0,0.0003577469966131143,4.9150407796331785e-06,1216.7088877292788,0.008002929899060155,0.0,0.0,0.02301838894619437,0.0,0.8046875,9.736582438941696,175.3420181972324,0.0008135401686697864,0.002696999796969496,11968.164343823257,65013.73058843266,0.90625,0.03125,0.171875,0.0
2,1.5e-07,1.4999514098001642e-07,425.0,6.374793491650734e-05,1.4999514098001642e-07,0.0005,4007.977762751614,777290.0683252951,3221.180456552433,13394.840949362717,9.892730592360197,23.43417530494785,19.785461184720393,7520.2482104446935,1.0034615584950801,0.0,0.0859375,3221.1804565524326,64.88702742858884,10.328341464090727,185.56564376153983,1.000444171950221e-10,0.0,0.0003798685490888676,4.9150407796331785e-06,1291.615391456173,0.007996452761720738,0.0,0.0,0.02306458777633366,0.0,0.1953125,9.544248457241338,185.56564376153983,0.0007986130166339374,0.0026893116937202455,11951.030422055046,69001.16643037333,0.09375,0.03125,0.171875,0.0
2,1.5e-07,1.4999514098001642e-07,450.0,6.749781344100762e-05,1.4999514098001642e-07,0.0005,4007.964721563963,777701.8415084983,3215.872760433128,14168.364669810606,10.467717672623756,24.798948490004243,20.935435345247512,7523.394920231956,1.003881438560059,0.0,0.0859375,3215.8727604331275,64.88780501602432,10.916326719811536,195.65863764751703,1.0550138540565968e-10,0.0,0.0004019473377393177,4.9150407796331785e-06,1366.3178173571196,0.007989595525385947,0.0,0.0,0.023115459200365996,0.0,0.8046875,9.345906708447728,195.65863764751703,0.0007832076560104799,0.0026811762107053724,11932.85923180847,72974.92677515684,0.8984375,0.03125,0.171875,0.0
2,1.5e-07,1.4999514098001642e-07,475.0,7.12476919655079e-05,1.4999514098001642e-07,0.0005,4007.951108596279,778136.854177783,3210.2762216843685,14939.448606306452,11.041528826764289,26.16139573130696,22.083057653528577,7526.720288598501,1.00432515786696,0.0,0.0859375,3210.276221684368,64.88862090362666,11.501024107222406,205.61412646097597,1.0732037480920553e-10,0.0,0.0004239809722893888,4.9150407796331785e-06,1440.8049320175496,0.007982360312382883,0.0,0.0,0.0231714336182637,0.0,0.8046875,9.150498672417598,205.61412646097597,0.0007680683876700044,0.0026725957163074264,11913.650944776353,76934.2423196956,0.8984375,0.03125,0.171875,0.0
2,1.5e-07,1.4999514098001642e-07,500.0,7.499757049000818e-05,1.4999514098001642e-07,0.0005,4007.9369250805444,778595.0491394771,3204.3931728721686,15707.965018275057,11.614102342681543,27.521393740094148,23.228204685363085,7530.2240106653335,1.004792675734367,0.0,0.0859375,3204.393172872168,64.88947379968113,12.0822686201941,215.42535064765252,1.127773430198431e-10,0.0,0.0004459670830711954,4.9150407796331785e-06,1515.0656264776544,0.007974749350154502,0.0,0.0,0.023233001393725344,0.0,0.8046875,8.949243536713766,215.42535064765252,0.0007524542355677946,0.0026635725376219963,11893.405756378997,80878.34951173567,0.890625,0.03125,0.171875,0.0
2,1.5e-07,1.4999514098001642e-07,525.0,7.874744901450846e-05,1.4999514098001642e-07,0.0005,4007.9221723203345,779076.3664043031,3198.2260570665576,16473.787345690835,12.1853770712097,28.878820108205694,24.3707541424194,7533.905765624253,1.0052839493553551,0.0,0.0859375,3198.226057066557,64.89036234014192,12.65989795740677,225.0856650666683,1.127773430198431e-10,0.0,0.0004679033220328342,4.9150407796331785e-06,1589.0889221814991,0.00796676496871382,0.0,0.0,0.023300722470954004,0.0,0.8046875,8.757049586609355,225.0856650666683,0.0007376144040550514,0.002654108933959703,11872.12388812811,84806.49086654471,0.890625,0.03125,0.171875,0.0
2,1.5e-07,1.4999514098001642e-07,550.0,8.249732753900874e-05,1.4999514098001642e-07,0.0005,4007.906851690872,779580.7432290787,3191.7774255170375,17236.79026115003,12.755292451844442,30.23355335011091,25.510584903688883,7537.765216794005,1.0057989338049849,0.0,0.0859375,3191.777425517037,64.8912850882328,13.233752632963615,234.58853879349772,1.1459633242338896e-10,0.0,0.0004897873637262711,4.9150407796331785e-06,1662.8639767795755,0.007958409597995545,0.0,0.0,0.023375238012190696,0.0,0.1953125,8.569519970056717,234.58853879349772,0.00072317810658466,0.002644207069622516,11849.805590116426,88717.91528300667,0.1171875,0.03125,0.171875,0.0
2,1.5e-07,1.4999514098001642e-07,575.0,8.624720606350902e-05,1.4999514098001642e-07,0.0005,4007.8909646390703,780108.1141601517,3185.049935238484,17996.84972057789,13.323788537903736,31.585472944310652,26.647577075807472,7541.802011679374,1.0063375820481866,0.0,0.0859375,3185.0499352384836,64.89224053402685,13.803676082539141,243.92755415453576,1.2005330063402653e-10,0.0,0.0005116169062734842,4.9150407796331785e-06,1736.3800897791655,0.00794968576511074,0.0,0.0,0.023457284559409566,0.0,0.8046875,8.387495218295953,243.92755415453576,0.0007092148875795036,0.0026338689861020157,11826.451143632694,92611.87835904298,0.875,0.03125,0.171875,0.0
2,1.5e-07,1.4999514098001642e-07,600.0,8.99970845880093e-05,1.4999514098001642e-07,0.0005,4007.874512683574,780658.4110785128,3178.046346511536,18753.843012542657,13.890806021101074,32.93445937408843,27.78161204220215,7546.0157820332115,1.0068998449480373,0.0,0.0859375,3178.0463465115354,64.89322709400618,14.369514764924475,253.09640499937814,1.3096723705530167e-10,0.0,0.0005333896723100458,4.9150407796331785e-06,1809.6267080371508,0.007940596091505893,0.0,0.0,0.02354771136881504,0.0,0.1953125,8.220031279342948,253.09640499937814,0.0006964911784589518,0.0026230965738262145,11802.06086390138,96487.64270626748,0.875,0.03125,0.171875,0.0
2,1.5e-07,1.4999514098001642e-07,625.0,9.374696311250958e-05,1.4999514098001642e-07,0.0005,4007.8574974147846,781231.5632465272,3170.769520301682,19507.648806153116,14.456286255511426,34.28039416758493,28.91257251102285,7550.406143921429,1.0074856712744331,0.0,0.0859375,3170.7695203016815,64.89424311060039,14.931118258865126,262.08889421564527,1.382431946694851e-10,0.0,0.000555103409905385,4.9150407796331785e-06,1882.5934310902237,0.007931143290040275,0.0,0.0,0.023647501776577658,0.0,0.8046875,8.061068977651303,262.08889421564527,0.0006844967944734909,0.0026118915435155154,11776.635102947133,100344.47826378071,0.8671875,0.03125,0.171875,0.0
2,1.5e-07,1.4999514098001642e-07,650.0,9.749684163700986e-05,1.4999514098001642e-07,0.0005,4007.8399204948823,781827.4973562262,3163.222415601283,20258.147197521394,15.020171280910581,35.62315993717226,30.040342561821163,7554.97269779094,1.008095007713154,0.0,0.0859375,3163.2224156012826,64.89528685170504,15.488339355065364,270.8989305065479,1.382431946694851e-10,0.0,0.0005767558934589892,4.9150407796331785e-06,1955.2700163177215,0.00792133016197625,0.0,0.0,0.02375779971568996,0.0,0.8046875,7.906875954242423,270.8989305065479,0.00067291563378345,0.0026002553973251594,11750.174252582343,104181.66261099477,0.859375,0.03125,0.171875,0.0
2,1.5e-07,1.4999514098001642e-07,675.0,0.00010124672016151014,1.4999514098001642e-07,0.0005,4007.8217836578287,782446.1375790954,3155.408086698936,21005.219754777565,15.582403845469944,36.96264041810415,31.164807690939888,7559.715028540595,1.0087277988753314,0.0,0.0859375,3155.4080866989357,64.89635651017943,16.04103414328415,279.5205244325334,1.382431946694851e-10,0.0,0.0005983449245718565,4.9150407796331785e-06,2027.6463839326548,0.007911159593899353,0.0,0.0,0.02387994289235596,0.0,0.1953125,7.769892418989912,279.5205244325334,0.0006628086110979582,0.0025881893997143244,11722.67874751793,107998.48127937852,0.859375,0.03125,0.171875,0.0
2,1.5e-07,1.4999514098001642e-07,700.0,0.00010499659868601042,1.4999514098001642e-07,0.0005,4007.803088709365,783087.4056173009,3147.329680380607,21748.7495616275,16.1429274277898,38.29872050641958,32.2858548555796,7564.632705595089,1.0093839873073067,0.0,0.0859375,3147.3296803806065,64.89745020332374,16.58906209442239,287.94778376689646,1.4915713109076023e-10,0.0,0.0006198683328925453,4.9150407796331785e-06,2099.7126217967775,0.007900634554564284,0.0,0.0,0.02401550464401738,0.0,0.1953125,7.634991679020459,287.94778376689646,0.0006528898882881097,0.002575694548421757,11694.149068596482,111794.2280630034,0.8515625,0.03125,0.171875,0.0
2,1.5e-07,1.4999514098001642e-07,725.0,0.0001087464772105107,1.4999514098001642e-07,0.0005,4007.783837526981,783751.2207562833,3138.9904330670656,22488.621259450243,16.701686258255037,39.631286296078095,33.403372516510075,7569.725282981892,1.0100635135008997,0.0,0.0859375,3138.990433067065,64.89856597233582,17.13228613754177,296.17490816581994,1.5643308870494366e-10,0.0,0.0006413239769372076,4.9150407796331785e-06,2171.458990055892,0.007889758091678625,0.0,0.0,0.02416634724240579,0.0,0.8046875,7.511978786584223,296.17490816581994,0.0006439987625849336,0.002562771545390468,11664.585746146535,115568.20532775746,0.1484375,0.03125,0.171875,0.0
2,1.5e-07,1.4999514098001642e-07,750.0,0.00011249635573501098,1.4999514098001642e-07,0.0005,4007.7640320598894,784437.4999186574,3130.3936678922073,23224.721087935824,17.25862533969854,40.96022511530573,34.51725067939708,7574.992299411159,1.0107663159040692,0.0,0.0859375,3130.393667892207,64.89970178174724,17.670572731753964,304.1961832061643,1.709850039333105e-10,0.0,0.0006627097448830378,4.9150407796331785e-06,2242.875925591864,0.007878533328628486,0.0,0.0,0.024334690459719373,0.0,0.8046875,7.392421793643734,304.1961832061643,0.0006354158975650734,0.002549420767958281,11633.989363457295,119319.72431909764,0.15625,0.03125,0.171875,0.0
2,1.5e-07,1.4999514098001642e-07,775.0,0.00011624623425951126,1.4999514098001642e-07,0.0005,4007.74367432897,785146.1577193509,3121.542791726883,23956.936924269092,17.813690467358345,42.285425562131465,35.62738093471669,7580.43327835867,1.0114923309319808,0.0,0.0859375,3121.5427917268826,64.90085551883924,18.203791932923423,312.00597380602267,1.7462298274040222e-10,0.0,0.0006840235553346022,4.9150407796331785e-06,2313.954046288204,0.007866963461147375,0.0,0.0,0.024523200741271307,0.0,0.1953125,7.283274665547651,312.00597380602267,0.000627740762549927,0.002535642240234876,11602.36056037285,123048.10546819161,0.15625,0.03125,0.171875,0.0
2,1.5e-07,1.4999514098001642e-07,800.0,0.00011999611278401154,1.4999514098001642e-07,0.0005,4007.72276642669,785877.106521912,3112.441292152919,24685.158320869734,18.366828248116036,43.60677753909515,36.73365649623207,7586.047728151821,1.012241492978481,0.0,0.0859375,3112.4412921529183,64.90202499303794,18.731817455176497,319.59871708776336,1.8553691916167736e-10,0.0,0.0007052633580625697,4.9150407796331785e-06,2384.684155106332,0.007855051753946532,0.0,0.0,0.0247351085829781,0.0,0.8046875,7.174632689318969,319.59871708776336,0.0006199376681228269,0.002521435604950983,11573.1517186942,126752.67869630025,0.8359375,0.03125,0.171875,0.0
2,1.5e-07,1.4999514098001642e-07,825.0,0.00012374599130851198,1.4999514098001642e-07,0.0005,4007.7013105170263,786630.256495918,3103.092734392008,25409.27654170271,18.91798611900465,44.924172287108505,37.8359722380093,7591.83514205861,1.0130137344279717,0.0,0.0859375,3103.0927343920075,64.90320793528927,19.254526727159373,327.598969019833,1.8553691916167736e-10,0.0,0.0007264271347143926,4.9150407796331785e-06,2455.0572439700013,0.00784280153729672,0.0,0.0,0.024974365090275716,0.0,0.1953125,7.078782142387354,327.598969019833,0.0006129777674110707,0.0025116305861417098,11548.187420050803,130432.78371724265,0.8359375,0.0390625,0.171875,0.0
2,1.5e-07,1.4999514098001642e-07,850.0,0.0001274958698330126,1.4999514098001642e-07,0.0005,4007.679308835345,787405.5156754161,3093.5007581941964,26129.184597177835,19.467112364975634,46.23750241845159,38.93422472995127,7597.79499837972,1.0138089856676957,0.0,0.0859375,3093.500758194196,64.9044019974135,19.771800943056405,335.9019256023457,2.000888343900442e-10,0.0,0.0007475128994965353,4.9150407796331785e-06,2525.0644974556835,0.007830216203577751,0.0,0.0,0.02524585386910912,0.0,0.1953125,6.9813201374636265,335.9019256023457,0.0006058891586236257,0.0025050899478467983,11522.437789319112,134087.7703377732,0.8359375,0.0390625,0.171875,0.0
2,1.5e-07,1.4999514098001642e-07,875.0,0.00013124574835751321,1.4999514098001642e-07,0.0005,4007.65676368827,788202.7900183233,3083.6690746906766,26844.777277660884,20.01415613591565,47.54666194888865,40.0283122718313,7603.926760543625,1.0146271751004285,0.0,0.0859375,3083.669074690676,64.90560475143953,20.283525108370213,344.0795357127208,2.1464074961841106e-10,0.0,0.0007685186998278985,4.9150407796331785e-06,2594.6972962870295,0.007817299203801389,0.0,0.0,0.025555682479163514,0.0,0.8046875,6.8933209538663505,344.0795357127208,0.0005996329202525456,0.002498453631879477,11495.901444108691,137716.9987557003,0.171875,0.0390625,0.171875,0.0
2,1.5e-07,1.4999514098001642e-07,900.0,0.00013499562688201383,1.4999514098001642e-07,0.0005,4007.633677453529,789021.9834667199,3073.6014632156052,27555.95118562251,20.559067462904764,48.85154632888738,41.11813492580953,7610.229877204779,1.0154682291575796,0.0,0.0859375,3073.601463215605,64.90681368891885,20.78958808046491,352.1301614771364,2.1464074961841106e-10,0.0,0.0007894426169641136,4.9150407796331785e-06,2663.9472206318364,0.007804054044109036,0.0,0.0,0.025911590624466282,0.0,0.1953125,6.808622919037589,352.1301614771364,0.0005936763492174746,0.002491724883335791,11468.57699150731,141319.83985556342,0.171875,0.0390625,0.171875,0.0
2,1.5e-07,1.4999514098001642e-07,925.0,0.00013874550540651445,1.4999514098001642e-07,0.0005,4007.6100525797774,789862.9980079569,3063.3017681016413,28262.60476645474,21.101797273708975,50.152052473927284,42.20359454741795,7616.703782344859,1.016332072312702,0.0,0.0859375,3063.301768101641,64.90802622021931,21.28988260389474,360.0521822774317,2.1827872842550278e-10,0.0,0.0008102827665924362,4.9150407796331785e-06,2732.806053200282,0.007790484282250105,0.0,0.0,0.02632353351475726,0.0,0.8046875,6.722728323831689,360.0521822774317,0.000587627293202112,0.002484906337133975,11440.463030908664,144895.6755016796,0.171875,0.0390625,0.171875,0.0
2,1.5e-07,1.4999514098001642e-07,950.0,0.00014249538393101507,1.4999514098001642e-07,0.0005,4007.5858915863846,790725.7337365138,3052.7738954538822,28964.638337988017,21.64229740750115,51.448078793883155,43.2845948150023,7623.3478953771155,1.017218627095416,0.0,0.0859375,3052.773895453882,64.90923967379888,21.7843053405677,367.8439774909057,2.3283064365386963e-10,0.0,0.0008310372993970122,4.9150407796331785e-06,2801.2657821435077,0.007776593524052727,0.0,0.0,0.02680453485562999,0.0,0.8046875,6.648953364026966,367.8439774909057,0.0005826507890148067,0.00247799997436215,11411.558156935746,148443.89882836485,0.1796875,0.0390625,0.171875,0.0
2,1.5e-07,1.4999514098001642e-07,975.0,0.0001462452624555157,1.4999514098001642e-07,0.0005,4007.561197063212,791610.0889165293,3042.021809906831,29661.95411874468,22.180520628805205,52.73952522147113,44.36104125761041,7630.1616212537865,1.0181278141057417,0.0,0.0859375,3042.0218099068306,64.91045129545918,22.272756894778922,375.50390862091444,2.3646862246096134e-10,0.0,0.0008517044015943166,4.9150407796331785e-06,2869.3186037519267,0.007762385419888548,0.0,0.0,0.027371966968644294,0.0,0.1953125,6.574951606075047,375.50390862091444,0.0005776692957118903,0.0024710070794727195,11381.86096246021,151963.91452712554,0.1796875,0.0390625,0.171875,0.0
2,1.5e-07,1.4999514098001642e-07,1000.0,0.0001499951409800163,1.4999514098001642e-07,0.0005,4007.535971670354,792515.9600449363,3031.049531368997,30354.456254967557,22.716420640659965,54.026293239745364,45.43284128131993,7637.144350576604,1.0190595520288455,0.0,0.0859375,3031.0495313689967,64.91165824757906,22.755141833153857,383.0303008843912,2.4010660126805305e-10,0.0,0.0008722822954386296,4.9150407796331785e-06,2936.956924952945,0.007747863661132324,0.0,0.0,0.02804953029201027,0.0,0.1953125,6.500058609119151,383.0303008843912,0.0005726232679606198,0.002463928198363189,11351.370041718546,155455.13913061342,0.1796875,0.0390625,0.171875,0.0
2,1.5e-07,1.4999514098001642e-07,1025.0,0.00015374501950451692,1.4999514098001642e-07,0.0005,4007.510218137846,793443.2419151254,3019.8611317596738,31042.0508464647,23.249952096999692,55.30828590863454,46.499904193999384,7644.295459710404,1.0200137576501977,0.0,0.0859375,3019.8611317596733,64.9128576083286,23.231368699599443,390.4214243446477,2.4374458007514477e-10,0.0,0.0008927692396974329,4.9150407796331785e-06,3004.1733656080996,0.007733031976633942,0.0,0.0,0.028870422675425837,0.0,0.1953125,6.434575681123533,390.4214243446477,0.0005684211958854219,0.002456763097514678,11320.08399352611,158917.00129312737,0.1875,0.0390625,0.171875,0.0
2,1.5e-07,1.4999514098001642e-07,1050.0,0.00015749489802901754,1.4999514098001642e-07,0.0005,4007.483939265356,794391.8276810714,3008.4607317423706,31724.645971313174,23.78107061424973,56.585407890508286,47.56214122849946,7651.614310899832,1.0209903458711473,0.0,0.0859375,3008.46073174237,64.91404637086293,23.70135002529196,397.6754746774677,2.546585164964199e-10,0.0,0.0009131635300966693,4.9150407796331785e-06,3070.960760609892,0.00771789412919261,0.0,0.0,0.02988262566861816,0.0,0.1953125,6.37051864193927,397.6754746774677,0.000564361962965579,0.002449510724327786,11288.001424588947,162348.94206744124,0.1875,0.0390625,0.171875,0.0
2,1.5e-07,1.4999514098001642e-07,1075.0,0.00016124477655351816,1.4999514098001642e-07,0.0005,4007.4571379218396,795361.6089218423,2996.8524974593,32402.151709466783,24.30973278213667,57.857565474764506,48.61946556427334,7659.100252389151,1.0219892297249065,0.0,0.0859375,2996.8524974592997,64.91522144249687,24.165002333838174,404.79055364476517,2.6557245291769505e-10,0.0,0.0009334634997358379,4.9150407796331785e-06,3137.3121617789047,0.007702453912057078,0.0,0.0,0.031158164223623993,0.0,0.8046875,6.305791557999328,404.79055364476517,0.0005602597772497819,0.002442169168690873,11255.120952914673,165750.4151777305,0.1875,0.0390625,0.171875,0.0
2,1.5e-07,1.4999514098001642e-07,1100.0,0.00016499465507801878,1.4999514098001642e-07,0.0005,4007.4298170451625,796352.4757064291,2985.040637271281,33074.48016531379,24.83589617371319,59.12466660142947,49.67179234742638,7666.752618545135,1.0230103203929504,0.0,0.0859375,2985.0406372712805,64.91637964385956,24.62224614163847,411.76464936544653,2.764863893389702e-10,0.0,0.0009536675194729372,4.9150407796331785e-06,3203.2208395620446,0.007686715145436213,0.0,0.0,0.0328103231625724,0.0,0.1953125,6.243477433134103,411.76464936544653,0.0005563881960932332,0.002434735625903806,11221.4412113227,169120.88728836586,0.8046875,0.0390625,0.171875,0.0
2,1.5e-07,1.4999514098001642e-07,1125.0,0.0001687445336025194,1.4999514098001642e-07,0.0005,4007.4019796416947,797364.3166588184,2973.029398507271,33741.54548923179,25.3595193545992,60.386620883763804,50.7190387091984,7674.570729983092,1.024053527221832,0.0,0.0859375,2973.0293985072703,64.91751770803012,25.07300595360448,418.5956164865056,2.837623469531536e-10,0.0,0.0009737739982793119,4.9150407796331785e-06,3268.6802845330685,0.007670681673042906,0.0,0.0,0.035028130409562874,0.0,0.1953125,6.188454595292569,418.5956164865056,0.000553184611771433,0.0024272063611424253,11186.960851054078,172459.8382683387,0.8046875,0.0390625,0.171875,0.0
2,1.5e-07,1.4999514098001642e-07,1150.0,0.00017249441212702002,1.4999514098001642e-07,0.0005,4007.373628785872,798397.0190232415,2960.8230642277063,34403.26389818769,25.880561891441673,61.64333962986801,51.761123782883345,7682.553893695964,1.025118757740409,0.0,0.0859375,2960.823064227706,64.91863227965405,25.517210254305155,425.28115632303525,2.874003257602453e-10,0.0,0.0009937813835645016,4.9150407796331785e-06,3333.6842086967663,0.007654357358665527,0.0,0.0,0.0381523652052662,0.0,0.1953125,6.132920020681922,425.28115632303525,0.0005499548786013854,0.002419576675430896,11151.678545481445,175766.76145106996,0.8046875,0.9609375,0.171875,0.0
2,1.5e-07,1.4999514098001642e-07,1175.0,0.00017624429065152063,1.4999514098001642e-07,0.0005,4007.344767619726,799450.4687295305,2948.4259500056733,35059.55369543078,26.39898435959632,62.894735863282364,52.79796871919264,7690.701403186538,1.0262059176774854,0.0,0.0859375,2948.425950005673,64.91971991404034,25.954791494669962,431.81879708659835,2.874003257602453e-10,0.0,0.001013688161471206,4.9150407796331785e-06,3398.2265465984883,0.007637746082776572,0.0,0.0,0.042866078768417186,0.0,0.8046875,6.07690907077631,431.81879708659835,0.0005467012937681689,0.002411840873383851,11115.59299391973,179041.16388936958,0.8046875,0.0390625,0.171875,0.0
2,1.5e-07,1.4999514098001642e-07,1200.0,0.00017999416917602125,1.4999514098001642e-07,0.0005,4007.315399352379,800524.5504585096,2935.842400729894,35710.335289327195,26.914748350035765,64.14072434257673,53.82949670007153,7699.012538602739,1.0273149109798636,0.0,0.0859375,2935.8424007298936,64.92077707624011,26.385686074350815,438.2058742674999,2.9467628337442875e-10,0.0,0.0010334928571405515,4.9150407796331785e-06,3462.30145624088,0.0076208517391777066,0.0,0.0,0.058377093437482895,0.046875,0.8046875,6.0226259643168305,438.2058742674999,0.0005436219388493808,0.00240399223265488,11078.702925537182,182282.56660528458,0.203125,0.0390625,0.171875,0.0
2,1.5e-07,1.4999514098001642e-07,1225.0,0.00018374404770052187,1.4999514098001642e-07,0.0005,4007.2855272595,801619.1477073593,2923.0767874333274,36355.53121138319,27.42781647548898,65.38122157992728,54.85563295097796,7707.48656687603,1.0284456398308126,0.0,0.0859375,2923.076787433327,64.92180014010628,26.80983431989489,444.43951128283516,2.9831426218152046e-10,0.0,0.0010531940349478366,4.9150407796331785e-06,3525.903319810022,0.0076036782316933815,0.0,0.0,0.06668481851898742,0.0,0.1953125,5.9752653058676515,444.43951128283516,0.0005411884305413795,0.002396022975295484,11041.007103367447,185490.50483458978,0.203125,0.0390625,0.171875,0.0
2,1.5e-07,1.4999514098001642e-07,1250.0,0.0001874939262250225,1.4999514098001642e-07,0.0005,4007.2551546827463,802734.1428548812,2910.133504151112,36995.06613350456,27.938152375818678,66.61614585867682,55.876304751637356,7716.1227418628805,1.0295980046689446,0.0,0.0859375,2910.1335041511115,64.92278538733507,27.227180458824023,450.5166004705243,3.092281986027956e-10,0.0,0.0010727902987090186,4.9150407796331785e-06,3589.0267442132945,0.0075862294709069245,0.0,0.0,0.11508615851403169,0.0,0.1953125,5.927531562985678,450.5166004705243,0.0005387438519495248,0.002387924241042948,11002.50432842254,188664.52826566936,0.796875,0.0390625,0.171875,0.0
2,1.5e-07,1.4999514098001642e-07,1275.0,0.0001912438047495231,1.4999514098001642e-07,0.0005,4007.2242850291377,803869.4172266028,2897.0169648114406,37628.86688453747,28.44572072264311,67.84541724987793,56.89144144528622,7724.920304489306,1.030771904207501,0.0,0.0859375,2897.01696481144,64.92372900648901,27.637672589798285,456.43378453631885,3.128661774098873e-10,0.0,0.0010922802918581832,4.9150407796331785e-06,3651.6665614316153,0.007568509370955023,0.0,0.0,1.0,0.0,0.1953125,5.879450746091607,456.43378453631885,0.0005362899757423819,0.002379686062704098,10963.193443906406,191804.20127252478,0.796875,0.0390625,0.171875,0.0
2,1.5e-07,1.4999514098001642e-07,1300.0,0.00019499368327402373,1.4999514098001642e-07,0.0005,4007.1929217704305,805024.8511596532,2883.731600162824,38256.86246613559,28.95048722321053,69.0689576278177,57.90097444642106,7733.878482898497,1.031967235454052,0.0,0.0859375,2883.7316001628237,64.92462709200235,28.041262648964903,462.18743853177875,3.128661774098873e-10,0.0,0.0011116626975963206,4.9150407796331785e-06,3713.8178286887987,0.007550521846373158,0.0,0.0,0.07378635426579551,0.0,0.1953125,5.831048534579168,462.18743853177875,0.0005338285621023236,0.0023712973436436457,10923.073339529328,194909.1031416579,0.796875,0.0390625,0.171875,0.0
2,1.5e-07,1.4999514098001642e-07,1325.0,0.00019874356179852435,1.4999514098001642e-07,0.0005,4007.161068442431,806200.3240673513,2870.281854741083,38878.984067995414,29.452418623534584,70.28669068452406,58.90483724706917,7742.9964926014645,1.0331838937305973,0.0,0.0859375,2870.2818547410825,64.92547564316865,28.437906372654652,467.77365245949477,3.2014213502407074e-10,0.0,0.00113093623901172,4.9150407796331785e-06,3775.4758284410846,0.007532270809000736,0.0,0.0,0.027859486066917766,0.0,0.8046875,5.787114712555194,467.77365245949477,0.0005316395869820856,0.002362745837490459,10885.409691566478,197978.82829256437,0.2109375,0.0390625,0.171875,0.0
2,1.5e-07,1.4999514098001642e-07,1350.0,0.00020249344032302496,1.4999514098001642e-07,0.0005,4007.1287286442835,807395.7145034404,2856.672183879247,39495.165082500425,29.951482710800384,71.49854194325516,59.90296542160077,7752.27353663077,1.0344217726940794,0.0,0.0859375,2856.6721838792464,64.92627056311102,28.82756325657124,473.1882145809941,3.2014213502407074e-10,0.0,0.001150099679172359,4.9150407796331785e-06,3836.636068189997,0.007513760164948658,0.0,0.0,0.018020695393995718,0.71875,0.25,5.746342922800977,473.1882145809941,0.0005293317436803422,0.0023540181300714916,10855.844168437274,201012.98649157956,0.2109375,0.0390625,0.171875,0.0
2,1.5e-07,1.4999514098001642e-07,1375.0,0.00020624331884752558,1.4999514098001642e-07,0.0005,4007.0959060377268,808610.9002259114,2842.9070507634233,40105.34111881176,30.447648315051154,72.70443877097284,60.89529663010231,7761.708805697239,1.0356807643572947,0.0,0.0859375,2842.907050763423,64.92700765773525,29.210196511634877,478.4265955397859,3.2741809263825417e-10,0.0,0.0011691518211906706,4.9150407796331785e-06,3897.2942801219165,0.007494993811635162,0.0,0.0,0.016897086562831704,0.71875,0.25,5.705308297314332,478.4265955397859,0.0005270169081806818,0.0023450996237782693,10825.664620533069,204011.2030588179,0.2109375,0.0390625,0.171875,0.0
2,1.5e-07,1.4999514098001642e-07,1400.0,0.0002099931973720262,1.4999514098001642e-07,0.0005,4007.0626043463076,809845.758260355,2828.9909235375426,40709.45001644033,30.94088531016635,73.90431038980344,61.8817706203327,7771.30147834972,1.0369607591102104,0.0,0.0859375,2828.990923537542,64.92768263466643,29.585773016601024,483.48393335938454,3.2741809263825417e-10,0.0,0.0011880915082610997,4.9150407796331785e-06,3957.4464205778886,0.007475975634884463,0.0,0.0,0.016258888040084456,0.0,0.0390625,5.664029378349369,483.48393335938454,0.0005246964895045587,0.0023359745243084736,10794.868064959977,206973.11906794528,0.2109375,0.0390625,0.171875,0.0
2,1.5e-07,1.4999514098001642e-07,1425.0,0.00021374307589652682,1.4999514098001642e-07,0.0005,4007.02882735456,811100.164962786,2814.9282724597438,41307.431858332064,31.43116461414288,75.09808788748893,62.86232922828576,7781.050721137821,1.0382616457416791,0.0,0.0859375,2814.9282724597433,64.92829110216901,29.954263267648457,490.6417344410438,3.2741809263825417e-10,0.0,0.001206917623670903,4.9150407796331785e-06,4017.088669357381,0.007456709506101163,0.0,0.0,0.016372093978789193,0.0,0.0390625,5.6225244195520645,490.6417344410438,0.0005223718818646304,0.0023375202203538125,10763.451507922298,209898.391538525,0.2109375,0.046875,0.171875,0.0
2,1.5e-07,1.4999514098001642e-07,1450.0,0.00021749295442102744,1.4999514098001642e-07,0.0005,4006.9945789071535,812373.9960818834,2800.7235671130234,41899.22898349504,31.918458188691545,76.28570422683285,63.83691637738309,7790.955688777618,1.0395833114615511,0.0,0.0859375,2800.723567113023,64.92882856805117,30.31564132504809,498.8867961289361,3.2741809263825417e-10,0.0,0.0012256290907846524,4.9150407796331785e-06,4076.2174288597853,0.00743719927951147,0.0,0.0,0.016484678818409728,0.0,0.0390625,5.582333501508401,498.8867961289361,0.0005201863024898028,0.002344539442951511,10731.41194758359,212786.6936206856,0.21875,0.046875,0.171875,0.0
2,1.5e-07,1.4999514098001642e-07,1475.0,0.00022124283294552806,1.4999514098001642e-07,0.0005,4006.9598629080015,813667.1268205914,2786.381273672607,42484.78599919275,32.40273903816142,77.4670942541455,64.80547807632284,7801.015524320319,1.0409256419231792,0.0,0.0859375,2786.3812736726068,64.92929043855344,30.66988475711969,507.140495151747,3.346940502524376e-10,0.0,0.0012442248730029323,4.9150407796331785e-06,4134.829323067678,0.00741744878948603,0.0,0.0,0.016596612389167705,0.0,0.0390625,5.547448240722588,507.140495151747,0.0005185138562251879,0.002351817239801114,10698.746377017473,215637.71477184782,0.21875,0.046875,0.171875,0.0
2,1.5e-07,1.4999514098001642e-07,1500.0,0.00022499271147002867,1.4999514098001642e-07,0.0005,4006.9246833193397,814979.4318970304,2771.9804122357905,43064.0497927246,32.88398120780552,78.64219470669458,65.76796241561104,7811.229359323867,1.042288521246316,0.0,0.09375,2771.9804122357905,64.9296720172223,31.016974581594695,515.4009554814547,3.41970007866621e-10,0.0,0.0012627039736957438,4.9150407796331785e-06,4192.921196375903,0.007397461847936426,0.0,0.0,0.017796507797653977,0.734375,0.75,5.512366956412734,515.4009554814547,0.0005168432679994586,0.002359341801153255,10665.45178724957,218451.16092527367,0.21875,0.046875,0.171875,0.0
2,1.5e-07,1.4999514098001642e-07,1525.0,0.0002287425899945293,1.4999514098001642e-07,0.0005,4006.88904416076,816310.785604669,2757.909748986325,43636.9695428102,33.362159781401694,79.8109442191675,66.72431956280339,7821.596314027423,1.0436718320403973,0.0,0.09375,2757.909748986325,64.92996850376936,31.356895204546163,523.6658198554069,3.41970007866621e-10,0.0,0.0012810654361111503,4.9150407796331785e-06,4250.490112270692,0.007377242241788139,0.0,0.0,0.016818416890150834,0.0,0.9609375,5.477102618286153,523.6658198554069,0.0005151756244286928,0.0023670998595241416,10631.525170392175,221226.75465017324,0.21875,0.046875,0.171875,0.0
2,1.5e-07,1.4999514098001642e-07,1550.0,0.0002324924685190299,1.4999514098001642e-07,0.0005,4006.852949508226,817661.0618717032,2743.717815475274,44203.49673058959,33.83725087824317,80.97328332915217,67.67450175648634,7832.115497528749,1.04507545542821,0.0,0.09375,2743.717815475274,64.93017499291604,31.689634357071554,531.9322283216752,3.4924596548080444e-10,0.0,0.0012993083432597168,4.9150407796331785e-06,4307.533351863134,0.007356793730538351,0.0,0.0,0.016928238934333366,0.0,0.0390625,5.441667970342678,531.9322283216752,0.0005135120035656532,0.002375076661689704,10596.96352287304,223964.23530314257,0.21875,0.046875,0.171875,0.0
2,1.5e-07,1.4999514098001642e-07,1575.0,0.00023624234704353053,1.4999514098001642e-07,0.0005,4006.8164034930387,819030.1343196022,2729.4087990736452,44763.58515024711,34.30923164951333,82.1291544816445,68.61846329902666,7842.786007964445,1.0464992710699423,0.0,0.09375,2729.4087990736452,64.93028647322512,32.0151830298455,540.1967977026943,3.5652192309498787e-10,0.0,0.001317431817775307,4.9150407796331785e-06,4364.0484122813705,0.0073361200438904145,0.0,0.0,0.017037311685889005,0.0,0.9609375,5.40607552392612,540.1967977026943,0.0005118534746032272,0.0023832559425536223,10561.76384875914,226663.35917068215,0.21875,0.046875,0.171875,0.0
2,1.5e-07,1.4999514098001642e-07,1600.0,0.00023999222556803115,1.4999514098001642e-07,0.0005,4006.779410300774,820417.8763207692,2714.986870198882,45317.19091926192,34.778080274060315,83.27850203259074,69.55616054812063,7853.606932692958,1.0479431571876041,0.0,0.09375,2714.986870198882,64.93029782591906,32.333535405718976,548.4556020856835,3.710738383233547e-10,0.0,0.0013354350217528333,4.9150407796331785e-06,4420.0330049260265,0.007315224879471258,0.0,0.0,0.017145615673993052,0.0,0.0390625,5.370337551241391,548.4556020856835,0.0005102010976128338,0.00239161990109266,10525.923163177264,229323.8996025708,0.21875,0.953125,0.171875,0.0
2,1.5e-07,1.4999514098001642e-07,1625.0,0.00024374210409253177,1.4999514098001642e-07,0.0005,4006.7419741701965,821824.1610552827,2700.4561800334354,45864.27248828342,35.243775953586905,84.421272251474,70.48755190717381,7864.577348480445,1.0494069905898262,0.0,0.09375,2700.4561800334354,64.93020382368576,32.64468879053538,556.7041543980595,3.7834979593753815e-10,0.0,0.0013533171565635535,4.9150407796331785e-06,4475.48505359342,0.007294111900636239,0.0,0.0,0.018658944436115776,0.75,0.25,5.34034168443759,556.7041543980595,0.0005091160681822444,0.002400149178363176,10489.438495832248,231945.64713586413,0.2265625,0.953125,0.171875,0.0
2,1.5e-07,1.4999514098001642e-07,1650.0,0.00024749198261703176,1.4999514098001642e-07,0.0005,4006.7040993921223,823248.8615666674,2685.8208583095825,46404.790650624454,35.706298907271666,85.55741332295432,71.41259781454333,7875.6963216893255,1.0508906466970211,0.0,0.09375,2685.8208583095825,64.92999912947309,32.948643542251375,564.9373891812284,3.8562575355172157e-10,0.0,0.00137107746264853,4.9150407796331785e-06,4530.402692471123,0.007272784734347627,0.0,0.0,0.017359848256394302,0.0,0.0390625,5.310275471842033,564.9373891812284,0.0005080481778212385,0.002408822837806102,10452.306894623885,234528.40960930102,0.2265625,0.046875,0.171875,0.0
2,1.5e-07,1.4999514098001642e-07,1675.0,0.0002512418611415317,1.4999514098001642e-07,0.0005,4006.665790308271,824691.8508166648,2671.0850111617005,46938.7085513608,36.165630365838,86.68687534757318,72.331260731676,7886.9629084695825,1.0523939995669085,0.0,0.09375,2671.0850111617005,64.92967829527171,33.24540299861064,573.1496466007084,3.92901711165905e-10,0.0,0.0013887152192908886,4.9150407796331785e-06,4584.784264010594,0.007251246969149392,0.0,0.0,0.017465746364359016,0.0,0.0390625,5.280069482389081,573.1496466007084,0.0005069908867380391,0.002417618347766123,10414.525429363937,237072.01226789912,0.2265625,0.046875,0.171875,0.0
2,1.5e-07,1.4999514098001642e-07,1700.0,0.00025499173966603164,1.4999514098001642e-07,0.0005,4006.6270513100676,826153.0017389605,2656.2527190470882,47465.99169601987,36.62175256508723,87.80961034153253,73.24350513017446,7898.3761549527335,1.0539169219203974,0.0,0.09375,2656.2527190470882,64.92923576088808,33.534973403408,581.3346578199416,4.001776687800884e-10,0.0,0.0014062297443674975,4.9150407796331785e-06,4638.628316681544,0.00722950215321386,0.0,0.0,0.017570814531514267,0.0,0.0390625,5.249732309639512,581.3346578199416,0.0005059450818887246,0.002426511566539073,10376.091195593668,239576.29785754438,0.2265625,0.046875,0.171875,0.0
2,1.5e-07,1.4999514098001642e-07,1725.0,0.0002587416181905316,1.4999514098001642e-07,0.0005,4006.587886837428,827632.1872918344,2641.328034736232,47986.607958836736,37.074648738913076,88.9255722355606,74.14929747782615,7909.93509744841,1.0554592851678175,0.0,0.09375,2641.328034736232,64.92866585270724,33.81736383157295,589.4855317743495,4.0745362639427185e-10,0.0,0.001423620394080731,4.9150407796331785e-06,4691.933602612782,0.007207553792479326,0.0,0.0,0.017675041128320162,0.0,0.9609375,5.319220999997924,589.4855317743495,0.0005145806637826891,0.0024354767298789735,10337.00131850323,242041.12670936622,0.921875,0.046875,0.171875,0.0
2,1.5e-07,1.4999514098001642e-07,1750.0,0.0002624914967150315,1.4999514098001642e-07,0.0005,4006.5483013775097,829129.2805097054,2626.3149813733185,48500.5275905505,37.52430311181439,90.03471687287588,75.04860622362878,7921.638762643586,1.0570209594355027,0.0,0.09375,2626.3149813733185,64.92796278244744,34.092586113170455,597.5947434315458,4.147295840084553e-10,0.0,0.001440886562670968,4.9150407796331785e-06,4744.699075124305,0.007185405348868679,0.0,0.0,0.017778415804015367,0.0,0.9609375,5.491476513139787,597.5947434315458,0.0005332952910932972,0.0024444864411227478,10297.252956953416,244466.37681372114,0.921875,0.046875,0.171875,0.0
2,1.5e-07,1.4999514098001642e-07,1775.0,0.00026624137523953146,1.4999514098001642e-07,0.0005,4006.508299463431,830644.1545535316,2611.2175506076605,49007.72322570898,37.97070089092335,91.13700200626222,75.9414017818467,7933.48616780429,1.058601813592706,0.0,0.09375,2611.2175506076605,64.9271206459063,34.36065475647001,605.6541236499324,4.2928149923682213e-10,0.0,0.001458027682110485,4.9150407796331785e-06,4796.923886155388,0.0071630602385916115,0.0,0.0,0.021936973142385824,1.0,0.25,5.655076504568569,605.6541236499324,0.0005513466799651871,0.002453511664204371,10256.843307600291,246851.94388359878,0.921875,0.046875,0.171875,0.0
2,1.5e-07,1.4999514098001642e-07,1800.0,0.0002699912537640314,1.4999514098001642e-07,0.0005,4006.4678856729647,832176.682760045,2596.1976357721537,49508.169889444725,38.413828257566855,92.23238729426748,76.82765651513371,7945.476320979855,1.0602017152788545,0.0,0.1015625,2596.1976357721533,64.92613342170002,34.621586870210194,613.6548506221734,4.3655745685100555e-10,0.0,0.001475043221779425,4.9150407796331785e-06,4848.607383593469,0.007140521830528367,0.0,0.0,0.038369553509912925,1.0,0.25,5.809944710737909,613.6548506221734,0.0005682463268316947,0.0024625217193249673,10224.341867956711,249197.741407288,0.921875,0.046875,0.171875,0.0
2,1.5e-07,1.4999514098001642e-07,1825.0,0.00027374113228853135,1.4999514098001642e-07,0.0005,4006.4270646272125,833726.7386897887,2581.903936098585,50001.845003680784,38.853672358378454,93.32083429653989,77.70734471675691,7957.608221209625,1.061820530931131,0.0,0.1015625,2581.9039360985844,64.92499496999656,34.87540208520022,621.5874430546537,4.43833414465189e-10,0.0,0.0014919326881245038,4.9150407796331785e-06,4899.749108508603,0.007117793444696534,0.0,0.0,0.1466750694567284,1.0,0.75,5.956015241521527,621.5874430546537,0.0005841296575996395,0.002471484281738148,10196.392468748367,251503.70069013874,0.921875,0.046875,0.171875,0.0
2,1.5e-07,1.4999514098001642e-07,1850.0,0.0002774910108130313,1.4999514098001642e-07,0.0005,4006.3858409892346,835294.196173936,2567.5415324662763,50488.72839271977,39.29022129597847,94.40230646831529,78.58044259195694,7969.8808587320345,1.0634581258123716,0.0,0.1015625,2567.541532466276,64.92369903124339,35.12212247536081,629.4417551059742,4.43833414465189e-10,0.0,0.0015086956243011416,4.9150407796331785e-06,4950.348792298238,0.007094878350794974,0.0,0.0,0.08231709641955766,1.0,0.75,6.093232096725842,629.4417551059742,0.0005992587675366111,0.0024803653835922066,10167.94818334232,253769.7708852801,0.921875,0.046875,0.171875,0.0
2,1.5e-07,1.4999514098001642e-07,1875.0,0.00028124088933753123,1.4999514098001642e-07,0.0005,4006.3442194626796,836878.9293598648,2553.1140016794616,50968.80228816531,39.72346411924006,95.47676915407017,79.44692823848013,7982.293215196074,1.065114364039283,0.0,0.1015625,2553.114001679461,64.92223922489119,35.36177247837077,637.2069731447846,4.511093720793724e-10,0.0,0.0015253316097996895,4.9150407796331785e-06,5000.4063537470665,0.007071779766832817,0.0,0.0,0.032430206440821535,1.0,0.25,6.221548666304443,637.2069731447846,0.0006136251744010735,0.0024891294189421744,10139.004926544876,255995.91901315586,0.921875,0.046875,0.171875,0.0
2,1.5e-07,1.4999514098001642e-07,1900.0,0.00028499076786203117,1.4999514098001642e-07,0.0005,4006.3022047903623,838480.8127554695,2538.6248827863747,51442.05133312084,40.15339081315928,96.54418958035473,80.30678162631855,7994.844263874995,1.0667891086109589,0.0,0.1015625,2538.624882786374,64.92060904811458,35.59437881597523,644.871614394011,4.511093720793724e-10,0.0,0.0015418402600564536,4.9150407796331785e-06,5049.921896006697,0.007048500857829511,0.0,0.0,0.020306884348448424,1.0,0.75,6.3409272162098205,644.871614394011,0.0006272209767424293,0.002497739152084439,10109.558594711583,258182.1299697553,0.921875,0.046875,0.171875,0.0
2,1.5e-07,1.4999514098001642e-07,1925.0,0.0002887406463865311,1.4999514098001642e-07,0.0005,4006.2598017528458,840099.7212721915,2524.0776757308145,51908.46258560668,40.579992288346276,97.60453684782136,81.15998457669255,8007.532969882335,1.068482221437704,0.0,0.1015625,2524.077675730814,64.9188018745306,35.81997041414343,653.2880269745365,4.511093720793724e-10,0.0,0.0015582212260501706,4.9150407796331785e-06,5098.895703499805,0.007025044734599521,0.0,0.0,0.018477546933529803,0.0,0.9609375,6.45133836241439,653.2880269745365,0.0006400388029909281,0.002509476532733909,10079.605068109959,260328.40652342036,0.921875,0.0546875,0.171875,0.0
2,1.5e-07,1.4999514098001642e-07,1950.0,0.00029249052491103105,1.4999514098001642e-07,0.0005,4006.2170151669816,841735.5302667505,2509.552912273932,52368.02552113227,41.005899330973406,98.65778192246424,82.01179866194681,8020.358290390042,1.0701935633701405,0.0,0.109375,2509.552912273932,64.91681095291683,36.038578323107686,666.0074455784634,4.656612873077393e-10,0.0,0.0015745755266973996,4.9150407796331785e-06,5147.328238753448,0.007001414452604505,0.0,0.0,0.018573861346679814,0.0,0.9609375,6.552760532824323,666.0074455784634,0.0006520717587466739,0.0025378018596946875,10049.140213370338,262434.7693001486,0.921875,0.0546875,0.171875,0.0
2,1.5e-07,1.4999514098001642e-07,1975.0,0.000296240403435531,1.4999514098001642e-07,0.0005,4006.1738498844356,843388.1155815632,2496.1156663089473,52820.732034357614,41.43171085545832,99.70389762608488,82.86342171091664,8033.319174848761,1.0719229942286004,0.0,0.109375,2496.1156663089473,64.91462940592955,36.250235637458445,678.8607281891163,4.656612873077393e-10,0.0,0.0015909261595667833,4.9150407796331785e-06,5195.220139166146,0.0069776130108851865,0.0,0.0,0.020359538846341618,0.984375,0.25,6.645179422208457,678.8607281891163,0.0006633133726959778,0.0025657413578146094,10018.159886027504,264586.57889326045,0.921875,0.0546875,0.171875,0.0
2,1.5e-07,1.4999514098001642e-07,2000.0,0.00029999028196003093,1.4999514098001642e-07,0.0005,4006.130310790204,845057.3535838367,2482.6339524293135,53266.57643977401,41.854339729660026,100.74285862600084,83.70867945932005,8046.414565210168,1.0736703728327943,0.0,0.109375,2482.6339524293135,64.91225022882408,36.45497741633653,691.8405796091538,4.729372449219227e-10,0.0,0.0016071545826242197,4.9150407796331785e-06,5242.5722137132725,0.00695364335105949,0.0,0.0,0.06198501349465932,0.984375,0.25,6.728587439880357,691.8405796091538,0.0006737575410515826,0.002593091347440658,9986.659933154231,266801.4685606776,0.921875,0.0546875,0.171875,0.0
2,1.5e-07,1.4999514098001642e-07,2025.0,0.00030374016048453087,1.4999514098001642e-07,0.0005,4006.0864028010883,846743.1212033257,2469.1108056664634,53705.55547133247,42.273779518019026,101.77464142401371,84.54755903603805,8059.643396151296,1.0754355570317433,0.0,0.109375,2469.1108056664634,64.90966628817795,36.65284060388103,704.9389695911668,4.802132025361061e-10,0.0,0.001623260548752229,4.9150407796331785e-06,5289.385439595306,0.00692950835639714,0.0,0.0,0.05362833645925224,0.984375,0.75,6.824092755879974,704.9389695911668,0.0006855190507675872,0.0026207751979605326,9954.636196089552,268981.09007584665,0.0859375,0.0546875,0.171875,0.0
2,1.5e-07,1.4999514098001642e-07,2050.0,0.0003074900390090308,1.4999514098001642e-07,0.0005,4006.042130864179,848445.2959687439,2455.549219912842,54137.66828094477,42.69002459177854,102.79922434465205,85.38004918355708,8073.004595300776,1.0772184037339678,0.0,0.109375,2455.549219912842,64.90687032061886,36.84386394995545,718.1471199765801,4.874891601502895e-10,0.0,0.0016392438418135525,4.9150407796331785e-06,5335.660958833349,0.006905210850955459,0.0,0.0,0.10550974240992045,0.90625,0.25,6.920364928228082,718.1471199765801,0.0006974708710632096,0.002648763205675053,9922.08451326265,271125.45147030463,0.0859375,0.0546875,0.171875,0.0
2,1.5e-07,1.4999514098001642e-07,2075.0,0.00031123991753353075,1.4999514098001642e-07,0.0005,4005.997499955301,850163.7560428265,2441.952147062108,54562.916435780804,43.103070118038566,103.81658752270786,86.20614023607713,8086.497083466957,1.0790187689379258,0.0,0.109375,2441.952147062108,64.90385493155871,37.028087931298614,731.4554930913728,4.874891601502895e-10,0.0,0.0016551042762308424,4.9150407796331785e-06,5381.400074816321,0.006880753598785808,0.0,0.0,0.019041914477203815,0.0,0.0390625,7.009380864663399,731.4554930913728,0.000708805779362455,0.00267702391965071,9889.000723114987,273234.5750525871,0.0859375,0.0546875,0.171875,0.0
2,1.5e-07,1.4999514098001642e-07,2100.0,0.0003149897960580307,1.4999514098001642e-07,0.0005,4005.952515077458,851898.3802560326,2429.073388055989,54981.30391428459,43.51291204856964,104.82671289008228,87.02582409713928,8100.1197748678005,1.08083650776269,0.0,0.1171875,2429.073388055989,64.90061259393485,37.20555467315626,744.8537814714946,4.94765117764473e-10,0.0,0.001670841696557122,4.9150407796331785e-06,5426.604248804147,0.006856139303203323,0.0,0.0,0.019132819190717958,0.0,0.0390625,7.091205245771562,744.8537814714946,0.0007195262654265709,0.002705524124888165,9855.38066712206,275308.497388573,0.0859375,0.0546875,0.171875,0.0
2,1.5e-07,1.4999514098001642e-07,2125.0,0.00031873967458253064,1.4999514098001642e-07,0.0005,4005.9071812592583,853649.0481388889,2416.740971520115,55392.83710082925,43.919547108401375,105.82958416195888,87.83909421680275,8113.871577362485,1.0826714744788506,0.0,0.1171875,2416.740971520115,64.8971356469612,37.37630787144872,758.3308989740908,4.94765117764473e-10,0.0,0.001686455977037603,4.9150407796331785e-06,5471.275096391148,0.0068313706061137605,0.0,0.0,0.019222823651574357,0.0,0.9609375,7.165907772068749,758.3308989740908,0.0007296351808950484,0.0027342288278613728,9821.220192916524,277347.269272716,0.0859375,0.0546875,0.171875,0.0
2,1.5e-07,1.4999514098001642e-07,2150.0,0.0003224895531070306,1.4999514098001642e-07,0.0005,4005.861503553326,855415.6399529747,2404.3829410936555,55797.52477893189,44.3229727842003,106.82518682232117,88.6459455684006,8127.751392684668,1.0845235225396417,0.0,0.1171875,2404.3829410936555,64.89341629488985,37.54039271561396,771.8749734112062,5.020410753786564e-10,0.0,0.0017019470211634062,4.9150407796331785e-06,5515.41438393386,0.0068064500874072745,0.0,0.0,0.019311929534416853,0.0,0.9609375,7.233562629582593,771.8749734112062,0.0007391356895849088,0.002763101244828006,9786.515157514434,279350.95569009916,0.0859375,0.0546875,0.171875,0.0
2,1.5e-07,1.4999514098001642e-07,2175.0,0.0003262394316315305,1.4999514098001642e-07,0.0005,4005.8154870347043,857198.0367205425,2392.0017731876133,56215.725735387336,44.72318731245257,107.81350810883326,89.44637462490515,8141.758116677293,1.0863925046122718,0.0,0.1171875,2392.0017731876133,64.88944660578532,37.69785581212818,785.4733407530002,5.020410753786564e-10,0.0,0.0017173147612177934,4.9150407796331785e-06,5559.024024947311,0.0067813802644045035,0.0,0.0,0.019400138941006905,0.0,0.0390625,7.294247958241613,785.4733407530002,0.0007480312173066277,0.0027921027929852325,9751.261430646424,281319.6357692819,0.0859375,0.0546875,0.171875,0.0
2,1.5e-07,1.4999514098001642e-07,2200.0,0.00032998931015603046,1.4999514098001642e-07,0.0005,4005.769136799244,858996.1202527818,2379.599903669576,56661.466435369235,45.120189667464786,108.79453699710004,90.24037933492957,8155.8906395289105,1.0882782726094578,0.0,0.1171875,2379.599903669576,64.88521851031376,37.84874510878717,799.1125409787055,5.238689482212067e-10,0.0,0.001732559157815414,4.9150407796331785e-06,5602.10607647379,0.0067561635913561315,0.0,0.0,0.02205479347299736,0.0,0.796875,7.348045324411942,799.1125409787055,0.00075632383638452,0.0028211930846669727,9715.475000150793,283253.4027259026,0.0859375,0.0546875,0.171875,0.0
2,1.5e-07,1.4999514098001642e-07,2225.0,0.0003337391886805304,1.4999514098001642e-07,0.0005,4005.7224579619874,860809.7731767269,2367.179727413662,57101.43747652298,45.51397954919822,109.76826418432638,91.02795909839644,8170.1478460113985,1.0901806777211445,0.0,0.1171875,2367.179727413662,64.88072380054811,37.99310981986264,812.7783157210797,5.238689482212067e-10,0.0,0.0017476801994351543,4.9150407796331785e-06,5644.662735428034,0.006730802459003183,0.0,0.0,0.026413692663378688,0.0,0.203125,7.395039198599989,812.7783157210797,0.0007639651081806543,0.0028503299250209366,9679.812755075836,285152.3637970119,0.0859375,0.0546875,0.171875,0.0
2,1.5e-07,1.4999514098001642e-07,2250.0,0.00033748906720503034,1.4999514098001642e-07,0.0005,4005.6754556555447,862638.8789608162,2355.6595613341988,57535.62419872169,45.90455737094996,110.73468207239236,91.80911474189992,8184.528615718997,1.092099570446401,0.0,0.125,2355.6595613341988,64.87595412879195,38.131000352078445,826.4556076978333,5.238689482212067e-10,0.0,0.0017626779019471082,4.9150407796331785e-06,5686.69633492264,0.006705299194175658,0.0,0.0,0.03193156812511177,0.0,0.203125,7.435316439616145,826.4556076978333,0.000771011306723026,0.002879469313066423,9643.589367343957,287016.6401661419,0.0859375,0.0546875,0.171875,0.0
2,1.5e-07,1.4999514098001642e-07,2275.0,0.0003412389457295303,1.4999514098001642e-07,0.0005,4005.6281350284544,864483.3219391064,2344.5401184148577,57964.01334945844,46.29192424689488,111.69378475036325,92.58384849378976,8199.031823308622,1.094034800625486,0.0,0.125,2344.5401184148577,64.8709010064238,38.262468231594085,840.128562130034,5.311449058353901e-10,0.0,0.001777552308134205,4.9150407796331785e-06,5728.209340577463,0.006679656059451352,0.0,0.0,0.03914571202326971,0.0,0.203125,7.468965785592445,840.128562130034,0.0007770554416098464,0.002908565446771378,9611.882737889064,288846.3668791121,0.0859375,0.0546875,0.171875,0.0
2,1.5e-07,1.4999514098001642e-07,2300.0,0.0003449888242540302,1.4999514098001642e-07,0.0005,4005.5805012435503,866342.9873341548,2333.4082451281815,58386.5931160131,46.67608197950208,112.64556797645272,93.35216395900416,8213.656338741332,1.0959862174720683,0.0,0.125,2333.4082451281815,64.86555580276394,38.38756603192678,853.7805301288608,5.311449058353901e-10,0.0,0.0017923034872090158,4.9150407796331785e-06,5769.204346816638,0.006653875252851544,0.0,0.0,0.0489863317438894,0.0,0.796875,7.734009538595274,853.7805301288608,0.0008065510607380583,0.0029375707320200505,9588.989358613006,290641.6927505776,0.9765625,0.0546875,0.171875,0.0
2,1.5e-07,1.4999514098001642e-07,2325.0,0.00034873870277853016,1.4999514098001642e-07,0.0005,4005.532559476317,868217.7612785735,2322.2658936488765,58803.35315825131,47.05703304683871,113.59002915945703,94.11406609367742,8228.401027524842,1.0979536696055865,0.0,0.125,2322.2658936488765,64.85990974396618,38.506347302942686,867.394074191805,5.384208634495735e-10,0.0,0.0018069315343262372,4.9150407796331785e-06,5809.684073156795,0.006627958907586446,0.0,0.0,0.06321606203009747,0.0,0.203125,8.005419202992925,867.394074191805,0.0008368885485382456,0.0029664357959128915,9565.693325563625,292402.7802613786,0.9765625,0.0546875,0.171875,0.0
2,1.5e-07,1.4999514098001642e-07,2350.0,0.0003524885813030301,1.4999514098001642e-07,0.0005,4005.484314913245,870107.5308352738,2311.1149792416536,59214.284641903694,47.43478058977471,114.52716733967935,94.86956117954942,8243.264750957082,1.099937005083748,0.0,0.125,2311.1149792416536,64.85395391193698,38.618866500888544,880.9509759081993,5.384208634495735e-10,0.0,0.0018214365700913676,4.9150407796331785e-06,5849.651360489926,0.006601909091835875,0.0,0.0,0.08562946223952261,0.0,0.203125,8.282359044067562,880.9509759081993,0.0008679907761897738,0.0029951095046973973,9541.98969766096,294129.8054466973,0.9765625,0.0546875,0.171875,0.0
2,1.5e-07,1.4999514098001642e-07,2375.0,0.00035623845982753004,1.4999514098001642e-07,0.0005,4005.435772750176,872012.1840164061,2299.9573801178485,59619.380272164664,47.80932839910058,115.4569831693619,95.61865679820116,8258.246366370622,1.101936071435144,0.0,0.125,2299.9573801178485,64.84767924328358,38.72517891956795,894.4322458798997,5.384208634495735e-10,0.0,0.0018358187400660466,4.9150407796331785e-06,5889.109167364227,0.006575727808574498,0.0,0.0,0.1261663894846498,0.0,0.796875,8.565037302381825,894.4322458798997,0.00089988980285194,0.0030235389863145063,9517.87349432944,295822.9577751049,0.9765625,0.0546875,0.171875,0.0
2,1.5e-07,1.4999514098001642e-07,2400.0,0.00035998833835203,1.4999514098001642e-07,0.0005,4005.3869381906607,873931.6098010156,2288.8908202827033,60018.63432744348,48.18068090257093,116.37947889264528,96.36136180514185,8273.344727377926,1.1039507156919741,0.0,0.1328125,2288.890820282702,64.84107652829472,38.82534062265768,907.8181360070594,5.384208634495735e-10,0.0,0.0018500782142705436,4.9150407796331785e-06,5928.060566266282,0.006549416995432514,0.0,0.0,0.22181578615243994,0.0,0.796875,8.853665056099999,907.8181360070594,0.0009326185872109132,0.0030516696580491698,9493.339696968455,297482.44001855596,0.9765625,0.0546875,0.171875,0.0
2,1.5e-07,1.4999514098001642e-07,2425.0,0.0003637382168765299,1.4999514098001642e-07,0.0005,4005.337816444306,875865.698151424,2278.991336452171,60412.04269309279,48.548843151886174,117.29465832507238,97.09768630377235,8288.55868411732,1.1059807844228688,0.0,0.1328125,2278.9913364521694,64.83413640995568,38.91940837716993,921.088154188823,5.384208634495735e-10,0.0,0.001864215186683871,4.9150407796331785e-06,5966.508739907634,0.0065229785245856245,0.0,0.0,0.7244328235697297,0.0,0.203125,9.148456037422875,921.088154188823,0.0009662109987930431,0.0030794452594354385,9468.383250502018,299108.46811340563,0.9765625,0.0546875,0.171875,0.0
2,1.5e-07,1.4999514098001642e-07,2450.0,0.00036748809540102987,1.4999514098001642e-07,0.0005,4005.288412725123,877814.3400283569,2269.08771814729,60799.60289493385,48.91382080962329,118.20252683265633,97.82764161924658,8303.887083499609,1.108026123765794,0.0,0.1328125,2269.087718147289,64.82684938300058,39.00743958818566,934.2210814824793,5.384208634495735e-10,0.0,0.001878229874741941,4.9150407796331785e-06,6004.456977518928,0.006496414202688439,0.0,0.0,0.6691397834513801,0.0,0.203125,9.449626451132644,934.2210814824793,0.0010007018306448596,0.003106807890557543,9442.99906500944,300701.2710125522,0.9765625,0.0546875,0.171875,0.0
2,1.5e-07,1.4999514098001642e-07,2475.0,0.0003712379739255298,1.4999514098001642e-07,0.0005,4005.238732249886,879777.4274048333,2259.1814649263974,61181.31413239198,49.275620136128175,119.10309131053032,98.55124027225635,8319.328769455204,1.1100865794610293,0.0,0.1328125,2259.181464926396,64.81920579300476,39.08949223475565,947.194991809316,5.384208634495735e-10,0.0,0.0018921225188342481,4.9150407796331785e-06,6041.908671154526,0.0064697257708276786,0.0,0.0,0.24112458184616586,0.0,0.203125,9.757394794753054,947.194991809316,0.0010361268133803703,0.0031336980560488802,9417.18201744002,302261.09052880027,0.9765625,0.0546875,0.171875,0.0
2,1.5e-07,1.4999514098001642e-07,2500.0,0.00037498785245002975,1.4999514098001642e-07,0.0005,4005.188780236486,881754.8532788341,2249.274044915666,61557.17731105114,49.63424797638,119.99636016119757,99.26849595276,8334.882583181718,1.1121619968842031,0.0,0.1328125,2249.2740449156645,64.81119583551997,39.16562480708944,959.987274259096,5.384208634495735e-10,0.0,0.0019058933817994786,4.9150407796331785e-06,6078.86731201049,0.006442914904509739,0.0,0.0,0.15142203944198182,0.0,0.796875,10.071981681889156,959.987274259096,0.0010725226308173949,0.003160054714976761,9390.926953413618,303788.18116956425,0.9765625,0.0546875,0.171875,0.0
2,1.5e-07,1.4999514098001642e-07,2525.0,0.0003787377309745297,1.4999514098001642e-07,0.0005,4005.1385619022867,883746.5116847727,2239.3668948634568,61927.19507443195,49.9897117468388,120.88234327240062,99.9794234936776,8350.547363391901,1.1142522210793782,0.0,0.1328125,2239.3668948634554,64.80280955525511,39.235896245018466,972.5746580322739,5.529727786779404e-10,0.0,0.001919542748420472,4.9150407796331785e-06,6115.336486758748,0.006415983213675014,0.0,0.0,0.11252232030997139,0.0,0.796875,10.39360966841923,972.5746580322739,0.0011099269372293762,0.003185815336769245,9364.228689109921,305282.8099630432,0.9765625,0.0546875,0.171875,0.0
2,1.5e-07,1.4999514098001642e-07,2550.0,0.00038248760949902963,1.4999514098001642e-07,0.0005,4005.088082462505,885752.2977037848,2229.4614202197645,62291.37183479455,50.34201942228677,121.76105199462683,100.68403884457354,8366.321946561804,1.1163570967921634,0.0,0.1328125,2229.461420219763,64.79403684530614,39.30036587772884,984.9332400630228,5.529727786779404e-10,0.0,0.0019330709249189449,4.9150407796331785e-06,6151.3198739000445,0.006388932242733739,0.0,0.0,0.09078184053684604,0.0,0.203125,10.722503082593903,984.9332400630228,0.0011483783763899223,0.0032109159633646853,9337.082013248539,306745.25627600716,0.9765625,0.0546875,0.171875,0.0
2,1.5e-07,1.4999514098001642e-07,2575.0,0.00038623748802352957,1.4999514098001642e-07,0.0005,4005.0373471285625,887772.1074728617,2219.5589952398122,62649.71380276532,50.69117952267326,122.63249911826958,101.38235904534652,8382.205167179132,1.1184764685028536,0.0,0.1328125,2219.558995239811,64.78486744643745,39.35909336483337,997.0385153573006,5.529727786779404e-10,0.0,0.0019464782384503545,4.9150407796331785e-06,6186.821240138343,0.006361763470630561,0.0,0.0,0.07689190707783536,0.0,0.796875,11.058887858642265,997.0385153573006,0.0011879166024372715,0.003234746052390111,9309.4816891628,308227.7555051353,0.9765625,0.0546875,0.171875,0.0
2,1.5e-07,1.4999514098001642e-07,2600.0,0.0003899873665480295,1.4999514098001642e-07,0.0005,4004.986361106485,889805.838192848,2210.2667442877587,63002.22901558454,51.037201099973664,123.49669885046252,102.07440219994733,8398.19585799162,1.1206101804595716,0.0,0.140625,2210.2667442877587,64.77529094641861,39.41213863872372,1008.8654100613203,5.529727786779404e-10,0.0,0.0019597650365992957,4.9150407796331785e-06,6221.844436779093,0.0063344783109245476,0.0,0.0,0.06724585383468966,0.0,0.203125,11.402991376831778,1008.8654100613203,0.001228582302949656,0.003257315679900547,9281.422456969121,309722.9465005747,0.9765625,0.0546875,0.171875,0.0
2,1.5e-07,1.4999514098001642e-07,2625.0,0.00039373724507252945,1.4999514098001642e-07,0.0005,4004.9351295952733,891853.3881353268,2201.5330462511197,63348.9273637716,51.38009372507129,124.35366679160481,102.76018745014258,8414.292850255377,1.1227580767114052,0.0,0.140625,2201.5330462511197,64.76529677941932,39.45956184827355,1026.8875435616355,5.529727786779404e-10,0.0,0.0019729316868757826,4.9150407796331785e-06,6256.393396153781,0.00630707811189302,0.0,0.0,0.06015288511959831,0.0,0.796875,11.755042306722316,1026.8875435616355,0.0012704172239637705,0.0032998855472416277,9252.899035834816,311188.83635828225,0.9765625,0.9375,0.171875,0.0
2,1.5e-07,1.4999514098001642e-07,2650.0,0.0003974871235970294,1.4999514098001642e-07,0.0005,4004.883657785312,893914.6566484171,2192.802082967442,63689.8206160048,51.719867474672085,125.20341991159569,103.43973494934417,8430.494973983064,1.1249200011415237,0.0,0.140625,2192.802082967442,64.7548742254663,39.501423303878255,1046.7638427070342,5.529727786779404e-10,0.0,0.0019859785762127886,4.9150407796331785e-06,6290.472128073087,0.006279564156653919,0.0,0.0,0.05471506967779535,0.0,0.203125,12.115270457259612,1046.7638427070342,0.0013134641974135222,0.003348296893463623,9223.90612634668,312625.75452925754,0.9765625,0.0625,0.171875,0.0
2,1.5e-07,1.4999514098001642e-07,2675.0,0.00040123700212152933,1.4999514098001642e-07,0.0005,4004.8319508567643,895989.5441615084,2184.0749380675807,64024.9224420136,52.056532918260196,126.0459765257954,104.11306583652039,8446.80105819186,1.1270957975002642,0.0,0.140625,2184.0749380675807,64.74401240996525,39.53778342382293,1066.7325840513222,5.529727786779404e-10,0.0,0.0019989061104653577,4.9150407796331785e-06,6324.084716310754,0.006251937663303136,0.0,0.0,0.050411361525399455,0.0,0.796875,12.483906632121943,1066.7325840513222,0.0013577671709122476,0.0033968692531559817,9194.438412982352,314034.04268805357,0.9765625,0.0625,0.171875,0.0
2,1.5e-07,1.4999514098001642e-07,2700.0,0.0004049868806460293,1.4999514098001642e-07,0.0005,4004.7800139779974,898077.9521889575,2175.352670174839,64354.24843328402,52.390101105103795,126.88135627073083,104.78020221020759,8463.20993115104,1.1292853094381676,0.0,0.140625,2175.352670174839,64.73270030329188,39.56870268200828,1086.7764851227403,5.529727786779404e-10,0.0,0.0020117147139116437,4.9150407796331785e-06,6357.2353151203715,0.006224199785069473,0.0,0.0,0.04691864371067721,0.0,0.796875,12.8611824925174,1086.7764851227403,0.0014033712402156911,0.00344555503907716,9164.490566687615,315414.05457096314,0.9765625,0.0625,0.171875,0.0
2,1.5e-07,1.4999514098001642e-07,2725.0,0.0004087367591705292,1.4999514098001642e-07,0.0005,4004.7278523040077,900179.7833327714,2166.636313091361,64677.81612138038,52.720583551318654,127.70958007956287,105.44116710263731,8479.720420629095,1.1314883805389533,0.0,0.140625,2166.636313091361,64.7209267204554,39.594241557027544,1106.8774033966474,5.529727786779404e-10,0.0,0.0020244048287561666,4.9150407796331785e-06,6389.928145787015,0.00619635161048449,0.0,0.0,0.044025896808432684,0.0,0.203125,13.247330426405824,1106.8774033966474,0.0014503226843627745,0.003494304499081835,9134.05724756093,316766.1558079701,0.9765625,0.9375,0.171875,0.0
2,1.5e-07,1.4999514098001642e-07,2750.0,0.00041248663769502915,1.4999514098001642e-07,0.0005,4004.6754709748598,902294.9412843081,2157.9268759987917,64995.644993691894,53.04799222699785,128.5306701573321,106.0959844539957,8496.33135414034,1.1337048543524244,0.0,0.140625,2157.9268759987917,64.70868032083827,39.61446048258222,1127.016335436143,5.529727786779404e-10,0.0,0.0020369769146356114,4.9150407796331785e-06,6422.167493215702,0.006168394163564006,0.0,0.0,0.04158946757000988,0.0,0.796875,13.642583424698387,1127.016335436143,0.001498669003668157,0.0035430657082817373,9103.133107648631,318090.72374858847,0.9765625,0.9375,0.171875,0.0
2,1.5e-07,1.4999514098001642e-07,2775.0,0.0004162365162195291,1.4999514098001642e-07,0.0005,4004.622875114142,904423.3308250157,2149.2253436724322,65307.75650641647,53.372339543414924,129.34464995600177,106.74467908682985,8513.041559190817,1.1359345744272797,0.0,0.140625,2149.2253436724322,64.69594960801598,39.62941979926018,1147.1734183307271,5.529727786779404e-10,0.0,0.0020494314481274436,4.9150407796331785e-06,6453.9577025584285,0.00614032840400404,0.0,0.0,0.03950817394616499,0.0,0.796875,14.047174965853628,1147.1734183307271,0.0015484589608451263,0.0035917845671298164,9071.712793852079,319388.14728173683,0.9765625,0.9375,0.171875,0.0
2,1.5e-07,1.4999514098001642e-07,2800.0,0.00041998639474402904,1.4999514098001642e-07,0.0005,4004.570069827435,906564.8578262436,2140.532676708168,65614.17409460207,53.6936383403076,130.1515441493125,107.3872766806152,8529.849863523441,1.1381773843438259,0.0,0.140625,2140.532676708168,64.70463250557847,39.63917970766397,1167.3279336181004,5.529727786779404e-10,0.0,0.0020617689222616202,4.9150407796331785e-06,6485.30317588161,0.006112155227388492,0.0,0.0,0.03770869014007516,0.0,0.796875,14.461338908367907,1167.3279336181004,0.0015997426253367962,0.0036404048059871727,9039.790950949588,320658.82664978923,0.9765625,0.9375,0.171875,0.0
2,1.5e-07,1.4999514098001642e-07,2825.0,0.000423736273268529,1.4999514098001642e-07,0.0005,4004.517060200788,908719.4292481481,2132.7281942885825,65914.923179072,54.011901873249414,130.95137860746786,108.02380374649883,8546.755095362283,1.1404331277465722,0.0,0.1484375,2132.7281942885825,64.71334900722147,39.64380022287787,1187.458313813433,5.529727786779404e-10,0.0,0.002073989846035676,4.9150407796331785e-06,6516.2083688755,0.0060838754654064554,0.0,0.0,0.036136578095523966,0.0,0.796875,14.885309391458577,1187.458313813433,0.0016508716501190276,0.003688867996543865,9016.636387441355,321903.1732569379,0.9765625,0.0625,0.171875,0.0
2,1.5e-07,1.4999514098001642e-07,2850.0,0.0004274861517930289,1.4999514098001642e-07,0.0005,4004.4638512992215,910886.9531377251,2125.0875789439688,66210.03117006963,54.32714380111504,131.74418037166532,108.65428760223008,8563.756083655877,1.142701648376696,0.0,0.1484375,2125.0875789439688,64.72188903458176,39.643341130282806,1207.5421517277136,5.529727786779404e-10,0.0,0.002086094743933408,4.9150407796331785e-06,6546.677787607177,0.006055489886080451,0.0,0.0,0.03475057432274323,0.0,0.203125,15.31932074501674,1207.5421517277136,0.0017024301298491902,0.0037371135706486696,8998.5018923354,323121.6094720168,0.9765625,0.0625,0.171875,0.0
2,1.5e-07,1.4999514098001642e-07,2875.0,0.00043123603031752886,1.4999514098001642e-07,0.0005,4004.4104481652416,913067.3386259968,2117.4536792247745,66499.52746746715,54.63937817364672,132.5299776284903,109.27875634729344,8580.851658319429,1.1449827901043628,0.0,0.1484375,2117.4536792247745,64.73024411486858,39.637861942712334,1227.556212672731,5.529727786779404e-10,0.0,0.0020980841554474423,4.9150407796331785e-06,6576.715985318586,0.006026999194004607,0.0,0.0,0.03351883216442829,0.0,0.203125,15.763607407898235,1227.556212672731,0.0017554078138574,0.0037850788468451386,8980.025771480807,324314.5684259387,0.9765625,0.0625,0.171875,0.0
2,1.5e-07,1.4999514098001642e-07,2900.0,0.0004349859088420288,1.4999514098001642e-07,0.0005,4004.3568558173642,915260.4959243783,2109.8272525744674,66783.44345739376,54.948619419126445,133.30879968418887,109.89723883825289,8598.040650475876,1.1472763969608908,0.0,0.1484375,2109.8272525744674,64.73840562500426,39.62742185893558,1247.4764497173019,5.529727786779404e-10,0.0,0.0021099586346058595,4.9150407796331785e-06,6606.327559270996,0.005998404030591004,0.0,0.0,0.03241638080664768,0.0,0.203125,16.218403856466466,1247.4764497173019,0.001809846762040649,0.0038326990651269687,8961.202791655021,325482.4938038739,0.9765625,0.0625,0.171875,0.0
2,1.5e-07,1.4999514098001642e-07,2925.0,0.00043873578736652874,1.4999514098001642e-07,0.0005,4004.3030792486657,917466.3363202608,2102.209037895918,67061.8125051496,55.25488233216075,134.08067693883487,110.5097646643215,8615.321892695592,1.1495823131707366,0.0,0.1484375,2102.209037895918,64.74636478988825,39.61207972347847,1267.2780221041758,5.529727786779404e-10,0.0,0.0021217187495031473,4.9150407796331785e-06,6635.5171476372325,0.005969704974326455,0.0,0.0,0.03142336492782786,0.0,0.203125,16.68394454193185,1267.2780221041758,0.0018657898589961104,0.003879342502767766,8942.027668061535,326673.404372009,0.9765625,0.0625,0.171875,0.0
2,1.5e-07,1.4999514098001642e-07,2950.0,0.0004424856658910287,1.4999514098001642e-07,0.0005,4004.2491234253484,919684.772171831,2094.59975577674,67334.66994428456,55.55949038685363,134.8456408604073,111.11898077370726,8632.694219234756,1.1519003831833012,0.0,0.1484375,2094.59975577674,64.7541126806783,39.59189398775243,1286.9353169847745,5.456968210637569e-10,0.0,0.0021334153198986185,4.9150407796331785e-06,6664.289426442841,0.005940902541035821,0.0,0.0,0.03052379881703853,0.0,0.203125,17.160463837804855,1286.9353169847745,0.0019232808437891714,0.003925273473897273,8922.49506525318,327858.7659032631,0.9765625,0.9375,0.171875,0.0
2,1.5e-07,1.4999514098001642e-07,2975.0,0.0004462355444155286,1.4999514098001642e-07,0.0005,4004.1949932853186,921915.7169021638,2087.0001087208807,67602.05306173384,55.868565140477756,135.60372395879335,111.73713028095551,8650.15646627219,1.1542304517045334,0.0,0.1484375,2087.0001087208807,64.76164021309103,39.56692267249355,1306.421974527184,5.456968210637569e-10,0.0,0.002145283405976881,4.9150407796331785e-06,6692.649106557408,0.005911997184153308,0.0,0.0,0.02970466769477704,0.0,0.796875,17.64819599789189,1306.421974527184,0.0019823643423883945,0.003970666879618742,8902.599598128854,329018.2768121371,0.9765625,0.9375,0.171875,0.0
2,1.5e-07,1.4999514098001642e-07,3000.0,0.00044998542294002856,1.4999514098001642e-07,0.0005,4004.140693736795,924159.0849926135,2079.4107813859523,67864.0010789167,56.17481486027704,136.35495975973254,112.34962972055408,8667.707472144577,1.1565723637283147,0.0,0.1484375,2079.4107813859523,64.76893814572443,39.53722333151927,1325.710916588083,5.529727786779404e-10,0.0,0.0021570430142703553,4.9150407796331785e-06,6720.600930737046,0.005882989295003898,0.0,0.0,0.028955268361333757,0.0,0.796875,18.147375123517122,1325.710916588083,0.0020430859027063004,0.004015452547058089,8882.335833005774,330152.3056372218,0.9765625,0.9375,0.171875,0.0
2,1.5e-07,1.4999514098001642e-07,3025.0,0.0004537353014645285,1.4999514098001642e-07,0.0005,4004.0862296569258,926414.7919755342,2071.8324408257827,68120.55512871992,56.47825356811951,137.09938277871623,112.95650713623903,8685.346077579972,1.1589259645676193,0.0,0.1484375,2071.8324408257827,64.77599707840506,39.50285301677741,1344.7743789490778,5.675246939063072e-10,0.0,0.0021686946832013315,4.9150407796331785e-06,6748.149670719108,0.005853879203092399,0.0,0.0,0.02978940458937139,0.0,0.2109375,18.658235141658224,1344.7743789490778,0.0021054920325263606,0.004059558605473567,8861.69828877024,331261.2305032122,0.9765625,0.9375,0.171875,0.0
2,1.5e-07,1.4999514098001642e-07,3050.0,0.00045748517998902844,1.4999514098001642e-07,0.0005,4004.0316058904295,928682.7544263593,2064.26573673773,68371.7582283024,56.77889558589932,137.8370284948578,113.55779117179864,8703.071125929502,1.1612910998854293,0.0,0.1484375,2064.26573673773,64.78280745056183,39.46386824464298,1363.583947274834,5.675246939063072e-10,0.0,0.00218023896271273,4.9150407796331785e-06,6775.300124369943,0.005824667176395061,0.0,0.0,0.03297037941193737,0.0,0.2109375,19.181009793261182,1363.583947274834,0.0021696302403316743,0.004102911572220511,8840.681438109452,332345.4389090957,0.9765625,0.0625,0.171875,0.0
2,1.5e-07,1.4999514098001642e-07,3075.0,0.0004612350585135284,1.4999514098001642e-07,0.0005,4003.976827248261,930962.8899550693,2059.3057926953707,68617.655247675,57.07675552514111,138.56793332474774,114.15351105028222,8720.881463397145,1.1636676157253962,0.0,0.046875,2059.3057926953707,64.78935953963041,39.42032496355023,1382.1105968137272,5.966285243630409e-10,0.0,0.002191676413868921,4.9150407796331785e-06,6802.057112886667,0.005795353421668195,0.0,0.0,0.03665256852801965,0.0,0.7890625,19.71593263282557,1382.1105968137272,0.002235549079262352,0.004145436448583674,8819.2797088271,333405.3275104333,0.9765625,0.0625,0.171875,0.0
2,1.5e-07,1.4999514098001642e-07,3100.0,0.0004649849370380283,1.4999514098001642e-07,0.0005,4003.9218985062907,933255.1171970769,2056.1005349091847,68858.29287402607,57.37184827672558,139.29213459630753,114.74369655345116,8738.77593926745,1.1660553585422264,0.0,0.046875,2056.1005349091847,64.79564345948965,39.372278522836496,1400.3247359327506,6.184563972055912e-10,0.0,0.002203007608461201,4.9150407796331785e-06,6828.425478053631,0.005765938084757298,0.0,0.0,0.04096579316492651,0.0,0.2109375,20.263237036997452,1400.3247359327506,0.00230329819405611,0.004187056825799704,8797.487485245616,334441.3018959437,0.9765625,0.0625,0.171875,0.0
2,1.5e-07,1.4999514098001642e-07,3125.0,0.00046873481556252827,1.4999514098001642e-07,0.0005,4003.8668244040055,935559.3558035584,2053.0151250811077,69093.71957178053,57.66418900073912,140.0096705226569,115.32837800147824,8756.753406131156,1.1684541752317863,0.0,0.046875,2053.0151250811077,64.80164915893435,39.319783642859875,1418.1962534789927,6.330083124339581e-10,0.0,0.0022142331286180293,4.9150407796331785e-06,6854.410079554324,0.005736421250917696,0.0,0.0,0.0460889475734935,0.0,0.7890625,20.823156225051207,1418.1962534789927,0.002372928371414647,0.004227695001301083,8775.299109697633,335453.7763586398,0.9765625,0.9375,0.171875,0.0
2,1.5e-07,1.4999514098001642e-07,3150.0,0.0004724846940870282,1.4999514098001642e-07,0.0005,4003.8116096432414,937875.5264312617,2050.049136750466,69323.98553839963,57.95379311645093,140.72058017600682,115.90758623290186,8774.812720108555,1.1708639131609073,0.0,0.046875,2050.049136750466,64.80736642018655,39.26289438636013,1435.6945700210053,6.402842700481415e-10,0.0,0.002225353566420163,4.9150407796331785e-06,6880.015792339358,0.0057068029451440945,0.0,0.0,0.05227560503645296,0.0,0.2109375,21.395923289484926,1435.6945700210053,0.0024444729129858237,0.004267272105406052,8752.775772569588,336443.1736617349,0.9765625,0.9375,0.171875,0.0
2,1.5e-07,1.4999514098001642e-07,3175.0,0.00047623457261152815,1.4999514098001642e-07,0.0005,4003.7562588869228,940203.5507318181,2047.2020606844928,69549.14265594652,58.240676292419856,141.42490346159317,116.48135258483971,8792.952741070536,1.17328442019688,0.0,0.046875,2047.2020606844928,64.81278485744899,39.20166413103561,1452.7886929567903,6.548361852765083e-10,0.0,0.002236369523520772,4.9150407796331785e-06,6905.247504051075,0.005677083132507172,0.0,0.0,0.059897525362568003,0.0,0.2109375,21.98177123662026,1452.7886929567903,0.0025172879309378567,0.004305708238486849,8732.322976033414,337409.92479958246,0.9765625,0.9375,0.171875,0.0
2,1.5e-07,1.4999514098001642e-07,3200.0,0.0004799844511360281,1.4999514098001642e-07,0.0005,4003.700776757839,942543.3513405906,2044.4733062314046,69769.2444384615,58.524854436734,142.1226810916629,117.049708873468,8811.172332857162,1.1757155447366205,0.0,0.046875,2044.4733062314046,64.81789391550393,39.13614554334663,1469.4472754746675,6.621121428906918e-10,0.0,0.0022472816107706513,4.9150407796331785e-06,6930.110112505312,0.005647261718500816,0.0,0.0,0.06952259055953061,0.0,0.7890625,22.58093303833448,1469.4472754746675,0.0025920881450766987,0.004342922618656354,8711.483473748274,338354.4687538771,0.9765625,0.9375,0.171875,0.0
2,1.5e-07,1.4999514098001642e-07,3225.0,0.00048373432966052803,1.4999514098001642e-07,0.0005,4003.645167837432,944894.8518650794,2041.8622027563106,69984.34597521112,58.806343687385265,142.81395455952548,117.61268737477053,8829.470363493743,1.1781571357355018,0.0,0.046875,2041.8622027563106,64.82268286836072,39.06639055351479,1485.6386793120764,6.621121428906918e-10,0.0,0.002258090447848615,4.9150407796331785e-06,6954.608523230721,0.005617338549397851,0.0,0.0,0.08206378157505675,0.0,0.2109375,23.193641693433165,1485.6386793120764,0.002668926406175004,0.004378833739898274,8690.251495796521,339277.2522453866,0.0234375,0.9375,0.171875,0.0
2,1.5e-07,1.4999514098001642e-07,3250.0,0.00048748420818502797,1.4999514098001642e-07,0.0005,4003.589436664615,947257.9768729234,2039.3680011590093,70194.50386989373,59.085160402780886,143.49876611368353,118.17032080556177,8847.845705404212,1.1806090427358251,0.0,0.046875,2039.3680011590093,64.82714081795584,38.99245033172565,1501.3310412436258,6.83940015733242e-10,0.0,0.002268796662897153,4.9150407796331785e-06,6978.747647066099,0.00558731341261756,0.0,0.0,0.09908827890788699,0.0,0.2109375,23.82013029934751,1501.3310412436258,0.0027478568583315078,0.004413359540533801,8668.621230077842,340178.7294814503,0.0234375,0.9375,0.171875,0.0
2,1.5e-07,1.4999514098001642e-07,3275.0,0.0004912340867095279,1.4999514098001642e-07,0.0005,4003.5335877346056,949632.6518795156,2036.9898754725823,70399.7761759043,59.361321152394126,144.1771587320522,118.72264230478825,8866.297235621827,1.183071115894936,0.0,0.046875,2036.9898754725823,64.83125669290861,38.91437526548634,1516.492343221791,6.984919309616089e-10,0.0,0.0022794008921634273,4.9150407796331785e-06,7002.532397815922,0.005557186037100473,0.0,0.0,0.12353129474492322,0.0,0.2109375,24.460632133639592,1516.492343221791,0.002828935004281988,0.004446417581900508,8646.586823880723,341059.36189951934,0.0234375,0.9375,0.171875,0.0
2,1.5e-07,1.4999514098001642e-07,3300.0,0.0004949839652340279,1.4999514098001642e-07,0.0005,4003.4776254977983,952018.8033352662,2034.7269245415373,70600.22232778098,59.634842707555585,144.84917609628252,119.26968541511117,8884.823835996978,1.1855432060129516,0.0,0.046875,2034.7269245415373,64.83501924733727,38.83221493817291,1531.0904860603623,7.130438461899757e-10,0.0,0.0022899037796456716,4.9150407796331785e-06,7025.967689964489,0.005526956093697775,0.0,0.0,0.16160550169723967,0.0,0.2109375,25.115380744813592,1531.0904860603623,0.0029122177744772713,0.004477925237027128,8624.142385547275,341919.61790698534,0.0234375,0.9375,0.171875,0.0
2,1.5e-07,1.4999514098001642e-07,3325.0,0.0004987338437585278,1.4999514098001642e-07,0.0005,4003.4215543586415,954416.3586125394,2032.5781737781106,70795.9030689747,59.90574203238716,145.51486256619674,119.81148406477432,8903.424393402096,1.1880251645601034,0.0,0.046875,2032.5781737781106,64.83841705973806,38.74601810870945,1545.0933664748445,7.203198038041592e-10,0.0,0.0023003059767450645,4.9150407796331785e-06,7049.058436448737,0.005496623195569564,0.0,0.0,0.229147028154593,0.0,0.7890625,25.784610052971402,1545.0933664748445,0.0029977636001515223,0.004507799888870792,8601.281986234044,342759.9726175715,0.0234375,0.9375,0.171875,0.0
2,1.5e-07,1.4999514098001642e-07,3350.0,0.0005024837222830277,1.4999514098001642e-07,0.0005,4003.365378674554,956825.2459922901,2030.5425769951548,70986.88037610298,60.17403627487939,146.17426315435014,120.34807254975878,8922.097799933505,1.1905168437036715,0.0,0.046875,2030.5425769951548,64.84143853193265,38.6558326923996,1574.5735830373596,7.275957614183426e-10,0.0,0.002310608141923112,4.9150407796331785e-06,7071.809546489972,0.005466186898597413,0.0,0.0,0.3820250500974841,0.0,0.2109375,26.468554459526786,1574.5735830373596,0.003085632490461116,0.004582832015047075,8577.999661771559,343580.90758453985,0.0234375,0.9765625,0.171875,0.0
2,1.5e-07,1.4999514098001642e-07,3375.0,0.0005062336008075277,1.4999514098001642e-07,0.0005,4003.309102754853,959245.3946504262,2028.6190183139072,71173.2173798683,60.439742758114114,146.82742350072775,120.87948551622823,8940.842953110163,1.1930180963345027,0.0,0.046875,2028.6190183139072,64.8440718880868,38.56170574284806,1625.9129345300607,7.275957614183426e-10,0.0,0.0023208109403646086,4.9150407796331785e-06,7094.225923484526,0.005435646701804981,0.0,0.0,1.0,0.0,0.2109375,27.16744896533055,1625.9129345300607,0.003175886113799531,0.0047212358244581665,8554.289414625218,344382.91053098557,0.0234375,0.9765625,0.171875,0.0
2,1.5e-07,1.4999514098001642e-07,3400.0,0.0005099834793320276,1.4999514098001642e-07,0.0005,4003.2527308597223,961676.734643925,2026.8063141447467,71354.97828283864,60.702878971633005,147.47438984758855,121.40575794326601,8959.658756069184,1.1955287760931006,0.0,0.046875,2026.8063141447467,64.84630517380573,38.463683435032635,1678.1572387616616,7.34871719032526e-10,0.0,0.0023309150436461997,4.9150407796331785e-06,7116.312462953474,0.005405002047797814,0.0,0.0,1.0,0.0,0.2109375,27.881529297279485,1678.1572387616616,0.0032685878834877793,0.004861877847160454,8530.145215960423,345166.4750774801,0.0234375,0.9765625,0.171875,0.0
2,1.5e-07,1.4999514098001642e-07,3425.0,0.0005137333578565276,1.4999514098001642e-07,0.0005,4003.196267199193,964119.1968967273,2025.1032152388955,71532.22827430794,60.96346256295291,148.11520901446613,121.92692512590583,8978.544117758032,1.1980487373952708,0.0,0.046875,2025.1032152388955,64.84812625530927,38.369938750869096,1731.3193425294012,7.566995918750763e-10,0.0,0.002340921129410579,4.9150407796331785e-06,7138.074050551253,0.005375390963884144,0.0,0.0078125,0.45313948934167847,0.0,0.7890625,28.61103204279061,1731.3193425294012,0.0033619312511961397,0.005004795276849092,8510.29658402774,345932.1004673345,0.0234375,0.9765625,0.171875,0.0
2,1.5e-07,1.4999514098001642e-07,3450.0,0.0005174832363810275,1.4999514098001642e-07,0.0005,4003.1397159321464,966572.7131854356,2023.5084088088452,71705.03344246917,61.2215113292289,148.74992837333673,122.4430226584578,8997.497953123333,1.2005778354573144,0.0,0.046875,2023.5084088088452,64.84952281869255,38.29777038581096,1785.4123235044535,7.639755494892597e-10,0.0,0.002350829881046365,4.9150407796331785e-06,7159.5155601332735,0.005349212535980305,0.0,0.0078125,0.27089843296847516,0.0,0.2109375,29.356194792257156,1785.4123235044535,0.0034576043805003022,0.005150025451006301,8490.32785758139,346680.2912897428,0.0234375,0.9765625,0.171875,0.0
2,1.5e-07,1.4999514098001642e-07,3475.0,0.0005212331149055274,1.4999514098001642e-07,0.0005,4003.0830811653586,969037.2161248408,2022.0205207151328,71873.46068415196,61.477043209065606,149.37859582396425,122.95408641813121,9016.519183296192,1.2031159263207571,0.0,0.046875,2022.0205207151328,64.85048236927582,38.22207019548432,1840.4494844151195,7.785274647176266e-10,0.0,0.0023606419873736595,4.9150407796331785e-06,7180.64185188227,0.0053229322648176815,0.0,0.9921875,0.19528734037476703,0.0,0.2109375,30.11725628830027,1840.4494844151195,0.0035557693085930034,0.005297605811512856,8469.969133126211,347411.55720107,0.0234375,0.9765625,0.171875,0.0
2,1.5e-07,1.4999514098001642e-07,3500.0,0.0005249829934300274,1.4999514098001642e-07,0.0005,4003.026366952557,971512.6391532999,2020.638117716908,72037.57761239038,61.73007627447699,150.0012597694307,123.46015254895399,9035.606735773916,1.2056628668765956,0.0,0.046875,2020.638117716908,64.85099223104878,38.14287684759438,1896.4443471988197,7.930793799459934e-10,0.0,0.00237035814233532,4.9150407796331785e-06,7201.457770493327,0.005296549401966631,0.0,0.0078125,0.15389521411334195,0.0,0.7890625,30.89445658139448,1896.4443471988197,0.003656488503404442,0.005447573864885526,8449.21474595903,348126.41264455277,0.0234375,0.9765625,0.171875,0.0
2,1.5e-07,1.4999514098001642e-07,3525.0,0.0005287328719545273,1.4999514098001642e-07,0.0005,4002.9695772935006,973998.9165179937,2019.3597097835868,72197.45246210335,61.98062872299508,150.61796909186307,123.96125744599016,9054.759544598104,1.2082185148890623,0.0,0.046875,2019.3597097835868,64.85103954621387,38.06022820445514,1953.4106470954139,7.930793799459934e-10,0.0,0.00237997904469394,4.9150407796331785e-06,7221.968143417318,0.005270063152957313,0.0,0.0078125,0.12777365554329168,0.0,0.2109375,31.688037192485353,1953.4106470954139,0.0037598262165581616,0.005599967142043281,8428.05900254969,348825.3765686678,0.0234375,0.9765625,0.171875,0.0
2,1.5e-07,1.4999514098001642e-07,3550.0,0.0005324827504790273,1.4999514098001642e-07,0.0005,4002.912716133097,976495.9832600798,2018.1837524646928,72353.15399418188,62.22871886992775,151.22877312836377,124.4574377398555,9073.976550528969,1.2107827290188848,0.0,0.046875,2018.1837524646928,64.8506112748337,38.01272010427783,2011.3623268282972,7.930793799459934e-10,0.0,0.002389505397734559,4.9150407796331785e-06,7242.177779162488,0.00524879687621722,0.0,0.984375,0.10978436584057485,0.0,0.2109375,32.49824128064938,2011.3623268282972,0.0038658485741763114,0.005754823158007731,8406.496182425799,349508.9721444391,0.0234375,0.9765625,0.171875,0.0
2,1.5e-07,1.4999514098001642e-07,3575.0,0.0005362326290035272,1.4999514098001642e-07,0.0005,4002.855787360536,979003.7751997712,2017.1086493148491,72504.7513982932,62.47436514076563,151.83372164715377,124.94873028153125,9093.256701215809,1.213355368846034,0.0,0.046875,2017.1086493148491,64.84969419458737,38.017163385671665,2070.3135309237987,7.930793799459934e-10,0.0,0.002398937908973098,4.9150407796331785e-06,7262.0914656539635,0.0052350157754792416,0.0,0.984375,0.09663838363575018,0.0,0.7890625,33.32531381554145,2070.3135309237987,0.003972051592879513,0.005912179371667345,8389.949887680708,350177.7264819236,0.0234375,0.9765625,0.171875,0.0
2,1.5e-07,1.4999514098001642e-07,3600.0,0.0005399825075280271,1.4999514098001642e-07,0.0005,4002.7987948084524,981522.2289213584,2016.1327543707125,72652.31419472017,62.71758606373773,152.4328648239367,125.43517212747545,9112.598951363649,1.2159362948919583,0.0,0.046875,2016.1327543707125,64.84827490064133,38.01886729042508,2130.2786002648063,8.003553375601768e-10,0.0,0.0024082772898705034,4.9150407796331785e-06,7281.7139686507435,0.005221142639508228,0.0,0.015625,0.08660962893683007,0.0,0.2109375,34.169501755379315,2130.2786002648063,0.004078834336480119,0.0060720731458662365,8377.27128306621,350832.1703461467,0.0234375,0.9765625,0.171875,0.0
2,1.5e-07,1.4999514098001642e-07,3625.0,0.0005437323860525271,1.4999514098001642e-07,0.0005,4002.741742252112,984051.2817581972,2015.254374676461,72795.91213556724,62.95840026251621,153.0262532184916,125.91680052503241,9132.002262895787,1.2185253686412745,0.0,0.046875,2015.254374676461,64.84633980563963,38.01785695120634,2191.272066927282,8.076312951743603e-10,0.0,0.0024175242555526198,4.9150407796331785e-06,7301.05003021986,0.005207176610740399,0.0,0.984375,0.07870514509414378,0.0,0.7890625,35.031054228114954,2191.272066927282,0.004188166511164791,0.006234541707944893,8364.293572074883,351472.83787272894,0.0234375,0.9765625,0.171875,0.0
2,1.5e-07,1.4999514098001642e-07,3650.0,0.000547482264577027,1.4999514098001642e-07,0.0005,4002.684633408633,986590.8717776841,2014.4717728543292,72935.61510567181,63.196826449069,153.6139377515019,126.393652898138,9151.465605112362,1.2211224525629252,0.0,0.046875,2014.4717728543292,64.84387513981895,38.01415702559643,2253.3086494186427,8.149072527885437e-10,0.0,0.00242667952453574,4.9150407796331785e-06,7320.1043672672995,0.005193116807948964,0.0,0.984375,0.07231323425980363,0.0,0.2109375,35.91022271642578,2253.3086494186427,0.004300104701431938,0.006399622111062611,8351.011245021,352100.2662834567,0.0234375,0.9765625,0.171875,0.0
2,1.5e-07,1.4999514098001642e-07,3675.0,0.000551232143101527,1.4999514098001642e-07,0.0005,4002.6274719362186,989140.9377662389,2013.7831697164952,73071.49302356801,63.4328834166608,154.21892532932952,126.8657668333216,9170.987954844762,1.223727410130782,0.0,0.046875,2013.7831697164952,64.84086695125418,38.00779168361805,2316.4032483550254,8.149072527885437e-10,0.0,0.0024357438184578516,4.9150407796331785e-06,7338.881670125158,0.005178962325872991,0.0,0.984375,0.06703649772005071,0.0,0.7890625,36.80726124560897,2316.4032483550254,0.004414707051559072,0.0065673511963993255,8337.418726936896,352714.99560203776,0.0234375,0.9765625,0.171875,0.0
2,1.5e-07,1.4999514098001642e-07,3700.0,0.0005549820216260269,1.4999514098001642e-07,0.0005,4002.5702614334264,991701.4192143156,2013.1867469144886,73203.61574285557,63.666590033001235,154.8247628799237,127.33318006600247,9190.56829660579,1.226340105843684,0.0,0.046875,2013.1867469144886,64.83730110623974,37.9987845960336,2380.5709427094553,8.294591680169106e-10,0.0,0.0024447178618155338,4.9150407796331785e-06,7357.386601194602,0.005164712234893817,0.0,0.984375,0.06260554804978956,0.0,0.7890625,37.722426573534904,2380.5709427094553,0.004532033344152898,0.006737765556607109,8323.510378007992,353317.5683702808,0.0234375,0.9765625,0.171875,0.0
2,1.5e-07,1.4999514098001642e-07,3725.0,0.0005587319001505268,1.4999514098001642e-07,0.0005,4002.513005438462,994272.2563014602,2012.6806496221582,73332.05295433108,63.89796523353982,155.4248471165137,127.79593046707964,9210.205622735597,1.228960405244909,0.0,0.046875,2012.6806496221582,64.83316328981272,37.98715892345717,2445.8269866490737,8.294591680169106e-10,0.0,0.0024536023817064946,4.9150407796331785e-06,7375.623793644059,0.005150365580765194,0.0,0.015625,0.058831306665224015,0.0,0.7890625,38.6559783823468,2445.8269866490737,0.004652145081624212,0.006910901500559739,8309.280494074956,353908.5293649428,0.0234375,0.9765625,0.171875,0.0
2,1.5e-07,1.4999514098001642e-07,3750.0,0.0005624817786750268,1.4999514098001642e-07,0.0005,4002.4557074284994,996853.3898814322,2012.2629892480754,73456.87408924136,64.12702801490683,156.01921534953266,128.25405602981365,9229.898933543247,1.2315881749410642,0.0,0.046875,2012.2629892480754,64.82843900642304,37.972937306220956,2512.1868070699275,8.294591680169106e-10,0.0,0.0024623981075777056,4.9150407796331785e-06,7393.597850162178,0.0051359213843890665,0.0,0.015625,0.055577153006026836,0.0,0.2109375,39.60817947144824,2512.1868070699275,0.004775105570675355,0.007086795019708567,8294.723307205615,354488.425315459,0.0234375,0.9765625,0.171875,0.0
2,1.5e-07,1.4999514098001642e-07,3775.0,0.0005662316571995267,1.4999514098001642e-07,0.0005,4002.398370819021,999444.7614674139,2011.9318461731389,73578.14822402071,64.35379742849936,156.60790527234386,128.70759485699872,9249.647237443869,1.2342232826203865,0.0,0.046875,2011.9318461731389,64.82311358075687,37.95614185513068,2579.6660019068513,8.294591680169106e-10,0.0,0.002471105770979118,4.9150407796331785e-06,7411.313341764753,0.00512137864165553,0.0,0.984375,0.052741912231189216,0.0,0.2109375,40.57929595075984,2579.6660019068513,0.004900980009827445,0.007265481756266154,8279.832986339516,355057.804622798,0.0234375,0.9765625,0.171875,0.0
2,1.5e-07,1.4999514098001642e-07,3800.0,0.0005699815357240267,1.4999514098001642e-07,0.0005,4002.3409989631937,1002046.313217315,2011.6852725090075,73695.94398687154,64.57829257421172,157.19095494400517,129.15658514842343,9269.449551091342,1.2368655970704474,0.0,0.046875,2011.6852725090075,64.81717215871903,37.93679414299186,2648.2803392554633,8.294591680169106e-10,0.0,0.0024797261053229143,4.9150407796331785e-06,7428.774806655263,0.005106736323330892,0.0,0.984375,0.05024906022210692,0.0,0.2109375,41.56959743425978,2648.2803392554633,0.005029835580146342,0.007446996973327872,8264.603638008048,355617.21707965387,0.0234375,0.9765625,0.171875,0.0
2,1.5e-07,1.4999514098001642e-07,3825.0,0.0005737314142485266,1.4999514098001642e-07,0.0005,4002.283595151265,1004657.9879192007,2011.5212948728852,73810.32946654703,64.80053259430889,157.7684027721376,129.60106518861778,9289.304899506447,1.2395149881952525,0.0,0.046875,2011.5212948728852,64.81059970858048,38.0083242100236,2718.045757388929,8.294591680169106e-10,0.0,0.002488259845648259,4.9150407796331785e-06,7445.9867491381365,0.005104538255379385,0.0,0.9765625,0.0480396472166223,0.0,0.2109375,42.57935723263654,2718.045757388929,0.005161741539191492,0.007631375527173365,8249.029307133023,356167.21359218494,0.0234375,0.9765625,0.171875,0.0
2,1.5e-07,1.4999514098001642e-07,3850.0,0.0005774812927730265,1.4999514098001642e-07,0.0005,4002.2261626099885,1007279.7289768526,2011.4379171740627,73921.3721236897,65.02053666744212,158.34028749590234,130.04107333488423,9309.212316200419,1.2421713270317287,0.0,0.046875,2011.4379171740627,64.80338102229645,38.11954759126456,2788.9783657398075,8.294591680169106e-10,0.0,0.002496707728391503,4.9150407796331785e-06,7462.9536385841675,0.005107836580168868,0.0,0.9765625,0.04606752673795316,0.0,0.2109375,43.60885254480672,2788.9783657398075,0.0052967693183312865,0.007818651841956301,8233.103977906558,356708.3459035284,0.0234375,0.9765625,0.171875,0.0
2,1.5e-07,1.4999514098001642e-07,3875.0,0.0005812311712975265,1.4999514098001642e-07,0.0005,4002.1687045020753,1009911.4803954783,2011.43312340752,74029.13870507316,65.23832400280587,158.9066481690914,130.47664800561174,9329.170843293863,1.2448344857655904,0.0,0.046875,2011.43312340752,64.795500717002,38.229063003219835,2861.0944468567614,8.294591680169106e-10,0.0,0.002505070491161819,4.9150407796331785e-06,7479.679908447411,0.0051110560172561185,0.0,0.9765625,0.04429605876804971,0.0,0.2109375,44.65836464805761,2861.0944468567614,0.005434992623578575,0.008008859886824453,8216.821574755533,357241.1663192671,0.0234375,0.9765625,0.171875,0.0
2,1.5e-07,1.4999514098001642e-07,3900.0,0.0005849810498220264,1.4999514098001642e-07,0.0005,4002.111223925667,1012553.1867675885,2011.5048804498215,74133.69516108764,65.45391383443408,159.4675241433368,130.90782766886815,9349.179531630954,1.2475043377465787,0.0,0.046875,2011.5048804498215,64.78861684081534,38.336880532535815,2934.410459437873,8.294591680169106e-10,0.0,0.0025133488725221855,4.9150407796331785e-06,7496.169955332702,0.005114195750759804,0.0,0.9765625,0.04269578173579665,0.0,0.2109375,45.72817908530851,2934.410459437873,0.005576487539955861,0.008201084388938453,8200.17596339334,357807.61668490805,0.0234375,0.9765625,0.171875,0.0
2,1.5e-07,1.4999514098001642e-07,3925.0,0.0005887309283465264,1.4999514098001642e-07,0.0005,4002.0537239138425,1015204.7932590516,2011.6511408524282,74235.10656679932,65.67500517493288,160.0229550514422,131.35001034986576,9369.237440888899,1.250180757503067,0.0,0.046875,2011.6511408524282,64.7819342552256,38.44301014719849,3008.943042421015,8.294591680169106e-10,0.0,0.0025218385049798056,4.9150407796331785e-06,7512.4281381131495,0.005117254959440316,0.0,0.9765625,0.04124273667979596,0.0,0.2109375,46.81858585069858,3008.943042421015,0.005718798905995272,0.008394827458115517,8186.786529880701,358428.2175462921,0.0234375,0.9765625,0.171875,0.0
2,1.5e-07,1.4999514098001642e-07,3950.0,0.0005924808068710263,1.4999514098001642e-07,0.0005,4001.996207434146,1017866.2455953459,2011.8698456275108,74333.43704690239,65.8956397125163,160.57298079084305,131.7912794250326,9389.343639682595,1.2528636207560262,0.0,0.046875,2011.8698456275108,64.77454666701226,38.547461679861044,3084.7090202262625,8.294591680169106e-10,0.0,0.0025303105967736965,4.9150407796331785e-06,7528.458777096766,0.005120232815397878,0.0,0.9765625,0.04209819585454999,0.0,0.78125,47.92987957112928,3084.7090202262625,0.0058638904671085915,0.00857727881781568,8173.73377623182,359637.2562611676,0.0234375,0.9765625,0.171875,0.0
2,1.5e-07,1.4999514098001642e-07,3975.0,0.0005962306853955263,1.4999514098001642e-07,0.0005,4001.938677388143,1020537.4900480133,2012.158927021262,74428.74970486958,66.11417428989597,161.11764150719662,132.22834857979194,9409.49720566445,1.2555528044323438,0.0,0.046875,2012.158927021262,64.766437278752,38.65024481233377,3161.725409106817,8.294591680169106e-10,0.0,0.002538702052707923,4.9150407796331785e-06,7544.266153241473,0.005123128482911129,0.0,0.9765625,0.04549838875166173,0.0,0.78125,49.06235968483088,3161.725409106817,0.0060122817659404105,0.008760072623914424,8160.356017039863,360924.5659077659,0.0234375,0.9765625,0.171875,0.0
2,1.5e-07,1.4999514098001642e-07,4000.0,0.0005999805639200262,1.4999514098001642e-07,0.0005,4001.8811366110035,1023218.4734213386,2012.5163112696837,74521.10655659225,66.33062640952761,161.65697757810966,132.66125281905522,9429.69722561931,1.2582481866774915,0.0,0.046875,2012.5163112696837,64.75758909933944,38.75136906131593,3240.0094246731605,8.294591680169106e-10,0.0,0.002547013544855013,4.9150407796331785e-06,7559.85450741758,0.005125941117424131,0.0,0.9765625,0.0493456001820653,0.0,0.78125,50.21633061582543,3240.0094246731605,0.00616404852433505,0.00894500842771512,8146.647518684571,362214.2394672709,0.0234375,0.9765625,0.171875,0.0
2,1.5e-07,1.4999514098001642e-07,4025.0,0.0006037304424445261,1.4999514098001642e-07,0.0005,4001.823587871109,1025909.1430392562,2012.9399213317781,74610.56846878355,66.54501358745041,162.1910295970049,133.09002717490083,9449.94279555446,1.260949646867533,0.0,0.046875,2012.9399213317781,64.7479849458604,38.850843765436366,3319.578490602551,8.149072527885437e-10,0.0,0.0025552457458090836,4.9150407796331785e-06,7575.228039717006,0.005128669864688027,0.0,0.9765625,0.05373483036054464,0.0,0.21875,51.39210194361658,3319.578490602551,0.006319268892276152,0.009132094673706874,8132.602492423066,363506.79764197813,0.0234375,0.9765625,0.171875,0.0
2,1.5e-07,1.4999514098001642e-07,4050.0,0.0006074803209690261,1.4999514098001642e-07,0.0005,4001.766033869686,1028609.4467325031,2013.4276795950486,74697.19510240076,66.75735334866006,162.71983835713257,133.51470669732012,9470.233020784694,1.2636570656204762,0.0,0.046875,2013.4276795950486,64.7376074456766,38.94867807362152,3400.450248464709,8.149072527885437e-10,0.0,0.0025633993285081695,4.9150407796331785e-06,7590.390908808278,0.005131313860057389,0.0,0.9765625,0.05879004347545244,0.0,0.78125,52.589988569307025,3400.450248464709,0.006478023549721907,0.009321338929380111,8118.215095337935,364802.76859655464,0.0234375,0.9765625,0.171875,0.0
2,1.5e-07,1.4999514098001642e-07,4075.0,0.000611230199493526,1.4999514098001642e-07,0.0005,4001.708477240468,1031319.3328260243,2013.9775105482165,74781.04486132279,66.96766322259715,163.24344483572918,133.9353264451943,9490.567016012319,1.266370324806949,0.0,0.046875,2013.9775105482165,64.72643903873,39.0448809348718,3482.6425687319133,8.003553375601768e-10,0.0,0.0025714749660609845,4.9150407796331785e-06,7605.34723133654,0.0051338722279495675,0.0,0.9765625,0.06467611645736422,0.0,0.78125,53.81031087572774,3482.6425687319133,0.006640395811637295,0.00951274788282423,8103.479431365395,366102.68784900825,0.0234375,0.9765625,0.171875,0.0
2,1.5e-07,1.4999514098001642e-07,4100.0,0.000614980078018026,1.4999514098001642e-07,0.0005,4001.650920549379,1034038.7501266436,2014.5873434160558,74862.17484649723,67.17596073875013,163.76189017832786,134.35192147750027,9510.943905402224,1.2690893075602148,0.0,0.046875,2014.5873434160558,64.7144619800728,39.139461089440374,3566.173562906217,8.003553375601768e-10,0.0,0.0025794733315780798,4.9150407796331785e-06,7620.101081367544,0.0051363440814641,0.0,0.9765625,0.07161723489803178,0.0,0.21875,55.05339488321624,3566.173562906217,0.0068064717366188975,0.00970632734354858,8088.389552406181,367407.0981416586,0.0234375,0.9765625,0.171875,0.0
2,1.5e-07,1.4999514098001642e-07,4125.0,0.0006187299565425259,1.4999514098001642e-07,0.0005,4001.593366294252,1036767.6479110098,2015.255114751273,74940.640815748,67.382263422371,164.2752156832251,134.764526844742,9531.36282265182,1.2718138982855054,0.0,0.046875,2015.255114751273,64.70165834263007,39.23242706144856,3651.0615967586637,8.003553375601768e-10,0.0,0.0025873950980073324,4.9150407796331785e-06,7634.656489874866,0.005138728522164537,0.0,0.9765625,0.07992619559674001,0.0,0.21875,56.31957239953044,3651.0615967586637,0.006976340239130826,0.009902082246570893,8072.939459522007,368716.54929174436,0.0234375,0.9765625,0.171875,0.0
2,1.5e-07,1.4999514098001642e-07,4150.0,0.0006224798350670258,1.4999514098001642e-07,0.0005,4001.5358169045594,1039505.9759138259,2015.9787709783934,75016.49714941187,67.58658879030249,164.78346278610465,135.17317758060497,9551.822911055919,1.274543982668679,0.0,0.046875,2015.9787709783934,64.68801002020243,39.32378715297682,3737.325304576196,8.003553375601768e-10,0.0,0.002595240937973714,4.9150407796331785e-06,7649.017444269333,0.005141024640025932,0.0,0.9765625,0.09005298700612316,0.0,0.78125,57.609181165040354,3737.325304576196,0.007150093205708528,0.010100016659551563,8057.1231042199615,370031.5980213573,0.0234375,0.9765625,0.171875,0.0
2,1.5e-07,1.4999514098001642e-07,4175.0,0.0006262297135915258,1.4999514098001642e-07,0.0005,4001.4782747411796,1042253.6843163688,2016.7562708846508,75089.79682194478,67.78895434691583,165.2866730448253,135.57790869383166,9572.32332356655,1.2772794476842007,0.0,0.046875,2016.7562708846508,64.67349873071511,39.4135494395955,3824.9836044793483,8.003553375601768e-10,0.0,0.0026030115236233054,4.9150407796331785e-06,7663.187887969773,0.005143231513541478,0.0,0.0234375,0.10266926637095161,0.0,0.78125,58.92256499179348,3824.9836044793483,0.007327825615183707,0.010300133793211368,8040.934389828039,371352.8077664706,0.0234375,0.0234375,0.171875,0.0
2,1.5e-07,1.4999514098001642e-07,4200.0,0.0006299795921160257,1.4999514098001642e-07,0.0005,4001.4207420961884,1045010.723735313,2017.5855880529573,75160.59137961412,67.98937758015681,165.78488812437317,135.97875516031363,9592.863222847585,1.2800201816024313,0.0,0.046875,2017.5855880529573,64.65810601972021,39.50172176736669,3914.0557146279607,8.003553375601768e-10,0.0,0.002610707526471472,4.9150407796331785e-06,7677.1717200141375,0.005145348209990794,0.0,0.9765625,0.11882402503663243,0.0,0.21875,60.2600738973706,3914.0557146279607,0.007509067209069362,0.010502436014607028,8024.974636608553,372680.74846485164,0.0234375,0.0234375,0.171875,0.0
2,1.5e-07,1.4999514098001642e-07,4225.0,0.0006337294706405257,1.4999514098001642e-07,0.0005,4001.363221192671,1047777.0452118595,2018.4647132320924,75228.93092436326,68.18787595769939,166.27814978198273,136.37575191539878,9613.441781324267,1.2827660739962372,0.0,0.046875,2018.4647132320924,64.64181326415952,39.58831175126761,4004.5611703295726,8.076312951743603e-10,0.0,0.0026183296172551662,4.9150407796331785e-06,7690.972794710068,0.005147373785861896,0.0,0.9765625,0.14025186573330614,0.0,0.78125,61.62206423316093,4004.5611703295726,0.007688594036309812,0.010706924863379515,8014.73766753028,374015.99632273684,0.0234375,0.0234375,0.171875,0.0
2,1.5e-07,1.4999514098001642e-07,4250.0,0.0006374793491650256,1.4999514098001642e-07,0.0005,4001.3057141845634,1050552.6002011807,2019.3916566393489,75294.86410390881,68.38446692320521,166.76649985243046,136.76893384641042,9634.058181227592,1.2855170157469118,0.0,0.046875,2019.3916566393489,64.62460167639378,39.673326775086025,4096.519841920119,8.149072527885437e-10,0.0,0.0026258784657892955,4.9150407796331785e-06,7704.594921323939,0.005149307287432141,0.0,0.9765625,0.17004253926786042,0.0,0.78125,63.00889880760951,4096.519841920119,0.00787197725089884,0.010913601070701572,8004.202349595842,375359.1335601914,0.0234375,0.0234375,0.171875,0.0
2,1.5e-07,1.4999514098001642e-07,4275.0,0.0006412292276895255,1.4999514098001642e-07,0.0005,4001.2482231565155,1053337.3405621857,2020.3644501909848,75358.43810809896,68.57916789268748,167.24998023350156,137.15833578537496,9654.71161463349,1.2882728990494035,0.0,0.046875,2020.3644501909848,64.60645230850557,39.756773992667604,4189.95195335499,8.294591680169106e-10,0.0,0.0026333547408271037,4.9150407796331785e-06,7718.041863807441,0.005151147751491324,0.0,0.0234375,0.214285524467271,0.0,0.78125,64.42094700387679,4189.95195335499,0.008059304017577353,0.011122464580840352,7993.36355389679,376710.74813514226,0.0234375,0.0234375,0.171875,0.0
2,1.5e-07,1.4999514098001642e-07,4300.0,0.0006449791062140255,1.4999514098001642e-07,0.0005,4001.190750123786,1056131.2185476152,2021.3811496559388,75419.69867153306,68.7719962509777,167.72863287163554,137.5439925019554,9675.401283496878,1.2910336174168595,0.0,0.046875,2021.3811496559388,64.5873460568821,39.84325102004914,4284.878101388225,8.294591680169106e-10,0.0,0.002640759109924495,4.9150407796331785e-06,7731.3173405606985,0.0051534879846439705,0.0,0.03125,0.2868772182401423,0.0,0.78125,65.85858489220118,4284.878101388225,0.008250664223304626,0.011333514575093696,7982.216111301514,378071.4334461251,0.0234375,0.0234375,0.171875,0.0
2,1.5e-07,1.4999514098001642e-07,4325.0,0.0006487289847385254,1.4999514098001642e-07,0.0005,4001.133297032154,1058934.1867944668,2022.4398367284252,75478.69008241175,68.96296934829367,168.20249974775106,137.92593869658734,9696.126399680486,1.2937990656844727,0.0,0.046875,2022.4398367284252,64.56726366708453,40.07378254051582,4381.319275255315,8.294591680169106e-10,0.0,0.0026480922393082524,4.9150407796331785e-06,7744.425024231026,0.005174532959533029,0.0,0.96875,0.4279331043871463,0.0,0.78125,67.32219533846364,4381.319275255315,0.008446150573399593,0.01154674949796311,7970.7548134991775,379441.78801386454,0.0234375,0.0234375,0.171875,0.0
2,1.5e-07,1.4999514098001642e-07,4350.0,0.0006524788632630254,1.4999514098001642e-07,0.0005,4001.0758657578617,1061746.198314759,2023.5386210151503,75535.45519755497,69.15210449690782,168.67162286325365,138.30420899381565,9716.886184978539,1.296569140012641,0.0,0.046875,2023.5386210151503,64.54700990713609,40.30355857283212,4479.296876722481,8.294591680169106e-10,0.0,0.0026553547937481,4.9150407796331785e-06,7757.368541546277,0.005195519377090005,0.0,0.96875,0.8208327514144744,0.0,0.78125,68.81216810748447,4479.296876722481,0.008645858690720808,0.011762167085291127,7958.97441411312,380822.4151418449,0.0234375,0.0234375,0.171875,0.0
2,1.5e-07,1.4999514098001642e-07,4375.0,0.0006562287417875253,1.4999514098001642e-07,0.0005,4001.0184581075755,1064567.2064866365,2024.675641933091,75590.03546349602,69.33941896791333,169.13604422622805,138.67883793582666,9737.679871135246,1.2993437378894352,0.0,0.046875,2024.675641933091,64.56139616796119,40.532580959978986,4578.832740391837,8.294591680169106e-10,0.0,0.0026625474364325337,4.9150407796331785e-06,7770.151473181879,0.0052164466934620625,0.0,0.96875,1.0,0.0,0.21875,70.32889996318409,4578.832740391837,0.008849887218320574,0.011979764394164894,7946.86962988555,382213.9225561144,0.0234375,0.0234375,0.171875,0.0
2,1.5e-07,1.4999514098001642e-07,4400.0,0.0006599786203120252,1.4999514098001642e-07,0.0005,4000.96107581838,1067397.165045823,2025.8490705139338,75642.47094352671,69.52492998808727,169.59580583781886,139.04985997617453,9758.506699858124,1.3021227581323767,0.0,0.046875,2025.8490705139338,64.57529779397515,40.760851411060685,4679.949154122267,8.294591680169106e-10,0.0,0.002669670828848364,4.9150407796331785e-06,7782.777353660537,0.005237314336364678,0.0,0.96875,1.0,0.0,0.21875,71.87279476381082,4679.949154122267,0.009058337925524781,0.012199537834313672,7934.435141935486,383616.9220246165,0.0234375,0.0234375,0.171875,0.0
2,1.5e-07,1.4999514098001642e-07,4425.0,0.0006637284988365252,1.4999514098001642e-07,0.0005,4000.903720557788,1070236.0280774229,2027.0571111114793,75692.8003505391,69.7086547368493,170.05094967879936,139.4173094736986,9779.365922826124,1.3049061008895206,0.0,0.046875,2027.0571111114793,64.5886997415628,40.988371491043836,4782.668879443547,8.294591680169106e-10,0.0,0.002676725630663936,4.9150407796331785e-06,7795.249671283683,0.0052581217048169385,0.0,0.03125,0.5082834754258193,0.0,0.78125,73.4442635557134,4782.668879443547,0.009271315818061442,0.012421483200778322,7921.665597092131,385032.02895640256,0.0234375,0.0234375,0.171875,0.0
2,1.5e-07,1.4999514098001642e-07,4450.0,0.0006674783773610251,1.4999514098001642e-07,0.0005,4000.846393923782,1073083.7500080739,2028.2980030085344,75741.06108547776,69.89061034331354,170.50151769633288,139.78122068662708,9800.256801692642,1.307693667639859,0.0,0.046875,2028.2980030085344,64.60158674755553,41.21514261407356,4887.01517179911,8.294591680169106e-10,0.0,0.0026837124996159254,4.9150407796331785e-06,7807.571868093677,0.005278868169309185,0.0,0.96875,0.3359575092513733,0.0,0.78125,75.04372466358473,4887.01517179911,0.009488929252174533,0.012645595707524139,7908.55560930516,386459.8619811428,0.0234375,0.0234375,0.171875,0.0
2,1.5e-07,1.4999514098001642e-07,4475.0,0.0006712282558855251,1.4999514098001642e-07,0.0005,4000.789097444872,1075940.2855984562,2029.5700219200298,75787.28928118643,70.0708138834331,170.94755179092738,140.1416277668662,9821.178608083326,1.310485361193028,0.0,0.046875,2029.5700219200298,64.61394332928958,41.44116604032206,4993.011800501728,8.585629984736443e-10,0.0,0.0026906320913996904,4.9150407796331785e-06,7819.747339865784,0.005299553072392917,0.0,0.96875,0.2524516582567063,0.0,0.78125,76.73657118077972,4993.011800501728,0.009719518879107136,0.012871870021799257,7895.099761134366,387901.04250942357,0.03125,0.0234375,0.171875,0.0
2,1.5e-07,1.4999514098001642e-07,4500.0,0.000674978134410025,1.4999514098001642e-07,0.0005,4000.7318325801825,1078805.5899361589,2030.8714813893462,75831.51985140302,70.24928237723483,171.3890938035846,140.49856475446967,9842.130623588804,1.3132810856883366,0.0,0.046875,2030.8714813893462,64.6276938663351,41.66644287646977,5105.154812789056,8.731149137020111e-10,0.0,0.0026974850595630905,4.9150407796331785e-06,7831.779436128991,0.00532017572970163,0.0,0.96875,0.20316300413875324,0.0,0.78125,78.57404146020417,5105.154812789056,0.009969689668311988,0.013111785269792574,7881.29260532017,389356.19427436055,0.03125,0.96875,0.171875,0.0
2,1.5e-07,1.4999514098001642e-07,4525.0,0.000678728012934525,1.4999514098001642e-07,0.0005,4000.6746007195643,1081679.618428904,2032.2007340750831,75873.78654462828,70.42603278614344,171.82618550314737,140.85206557228688,9863.11213975226,1.3160807465931095,0.0,0.046875,2032.2007340750831,64.64130667789041,41.89097407980444,5227.520060359966,8.87666828930378e-10,0.0,0.002704272055403736,4.9150407796331785e-06,7843.671460214735,0.005340735431396765,0.0,0.96875,0.17063374335473627,0.0,0.21875,80.44526438641333,5227.520060359966,0.010225492399737943,0.013368145931456568,7867.1286664371255,391043.0127830289,0.03125,0.96875,0.171875,0.0
2,1.5e-07,1.4999514098001642e-07,4550.0,0.0006824778914590249,1.4999514098001642e-07,0.0005,4000.6174031837186,1084562.326798131,2033.5561729257704,75914.122002565,70.60108201039296,172.2588685738445,141.20216402078591,9884.12245805193,1.318884250700352,0.0,0.046875,2033.5561729257704,64.65434809142587,42.11476046581447,5351.863548155874,8.87666828930378e-10,0.0,0.002710993727869592,4.9150407796331785e-06,7855.4266693325135,0.0053612314440194524,0.0,0.96875,0.14755602205967253,0.0,0.21875,82.35072987547028,5351.863548155874,0.010487062152590819,0.013615435137231874,7852.602442632193,393073.2653208431,0.03125,0.96875,0.171875,0.0
2,1.5e-07,1.4999514098001642e-07,4575.0,0.0006862277699835248,1.4999514098001642e-07,0.0005,4000.5602412243643,1087453.6710729396,2034.9362322403001,75952.55782279772,70.77444688652429,172.68718460303558,141.54889377304858,9905.16088987852,1.3216915061257355,0.0,0.046875,2034.9362322403001,64.66680115428228,42.33780271938576,5478.205851292703,8.87666828930378e-10,0.0,0.002717650723462885,4.9150407796331785e-06,7867.048274671513,0.005381663012758564,0.0,0.03125,0.13033157750036078,0.0,0.21875,84.2909395013121,5478.205851292703,0.010754538842143687,0.013865130157530676,7837.708407449529,395106.70214064186,0.03125,0.96875,0.171875,0.0
2,1.5e-07,1.4999514098001642e-07,4600.0,0.0006899776485080248,1.4999514098001642e-07,0.0005,4000.5031160244034,1090353.6075843992,2036.3393886121373,75989.12462535757,70.9461441849668,173.11117506915753,141.8922883699336,9926.226756507587,1.3245024223039137,0.0,0.046875,2036.3393886121373,64.6786486690186,42.56010140939907,5606.567926343065,8.87666828930378e-10,0.0,0.0027242436861472426,4.9150407796331785e-06,7878.539441527306,0.005402029364106162,0.0,0.96875,0.1169829941517548,0.0,0.78125,86.2664065245117,5606.567926343065,0.011027543127905283,0.014117221437931825,7822.812889864279,397143.8679341441,0.03125,0.96875,0.171875,0.0
2,1.5e-07,1.4999514098001642e-07,4625.0,0.0006937275270325247,1.4999514098001642e-07,0.0005,4000.4460286981343,1093262.0929602135,2037.7641617556849,76023.85212279165,71.11619060770353,173.53088132987332,142.23238121540706,9947.3193890669,1.3273169099841655,0.0,0.046875,2037.7641617556849,64.6898731937149,42.78165700669433,5736.971179780085,8.87666828930378e-10,0.0,0.002730773257258038,4.9150407796331785e-06,7889.903289452647,0.005422329708893334,0.0,0.96875,0.10633343331126698,0.0,0.21875,88.27765589202318,5736.971179780085,0.011293962273406318,0.014371698366264906,7816.358312076969,399185.3317243729,0.03125,0.96875,0.171875,0.0
2,1.5e-07,1.4999514098001642e-07,4650.0,0.0006974774055570247,1.4999514098001642e-07,0.0005,4000.3889802914637,1096179.0841197486,2039.2091152134644,76056.76919333481,71.28460278601693,173.94634461042392,142.56920557203387,9968.438128498803,1.3301348812253746,0.0,0.046875,2039.2091152134644,64.70045704247228,43.00246990530377,5869.437539583538,9.022187441587448e-10,0.0,0.0027372400754158287,4.9150407796331785e-06,7901.142892431525,0.005442563245691414,0.0,0.96875,0.09763871948613229,0.0,0.78125,90.32522420887108,5869.437539583538,0.011565856491484163,0.014628549386495007,7809.644212287843,401231.6863763791,0.03125,0.96875,0.171875,0.0
2,1.5e-07,1.4999514098001642e-07,4675.0,0.0007012272840815246,1.4999514098001642e-07,0.0005,4000.3319717821587,1099104.5382694209,2040.672856943116,76087.90395675921,71.45139727831508,174.35760599218514,142.90279455663017,9989.582325517642,1.3329562493903486,0.0,0.046875,2040.672856943116,64.71038228611825,43.22254044675719,6003.989529701415,9.167706593871117e-10,0.0,0.0027436447764428882,4.9150407796331785e-06,7912.2612790754865,0.005462729164551497,0.0,0.96875,0.09040524240952395,0.0,0.78125,92.4096596822128,6003.989529701415,0.011843343584464068,0.01488776211912391,7802.666453368329,403283.5480350037,0.03125,0.96875,0.171875,0.0
2,1.5e-07,1.4999514098001642e-07,4700.0,0.0007049771626060245,1.4999514098001642e-07,0.0005,4000.275004080111,1102038.4128984418,2042.1540397835206,76117.28385245909,71.61659056803568,174.7647064014292,143.23318113607135,10010.751340562267,1.33578092913948,0.0,0.046875,2042.1540397835206,64.71963075312553,43.44186894733957,6140.650346933864,9.167706593871117e-10,0.0,0.00274998799328272,4.9150407796331785e-06,7923.261432841429,0.005482826651065142,0.0,0.96875,0.08579776291490508,0.0,0.953125,94.53152203802165,6140.650346933864,0.012126544992844412,0.01514932348724813,7795.420879879839,405341.55548944,0.03125,0.96875,0.171875,0.0
2,1.5e-07,1.4999514098001642e-07,4725.0,0.0007087270411305245,1.4999514098001642e-07,0.0005,4000.218078027629,1104980.6657749235,2043.6513617997168,76144.93571930927,71.78019906162739,175.167686598293,143.56039812325477,10031.944543743683,1.3386088364237623,0.0,0.046875,2043.6513617997168,64.72818403075225,43.66045572815892,6279.443939813413,9.167706593871117e-10,0.0,0.0027562703559225452,4.9150407796331785e-06,7934.14629226989,0.005502854890726756,0.0,0.96875,0.08879300911711964,0.0,0.046875,96.69138241322798,6279.443939813413,0.012415585870781677,0.015413219847460856,7787.9033192285715,407406.3694645786,0.03125,0.96875,0.171875,0.0
2,1.5e-07,1.4999514098001642e-07,4750.0,0.0007124769196550244,1.4999514098001642e-07,0.0005,4000.1611943997423,1107931.2549423357,2045.1635665065824,76170.88587682314,71.94223908660581,175.56658716595234,143.88447817321162,10053.161314787816,1.341439888477152,0.0,0.046875,2045.1635665065824,64.7360234664117,43.87830114769258,6420.395089062862,9.313225746154785e-10,0.0,0.0027624924913186525,4.9150407796331785e-06,7944.91875124302,0.005522813073554417,0.0,0.96875,0.09191416822842614,0.0,0.046875,98.8898232241263,6420.395089062862,0.012710595162028552,0.01567943712482997,7780.109582873691,409478.6718392791,0.03125,0.96875,0.171875,0.0
2,1.5e-07,1.4999514098001642e-07,4775.0,0.0007162267981795244,1.4999514098001642e-07,0.0005,4000.1043539045363,1110890.1387163186,2046.689442971636,76195.1602071198,72.10272688968418,175.96144850000354,144.20545377936836,10074.40104297355,1.3442740038083012,0.0,0.046875,2046.689442971636,64.74313016928022,44.09540563680548,6563.529489111621,9.313225746154785e-10,0.0,0.0027686550233246205,4.9150407796331785e-06,7955.581659261369,0.00554270039896737,0.0,0.96875,0.09516852627747996,0.0,0.953125,101.12743801187753,6563.529489111621,0.013011705676535756,0.015947960950960717,7772.035467589962,411559.16479192465,0.03125,0.96875,0.171875,0.0
2,1.5e-07,1.4999514098001642e-07,4800.0,0.0007199766767040243,1.4999514098001642e-07,0.0005,4000.0475571835027,1113857.2756818463,2048.227825797638,76217.78423720192,72.2616786349755,176.3523107980522,144.523357269951,10095.663127065964,1.3471111021916489,0.0,0.046875,2048.227825797638,64.7494850121511,44.31176973576021,6708.873830188531,9.313225746154785e-10,0.0,0.0027747585726222825,4.9150407796331785e-06,7966.137821738646,0.005562516080858988,0.0,0.96875,0.09856392372620162,0.0,0.953125,103.40483126862091,6708.873830188531,0.01331905416827697,0.0162187768042693,7763.676756785648,413648.56987381075,0.03125,0.96875,0.171875,0.0
2,1.5e-07,1.4999514098001642e-07,4825.0,0.0007237265552285242,1.4999514098001642e-07,0.0005,3999.9908048119123,1116832.6246907373,2049.7775949860343,76238.78322103637,72.41911040226609,176.73921404951028,144.83822080453217,10116.946975244911,1.3499511046578916,0.0,0.046875,2049.7775949860343,64.75506863354322,44.527394133187045,6856.455880409572,9.604264050722122e-10,0.0,0.0027808037566554307,4.9150407796331785e-06,7976.590000313595,0.005582259352860869,0.0,0.03125,0.10210880834925189,0.0,0.953125,105.72261824553425,6856.455880409572,0.013632781414581114,0.016491870151375005,7755.02922187671,415747.62701111357,0.03125,0.96875,0.171875,0.0
2,1.5e-07,1.4999514098001642e-07,4850.0,0.0007274764337530242,1.4999514098001642e-07,0.0005,3999.9340972992054,1119816.1448595112,2051.3376756826297,76258.1822209239,72.57503818535841,177.12219802560037,145.15007637071682,10138.252005028944,1.3527939334838306,0.0,0.046875,2051.3376756826297,64.75986144007227,44.74227970656648,7006.304567299318,9.74978320300579e-10,0.0,0.002786791189566185,4.9150407796331785e-06,7986.940913178221,0.005601929473741694,0.0,0.96875,0.10581229425094943,0.0,0.953125,108.08142474482884,7006.304567299318,0.013953032297343886,0.01676722658859368,7746.088623718253,417857.09343640227,0.03125,0.96875,0.171875,0.0
2,1.5e-07,1.4999514098001642e-07,4875.0,0.0007312263122775241,1.4999514098001642e-07,0.0005,3999.8774350894023,1122807.7955675852,2052.907037807262,76276.00618764163,72.72947789048212,177.5013022695682,145.45895578096423,10159.57764319465,1.355639512181611,0.0,0.046875,2052.907037807262,64.76384360909354,44.956427564057776,7158.45005819574,9.89530235528946e-10,0.0,0.0027927214821339783,4.9150407796331785e-06,7997.193235421555,0.005621525732920219,0.0,0.96875,0.10968422786517568,0.0,0.953125,110.48188689918607,7158.45005819574,0.0142799558866923,0.017044831982564256,7736.850714093995,419977.7425508427,0.03125,0.96875,0.171875,0.0
2,1.5e-07,1.4999514098001642e-07,4900.0,0.0007349761908020241,1.4999514098001642e-07,0.0005,3999.8208185615426,1125807.536455812,2054.484695569567,76300.9226620061,72.88244533477132,177.8765660871029,145.76489066954264,10180.923325691443,1.3584877654873495,0.0,0.046875,2054.484695569567,64.76699509162398,45.169839087317996,7312.923838854302,1.0040821507573128e-09,0.0,0.0027985952417170852,4.9150407796331785e-06,8007.349599388095,0.005641047456048351,0.0,0.96875,0.11373526192126367,0.0,0.953125,112.92465094041108,7312.923838854302,0.014613705527459383,0.017324672608741026,7727.31123726449,422110.3627184634,0.03125,0.96875,0.171875,0.0
2,1.5e-07,1.4999514098001642e-07,4925.0,0.000738726069326524,1.4999514098001642e-07,0.0005,3999.7642480301215,1128815.3274253483,2056.0697068732943,76329.36088542521,73.03395624480743,178.2480285369653,146.06791248961486,10202.28849755188,1.361338619349169,0.0,0.046875,2056.0697068732943,64.76929561555212,45.38251597501403,7469.75878969999,1.0331859812140465e-09,0.0,0.0028044130721966696,4.9150407796331785e-06,8017.412595050316,0.0056604940106277785,0.0,0.96875,0.11797693851839712,0.0,0.953125,115.41037296140712,7469.75878969999,0.014954438929133328,0.017606735286827158,7717.465931575116,424255.755994051,0.03125,0.96875,0.171875,0.0
2,1.5e-07,1.4999514098001642e-07,4950.0,0.0007424759478510239,1.4999514098001642e-07,0.0005,3999.7077237455733,1131831.1286368552,2057.661172611999,76393.78666179195,73.18402625522538,178.6157284218226,146.36805251045075,10223.672612797578,1.364192000914645,0.0,0.046875,2057.661172611999,64.77072468914415,45.59446028670027,7628.989259053953,1.0477378964424133e-09,0.0,0.002810175573923265,4.9150407796331785e-06,8027.384770394308,0.0056798648116204165,0.0,0.96875,0.12242178264322143,0.0,0.953125,117.93971867310756,7628.989259053953,0.015302318259635551,0.01789100751195314,7707.3105311244835,426414.73678645305,0.03125,0.96875,0.171875,0.0
2,1.5e-07,1.4999514098001642e-07,4975.0,0.0007462258263755239,1.4999514098001642e-07,0.0005,3999.6512458947477,1134854.9005100254,2059.2582358592535,76456.49440592773,73.3326709073828,178.97970427929113,146.6653418147656,10245.075134340752,1.3670478385176659,0.0,0.046875,2059.2582358592535,64.77126160485423,45.80567448674992,7790.651132625993,1.0550138540565968e-09,0.0,0.0028158833436656722,4.9150407796331785e-06,8037.268631817988,0.005699159327014919,0.0,0.96875,0.12708340769298354,0.0,0.046875,120.51336316113884,7790.651132625993,0.015657510243697024,0.018177477580346393,7696.840767493788,428588.13045927207,0.03125,0.96875,0.171875,0.0
2,1.5e-07,1.4999514098001642e-07,5000.0,0.0007499757049000238,1.4999514098001642e-07,0.0005,3999.59481460142,1137886.6037234282,2060.8600809568884,76517.48663874931,73.48701982173361,179.33999437318545,146.97403964346722,10266.49553388146,1.3699060616647227,0.0,0.046875,2060.8600809568884,64.7708854434472,46.01616148798075,7954.781898787711,1.076841726899147e-09,0.0,0.002821810149980722,4.9150407796331785e-06,8047.066644541008,0.005718377083306167,0.0,0.96875,0.13197663483929264,0.0,0.953125,123.13199064486253,7954.781898787711,0.0160201862663376,0.01846613470878485,7686.0523715378695,430776.77187112696,0.03125,0.96875,0.171875,0.0
2,1.5e-07,1.4999514098001642e-07,5025.0,0.0007537255834245238,1.4999514098001642e-07,0.0005,3999.5384299268153,1140926.1992146736,2062.4659325050934,76576.76432944769,73.6411772162247,179.6966366849728,147.2823544324494,10287.93329180065,1.3727666010206383,0.0,0.046875,2062.4659325050934,64.76957507844143,46.22592469464416,8121.42070879275,1.076841726899147e-09,0.0,0.0028277296021713915,4.9150407796331785e-06,8056.781233025771,0.005737517670848281,0.0,0.96875,0.13711762839560768,0.0,0.953125,125.79629424238374,8121.42070879275,0.016390522482086108,0.018756969146327393,7674.941075238559,432981.50385788316,0.03125,0.96875,0.171875,0.0
2,1.5e-07,1.4999514098001642e-07,5050.0,0.0007574754619490237,1.4999514098001642e-07,0.0005,3999.4820918701457,1143973.648180888,2064.0750542585374,76634.32703291177,73.79394629272001,180.0496689054333,147.58789258544002,10309.387897049,1.375629388393734,0.0,0.046875,2064.0750542585374,64.76730918088022,46.43496804444112,8290.608431437984,1.0913936421275139e-09,0.0,0.002833595744677964,4.9150407796331785e-06,8066.414781408823,0.005756580749041412,0.0,0.96875,0.14252404974563807,0.0,0.953125,128.50697574542573,8290.608431437984,0.016768699930632625,0.019049972277605617,7663.502613620782,435203.17565942556,0.03125,0.03125,0.171875,0.0
2,1.5e-07,1.4999514098001642e-07,5075.0,0.0007612253404735236,1.4999514098001642e-07,0.0005,3999.4258003691684,1147028.912079493,2065.686747932983,76690.17303568518,73.94534117514834,180.39912842652473,147.8906823502967,10330.858847031715,1.378494356720458,0.0,0.046875,2065.686747932983,64.76406622443885,46.64329604917202,8462.387701402418,1.0913936421275139e-09,0.0,0.002839409119841738,4.9150407796331785e-06,8075.969633941953,0.0057755660513058435,0.0,0.96875,0.14821523286887037,0.0,0.046875,131.26474540774507,8462.387701402418,0.017154904659589392,0.019345136716380114,7651.7327267318615,437442.64129377063,0.03125,0.03125,0.171875,0.0
2,1.5e-07,1.4999514098001642e-07,5100.0,0.0007649752189980236,1.4999514098001642e-07,0.0005,3999.3695553007637,1150091.9526292884,2067.300351927187,76744.29950985662,74.0953759044174,180.74505233345064,148.1907518088348,10352.345647489277,1.3813614400494725,0.0,0.046875,2067.300351927187,64.75982449087539,46.85091383376948,8636.802960785106,1.0913936421275139e-09,0.0,0.0028451702668161024,4.9150407796331785e-06,8085.448095442345,0.005794473389814807,0.0,0.96875,0.1542123850786884,0.0,0.953125,134.0703217512637,8636.802960785106,0.017549327855118067,0.01964245638874472,7639.627161684348,439700.7578814868,0.03125,0.03125,0.171875,0.0
2,1.5e-07,1.4999514098001642e-07,5125.0,0.0007687250975225235,1.4999514098001642e-07,0.0005,3999.3133564815157,1153162.7318118275,2068.9152399651484,76796.7026742318,74.24406443735883,181.08747739693155,148.48812887471766,10373.847812374246,1.3842305735252163,0.0,0.046875,2068.9152399651484,64.75456207583225,47.057827173256555,8813.900493125431,1.1059455573558807e-09,0.0,0.002850879721526032,4.9150407796331785e-06,8094.852431751198,0.005813302659932036,0.0,0.96875,0.1605388172985626,0.0,0.953125,136.92443139327952,8813.900493125431,0.01795216598109126,0.01994192660482954,7627.181674762807,441978.38392359135,0.03125,0.03125,0.171875,0.0
2,1.5e-07,1.4999514098001642e-07,5150.0,0.0007724749760470235,1.4999514098001642e-07,0.0005,3999.2572036683277,1156241.2118730831,2070.530819664077,76847.37796208935,74.39142064572302,181.42644006567764,148.78284129144603,10395.36486372419,1.3871016933709475,0.0,0.046875,2070.530819664077,64.7482568949959,47.26404252739667,8993.728449417278,1.1204974725842476e-09,0.0,0.0028565380166294856,4.9150407796331785e-06,8104.184870200111,0.005832053844328161,0.0,0.96875,0.16722020906971816,0.0,0.953125,139.8278088993029,8993.728449417278,0.018356081696647847,0.02024354411839715,7617.5194254467715,444276.37753627636,0.03125,0.03125,0.171875,0.0
2,1.5e-07,1.4999514098001642e-07,5175.0,0.0007762248545715234,1.4999514098001642e-07,0.0005,3999.2010965590393,1159327.355325397,2072.1465310336944,76896.32019477627,74.53745831522264,181.76197645906146,149.07491663044527,10416.896331530832,1.3899747368712847,0.0,0.046875,2072.1465310336944,64.74088669062169,47.46956707260324,9176.336865461897,1.127773430198431e-09,0.0,0.0028621456814806826,4.9150407796331785e-06,8113.447600084721,0.0058507270167256105,0.0,0.03125,0.17428491455525127,0.0,0.953125,142.7811966651425,9176.336865461897,0.01876532937819396,0.020547307173363293,7608.776472160396,446595.59464598517,0.03125,0.03125,0.171875,0.0
2,1.5e-07,1.4999514098001642e-07,5200.0,0.0007799747330960233,1.4999514098001642e-07,0.0005,3999.145034793058,1162421.1249497076,2073.761844912748,76943.52376035643,74.6821911446233,182.09412235999133,149.3643822892466,10438.441753605446,1.3928496423542445,0.0,0.046875,2073.761844912748,64.73242903843004,47.67440873090527,9361.777670168784,1.127773430198431e-09,0.0,0.0028677032420951825,4.9150407796331785e-06,8122.642773144962,0.00586932234525026,0.0,0.96875,0.18176431712889354,0.0,0.953125,145.7853448328824,9361.777670168784,0.019183007253194478,0.02085321553688893,7599.712751430321,448936.8871485542,0.03125,0.03125,0.171875,0.0
2,1.5e-07,1.4999514098001642e-07,5225.0,0.0007837246116205233,1.4999514098001642e-07,0.0005,3999.0890179520184,1165522.483798045,2075.376261348841,76988.98279648612,74.82563274488109,182.4229132079812,149.65126548976218,10460.000675440624,1.395726349172798,0.0,0.046875,2075.376261348841,64.72286135488127,47.90699412344384,9550.104684229475,1.127773430198431e-09,0.0,0.0028732112211167673,4.9150407796331785e-06,8131.772504051409,0.005891334773516553,0.0,0.9609375,0.18969324178779567,0.0,0.953125,148.84101124317385,9550.104684229475,0.01960931319091475,0.021161270518287548,7590.322506151508,451301.10103626736,0.03125,0.03125,0.171875,0.0
2,1.5e-07,1.4999514098001642e-07,5250.0,0.0007874744901450232,1.4999514098001642e-07,0.0005,3999.0330455604408,1168631.395196296,2076.9893079278904,77032.69137665318,74.9677966383251,182.74838409241858,149.9355932766502,10481.572650068483,1.39860479768595,0.0,0.046875,2076.98930792789,64.7121609048341,48.251640454751396,9741.373608855065,1.127773430198431e-09,0.0,0.002878670137786054,4.9150407796331785e-06,8140.838870897116,0.005927109137026083,0.0,0.9609375,0.19811043669001677,0.0,0.953125,151.9489614302147,9741.373608855065,0.020044450674375377,0.021471474973599376,7580.599932552141,453689.0744968727,0.03125,0.03125,0.171875,0.0
2,1.5e-07,1.4999514098001642e-07,5275.0,0.0007912243686695232,1.4999514098001642e-07,0.0005,3998.9771170864087,1171747.8227472254,2078.6005380597485,77074.64369888403,75.108696257885,183.0705697460263,150.21739251577,10503.157237915386,1.4014849292393532,0.0,0.046875,2078.6005380597476,64.70030480959466,48.596209075105435,9935.642004021909,1.127773430198431e-09,0.0,0.0028840805079108334,4.9150407796331785e-06,8149.843915694473,0.005962839236898981,0.0,0.9609375,0.2070591377159414,0.0,0.953125,155.10996866042115,9935.642004021909,0.020488629004986,0.021783833295146823,7570.539181644337,456101.6359887151,0.03125,0.03125,0.171875,0.0
2,1.5e-07,1.4999514098001642e-07,5300.0,0.0007949742471940231,1.4999514098001642e-07,0.0005,3998.921231942267,1174871.7303337469,2080.2095292266513,77114.83427599324,75.24834494636106,183.38950453851953,150.49668989272212,10524.754006653224,1.4043666861454658,0.0,0.046875,2080.2095292266504,64.68727005536034,48.94069229662364,10132.96925610071,1.127773430198431e-09,0.0,0.0028894428438380375,4.9150407796331785e-06,8158.789644876524,0.005998523607892861,0.0,0.0390625,0.21658773323858047,0.0,0.953125,158.3248140211872,10132.96925610071,0.020933006664447404,0.02209835138634888,7563.405322470273,458539.6022963184,0.03125,0.03125,0.171875,0.0
2,1.5e-07,1.4999514098001642e-07,5325.0,0.000798724125718523,1.4999514098001642e-07,0.0005,3998.86538948532,1178003.0821224432,2081.8158812013644,77153.25812642362,75.38675595573741,183.70522247045386,150.77351191147483,10546.362531047447,1.4072500116632711,0.0,0.046875,2081.8158812013635,64.67303350206464,49.28508320111996,10333.41653446015,1.127773430198431e-09,0.0,0.002894757654427373,4.9150407796331785e-06,8167.678029802304,0.006034160874276393,0.0,0.9609375,0.2267505504788767,0.0,0.953125,161.59428656099772,10333.41653446015,0.021374968893248403,0.02241503662144433,7559.9776246710535,461003.7765708682,0.03125,0.03125,0.171875,0.0
2,1.5e-07,1.4999514098001642e-07,5350.0,0.000802474004243023,1.4999514098001642e-07,0.0005,3998.8095890185505,1181141.8425673228,2083.4192142419774,77189.91096470521,75.52394244653625,184.01775716726405,151.0478848930725,10567.982392801781,1.41013484997756,0.0,0.046875,2083.4192142419765,64.65757189262663,49.629375764427095,10537.046736927703,1.127773430198431e-09,0.0,0.0029000254450265222,4.9150407796331785e-06,8176.511007265626,0.006069749764945777,0.0,0.9609375,0.2376087901952811,0.0,0.953125,164.91918348608306,10537.046736927703,0.021825328693997885,0.022733897790418546,7556.320722511591,463494.94636017317,0.03125,0.03125,0.171875,0.0
2,1.5e-07,1.4999514098001642e-07,5375.0,0.0008062238827675229,1.4999514098001642e-07,0.0005,3998.753829791351,1184287.9764138074,2085.019167270439,77224.7893905424,75.65991748721257,184.32714187349197,151.31983497442513,10589.61318039984,1.413021146177794,0.0,0.046875,2085.0191672704373,64.64086186260997,49.973564981083655,10743.92442392651,1.127773430198431e-09,0.0,0.0029052467174479,4.9150407796331785e-06,8185.2904800069355,0.006105289128485678,0.0,0.9609375,0.24923164340092538,0.0,0.953125,168.30031041570328,10743.92442392651,0.02228425425887736,0.023054945029282216,7552.431796036326,466013.8816327946,0.03125,0.03125,0.171875,0.0
2,1.5e-07,1.4999514098001642e-07,5400.0,0.0008099737612920229,1.4999514098001642e-07,0.0005,3998.698111000259,1187441.4487029456,2086.6153960419906,77257.89107552622,75.7946940535886,184.6334094472011,151.5893881071772,10611.254488943656,1.415908846236562,0.0,0.046875,2086.6153960419883,64.62287995029457,50.317646988584784,10954.115741267335,1.1204974725842476e-09,0.0,0.00291042196994694,4.9150407796331785e-06,8194.018317227758,0.0061407779480786556,0.0,0.9609375,0.26169763284159586,0.0,0.953125,171.73848170010024,10954.115741267335,0.022751917496856826,0.023378189736190106,7548.30803706219,468561.33280114713,0.03125,0.03125,0.171875,0.0
2,1.5e-07,1.4999514098001642e-07,5425.0,0.0008137236398165228,1.4999514098001642e-07,0.0005,3998.642431789715,1190602.2247758452,2088.207571312728,77289.21494646156,75.92828502832641,184.93659235457594,151.85657005665283,10632.90591998922,1.4187978969876336,0.0,0.046875,2088.2075713127256,64.60360260716485,50.661619190310375,11167.688331616111,1.1132215149700642e-09,0.0,0.0029155516972018407,4.9150407796331785e-06,8202.696355107284,0.006176215356157453,0.0,0.9609375,0.2750962338297426,0.0,0.953125,175.23452080257994,11167.688331616111,0.02322849417175946,0.02370364447396053,7543.946650473154,471138.0287484608,0.03125,0.03125,0.171875,0.0
2,1.5e-07,1.4999514098001642e-07,5450.0,0.0008174735183410228,1.4999514098001642e-07,0.0005,3998.5867912528174,1193770.2702783125,2089.7953770125346,77318.76136429372,76.06070320043854,185.2367226647054,152.12140640087708,10654.567081379142,1.4216882461036318,0.0,0.046875,2089.7953770125323,64.58300620881656,51.00548037652243,11384.711234669201,1.1132215149700642e-09,0.0,0.002920636390294775,4.9150407796331785e-06,8211.326397320712,0.006211600648728942,0.0,0.9609375,0.2927576085928349,0.0,0.7734375,178.78926074931223,11384.711234669201,0.02371416405204181,0.024031322859562713,7539.344855545027,473744.67486457643,0.03125,0.03125,0.171875,0.0
2,1.5e-07,1.4999514098001642e-07,5475.0,0.0008212233968655227,1.4999514098001642e-07,0.0005,3998.5311884321036,1196945.5511657002,2091.378508430649,77346.5322976211,76.19196126483513,185.53383204454687,152.38392252967026,10676.23758707248,1.4245798420733249,0.0,0.046875,2091.378508430646,64.56106706628492,51.34923084244656,11605.2547763302,1.1132215149700642e-09,0.0,0.0029256765366945012,4.9150407796331785e-06,8219.910215558886,0.006246933299253225,0.0,0.9609375,0.37624954625673407,0.0,0.7734375,182.40354464872507,11605.2547763302,0.02420911107267812,0.02436123944166972,7534.499887299942,476381.95109562017,0.03125,0.03125,0.171875,0.0
2,1.5e-07,1.4999514098001642e-07,5500.0,0.0008249732753900226,1.4999514098001642e-07,0.0005,3998.475622320323,1200128.0337079498,2092.9566704211124,77372.53148978722,76.32207182190722,185.8279517540693,152.64414364381443,10697.917056971852,1.4274726341785582,0.0,0.046875,2092.956670421109,64.53776143779523,51.69287250272828,11829.39044706896,1.1059455573558807e-09,0.0,0.0029306726202403613,4.9150407796331785e-06,8228.44955004892,0.0062822129719955514,0.0,0.9609375,0.5224234213350759,0.0,0.2265625,186.07822628252325,11829.39044706896,0.02471352350956858,0.024693409567095707,7529.408997890467,479050.51001267065,0.03125,0.03125,0.171875,0.0
2,1.5e-07,1.4999514098001642e-07,5525.0,0.0008287231539145226,1.4999514098001642e-07,0.0005,3998.420091861236,1203317.6844948216,2094.52957563528,77396.7646185555,76.45104737714439,186.11911264157422,152.90209475428878,10719.605116747942,1.4303665724708374,0.0,0.046875,2094.529575635276,64.51306554093738,52.036409001370885,12057.190769843291,1.1059455573558807e-09,0.0,0.0029356251211276,4.9150407796331785e-06,8236.946110075376,0.006317439534747023,0.0,0.0390625,0.8442961104997714,0.0,0.2265625,189.81417076881917,12057.190769843291,0.02516771212548562,0.025027849237319936,7541.9716270756035,481750.9749045626,0.03125,0.03125,0.171875,0.0
2,1.5e-07,1.4999514098001642e-07,5550.0,0.0008324730324390225,1.4999514098001642e-07,0.0005,3998.3645959504115,1206514.47044131,2096.09694278851,77419.23944738746,76.57890034078747,186.40734513919085,153.15780068157494,10741.301397661415,1.4332616077475644,0.0,0.046875,2096.0969427885066,64.48695556526431,52.37984581646651,12288.729158028495,1.1059455573558807e-09,0.0,0.0029405345158940274,4.9150407796331785e-06,8245.40157450167,0.006352613070835451,0.0,0.9609375,1.0,0.0,0.2265625,193.61225530078082,12288.729158028495,0.025392048667782715,0.025364574956383293,7624.916675054854,484483.9379000077,0.03125,0.03125,0.171875,0.0
2,1.5e-07,1.4999514098001642e-07,5575.0,0.0008362229109635225,1.4999514098001642e-07,0.0005,3998.309133436034,1209718.3587932312,2097.658494968053,77448.29874318957,76.70564302751362,186.692679258545,153.41128605502723,10763.00553638241,1.4361576915279528,0.0,0.046875,2097.6584949680496,64.4594076853142,52.723190358776264,12524.079763903748,1.1059455573558807e-09,0.0,0.002945401277407928,4.9150407796331785e-06,8253.81759229128,0.006387733890317314,0.0,0.9609375,1.0,0.0,0.2265625,197.47336995867954,12524.079763903748,0.02562018149441583,0.02570360357159798,7707.727207230004,487249.95812426205,0.03125,0.03125,0.171875,0.0
2,1.5e-07,1.4999514098001642e-07,5600.0,0.0008399727894880224,1.4999514098001642e-07,0.0005,3998.2537031197235,1212929.3171329831,2099.2139579890186,77525.9302264054,76.83128765615416,186.9751445865976,153.66257531230832,10784.71717480765,1.4390547760286232,0.0,0.046875,2099.213957989015,64.43039807405559,53.06645206344638,12763.31731834123,1.1059455573558807e-09,0.0,0.002950225874857226,4.9150407796331785e-06,8262.195783028566,0.006422802540270293,0.0,0.9609375,1.0,0.0,0.2265625,201.39841859805165,12763.31731834123,0.025852163130358454,0.02604495210864411,7790.389437916994,490049.55989553104,0.03125,0.03125,0.171875,0.0
2,1.5e-07,1.4999514098001642e-07,5625.0,0.0008437226680125223,1.4999514098001642e-07,0.0005,3998.1983037573614,1216147.3133854612,2100.763058805141,77603.69015955552,76.95584634944484,187.25477028165275,153.91169269888968,10806.43595987528,1.4419528141388964,0.0,0.046875,2100.763058805137,64.39990291675339,53.409642474126485,13006.51696233917,1.0913936421275139e-09,0.0,0.002955008773739894,4.9150407796331785e-06,8270.537737438754,0.006457819814103956,0.0,0.9609375,0.6238072547862733,0.0,0.7734375,205.38831981340627,13006.51696233917,0.026088045415937858,0.026388637602538574,7872.890304305023,492883.230966344,0.03125,0.03125,0.171875,0.0
2,1.5e-07,1.4999514098001642e-07,5650.0,0.0008474725465370223,1.4999514098001642e-07,0.0005,3998.1429340599116,1219372.3158241294,2102.30552398089,77681.60798028267,77.07933113380525,187.53158506953108,154.1586622676105,10828.161543377486,1.444851759395791,0.0,0.046875,2102.305523980886,64.36789842525408,53.75277531862503,13253.754071305972,1.076841726899147e-09,0.0,0.002959750435855485,4.9150407796331785e-06,8278.845017906819,0.006492786759790752,0.0,0.9609375,0.46139599305114065,0.0,0.953125,209.4440079753549,13253.754071305972,0.026327879609556553,0.02673467692642245,7955.2174759767,495751.42081507645,0.03125,0.03125,0.171875,0.0
2,1.5e-07,1.4999514098001642e-07,5675.0,0.0008512224250615222,1.4999514098001642e-07,0.0005,3998.0875926942745,1222604.2930772384,2103.841078231252,77759.71353054179,77.20175393915005,187.80561723990684,154.4035078783001,10849.893581771075,1.4477515659587472,0.0,0.046875,2103.841078231248,64.38185335568329,54.09586657550335,13505.10407297453,1.076841726899147e-09,0.0,0.002964451319297882,4.9150407796331785e-06,8287.119158995003,0.006527704686952236,0.0,0.0390625,0.4937234301212597,0.0,0.953125,213.5664343421231,13505.10407297453,0.026571716490654717,0.027083086619953067,8037.359363563679,498654.5389927912,0.96875,0.03125,0.171875,0.0
2,1.5e-07,1.4999514098001642e-07,5700.0,0.0008549723035860222,1.4999514098001642e-07,0.0005,3998.0322782841176,1225843.2141341835,2105.369443035262,77838.03703924836,77.32312659872835,188.07689464280696,154.6462531974567,10871.631735985971,1.4506521885840735,0.0,0.046875,2105.369443035258,64.40387544646181,54.43893453085548,13760.642259893473,1.1132215149700642e-09,0.0,0.0029691118784491307,4.9150407796331785e-06,8295.361667958632,0.006562575172717226,0.0,0.9609375,0.5298255135913674,0.0,0.953125,217.75656824339967,13760.642259893473,0.026819606462652953,0.02743388271912091,8119.305126517487,501592.95353050996,0.96875,0.03125,0.171875,0.0
2,1.5e-07,1.4999514098001642e-07,5725.0,0.0008587221821105221,1.4999514098001642e-07,0.0005,3997.9769894107317,1229089.0483519905,2106.890335329113,77916.6091002471,77.44346084899198,188.34544468526903,154.88692169798395,10893.375671231834,1.453553582599144,0.0,0.046875,2106.890335329109,64.42507880963397,54.78199982456863,14020.443597656675,1.127773430198431e-09,0.0,0.002973732563974383,4.9150407796331785e-06,8303.574025259988,0.006597400066274881,0.0,0.9609375,0.5703798540945975,0.0,0.953125,222.01539833346033,14020.443597656675,0.027071599655534944,0.027787080589629087,8201.044679975828,504566.9894119606,0.96875,0.03125,0.171875,0.0
2,1.5e-07,1.4999514098001642e-07,5750.0,0.000862472060635022,1.4999514098001642e-07,0.0005,3997.9217246138855,1232341.765461933,2108.403466284372,77995.46064562384,77.56276832949172,188.61129432815494,155.12553665898344,10915.125056802839,1.4564557038763486,0.0,0.046875,2108.403466284368,64.4454408443669,55.125085485628915,14284.582529924344,1.1496013030409813e-09,0.0,0.0029783138228179104,4.9150407796331785e-06,8311.757685079985,0.006632181492078524,0.0,0.9609375,0.6162355624931866,0.0,0.953125,226.34393391306367,14284.582529924344,0.0273277460280857,0.028142694765629788,8282.568700705939,507576.9271167973,0.96875,0.03125,0.171875,0.0
2,1.5e-07,1.4999514098001642e-07,5775.0,0.000866221939159522,1.4999514098001642e-07,0.0005,3997.866482392685,1235601.335576261,2109.908540176504,78074.62291440103,77.68106058280011,188.87447008312006,155.36212116560023,10936.879565880678,1.4593585088068062,0.0,0.046875,2109.9085401765,64.46493867481618,55.468216955642674,14553.132781655062,1.1641532182693481e-09,0.0,0.0029828560982001406,4.9150407796331785e-06,8319.914075827372,0.006666921851608985,0.0,0.9609375,0.6684711237685892,0.0,0.953125,230.74320631523005,14553.132781655062,0.027588095469295856,0.028500738796211747,8363.868632107478,510623.00123916194,0.96875,0.03125,0.171875,0.0
2,1.5e-07,1.4999514098001642e-07,5800.0,0.0008699718176840219,1.4999514098001642e-07,0.0005,3997.8112612064356,1238867.729195044,2111.4052533486047,78154.12741668269,77.79834905446116,189.13499800973298,155.5966981089223,10958.63887533596,1.4622619542738653,0.0,0.046875,2111.4052533486006,64.48354915411645,55.81142210026974,14826.167161645368,1.178705133497715e-09,0.0,0.0029873598296157257,4.9150407796331785e-06,8328.04460064525,0.006701623823669907,0.0,0.9609375,0.7284774008485029,0.0,0.953125,235.21427035269153,14826.167161645368,0.027852697898813936,0.028861225101248354,8444.93668825912,513705.39918640116,0.96875,0.03125,0.171875,0.0
2,1.5e-07,1.4999514098001642e-07,5825.0,0.0008737216962085219,1.4999514098001642e-07,0.0005,3997.756059475513,1242140.9172131168,2112.893293274799,78234.00589333326,77.91464509296515,189.39290371274504,155.8292901859303,10980.402665527985,1.465165997626386,0.0,0.046875,2112.893293274795,64.50124886873985,56.15473120804472,15103.757366032805,1.2005330063402653e-09,0.0,0.0029918254528325766,4.9150407796331785e-06,8336.150637914656,0.006736290363161216,0.0,0.0390625,0.7980794920284702,0.0,0.953125,239.7582058221742,15103.757366032805,0.028121603366047552,0.029224164839177967,8525.765856993945,516824.2599625869,0.96875,0.03125,0.171875,0.0
2,1.5e-07,1.4999514098001642e-07,5850.0,0.0008774715747330218,1.4999514098001642e-07,0.0005,3997.7008755822367,1245420.8709271227,2114.372337727474,78314.2902712993,78.02995994974873,189.64821233950602,156.05991989949746,11002.170620103083,1.4680705966518333,0.0,0.046875,2114.37233772747,64.5180141432313,56.49817697612252,15385.9737839601,1.2005330063402653e-09,0.0,0.0029962533998918644,4.9150407796331785e-06,8344.233541755013,0.006770924698284447,0.0,0.9609375,0.8797204556845055,0.0,0.953125,244.37611906193342,15385.9737839601,0.02839486214770613,0.029589567788230024,8606.349901990114,519979.673041397,0.96875,0.03125,0.171875,0.0
2,1.5e-07,1.4999514098001642e-07,5875.0,0.0008812214532575218,1.4999514098001642e-07,0.0005,3997.6457078717394,1248707.5620426454,2115.8420540520247,78395.01261470222,78.14430477921923,189.90094857752428,156.28860955843845,11023.942425791509,1.4709757095491731,0.0,0.046875,2115.8420540520196,64.53382104533006,56.84179448259874,15672.885307133663,1.2150849215686321e-09,0.0,0.003000644099108956,4.9150407796331785e-06,8352.294642521223,0.006805530326147652,0.0,0.0390625,0.9767469348226159,0.0,0.953125,249.06914455609513,15672.885307133663,0.028672524843277328,0.029957442243505366,8686.683363864722,523171.67733274936,0.96875,0.03125,0.171875,0.0
2,1.5e-07,1.4999514098001642e-07,5900.0,0.0008849713317820217,1.4999514098001642e-07,0.0005,3997.5905546528456,1252000.9626814248,2117.3020985524163,78476.20507185427,78.25769063880232,190.15113665216805,156.51538127760463,11045.71777220308,1.4738812949016056,0.0,0.046875,2117.3020985524113,64.5486453914867,57.185621145238656,15964.559144736268,1.229636836796999e-09,0.0,0.003004997975075242,4.9150407796331785e-06,8360.335247297218,0.006840111006759685,0.0,0.9609375,1.0,0.0,0.046875,253.8384465825875,15964.559144736268,0.028954642468347357,0.030327794931621792,8766.761560260282,526400.2602474256,0.96875,0.03125,0.171875,0.0
2,1.5e-07,1.4999514098001642e-07,5925.0,0.0008887212103065216,1.4999514098001642e-07,0.0005,3997.5354141989546,1255301.0453886492,2118.930354053759,78557.89981837003,78.37012848901297,190.39880032450642,156.74025697802594,11067.496351621552,1.4767873116491268,0.015625,0.046875,2118.930354053759,64.56246275278431,57.52969666627632,16261.060645363294,1.229636836796999e-09,0.0,0.0030093154486608644,4.9150407796331785e-06,8368.356640385771,0.006874670755383135,0.0,0.9609375,1.0,0.0,0.046875,258.68522089595353,16261.060645363294,0.029241266545072867,0.030700630944882082,8846.580584914569,529665.3568637513,0.96875,0.03125,0.171875,0.0
2,1.5e-07,1.4999514098001642e-07,5950.0,0.0008924710888310216,1.4999514098001642e-07,0.0005,3997.480284748919,1258607.7831403175,2120.558875993152,78640.12899656732,78.48162919354839,190.6439628892855,156.96325838709677,11089.277858797894,1.4796937190609443,0.015625,0.046875,2120.5588759931516,64.57524846127242,57.87406296316567,16562.453127600253,1.2369127944111824e-09,0.0,0.003013596937018282,4.9150407796331785e-06,8376.360083794387,0.006909213833241687,0.0,0.0390625,1.0,0.0,0.046875,263.610696440388,16562.453127600253,0.029532449189624298,0.031075953696659046,8926.137305706528,532966.8492002185,0.96875,0.03125,0.171875,0.0
2,1.5e-07,1.4999514098001642e-07,5975.0,0.0008962209673555215,1.4999514098001642e-07,0.0005,3997.425164507925,1261921.1493506632,2122.1802655731276,78722.92465137233,78.59220351940289,190.88664717303953,157.18440703880577,11111.06199074247,1.4826004767077474,0.015625,0.046875,2122.180265573127,64.58697761672205,58.218764085277144,16868.797720971983,1.2441887520253658e-09,0.0,0.0030178428535866824,4.9150407796331785e-06,8384.346817717098,0.006943744736591065,0.0,0.9609375,1.0,0.0,0.046875,268.61613708651566,16868.797720971983,0.029828243196240677,0.0314537648997468,9005.429361671893,536304.5655977346,0.96875,0.03125,0.171875,0.0
2,1.5e-07,1.4999514098001642e-07,6000.0,0.0008999708458800215,1.4999514098001642e-07,0.0005,3997.370051648375,1265241.1178796352,2123.7941925855775,78806.31866296384,78.7018621370035,191.1268755323328,157.403724274007,11132.84844651629,1.4855075444338521,0.015625,0.046875,2123.794192585577,64.59762509381005,58.56384611645717,17180.153218941297,1.2514647096395493e-09,0.0,0.003022053608097192,4.9150407796331785e-06,8392.31806101207,0.006978268184153482,0.0,0.0390625,1.0,0.0,0.046875,273.70284338293277,17180.153218941297,0.030128702117292037,0.03183406456916947,9084.45515898423,539678.2802149577,0.96875,0.03125,0.171875,0.0
2,1.5e-07,1.4999514098001642e-07,6025.0,0.0009037207244045214,1.4999514098001642e-07,0.0005,3997.3149443107804,1268567.6630404321,2125.400315390062,78890.34267641167,78.8106156203665,191.3646698521296,157.621231240733,11154.636927021344,1.4884148823292258,0.015625,0.046875,2125.4003153900617,64.60716554974043,58.909357063625066,17496.575945695397,1.2587406672537327e-09,0.0,0.0030262296065788822,4.9150407796331785e-06,8400.275011674725,0.007012789102946354,0.0,0.0390625,1.0,0.0,0.046875,278.8721543159263,17496.575945695397,0.030433880339053847,0.0322168510508981,9163.213865898906,543087.7126399865,0.96875,0.03125,0.171875,0.0
2,1.5e-07,1.4999514098001642e-07,6050.0,0.0009074706029290213,1.4999514098001642e-07,0.0005,3997.2598406046295,1271900.7596070743,2126.998280823385,78975.02802858298,78.91847444727324,191.6000515442908,157.83694889454648,11176.427134790172,1.491322450701407,0.015625,0.046875,2126.9982808233844,64.6155734323098,59.25534673146467,17818.119638396893,1.2732925824820995e-09,0.0,0.0030303712513655226,4.9150407796331785e-06,8408.218847306383,0.007047312612521667,0.0,0.9609375,1.0,0.0,0.046875,284.12544906920084,17818.119638396893,0.03074383315275136,0.032602121077667696,9241.705406658883,546532.5276214075,0.96875,0.03125,0.171875,0.0
2,1.5e-07,1.4999514098001642e-07,6075.0,0.0009112204814535213,1.4999514098001642e-07,0.0005,3997.2047386092863,1275240.3828220193,2128.587724222907,79060.40567260965,79.02544899946575,191.83304154619395,158.0508979989315,11198.218773774679,1.4942302100473264,0.015625,0.046875,2128.5877242229067,64.62282298842425,59.60186658360908,18144.83534663357,1.2951204553246498e-09,0.0,0.0030344789411030945,4.9150407796331785e-06,8416.150725578213,0.007081844007673029,0.0,0.0390625,1.0,0.0,0.046875,289.464148775216,18144.83534663357,0.031058616820440976,0.032989869853054105,9319.930454362911,550012.334921466,0.96875,0.03125,0.171875,0.0
2,1.5e-07,1.4999514098001642e-07,6100.0,0.0009149703599780212,1.4999514098001642e-07,0.0005,3997.1496363748597,1278586.5084038056,2130.1682695638024,79146.50610022577,79.13154956286058,192.06366031947323,158.26309912572117,11220.011549134326,1.4971381210250454,0.015625,0.046875,2130.168269563802,64.62888827307418,59.94896959048401,18476.771350773517,1.3023964129388332e-09,0.0,0.0030385530707579982,4.9150407796331785e-06,8424.071784690346,0.007116388739639358,0.0,0.9609375,1.0,0.0,0.046875,294.88971824960026,18476.771350773517,0.031378288635309545,0.03338009116478925,9397.890422799064,553526.6892938749,0.96875,0.03125,0.171875,0.0
2,1.5e-07,1.4999514098001642e-07,6125.0,0.0009187202385025212,1.4999514098001642e-07,0.0005,3997.0945319230896,1281939.1125547218,2131.739529709939,79233.35926230326,79.23678632778118,192.2919278488784,158.47357265556235,11241.80516702376,1.5000461444254174,0.015625,0.046875,2131.7395297099383,64.6337431587731,60.296710064357285,18813.973100744653,1.3023964129388332e-09,0.0,0.0030425940316259775,4.9150407796331785e-06,8431.983143826164,0.007150952395879265,0.0,0.9609375,1.0,0.0,0.046875,300.4036676992109,18813.973100744653,0.03170290697590923,0.03377277752783658,9475.587457247537,557075.0905884951,0.96875,0.03125,0.171875,0.0
2,1.5e-07,1.4999514098001642e-07,6150.0,0.0009224701170270211,1.4999514098001642e-07,0.0005,3997.0394232482286,1285298.1719684987,2133.3011067776247,79320.9944879272,79.3411693892077,192.51786364124862,158.6823387784154,11263.599334379976,1.5029542411436876,0.015625,0.046875,2133.301106777624,64.63736134546612,60.64514348198827,19156.483177067246,1.3242242857813835e-09,0.0,0.0030466022113417148,4.9150407796331785e-06,8439.885903601422,0.007185540678471744,0.0,0.0390625,1.0,0.0,0.046875,306.0075543955536,19156.483177067246,0.03203253135399449,0.034167920358207565,9553.024424259063,560656.983984851,0.96875,0.03125,0.171875,0.0
2,1.5e-07,1.4999514098001642e-07,6175.0,0.000926219995551521,1.4999514098001642e-07,0.0005,3996.9843083179135,1288663.6638380096,2134.8525926109305,79409.440402369,79.44470874704375,192.74148672460046,158.8894174940875,11285.39375870904,1.5058623721510354,0.015625,0.046875,2134.852592610929,64.63971637091346,60.99432629562034,19504.34127541678,1.3242242857813835e-09,0.0,0.003050577993889068,4.9150407796331785e-06,8447.781146508358,0.007220159381239481,0.0,0.9609375,1.0,0.0,0.046875,311.7029843035634,19504.34127541678,0.03236722245547012,0.03456551017741211,9630.204900417244,564271.7603561508,0.96875,0.03125,0.171875,0.0
2,1.5e-07,1.4999514098001642e-07,6200.0,0.000929969874076021,1.4999514098001642e-07,0.0005,3996.929185074047,1292035.565862986,2136.6704825714664,79498.72484432814,79.54741430639982,192.96281564732394,159.09482861279963,11307.188147872535,1.5087704984660784,0.046875,0.0390625,2136.6704825714664,64.64078162155333,61.344315732715586,19857.584216309246,1.3242242857813835e-09,0.0,0.0030545217596119594,4.9150407796331785e-06,8455.669937354529,0.007254814365650132,0.0,0.9609375,1.0,0.0,0.046875,317.49161365675536,19857.584216309246,0.032707042174095584,0.03496553684793998,9707.133160093974,567918.7567651824,0.96875,0.03125,0.171875,0.0
2,1.5e-07,1.4999514098001642e-07,6225.0,0.0009337197526005209,1.4999514098001642e-07,0.0005,3996.8740514336587,1295413.8562577271,2139.2471347084033,79588.87478282538,79.64929587789264,193.18186847748922,159.29859175578528,11330.652395646903,1.511901441751684,0.046875,0.0390625,2139.2471347084033,64.64053034384877,61.695169585471376,20216.245981400833,1.3242242857813835e-09,0.0,0.003058433885225868,4.9150407796331785e-06,8463.553323696338,0.007289511535626135,0.0,0.0390625,1.0,0.0,0.046875,323.3751504689935,20216.245981400833,0.03305205363752806,0.035367989839927116,9783.814162210663,571597.2570931527,0.96875,0.03125,0.15625,0.0
2,1.5e-07,1.4999514098001642e-07,6250.0,0.0009374696311250209,1.4999514098001642e-07,0.0005,3996.818905289784,1298798.5137588163,2141.8343505443772,79679.91623414254,79.75036317796008,193.39866280225624,159.50072635592016,11354.511326512562,1.5150850494306474,0.046875,0.0390625,2141.8343505443772,64.63893565612126,62.046945990793574,20580.357777422294,1.3242242857813835e-09,0.0,0.003062314743829922,4.9150407796331785e-06,8471.432336267191,0.0073242568113497586,0.0,0.9609375,1.0,0.0,0.046875,329.35535597406124,20580.357777422294,0.03340232122541016,0.03577285852829305,9860.253536018048,575306.4928022209,0.96875,0.03125,0.15625,0.0
2,1.5e-07,1.4999514098001642e-07,6275.0,0.0009412195096495208,1.4999514098001642e-07,0.0005,3996.7637445123214,1302189.5176328213,2144.4321083095297,79771.87417921235,79.85062582919095,193.6132157273879,159.7012516583819,11378.40788203166,1.5182736775414263,0.046875,0.0390625,2144.4321083095297,64.63597056087444,62.399703201585,20949.948129197117,1.3242242857813835e-09,0.0,0.0030661647049195612,4.9150407796331785e-06,8479.307989400217,0.007359056102171239,0.0,0.9609375,1.0,0.0,0.046875,335.4340459833111,20949.948129197117,0.033757910579127484,0.03618013252038205,9936.457565910787,579045.6438321497,0.96875,0.03125,0.15625,0.0
2,1.5e-07,1.4999514098001642e-07,6300.0,0.0009449693881740207,1.4999514098001642e-07,0.0005,3996.7085669488965,1305586.847683986,2147.0403932589797,79864.77248187165,79.95009336066927,193.82554387686343,159.90018672133854,11402.341989546643,1.5214673163889867,0.046875,0.0390625,2147.0403932589797,64.63160795761026,62.75349935050326,21325.04300260218,1.3242242857813835e-09,0.0,0.00306998413439976,4.9150407796331785e-06,8487.18128144542,0.0073939152787621315,0.0,0.0390625,1.0,0.0,0.046875,341.6130921512449,21325.04300260218,0.03411888860284136,0.036589802013104654,10012.433175293874,582813.8396311793,0.96875,0.03125,0.15625,0.0
2,1.5e-07,1.4999514098001642e-07,6325.0,0.0009487192666985207,1.4999514098001642e-07,0.0005,3996.6533704257195,1308990.4842619027,2149.659198077114,79958.63380839676,80.04877520833293,194.04805294111813,160.09755041666585,11426.31357331153,1.5246659558661917,0.046875,0.0390625,2149.659198077114,64.6258206561385,63.10839220707567,21705.66595849255,1.3242242857813835e-09,0.0,0.0030737733945987943,4.9150407796331785e-06,8495.05319518137,0.0074288401446235205,0.0,0.0390625,1.0,0.0,0.046875,347.89442314188636,21705.66595849255,0.034485323455718524,0.03700185817889512,10088.187909520588,586610.1603208913,0.96875,0.03125,0.15625,0.0
2,1.5e-07,1.4999514098001642e-07,6350.0,0.0009524691452230206,1.4999514098001642e-07,0.0005,3996.5981527484337,1312400.4082691611,2152.2885232886006,80053.47954874583,80.14668071534537,194.29824227940503,160.29336143069074,11450.322554276503,1.527869585425058,0.046875,0.0390625,2152.2885232886006,64.61858139038118,63.46443892941261,22091.838338322937,1.3387762010097504e-09,0.0,0.0030775328442825198,4.9150407796331785e-06,8502.924698221195,0.007463836407099938,0.0,0.0390625,1.0,0.0,0.046875,354.2800256854898,22091.838338322937,0.03485728453495679,0.037416293579346525,10163.72991792285,590433.6379944764,0.96875,0.03125,0.15625,0.0
2,1.5e-07,1.4999514098001642e-07,6375.0,0.0009562190237475206,1.4999514098001642e-07,0.0005,3996.5429117029635,1315816.6011689694,2154.92837767388,80149.32973993746,80.24381913248061,194.54713382452238,160.48763826496122,11474.368849873064,1.5310781940480878,0.046875,0.0390625,2154.92837767388,64.60986283267137,63.8216958116318,22483.57948211534,1.3387762010097504e-09,0.0,0.00308126283866915,4.9150407796331785e-06,8510.796743412986,0.007498909648033508,0.0,0.0390625,1.0,0.0,0.046875,360.77194551763387,22483.57948211534,0.035234842449468826,0.03783310260531509,10239.06793495745,594283.2581475005,0.96875,0.03125,0.15625,0.0
2,1.5e-07,1.4999514098001642e-07,6400.0,0.0009599689022720205,1.4999514098001642e-07,0.0005,3996.4876450563506,1319239.0449927435,2157.5787786868073,80246.20299199522,80.340199618521,194.7947426871292,160.680399237042,11498.452373799782,1.5342917702196819,0.046875,0.0390625,2157.5787786868073,64.59963760854589,64.18021802834483,22880.906979142223,1.3387762010097504e-09,0.0,0.003084963729444536,4.9150407796331785e-06,8518.670269234539,0.007534065294220134,0.0,0.0390625,1.0,0.0,0.046875,367.37228819228767,22880.906979142223,0.03561806898404867,0.03825228194190259,10314.211260492899,598157.9612398981,0.96875,0.03125,0.15625,0.0
2,1.5e-07,1.4999514098001642e-07,6425.0,0.0009637187807965204,1.4999514098001642e-07,0.0005,3996.4323505575994,1322667.7223476602,2160.239752872083,80344.11641689019,80.44103674213153,195.04108345829542,160.88207348426306,11522.573035808662,1.537510301897632,0.046875,0.0390625,2160.239752872083,64.58787831203071,64.54005937740658,23283.83695169585,1.3387762010097504e-09,0.0,0.0030888357495589634,4.9150407796331785e-06,8527.48796366149,0.007568472644280895,0.0,0.0390625,1.0,0.0,0.046875,374.08321976137086,23283.83695169585,0.036007037053942724,0.038673831056845215,10389.169739263765,602056.6443875656,0.96875,0.03125,0.15625,0.0
2,1.5e-07,1.4999514098001642e-07,6450.0,0.0009674686593210204,1.4999514098001642e-07,0.0005,3996.3770259384955,1326102.6164241675,2162.9113362800595,80443.0855609107,80.54174173090317,195.28617021110333,161.08348346180634,11546.730741492178,1.5407337764847044,0.046875,0.0390625,2162.9113362800595,64.574557521416,64.9012720223709,23692.3843719624,1.3387762010097504e-09,0.0,0.0030927026958599405,4.9150407796331785e-06,8537.163080312988,0.007602205956687839,0.0,0.0390625,1.0,0.0,0.046875,380.90696731406933,23692.3843719624,0.03640182064981996,0.03909775271037635,10463.953739521356,605978.163181603,0.96875,0.03125,0.15625,0.0
2,1.5e-07,1.4999514098001642e-07,6475.0,0.0009712185378455203,1.4999514098001642e-07,0.0005,3996.3216689144333,1329543.7110034497,2165.593574876476,80543.12434088712,80.64167997006884,195.53001650227878,161.28335994013767,11570.925392070885,1.5439621808003006,0.046875,0.0390625,2165.593574876476,64.5596478155185,65.26390623604584,24106.563411831856,1.3387762010097504e-09,0.0,0.0030965401999298154,4.9150407796331785e-06,8546.85831767441,0.007636011246504911,0.0,0.0390625,1.0,0.0,0.046875,387.84581936778704,24106.563411831856,0.0368024947730063,0.03952405348448188,10538.574130910878,609921.3336328645,0.96875,0.03125,0.15625,0.0
2,1.5e-07,1.4999514098001642e-07,6500.0,0.0009749684163700203,1.4999514098001642e-07,0.0005,3996.2662771852324,1332990.9904648478,2168.286524944651,80644.24498469288,80.74085992003374,195.77263537385033,161.48171984006748,11595.156884181779,1.5471955010522156,0.046875,0.0390625,2168.286524944651,64.54312179042618,65.62801014658362,24526.38782538846,1.3387762010097504e-09,0.0,0.003100348586637624,4.9150407796331785e-06,8556.574686883167,0.0076698927489277135,0.0,0.0390625,1.0,0.0,0.046875,394.90212610622984,24526.38782538846,0.03720913536119469,0.039952744329499426,10613.042261607407,613884.9342391533,0.96875,0.03125,0.15625,0.0
2,1.5e-07,1.4999514098001642e-07,6525.0,0.0009787182948945217,1.4999514098001642e-07,0.0005,3996.210848435941,1336444.439793219,2170.9902534776556,80746.45797643843,80.83928996034464,196.01403935483071,161.6785799206893,11619.425109667303,1.550433722808486,0.046875,0.0390625,2170.9902534776556,64.52495207672112,65.9936294875979,24951.87136349734,1.3387762010097504e-09,0.0,0.0031041281777475383,4.9150407796331785e-06,8566.313187831824,0.00770385439343261,0.0,0.0390625,1.0,0.0,0.046875,402.0782994585679,24951.87136349734,0.037621819204686574,0.04038384112566451,10687.369934744696,617867.708172021,0.96875,0.03125,0.15625,0.0
2,1.5e-07,1.4999514098001642e-07,6550.0,0.0009824681734190244,1.4999514098001642e-07,0.0005,3996.1553803376437,1339904.0445862482,2173.704838557974,80852.19161817896,80.93697839003944,196.2542404629208,161.87395678007888,11643.729955365032,1.5536768309693245,0.046875,0.0390625,2173.704838557974,64.50511135717419,66.36080735384348,25383.02821971709,1.3387762010097504e-09,0.0,0.0031078792919322904,4.9150407796331785e-06,8576.074809541125,0.007737899776715475,0.0,0.0390625,1.0,0.0,0.046875,409.3768130151366,25383.02821971709,0.038040623853360815,0.04081736525711778,10761.569384172151,621868.3655797888,0.96875,0.03125,0.15625,0.0
2,1.5e-07,1.4999514098001642e-07,6575.0,0.000986218051943527,1.4999514098001642e-07,0.0005,3996.0998705482466,1343369.791061692,2176.43036972215,80988.78919175775,81.03393342800767,196.49325020623115,162.06786685601534,11668.071302898104,1.5569248097391586,0.046875,0.0390625,2176.43036972215,64.48357238490449,66.7295839639628,25819.873506510165,1.3387762010097504e-09,0.0,0.0031116022447870146,4.9150407796331785e-06,8585.860530528063,0.0077720321366388035,0.0,0.0390625,0.9930687743525106,0.0,0.046875,416.80020177602273,25819.873506510165,0.03846562751463794,0.04125334419569673,10835.653249577459,625885.5860030742,0.96875,0.03125,0.15625,0.0
2,1.5e-07,1.4999514098001642e-07,6600.0,0.0009899679304680297,1.4999514098001642e-07,0.0005,3996.0443167132735,1346841.6660645637,2179.166948307957,81126.57204613126,81.13016321335982,196.73107958501893,162.26032642671964,11692.449028466359,1.560177642598759,0.046875,0.0390625,2179.166948307957,64.46030800199627,67.09999643182164,26262.423760568723,1.3242242857813835e-09,0.0,0.00311529734884343,4.9150407796331785e-06,8595.671319168996,0.007806254327359351,0.0,0.0390625,0.9557631013293242,0.0,0.046875,424.3510617299107,26262.423760568723,0.038896908942792234,0.04169181209183245,10909.634551013463,629918.0208987272,0.96875,0.03125,0.15625,0.0
2,1.5e-07,1.4999514098001642e-07,6625.0,0.0009937178089925323,1.4999514098001642e-07,0.0005,3995.988716466634,1350319.6570742512,2181.9146877816397,81265.55843392946,81.22567580580667,196.9677390934373,162.45135161161335,11716.863002638205,1.5634353122774691,0.046875,0.0390625,2181.9146877816397,64.43529115856403,67.47207854810313,26710.697475728113,1.3242242857813835e-09,0.0,0.003118964913584405,4.9150407796331785e-06,8605.508134057838,0.007840568795823956,0.0,0.0390625,0.9227372344888654,0.0,0.046875,432.0320492607061,26710.697475728113,0.03933454731996126,0.04213281036957073,10983.526662869743,633964.2962677653,0.96875,0.03125,0.15625,0.0
2,1.5e-07,1.4999514098001642e-07,6650.0,0.000997467687517035,1.4999514098001642e-07,0.0005,3995.9330674313915,1353803.752211563,2184.6737140427895,81405.76574274617,81.32047918604701,197.20323872129558,162.64095837209402,11741.31309014322,1.5666978007255297,0.046875,0.0390625,2184.6737140427895,64.40849493225613,67.84586057353317,27164.715661798604,1.3242242857813835e-09,0.0,0.0031226052454588447,4.9150407796331785e-06,8615.371924359373,0.007874977559785163,0.0,0.9609375,0.8933658828752136,0.0,0.046875,439.845880381632,27164.715661798604,0.03977862212938655,0.04257638832277932,11057.34328733058,638023.015382563,0.96875,0.03125,0.15625,0.0
2,1.5e-07,1.4999514098001642e-07,6675.0,0.0010012175660415376,1.4999514098001642e-07,0.0005,3995.8773672205357,1357293.9402457043,2187.444165704501,81547.21044128451,81.41458125616458,197.43758795582562,162.82916251232916,11765.799149665505,1.5699650890865056,0.046875,0.0390625,2187.444165704501,64.3798925481858,68.2213690454164,27624.5024273335,1.3096723705530167e-09,0.0,0.0031262186478969367,4.9150407796331785e-06,8625.263630157679,0.007909482187522335,0.0,0.0390625,0.8671421503865127,0.0,0.046875,447.79532979654323,27624.5024273335,0.04018821843400133,0.043022603709384565,11142.452869164386,642092.7616081901,0.96875,0.03125,0.15625,0.0
2,1.5e-07,1.4999514098001642e-07,6700.0,0.0010049674445660403,1.4999514098001642e-07,0.0005,3995.821613437711,1360790.2106011747,2190.226194346466,81689.90802662031,81.50798984003268,197.67079578345403,163.01597968006536,11790.321033637792,1.5732371576698125,0.046875,0.0390625,2190.226194346466,64.34945739927814,68.59862659897135,28090.08558415994,1.2951204553246498e-09,0.0,0.0031298054213256825,4.9150407796331785e-06,8635.184182799716,0.007944083779430188,0.0,0.0390625,0.8436508619665941,0.0,0.046875,455.8832297899571,28090.08558415994,0.04059447159999088,0.043471523340458874,11230.180165470105,646172.1013125055,0.96875,0.03125,0.15625,0.0
2,1.5e-07,1.4999514098001642e-07,6725.0,0.001008717323090543,1.4999514098001642e-07,0.0005,3995.7658036779812,1364292.553364593,2193.019964738752,81833.87297282573,81.6007126837271,197.90287069157577,163.2014253674542,11814.878588036307,1.5765139859233448,0.046875,0.0390625,2193.019964738752,64.31716306701954,68.9776518048584,28561.49727123836,1.3023964129388332e-09,0.0,0.003133365863184758,4.9150407796331785e-06,8645.134505234179,0.007978782951623948,0.0,0.0390625,0.822548794878347,0.0,0.046875,464.1124689475255,28561.49727123836,0.041009531812161534,0.0439232236608592,11317.185260083636,650259.586859287,0.96875,0.03125,0.15625,0.0
2,1.5e-07,1.4999514098001642e-07,6750.0,0.0010124672016150456,1.4999514098001642e-07,0.0005,3995.7099355285436,1367800.9592914365,2195.825655034082,81979.11868119557,81.69275745594672,198.13382067032782,163.38551491189344,11839.471652176382,1.579795552406203,0.046875,0.0390625,2195.825655034082,64.28298334259578,69.35845902454275,29038.774595192168,1.3096723705530167e-09,0.0,0.00313690026794266,4.9150407796331785e-06,8655.115512345588,0.008013579821737837,0.0,0.0390625,0.8035498163985162,0.0,0.046875,472.48599071132776,29038.774595192168,0.0414335380036121,0.04437779131805712,11403.467178451843,654353.7596783557,0.96875,0.03125,0.15625,0.0
2,1.5e-07,1.4999514098001642e-07,6775.0,0.0010162170801395482,1.4999514098001642e-07,0.0005,3995.6540065694635,1371315.419812702,2198.6434569264916,82125.65743231856,81.78413174844124,198.36365321436062,163.56826349688248,11864.10005850887,1.5830818347615279,0.046875,0.0390625,2198.6434569264916,64.24689224840371,69.74105828468419,29521.96028462611,1.3096723705530167e-09,0.0,0.0031404089271131344,4.9150407796331785e-06,8665.12811128369,0.008048473997039663,0.0,0.0390625,0.7864135642362442,0.0,0.046875,481.0067917741035,29521.96028462611,0.04186662981453538,0.04483532371574159,11489.025840028473,658453.1534063846,0.96875,0.03125,0.15625,0.0
2,1.5e-07,1.4999514098001642e-07,6800.0,0.001019966958664051,1.4999514098001642e-07,0.0005,3995.598014374373,1374835.9270414796,2201.473575774384,82273.5003402363,81.87484307644603,198.59237532460327,163.74968615289205,11888.763632417267,1.5863728096894307,0.046875,0.0390625,2201.473575774384,64.20886405992017,70.12545517210765,30011.10335509479,1.367880031466484e-09,0.0,0.0031438921292718702,4.9150407796331785e-06,8676.630673750476,0.008082106731159954,0.0,0.0390625,0.7709367226768086,0.0,0.046875,489.67792031820863,30011.10335509479,0.04230894736277919,0.04529592954866749,11573.862051434473,662556.2970917693,0.96875,0.03125,0.15625,0.0
2,1.5e-07,1.4999514098001642e-07,6825.0,0.0010237168371885535,1.4999514098001642e-07,0.0005,3995.5419565111847,1378362.4737794432,2204.3162306860427,82422.65730892835,81.9648988791236,198.81999351002275,163.9297977582472,11913.462192015635,1.5896684529200278,0.046875,0.0390625,2204.3162306860427,64.16887332791099,70.51165075051904,30506.259781432804,1.382431946694851e-09,0.0,0.003147350160073455,4.9150407796331785e-06,8689.685465388753,0.008114407711460766,0.0,0.0390625,0.7569462261814135,0.0,0.046875,498.5024741070447,30506.259781432804,0.04276063100789624,0.045759729315272724,11657.977498390763,666661.7184566925,0.96875,0.03125,0.15625,0.0
2,1.5e-07,1.4999514098001642e-07,6850.0,0.0010274667157130562,1.4999514098001642e-07,0.0005,3995.485830542777,1381895.053523249,2207.171654565829,82573.13699136236,82.05430652001175,199.0465137893728,164.1086130400235,11938.195547947316,1.5929687391865832,0.046875,0.0390625,2207.171654565829,64.12689490096157,70.89964150022297,31007.4931738968,1.3969838619232178e-09,0.0,0.0031507833022685807,4.9150407796331785e-06,8702.798118005141,0.008146763895802584,0.0,0.0390625,0.7442939118921186,0.0,0.046875,507.48359843709477,31007.4931738968,0.043221821109470766,0.04622685580446302,11741.374736426711,670767.9472092313,0.96875,0.03125,0.15625,0.0
2,1.5e-07,1.4999514098001642e-07,6875.0,0.0010312165942375588,1.4999514098001642e-07,0.0005,3995.4296340276724,1385433.6604708496,2210.433720731105,82724.94675134266,82.14307328747742,199.27194169293085,164.28614657495484,11962.963503184355,1.596273642198744,0.0625,0.0390625,2210.433720731105,64.09399864521083,71.28941928200129,31514.87545442814,1.4260876923799515e-09,0.0,0.0031541918357214714,4.9150407796331785e-06,8715.969676043005,0.008179172476695242,0.0,0.0390625,0.7328522736996651,0.0,0.046875,516.624483960135,31514.87545442814,0.043692657780601496,0.046697454553013,11824.057180369193,674873.5183981189,0.96875,0.03125,0.15625,0.0
2,1.5e-07,1.4999514098001642e-07,6900.0,0.0010349664727620615,1.4999514098001642e-07,0.0005,3995.3733645207135,1388978.2895277143,2213.9340203205,82878.09262838724,82.23120639517668,199.49628226422124,164.46241279035337,11987.765852827739,1.5995831346158855,0.0625,0.0390625,2213.9340203205,64.12370428499077,71.68097132623643,32028.487529109698,1.469743438065052e-09,0.0,0.003157576037427547,4.9150407796331785e-06,8729.20117915974,0.008211630119989552,0.0,0.0390625,0.722511062616118,0.0,0.046875,525.928364386782,32028.487529109698,0.04417328063752373,0.047171684269930216,11906.029092619021,678976.975802545,0.96875,0.03125,0.15625,0.0
2,1.5e-07,1.4999514098001642e-07,6925.0,0.0010387163512865641,1.4999514098001642e-07,0.0005,3995.317019573715,1392528.9363129542,2217.4515240453075,83032.5793058582,82.31871298252011,199.7195400617223,164.63742596504022,12012.602383908383,1.6028971880205565,0.0625,0.0390625,2217.4515240453075,64.15227890618225,72.0742802481318,32548.419952771626,1.469743438065052e-09,0.0,0.0031609361815312926,4.9150407796331785e-06,8742.493662545214,0.008244132970540663,0.0,0.0390625,0.7131745437030035,0.0,0.046875,535.3985140834702,32548.419952771626,0.044663828546391816,0.04764971722419184,11987.295570225418,683076.8753491519,0.96875,0.03125,0.15625,0.0
2,1.5e-07,1.4999514098001642e-07,6950.0,0.0010424662298110668,1.4999514098001642e-07,0.0005,3995.260596736115,1396085.597165362,2220.986325409914,83188.41008256483,82.40560011514371,199.94171916055552,164.81120023028743,12037.472875188849,1.6062157728920203,0.0625,0.0390625,2220.986325409914,64.17969347322112,72.46932408999419,33074.773581570014,1.5133991837501526e-09,0.0,0.0031642725393443427,4.9150407796331785e-06,8755.84815723629,0.008276676660969932,0.0,0.0390625,0.7047592669950421,0.0,0.046875,545.0382455754516,33074.773581570014,0.045164439368261464,0.048131739592290584,12067.86253076946,687171.7885481892,0.96875,0.03125,0.15625,0.0
2,1.5e-07,1.4999514098001642e-07,6975.0,0.0010462161083355695,1.4999514098001642e-07,0.0005,3995.2040935556115,1399648.2691493507,2224.5385256000336,83345.58684805088,82.49187478538447,200.16282315415424,164.98374957076894,12062.377096965856,1.6095388585799042,0.0625,0.0390625,2224.5385256000336,64.20591869443035,72.86607639127669,33607.66020917846,1.57160684466362e-09,0.0,0.003167585379363739,4.9150407796331785e-06,8769.265690427426,0.008309256323573096,0.0,0.0390625,0.6971922442506406,0.0,0.046875,554.8509069734937,33607.66020917846,0.04567524970369482,0.04861795176196073,12147.73669707185,691260.3059406031,0.96875,0.03125,0.15625,0.0
2,1.5e-07,1.4999514098001642e-07,7000.0,0.001049965986860072,1.4999514098001642e-07,0.0005,3995.147507578786,1403216.9500607997,2228.1082336521395,83504.11006177166,82.5775439127609,200.38285515591014,165.1550878255218,12087.314810873539,1.6128664132779462,0.0625,0.0390625,2228.1082336521395,64.23092503219887,73.26450628701878,34147.2031821697,1.57160684466362e-09,0.0,0.0031708749672903856,4.9150407796331785e-06,8782.747285777394,0.008341866605414215,0.0,0.0390625,0.690409448700346,0.0,0.046875,564.8398793353481,34147.2031821697,0.04619639463783398,0.04910856858855031,12226.925580741205,695341.0405476803,0.96875,0.03125,0.15625,0.0
2,1.5e-07,1.4999514098001642e-07,7025.0,0.0010537158653845748,1.4999514098001642e-07,0.0005,3995.090836351714,1406791.6384328082,2231.695566608007,83663.9787363564,82.66261434445805,200.60181780079665,165.3252286889161,12112.28576968742,1.6161984039978392,0.0625,0.0390625,2231.695566608007,64.25468271370303,73.66457863510368,34693.537990070414,1.5861587598919868e-09,0.0,0.0031741415660476707,4.9150407796331785e-06,8796.293963712125,0.008374501686618996,0.0,0.0390625,0.6843545738213785,0.0,0.046875,575.008573983323,34693.537990070414,0.04672800748760967,0.049603819600535656,12305.437464582486,699412.6313147016,0.96875,0.03125,0.15625,0.0
2,1.5e-07,1.4999514098001642e-07,7050.0,0.0010574657439090774,1.4999514098001642e-07,0.0005,3995.034077420572,1410372.3335413474,2235.300649653093,83857.23659680488,82.74709285581667,200.81971324696573,165.49418571163335,12137.289717129184,1.61953479654318,0.0625,0.0390625,2235.300649653093,64.27716174217578,74.06625417285159,35246.812825482804,1.6007106751203537e-09,0.0,0.0031773854358002514,4.9150407796331785e-06,8809.906741723771,0.008407155301891376,0.0,0.0390625,0.6789780013382208,0.0,0.046875,585.3604297934799,35246.812825482804,0.04727021955223871,0.05010394915068961,12383.28138388681,703473.7465399508,0.96875,0.03125,0.15625,0.0
2,1.5e-07,1.4999514098001642e-07,7075.0,0.00106121562243358,1.4999514098001642e-07,0.0005,3994.9772283322213,1413959.0354108224,2238.923616237504,84070.53563006617,82.83098615082656,201.03654317731738,165.66197230165312,12162.326387672128,1.622875555483511,0.0625,0.0390625,2238.923616237504,64.29833190872966,74.46948970300582,35807.18910965696,1.6007106751203537e-09,0.0,0.0031806068339729964,4.9150407796331785e-06,8823.586634665888,0.008439820765223966,0.0,0.0390625,0.674235939389046,0.0,0.046875,595.8989104765569,35807.18910965696,0.047823159868513286,0.050609216509526246,12460.467106626638,707523.0872802965,0.96875,0.03125,0.15625,0.0
2,1.5e-07,1.4999514098001642e-07,7100.0,0.0010649655009580827,1.4999514098001642e-07,0.0005,3994.9202866347896,1417551.7448195333,2242.56460817835,84285.2370973188,82.91430086262324,201.25230880104004,165.82860172524647,12187.395506347382,1.6262206441284617,0.0625,0.0390625,2242.56460817835,64.31816280473818,74.87423830928401,36374.84197893785,1.6298145055770874e-09,0.0,0.0031838060152700595,4.9150407796331785e-06,8837.33465504492,0.008472490997785284,0.0,0.0390625,0.6700897000138815,0.0,0.046875,606.6275018703163,36374.84197893785,0.04838695497232235,0.051119895897798584,12537.005112582745,711559.3907245083,0.96875,0.03125,0.15625,0.0
2,1.5e-07,1.4999514098001642e-07,7125.0,0.0010687153794825854,1.4999514098001642e-07,0.0005,3994.8632498782376,1421150.4633050424,2246.2237757423127,84501.34362950214,82.99704355398876,201.46701085512026,165.99408710797752,12212.49678855083,1.6295700245019862,0.0625,0.0390625,2246.2237757423127,64.3366238347797,75.28044960143598,36949.96072731959,1.6443664208054543e-09,0.0,0.0031869832316941075,4.9150407796331785e-06,8851.151813307935,0.008505158558940304,0.0,0.0390625,0.6665050914481495,0.0,0.046875,617.5497092645528,36949.96072731959,0.04896172866794525,0.051636276454635116,12612.906571431093,715581.43352536,0.96875,0.03125,0.15625,0.0
2,1.5e-07,1.4999514098001642e-07,7150.0,0.001072465258007088,1.4999514098001642e-07,0.0005,3994.8061156149033,1424755.1931694455,2249.9012777073112,84718.85761935626,83.07922071785529,201.68064960581916,166.15844143571059,12237.629939850773,1.6329236573166992,0.0625,0.0390625,2249.9012777073112,64.35368423014738,75.6880699895055,37532.749200696126,1.6443664208054543e-09,0.0,0.003190138732565659,4.9150407796331785e-06,8865.039118126675,0.008537815680332789,0.0,0.0390625,0.6634519056211309,0.0,0.046875,628.6690547802136,37532.749200696126,0.04954760180664657,0.052158662138457566,12688.183319820753,719588.0350815693,0.96875,0.03125,0.15625,0.0
2,1.5e-07,1.4999514098001642e-07,7175.0,0.0010762151365315907,1.4999514098001642e-07,0.0005,3994.7488814000567,1428365.9374845468,2253.5972814021816,84937.78122917774,83.16083877781195,201.8932248501155,166.3216775556239,12262.79465579627,1.6362815019483008,0.0625,0.0390625,2253.5972814021816,64.36931306292773,76.0970429869567,38123.42613817146,1.6443664208054543e-09,0.0,0.0031932727645425456,4.9150407796331785e-06,8878.997576677972,0.008570454302953869,0.0,0.0390625,0.660903485105053,0.0,0.046875,639.9890748252146,38123.42613817146,0.05014469207616915,0.05268737155753276,12762.847837475587,723578.0607605756,0.96875,0.03125,0.15625,0.0
2,1.5e-07,1.4999514098001642e-07,7200.0,0.0010799650150560933,1.4999514098001642e-07,0.0005,3994.6915447924202,1431982.700096938,2257.311962723381,85158.11639905036,83.2419040886144,202.1047359171132,166.4838081772288,12287.99062172624,1.6396435164101055,0.0625,0.0390625,2257.311962723381,64.38347926064975,76.50730954215851,38722.225456046406,1.6443664208054543e-09,0.0,0.0031963855716394813,4.9150407796331785e-06,8893.02819492056,0.008603066117102527,0.0,0.9609375,0.6588363567887721,0.0,0.046875,651.5133176507443,38722.225456046406,0.050753113802791294,0.0532227377273772,12836.913222355091,727550.4250531651,0.96875,0.03125,0.15625,0.0
2,1.5e-07,1.4999514098001642e-07,7225.0,0.001083714893580596,1.4999514098001642e-07,0.0005,3994.6341033546882,1435605.485632986,2261.045506127738,85379.86485553811,83.32242293669741,202.31518166941132,166.64484587339481,12313.217512579195,1.6430096573276531,0.0625,0.0390625,2261.045506127738,64.39615162150578,76.91880839745227,39329.39647023799,1.6443664208054543e-09,0.0,0.003199477395247739,4.9150407796331785e-06,8907.131977868361,0.008635642605113878,0.0,0.0390625,0.6572299219555344,0.0,0.046875,663.2453410298331,39329.39647023799,0.0513729777674346,0.05376510775240829,12910.393164911402,731504.0946509833,0.96875,0.03125,0.15625,0.0
2,1.5e-07,1.4999514098001642e-07,7250.0,0.0010874647721050986,1.4999514098001642e-07,0.0005,3994.5765546540288,1439234.299503722,2264.7981046003715,85603.02812082483,83.40240154068911,202.52456050443607,166.80480308137822,12338.474992703683,1.6463798799134153,0.0625,0.0390625,2264.7981046003715,64.407298830144,77.33147647490114,39945.20405296795,1.6443664208054543e-09,0.0,0.0032025484741549063,4.9150407796331785e-06,8921.309929860281,0.00866817508671759,0.0,0.0390625,0.6560661943613372,0.0,0.046875,675.1887100847744,39945.20405296795,0.05200439103766151,0.0543148424293099,12983.301921482045,735438.0914380106,0.96875,0.03125,0.15625,0.0
2,1.5e-07,1.4999514098001642e-07,7275.0,0.0010912146506296013,1.4999514098001642e-07,0.0005,3994.518896262581,1442869.1479096415,2268.5699595969527,85827.60752228333,83.48184605192841,202.73287035573344,166.96369210385683,12363.762715669473,1.649754137941601,0.0625,0.0390625,2268.5699595969527,64.41688947403246,77.74524928784103,40569.928719764575,1.6298145055770874e-09,0.0,0.0032055990445647438,4.9150407796331785e-06,8935.563054826584,0.008700654766892009,0.0,0.0390625,0.7496295096925323,0.0,0.234375,687.3469952853338,40569.928719764575,0.05264745681701683,0.054872315769809284,13055.654286859455,739351.4953871535,0.96875,0.03125,0.15625,0.0
2,1.5e-07,1.4999514098001642e-07,7300.0,0.001094964529154104,1.4999514098001642e-07,0.0005,3994.461125757928,1446510.0378454125,2272.361280959571,86053.60420245463,83.56076255498347,202.94010869422004,167.12152510996694,12389.080324079318,1.6531323837230403,0.0625,0.0390625,2272.361280959571,64.42489206039261,78.1600613768187,41203.866643117275,1.6298145055770874e-09,0.0,0.0032086293401171005,4.9150407796331785e-06,8949.892356551896,0.008733072786020774,0.0,0.0390625,1.0,0.0,0.234375,699.7237706438318,41203.866643117275,0.053302274313465695,0.05543791444088729,13127.465566081133,743243.4473532082,0.96875,0.03125,0.15625,0.0
2,1.5e-07,1.4999514098001642e-07,7325.0,0.0010987144076786066,1.4999514098001642e-07,0.0005,3994.403240723571,1450156.9771044906,2276.172286805506,86281.01912941613,83.63915706817264,203.14627252939263,167.27831413634527,12414.42744938147,1.656514568080166,0.0625,0.0390625,2276.172286805506,64.4312750336999,78.57584676865463,41847.32958929101,1.6298145055770874e-09,0.0,0.0032116395919079147,4.9150407796331785e-06,8964.29883893491,0.008765420272177204,0.0,0.0390625,1.0,0.0,0.234375,712.3226121307016,41847.32958929101,0.05396893862847164,0.056012037120576896,13198.751545484563,747113.1517535495,0.96875,0.03125,0.15625,0.0
2,1.5e-07,1.4999514098001642e-07,7350.0,0.0011024642862031092,1.4999514098001642e-07,0.0005,3994.3452387493794,1453809.9742836473,2280.00320338836,86509.85310751497,83.71703554408695,203.35135841049396,167.4340710881739,12439.803711682825,1.659900640322081,0.0625,0.0390625,2280.00320338836,64.43600679374836,78.99253945710461,42500.64477515174,1.6298145055770874e-09,0.0,0.0032146300285092783,4.9150407796331785e-06,8978.783506244876,0.008797688395333748,0.0,0.0390625,1.0,0.0,0.234375,725.1470963350293,42500.64477515174,0.054647540668299036,0.05659509376785702,13269.528463074756,750959.8791280708,0.96875,0.03125,0.15625,0.0
2,1.5e-07,1.4999514098001642e-07,7375.0,0.0011062141647276119,1.4999514098001642e-07,0.0005,3994.2871174320353,1457469.0387874087,2283.8542649309907,86740.10678844123,83.79440387011363,203.555362427634,167.58880774022725,12465.2087195627,1.6632905482197102,0.0625,0.0390625,2283.8542649309907,64.43905571427428,79.4100739033529,43164.15464209672,1.6152625903487206e-09,0.0,0.0032176008759895367,4.9150407796331785e-06,8993.347363374942,0.008829868423268886,0.0,0.0390625,1.0,0.0,0.234375,738.2007993939988,43164.15464209672,0.05533816707906364,0.057187504805350904,13339.812978252507,754782.9685700494,0.96875,0.03125,0.15625,0.0
2,1.5e-07,1.4999514098001642e-07,7400.0,0.0011099640432521145,1.4999514098001642e-07,0.0005,3994.2288743754616,1461134.1808324112,2287.72571342987,86971.78068261317,83.87126786896133,203.75828021286625,167.74253573792265,12490.642069887304,1.6666842379810447,0.0625,0.0390625,2287.72571342987,64.44039016213362,79.8283855545551,43838.21654463513,1.57160684466362e-09,0.0,0.0032205523579334596,4.9150407796331785e-06,9007.99141609239,0.008861951778944317,0.0,0.0390625,1.0,0.0,0.234375,751.4872962159352,43838.21654463513,0.056040900207089094,0.057789700214004265,13409.62214095328,758581.8300198026,0.96875,0.03125,0.15625,0.0
2,1.5e-07,1.4999514098001642e-07,7425.0,0.0011137139217766172,1.4999514098001642e-07,0.0005,3994.1705071912447,1464805.4114516678,2291.6177984305145,87204.8751708457,83.94763329918626,203.96010694121725,167.89526659837253,12516.103347624845,1.670081654226469,0.0625,0.0390625,2291.6177984305145,64.43997851702683,80.2474113783428,44523.20235144487,1.5570549294352531e-09,0.0,0.0032234846954624424,4.9150407796331785e-06,9022.716671285942,0.008893930099093506,0.0,0.0390625,1.0,0.0,0.234375,765.0101600179551,44523.20235144487,0.05675581808582365,0.0584021185391411,13478.973360248994,762355.9464132353,0.96875,0.03125,0.15625,0.0
2,1.5e-07,1.4999514098001642e-07,7450.0,0.0011174638003011198,1.4999514098001642e-07,0.0005,3994.1120134990356,1468482.7424987576,2295.5307767737704,87439.39051626975,84.0235058557192,204.160837331669,168.0470117114384,12541.592125661242,1.6734827399641732,0.0625,0.0390625,2295.5307767737704,64.4377891917632,80.73009708302015,45219.49795716163,1.5279510989785194e-09,0.0,0.003226398107254742,4.9150407796331785e-06,9037.524137210088,0.008932766967739661,0.0,0.046875,0.934973922089582,0.0,0.234375,778.77296220266,45219.49795716163,0.05748299445081235,0.05902520580771141,13547.884372465123,766104.8756776021,0.96875,0.03125,0.15625,0.0
2,1.5e-07,1.4999514098001642e-07,7475.0,0.0011212136788256225,1.4999514098001642e-07,0.0005,3994.053390926943,1472166.18665193,2299.464912312807,87675.32687647009,84.09889117039326,204.3604656480931,168.19778234078652,12567.107964616507,1.6768874365656494,0.0625,0.0390625,2299.464912312807,64.43379065305616,81.27545402189753,45927.50270362338,1.520675141364336e-09,0.0,0.003229292809565746,4.9150407796331785e-06,9052.414823726667,0.008978317455014543,0.0,0.046875,0.7184655552484375,0.0,0.234375,792.7792725937834,45927.50270362338,0.058222498783851,0.059659414356997696,13616.373208868084,769828.252567088,0.96875,0.03125,0.15625,0.0
2,1.5e-07,1.4999514098001642e-07,7500.0,0.0011249635573501251,1.4999514098001642e-07,0.0005,3993.994637111916,1475855.7574181345,2303.4204756007844,87912.68431580592,84.17379481247232,204.55898570013605,168.34758962494465,12592.650412661773,1.680295683741279,0.0625,0.0390625,2303.4204756007844,64.42795144283983,81.8242504825248,46647.62870972557,1.5429959927673192e-09,0.0,0.003232169016248259,4.9150407796331785e-06,9067.389742543703,0.009024013834831632,0.0,0.046875,0.6663400246276318,0.0,0.046875,807.0326600521512,46647.62870972557,0.05897439638754042,0.06030520157545128,13684.45816297755,773525.7903310722,0.96875,0.03125,0.15625,0.0
2,1.5e-07,1.4999514098001642e-07,7525.0,0.0011287134358746278,1.4999514098001642e-07,0.0005,3993.9357497001133,1479551.4691369713,2307.3977435492698,88151.46281787725,84.24822228917976,204.75639084405458,168.49644457835953,12618.21900533686,1.6837074195159885,0.0625,0.0390625,2307.3977435492698,64.4202402000956,82.37641860916938,47380.30010946421,1.5754162191683479e-09,0.0,0.003235026938772808,4.9150407796331785e-06,9082.449907451602,0.009069845630701965,0.0,0.046875,0.6694450529745518,0.0,0.046875,821.5366934908525,47380.30010946421,0.05973874849124354,0.060963028556712436,13752.157757561203,777197.2822083053,0.96875,0.03125,0.15625,0.0
2,1.5e-07,1.4999514098001642e-07,7550.0,0.0011324633143991304,1.4999514098001642e-07,0.0005,3993.87672634726,1483253.33698457,2311.3969990575674,88391.66229809858,84.32217904622757,204.95267398350057,168.64435809245515,12643.813265368575,1.6871225802050045,0.0625,0.0390625,2311.3969990575674,64.41062568317707,82.93188136664776,48125.95219840808,1.6081147035325234e-09,0.0,0.0032378667862479594,4.9150407796331785e-06,9097.596334556898,0.009115801395983458,0.0,0.046875,0.6729288813187314,0.0,0.046875,836.2949433065805,48125.95219840808,0.060515612389289396,0.06163335866857452,13819.490711368817,780842.6027404934,0.96875,0.03125,0.15625,0.0
2,1.5e-07,1.4999514098001642e-07,7575.0,0.001136213192923633,1.4999514098001642e-07,0.0005,3993.817564718988,1486961.376977395,2315.4185306132367,88633.28261633932,84.39567046834547,205.1478275702559,168.79134093669094,12669.432702489576,1.6905411003896842,0.0625,0.0390625,2315.4185306132367,64.3990767926196,83.49055276870331,48885.03048913879,1.6410209116034916e-09,0.0,0.003240688765440637,4.9150407796331785e-06,9112.830042513537,0.009161868747600894,0.0,0.046875,0.6767970899683448,0.0,0.046875,851.3109832446935,48885.03048913879,0.061305041612282715,0.0623166560388738,13886.47590566401,784461.7088992032,0.96875,0.03125,0.15625,0.0
2,1.5e-07,1.4999514098001642e-07,7600.0,0.0011399630714481357,1.4999514098001642e-07,0.0005,3993.758262491176,1490675.6059759876,2319.462631864192,88876.32358958891,84.46870187981006,205.34184360491435,168.9374037596201,12695.076813257838,1.6939629128934257,0.0625,0.0390625,2319.462631864192,64.38556259442048,84.0523381582725,49657.98967702035,1.6741902210795918e-09,0.0,0.0032434930807964386,4.9150407796331785e-06,9128.152052751873,0.009208034405269702,0.0,0.046875,0.6810569789836894,0.0,0.046875,866.5883927117538,49657.98967702035,0.06210708613207355,0.06301338396119949,13953.132350613167,788054.6410203469,0.96875,0.03125,0.15625,0.0
2,1.5e-07,1.4999514098001642e-07,7625.0,0.0011437129499726384,1.4999514098001642e-07,0.0005,3993.6988173502677,1494396.0416886348,2323.52960116287,89120.7850046031,84.54127854497389,205.53471363751225,169.08255708994778,12720.745080876783,1.6973879487576677,0.0625,0.0390625,2323.52960116287,64.37005234377388,84.6171345398725,50445.2925179461,1.7075019333591216e-09,0.0,0.003246279934459954,4.9150407796331785e-06,9143.56338970554,0.00925428423618087,0.0,0.046875,0.6857176388895199,0.0,0.046875,882.1307595482067,50445.2925179461,0.06286089276251984,0.06372400322354159,14033.061268804762,791621.5235409138,0.96875,0.03125,0.15625,0.0
2,1.5e-07,1.4999514098001642e-07,7650.0,0.001147462828497141,1.4999514098001642e-07,0.0005,3993.639226993575,1498122.7026749805,2327.619741083072,89366.66663048645,84.61340566879394,205.7264287681071,169.2268113375879,12746.436975015975,1.7008161372179633,0.0625,0.0390625,2327.619741083072,64.3525155092437,85.18483096384716,51247.40862045623,1.7411223967794079e-09,0.0,0.0032490495262950574,4.9150407796331785e-06,9159.065081036195,0.009300603305049332,0.0,0.046875,0.690790039383784,0.0,0.046875,897.9416832724528,51247.40862045623,0.06361425159000725,0.06444897036381832,14115.41692040443,795162.5655330338,0.96875,0.03125,0.15625,0.0
2,1.5e-07,1.4999514098001642e-07,7675.0,0.0011512127070216437,1.4999514098001642e-07,0.0005,3993.579489129586,1501855.6083495747,2331.7333579102083,89613.96823116415,84.68508839735999,205.91697964730196,169.37017679471998,12772.151951632504,1.7042474056801464,0.0625,0.0390625,2331.7333579102083,64.33292179735663,85.75530896203873,52064.81315518543,1.7750874199018647e-09,0.0,0.0032518020539051944,4.9150407796331785e-06,9174.658157856398,0.009346975929408897,0.0,0.046875,0.6962871374560714,0.0,0.046875,914.0247788038978,52064.81315518543,0.06437608752745164,0.06518873585682551,14198.203306687967,798678.061030908,0.96875,0.03125,0.15625,0.0
2,1.5e-07,1.4999514098001642e-07,7700.0,0.0011549625855461463,1.4999514098001642e-07,0.0005,3993.519601478245,1505594.7789853665,2335.870761105744,89862.68957769593,84.75633181842231,206.10635647671825,169.51266363684462,12797.889452792913,1.7076816796965708,0.0625,0.0390625,2335.870761105744,64.311241177596,86.32844303415459,52897.98548514722,1.809391407570697e-09,0.0,0.0032545377126536462,4.9150407796331785e-06,9190.343654950617,0.009393385740004569,0.0,0.046875,0.7022240067280071,0.0,0.046875,930.3836806721374,52897.98548514722,0.06514642046416226,0.06587557291664539,14281.424428897844,802998.4885608638,0.96875,0.03125,0.15625,0.0
2,1.5e-07,1.4999514098001642e-07,7725.0,0.001158712464070649,1.4999514098001642e-07,0.0005,3993.4595617712257,1509340.2357171415,2340.0322627468136,90112.830460383,84.82714096191839,206.29454900941425,169.65428192383678,12823.648906495811,1.7111188829424413,0.0625,0.0390625,2340.0322627468136,64.28744390777582,86.90410118385535,53747.407721023075,1.8439150702488128e-09,0.0,0.0032572566956837567,4.9150407796331785e-06,9206.122610994626,0.00943981574610663,0.0,0.046875,0.7086179902827134,0.0,0.046875,947.0220477158146,53747.407721023075,0.0659252719046733,0.06653740815152862,14365.083682706543,807777.2972253698,0.96875,0.03125,0.15625,0.0
2,1.5e-07,1.4999514098001642e-07,7750.0,0.0011624623425951516,1.4999514098001642e-07,0.0005,3993.3993677522026,1513092.000544912,2344.2181769420276,90364.39070061725,84.89752080049921,206.48154655025002,169.79504160099842,12849.42972649507,1.7145589371922207,0.0625,0.0390625,2344.2181769420276,64.26150055977403,87.48214550320245,54613.563206121325,1.878549918404902e-09,0.0,0.0032599591939391375,4.9150407796331785e-06,9221.996068773344,0.009486248405529717,0.0,0.046875,0.7154888797738905,0.0,0.953125,963.943568271934,54613.563206121325,0.06671266542692263,0.06721087704748627,14449.18385591777,812570.3101230981,0.96875,0.03125,0.15625,0.0
2,1.5e-07,1.4999514098001642e-07,7775.0,0.0011662122211196543,1.4999514098001642e-07,0.0005,3993.339017177092,1516850.096337255,2348.428819224642,90617.37016242264,84.96747625005439,206.6673379561994,169.93495250010878,12875.231312123666,1.7180017622961257,0.0625,0.0390625,2348.428819224642,64.23338204560149,88.06243280409944,55496.934936504345,1.9133581344116853e-09,0.0,0.003262645396183835,4.9150407796331785e-06,9237.965075397236,0.009532665699140751,0.0,0.046875,0.7228591242185836,0.0,0.046875,981.1519658554025,55496.934936504345,0.0675086271574517,0.067896335564596,14533.727127453538,817377.4692701204,0.96875,0.03125,0.15625,0.0
2,1.5e-07,1.4999514098001642e-07,7800.0,0.001169962099644157,1.4999514098001642e-07,0.0005,3993.278507814302,1520614.5468346125,2352.6645059243565,90871.76876363599,85.03701217023648,206.85191163660716,170.07402434047296,12901.053048118212,1.7214472761567121,0.0625,0.0390625,2352.6645059243565,64.20305964378316,88.644815294615,56398.00392206386,1.9484170267477053e-09,0.0,0.0032653154890224623,4.9150407796331785e-06,9254.030682517514,0.009579049209560176,0.0,0.046875,0.7307540726001,0.0,0.046875,998.6510053227103,56398.00392206386,0.06831318626178724,0.06859412772988546,14618.7150676257,822198.7185864027,0.96875,0.03125,0.15625,0.0
2,1.5e-07,1.4999514098001642e-07,7825.0,0.0011737119781686596,1.4999514098001642e-07,0.0005,3993.217837444962,1524385.3766525474,2356.925553519102,91127.58648667429,85.10613336498349,207.03525555339365,170.21226672996698,12926.894304444033,1.7248953947055339,0.0625,0.0390625,2356.925553519102,64.17050502602626,89.22914129843139,57317.24749517348,1.9835047176838806e-09,0.0,0.0032679696569202633,4.9150407796331785e-06,9270.193946540172,0.009625380203801836,0.0,0.046875,0.7392022552752072,0.0,0.046875,1016.4444995153608,57317.24749517348,0.06912637544835383,0.06930458397310138,14704.148639686362,827034.00279294,0.96875,0.03125,0.15625,0.0
2,1.5e-07,1.4999514098001642e-07,7850.0,0.0011774618566931622,1.4999514098001642e-07,0.0005,3993.1570038631353,1528162.6112849629,2361.212277968312,91384.82338883537,85.17484458304102,207.21735722120465,170.34968916608204,12952.754436121002,1.728346031879905,0.0625,0.0390625,2361.212277968312,64.13569028414898,89.81525601473732,58255.137574088294,2.018670366114783e-09,0.0,0.003270608082223162,4.9150407796331785e-06,9286.455928839101,0.00967163971949901,0.0,0.953125,0.7482357102148203,0.0,0.953125,1034.5363163708826,58255.137574088294,0.06994823148379871,0.07002801947911184,14790.02820265013,831883.2662612256,0.96875,0.03125,0.15625,0.0
2,1.5e-07,1.4999514098001642e-07,7875.0,0.001181211735217665,1.4999514098001642e-07,0.0005,3993.096004876042,1531946.2771072933,2365.524994029238,91643.47961207741,85.24315051848227,207.3982037075086,170.48630103696453,12978.632783049961,1.731799099599737,0.0625,0.0390625,2365.524994029238,64.09858795724274,90.40300231612036,59212.13888869062,2.0540150351786712e-09,0.0,0.00327323094517773,4.9150407796331785e-06,9302.817695968315,0.009717808654392906,0.0,0.046875,0.7578903613704349,0.0,0.046875,1052.9303864892572,59212.13888869062,0.07077879571771208,0.07076473256640077,14876.353515375878,836746.451816659,0.96875,0.03125,0.15625,0.0
2,1.5e-07,1.4999514098001642e-07,7900.0,0.0011849616137421675,1.4999514098001642e-07,0.0005,3993.03483830424,1535736.4013796602,2369.8640145580102,91903.5553922228,85.31105581122691,207.57778163264018,170.62211162245382,13004.528669839894,1.7352545077444772,0.0625,0.0390625,2369.8640145580102,64.05917105903877,90.99222158142948,60188.707176897675,2.0893390959197586e-09,0.0,0.0032758384239511117,4.9150407796331785e-06,9319.280319873567,0.009763867858700053,0.0,0.046875,0.7682064579937815,0.0,0.953125,1071.6307111397327,60188.707176897675,0.07161811461462139,0.07151500310153588,14963.12374189408,841623.4994976185,0.96875,0.03125,0.15625,0.0
2,1.5e-07,1.4999514098001642e-07,7925.0,0.0011887114922666702,1.4999514098001642e-07,0.0005,3992.973501981828,1539533.0122500097,2374.2296497972043,92165.05106753118,85.37856504755831,207.75607716979079,170.75713009511662,13030.441405635713,1.7387121641301306,0.0625,0.0390625,2374.2296497972043,64.0174131054502,91.58275456060255,61185.28736045305,2.124538605723483e-09,0.0,0.003278430694650883,4.9150407796331785e-06,9335.84487810341,0.0098097982299817,0.0,0.046875,0.7792290856240357,0.0,0.046875,1090.64137068743,61185.28736045305,0.07246624029087644,0.07227909095951618,15050.337457961687,846514.3452720398,0.96875,0.03125,0.15625,0.0
2,1.5e-07,1.4999514098001642e-07,7950.0,0.0011924613707911729,1.4999514098001642e-07,0.0005,3992.911993756615,1543336.1387572247,2378.622206651788,92427.96708658672,85.44568276063907,207.93307604494657,170.89136552127815,13056.370283946835,1.7421719744863862,0.0625,0.0390625,2378.622206651788,63.973288142258326,92.17444226782936,62202.3117094757,2.1597368253726706e-09,0.0,0.003281007931344849,4.9150407796331785e-06,9352.512454019896,0.009855580810075367,0.0,0.046875,0.7910087617883312,0.0,0.046875,1109.9665334183956,62202.3117094757,0.07332323105411491,0.0730572345402053,15137.992658823292,851418.9197134769,0.96875,0.03125,0.15625,0.0
2,1.5e-07,1.4999514098001642e-07,7975.0,0.0011962112493156755,1.4999514098001642e-07,0.0005,3992.8503114902933,1547145.81083422,2383.0419879554124,92692.30401544375,85.51241343102467,208.10876353677392,171.02482686204934,13082.314582476407,1.745633842433828,0.0625,0.0390625,2383.0419879554124,63.926770772911766,92.76712689964461,63240.198005394544,2.194762985781121e-09,0.0,0.0032835703060807666,4.9150407796331785e-06,9369.284137009057,0.00990119688367766,0.0,0.046875,0.8036021323606811,0.0,0.953125,1129.6104647384054,63240.198005394544,0.07418915194289906,0.07384964935086841,15226.086768154855,856337.1466387457,0.96875,0.03125,0.15625,0.0
2,1.5e-07,1.4999514098001642e-07,8000.0,0.0011999611278401782,1.4999514098001642e-07,0.0005,3992.7884530585948,1550962.0593110307,2387.4892917290877,92958.06254397628,85.57876148717543,208.28312447645385,171.15752297435085,13108.273562951317,1.7490976694612548,0.0625,0.0390625,2387.4892917290877,63.88913375753879,93.36065277393755,64299.3477125545,2.229787811280133e-09,0.0,0.003286117988906004,4.9150407796331785e-06,9386.161022691307,0.009946628078107285,0.0,0.046875,0.8170727881474029,0.0,0.046875,1149.5775367162423,64299.3477125545,0.07506407526395595,0.0746565266651099,15314.616648161697,861268.9417093424,0.96875,0.03125,0.15625,0.0
2,1.5e-07,1.4999514098001642e-07,8025.0,0.0012037110063646808,1.4999514098001642e-07,0.0005,3992.726416351438,1554784.915917884,2391.9644104343565,93225.24349137512,85.64473130596636,208.45614324746373,171.28946261193272,13134.246470952969,1.7525633549030981,0.0625,0.0390625,2391.9644104343565,63.85035003249651,93.95486728582728,65380.144169073086,2.264490247569366e-09,0.0,0.0032886511478871167,4.9150407796331785e-06,9403.144213131938,0.009991856463778875,0.0,0.046875,0.831492225833719,0.0,0.953125,1169.8722379407263,65380.144169073086,0.07594808112450055,0.07547803226833792,15403.578610800876,866214.2109989694,0.96875,0.03125,0.15625,0.0
2,1.5e-07,1.4999514098001642e-07,8050.0,0.0012074608848891835,1.4999514098001642e-07,0.0005,3992.66419927307,1558614.4132882755,2396.467630223201,93493.84781073891,85.71032721319519,208.62780378531028,171.42065442639037,13160.232535748804,1.7560307959169423,0.0625,0.0390625,2396.467630223201,63.80917780744233,94.54962187619822,66482.95080786478,2.299011795460245e-09,0.0,0.0032911699491293567,4.9150407796331785e-06,9420.234817051894,0.01003686465490761,0.0,0.046875,0.8469409832059845,0.0,0.953125,1190.4991836562258,66482.95080786478,0.07684125795698304,0.07631430529975973,15492.968430093715,871172.8495296163,0.96875,0.96875,0.15625,0.0
2,1.5e-07,1.4999514098001642e-07,8075.0,0.001211210763413686,1.4999514098001642e-07,0.0005,3992.6017997421945,1562450.5849620393,2400.999230186896,93763.87659270347,85.77555348408785,208.7980895772108,171.5511069681757,13186.230970124669,1.7594998874611554,0.0625,0.0390625,2400.999230186896,63.76559034395928,95.14477300831913,67608.10941912839,2.333129179875188e-09,0.0,0.0032936745567960822,4.9150407796331785e-06,9437.433950038834,0.010081635909931599,0.0,0.046875,0.8635099859401117,0.0,0.953125,1211.4631261411268,67608.10941912839,0.07774370303374453,0.07716545720083187,15582.781355491818,876144.7397787147,0.96875,0.96875,0.15625,0.0
2,1.5e-07,1.4999514098001642e-07,8100.0,0.0012149606419381888,1.4999514098001642e-07,0.0005,3992.539215692089,1566293.4653884287,2405.5594816062016,94035.33106805643,85.84041434380225,208.96698366172652,171.6808286876045,13212.240970218001,1.7629705222726317,0.0625,0.0390625,2405.5594816062016,63.80000447856698,95.74018314809473,68755.93846590724,2.3671421951389206e-09,0.0,0.0032961651331281008,4.9150407796331785e-06,9454.742734758838,0.010126154231158651,0.0,0.046875,0.8813021527217717,0.0,0.046875,1232.768965287687,68755.93846590724,0.07865552296883876,0.07803157077992098,15673.012126256886,881129.7501600399,0.96875,0.96875,0.15625,0.0
2,1.5e-07,1.4999514098001642e-07,8125.0,0.0012187105204626914,1.4999514098001642e-07,0.0005,3992.476445070726,1570143.089929204,2410.1486472052325,94308.21260928368,85.9049139679292,209.13446862834687,171.8098279358584,13238.261715351882,1.7664425908446482,0.0625,0.0390625,2410.1486472052325,63.8349587843928,96.33572174302026,69926.73146439856,2.4009464095748536e-09,0.0,0.003298641838462905,4.9150407796331785e-06,9472.16230116875,0.010170404463100637,0.0,0.046875,0.9004343177210423,0.0,0.953125,1254.4217593408684,69926.73146439856,0.07957683420440168,0.07891269940248444,15763.654986811249,886127.7334810959,0.96875,0.96875,0.15625,0.0
2,1.5e-07,1.4999514098001642e-07,8150.0,0.001222460398987194,1.4999514098001642e-07,0.0005,3992.413485840865,1573999.4948617346,2414.766980411482,94582.5227309949,85.96905648299185,209.30052661702618,171.9381129659837,13264.29236786997,1.7699159814048382,0.0625,0.0390625,2414.766980411482,63.86843712220877,96.93126619510167,71120.75544094946,2.4346933966145523e-09,0.0,0.0033011048312538514,4.9150407796331785e-06,9489.693786729295,0.010214372388986207,0.0,0.046875,0.921039545434032,0.0,0.953125,1276.4267357515637,71120.75544094946,0.08050776347897984,0.07980886631585726,15854.703703014085,891138.5253798354,0.96875,0.96875,0.15625,0.0
2,1.5e-07,1.4999514098001642e-07,8175.0,0.0012262102775116967,1.4999514098001642e-07,0.0005,3992.3503359801466,1577862.7173821232,2419.414724624471,94858.26308917718,86.03284596694135,209.46513931767464,172.0656919338827,13295.289265423751,1.7740520410477405,0.0625,0.0390625,2419.414724624471,63.9004058797435,97.52670282259714,72338.24947782187,2.4679737457579445e-09,0.0,0.0033035542680891917,4.9150407796331785e-06,9507.338336619254,0.010258044824907008,0.0,0.953125,0.9432699339249918,0.0,0.953125,1298.7893020946067,72338.24947782187,0.0814484482750938,0.08072006411737792,15946.151579314552,896161.942743656,0.96875,0.96875,0.140625,0.0
2,1.5e-07,1.4999514098001642e-07,8200.0,0.0012299601560361994,1.4999514098001642e-07,0.0005,3992.2869934811843,1581732.7956083515,2424.092112495542,95135.43547922661,86.09628644965161,209.62828796960247,172.19257289930323,13327.316581287778,1.7783255941794969,0.0625,0.0390625,2424.092112495542,63.93083132453295,98.12192780571786,73579.42335980246,2.501087502512395e-09,0.0,0.003305990303711071,4.9150407796331785e-06,9525.097103950677,0.010301409711090538,0.0,0.046875,0.9673000303841778,0.0,0.953125,1321.5150570041587,73579.42335980246,0.0823990372436279,0.08164625437406996,16037.991476731171,901197.7821136955,0.96875,0.96875,0.140625,0.0
2,1.5e-07,1.4999514098001642e-07,8225.0,0.001233710034560702,1.4999514098001642e-07,0.0005,3992.223456351635,1585609.7685834586,2428.7993652213468,95414.04183270807,86.15938191340997,209.78995336092103,172.31876382681995,13359.419860844726,1.782609283498724,0.0625,0.0390625,2428.7993652213468,63.95967962193635,98.71684811091745,74844.45633361815,2.533786311468305e-09,0.0,0.0033084130910343698,4.9150407796331785e-06,9542.971249985356,0.010344456199746901,0.0,0.046875,0.9933310202414187,0.0,0.046875,1344.6098010721762,74844.45633361815,0.08335969060238331,0.08258736740147357,16130.215831604022,906245.8180775323,0.96875,0.96875,0.140625,0.0
2,1.5e-07,1.4999514098001642e-07,8250.0,0.0012374599130852047,1.4999514098001642e-07,0.0005,3992.159722614269,1589493.6762787497,2433.5366918536074,95694.08421279665,86.22213629340641,209.95011582789996,172.44427258681282,13391.59853143838,1.7869030325932498,0.0625,0.0390625,2433.5366918536074,63.98691685374548,99.31138238883523,76133.49599225167,2.5662184020026913e-09,0.0,0.0033108227811654875,4.9150407796331785e-06,9560.961944352617,0.010387174738991152,0.0,0.046875,1.0,0.0,0.046875,1368.079547657384,76133.49599225167,0.08433058050642164,0.08354330220888871,16222.816675063761,911305.8016534967,0.96875,0.96875,0.140625,0.0
2,1.5e-07,1.4999514098001642e-07,8275.0,0.0012412097916097073,1.4999514098001642e-07,0.0005,3992.0957903070284,1593384.5595970491,2438.3042886277294,95975.56480835313,86.28455347821918,210.1087552542822,172.56910695643836,13423.852001428882,1.7912067625178278,0.0625,0.0390625,2438.3042886277294,64.01250903738264,99.9054618405753,77446.65729586361,2.5985100461147082e-09,0.0,0.003313219523420993,4.9150407796331785e-06,9579.070365268646,0.010429557152310724,0.0,0.046875,1.0,0.0,0.046875,1391.9305335485988,77446.65729586361,0.08531189138777784,0.08451392661740238,16315.7856531594,916377.458669829,0.96875,0.96875,0.140625,0.0
2,1.5e-07,1.4999514098001642e-07,8300.0,0.00124495967013421,1.4999514098001642e-07,0.0005,3992.03165748308,1597282.460375995,2443.1023383128463,96258.48592659099,86.34663731029826,210.2658510705586,172.69327462059653,13456.179659925292,1.795520391758449,0.0625,0.0390625,2443.1023383128463,64.03642214568195,100.4990310471594,78784.02174099348,2.630738291470052e-09,0.0,0.0033156034653461846,4.9150407796331785e-06,9597.297699757364,0.010471596713072701,0.0,0.046875,1.0,0.0,0.046875,1416.169229426072,78784.02174099348,0.0863038202622824,0.08549907755659518,16409.114047585033,921460.4881420301,0.96875,0.96875,0.140625,0.0
2,1.5e-07,1.4999514098001642e-07,8325.0,0.0012487095486587126,1.4999514098001642e-07,0.0005,3991.9673222108563,1601187.4213913868,2447.9310095858923,96542.84998429049,86.40839158644576,210.4213822532039,172.81678317289152,13488.580876515809,1.7998438361963467,0.0625,0.0390625,2447.9310095858923,64.05862212724767,101.0920487572057,80145.63668929413,2.6629356663229144e-09,0.0,0.0033179747527335417,4.9150407796331785e-06,9615.645143873013,0.01051328821359641,0.0,0.046875,1.0,0.0,0.046875,1440.8023500627314,80145.63668929413,0.08730657700129807,0.086498561544952,16502.792796942544,926554.560651782,0.96875,0.96875,0.140625,0.0
2,1.5e-07,1.4999514098001642e-07,8350.0,0.0012524594271832153,1.4999514098001642e-07,0.0005,3991.902782574094,1605099.486360586,2452.7904564322553,96828.65949752004,86.46982005829305,210.5753273238733,172.9396401165861,13521.05500099562,1.8041770090716802,0.0625,0.0390625,2452.7904564322553,64.07907492738185,101.68448862761943,81531.51486661145,2.6946727271148483e-09,0.0,0.0033203335296410415,4.9150407796331785e-06,9634.11390292457,0.01055462802829762,0.0,0.046875,1.0,0.0,0.046875,1465.8368642070418,81531.51486661145,0.08832038456632231,0.08751215535813948,16596.81251847701,931659.3167308869,0.96875,0.96875,0.140625,0.0
2,1.5e-07,1.4999514098001642e-07,8375.0,0.001256209305707718,1.4999514098001642e-07,0.0005,3991.8380366718598,1609018.6999459825,2457.6808175755777,97115.91706982651,86.53092643277579,210.72766434856473,173.06185286555157,13553.601363092475,1.808519820946918,0.0625,0.0390625,2457.6808175755777,64.09774650957308,102.27633991236326,82941.63404306024,2.7258873876760205e-09,0.0,0.003322679938410402,4.9150407796331785e-06,9652.705191702007,0.010595614170448879,0.0,0.046875,1.0,0.0,0.046875,1491.2800040881411,82941.63404306024,0.08934547920450332,0.0885396068887914,16691.163530218946,936774.3652537063,0.96875,0.96875,0.140625,0.0
2,1.5e-07,1.4999514098001642e-07,8400.0,0.0012599591842322206,1.4999514098001642e-07,0.0005,3991.773082618572,1612945.1077585223,2462.602215939188,97404.62537885709,86.5917143726053,210.87837093674503,173.1834287452106,13586.21927218984,1.8128721796698963,0.0625,0.0390625,2462.602215939188,64.1146028775361,102.8676080946725,84375.93690391071,2.756734376994563e-09,0.0,0.003325014119685183,4.9150407796331785e-06,9671.42023470458,0.010636246342139704,0.0,0.046875,1.0,0.0,0.046875,1517.1392744835612,84375.93690391071,0.0903579144787093,0.08958063620022566,16790.330799866337,941899.2818416505,0.96875,0.96875,0.140625,0.0
2,1.5e-07,1.4999514098001642e-07,8425.0,0.0012637090627567232,1.4999514098001642e-07,0.0005,3991.7079185440116,1616878.756361314,2467.554758141661,97694.78716137947,86.65218749673676,211.0274242404441,173.30437499347352,13618.908017047805,1.8172339903365795,0.0625,0.0390625,2467.554758141661,64.12961009779211,103.45831545773672,85834.33112059254,2.7872492195191724e-09,0.0,0.0033273362124287605,4.9150407796331785e-06,9690.26026637113,0.010676525976993232,0.0,0.046875,1.0,0.0,0.046875,1543.4224612918188,85834.33112059254,0.09137363122514697,0.09063493677571084,16891.333315721975,947033.60728327,0.96875,0.96875,0.140625,0.0
2,1.5e-07,1.4999514098001642e-07,8450.0,0.0012674589412812259,1.4999514098001642e-07,0.0005,3991.642542593329,1620819.69327331,2472.5385340288944,97986.40519666835,86.71234938083498,211.17480095331706,173.42469876166996,13651.666865521625,1.821605155253502,0.0625,0.0390625,2472.5385340288944,64.14273432277693,104.0485015897575,87316.6896305629,2.8173241956569126e-09,0.0,0.003329646353942216,4.9150407796331785e-06,9709.226531312546,0.010716456275296283,0.0,0.046875,1.0,0.0,0.046875,1570.137639549488,87316.6896305629,0.09240129333668964,0.09170217696407595,16992.593748966887,952176.845973558,0.96875,0.96875,0.140625,0.0
2,1.5e-07,1.4999514098001642e-07,8475.0,0.0012712088198057285,1.4999514098001642e-07,0.0005,3991.57695292704,1624767.966973076,2477.5536162451035,98279.48228822909,86.77220355773612,211.32047730967852,173.54440711547224,13684.49506427801,1.8259855738999125,0.0625,0.0390625,2477.5536162451035,64.15394181446464,104.63822381863338,88822.85113386903,2.8467226859072713e-09,0.0,0.0033319446798820637,4.9150407796331785e-06,9728.320284546357,0.010756042231139677,0.0,0.046875,1.0,0.0,0.046875,1597.29318083798,88822.85113386903,0.09344117458425913,0.09278200162131135,17094.104263400986,957328.4643760807,0.96875,0.96875,0.140625,0.0
2,1.5e-07,1.4999514098001642e-07,8500.0,0.0012749586983302312,1.4999514098001642e-07,0.0005,3991.5111477210185,1628723.626902647,2482.6000598449573,98574.0212438325,86.83175351790722,211.53431583757163,173.66350703581443,13717.391838509106,1.83037514288961,0.0625,0.0390625,2482.6000598449573,64.16319896849218,105.22755757269988,90352.62081351131,2.875315112366001e-09,0.0,0.0033342313242778958,4.9150407796331785e-06,9750.299055705163,0.010792238983801055,0.0,0.046875,1.0,0.0,0.046875,1624.8977600204526,90352.62081351131,0.09449356173464685,0.09387403394692334,17195.85684137325,962487.8895115657,0.96875,0.96875,0.140625,0.0
2,1.5e-07,1.4999514098001642e-07,8525.0,0.0012787085768547338,1.4999514098001642e-07,0.0005,3991.4451251664786,1632686.7234714844,2487.677901949104,98870.02485383653,86.89100270990123,211.79650807755138,173.78200541980246,13750.35639164425,1.8347737559324806,0.0625,0.0390625,2487.677901949104,64.17047233876912,105.81659666339237,91905.7712857225,2.9033845536029685e-09,0.0,0.0033365064195498557,4.9150407796331785e-06,9772.586230257493,0.010827901045863094,0.0,0.046875,1.0,0.0,0.046875,1652.9603612570936,91905.7712857225,0.09555875456915243,0.09490070657003448,17297.843287198826,968441.3805486076,0.96875,0.96875,0.140625,0.0
2,1.5e-07,1.4999514098001642e-07,8550.0,0.0012824584553792365,1.4999514098001642e-07,0.0005,3991.378883469952,1636657.308060534,2492.787161445178,99167.49586777492,86.94995454081018,212.05817517317718,173.89990908162036,13783.387905059491,1.8391813037957379,0.0625,0.0390625,2492.787161445178,64.17572866255614,106.40545348646992,93482.04378540674,2.9308531076636917e-09,0.0,0.00333877009652604,4.9150407796331785e-06,9795.010358582622,0.010863230317386539,0.0,0.046875,1.0,0.0,0.046875,1681.4902832442167,93482.04378540674,0.09663706585825665,0.09578208973065265,17400.055230469836,975986.680268578,0.96875,0.96875,0.140625,0.0
2,1.5e-07,1.4999514098001642e-07,8575.0,0.0012862083339037391,1.4999514098001642e-07,0.0005,3991.312420853259,1640635.4330263955,2497.927838736288,99466.43696919478,87.00861237671346,212.31929737319092,174.01722475342692,13816.485537784929,1.8435976742648716,0.0625,0.0390625,2497.927838736288,64.1789348859946,106.99425913870618,95081.1495908387,2.957742931070433e-09,0.0,0.003341022484459709,4.9150407796331785e-06,9817.572558619508,0.010898239712500899,0.0,0.046875,1.0,0.0,0.046875,1710.4971436285996,95081.1495908387,0.09772882129174978,0.09666663044493491,17502.484129244265,983598.4677773644,0.96875,0.96875,0.140625,0.0
2,1.5e-07,1.4999514098001642e-07,8600.0,0.0012899582124282418,1.4999514098001642e-07,0.0005,3991.245735553468,1644621.1517056066,2503.0999155388986,99766.85074872854,87.06697954312395,212.5798544352489,174.1339590862479,13849.648426209882,1.8480227521043084,0.0625,0.0390625,2503.0999155388986,64.18005819006746,107.58316344701416,96702.7716906257,2.983883640200137e-09,0.0,0.0033432637110464214,4.9150407796331785e-06,9840.273954667646,0.01093294393455205,0.0,0.046875,1.0,0.0,0.046875,1739.9908825493912,96702.7716906257,0.09883435936385025,0.0975539006008329,17605.12127309657,991275.2959649474,0.96875,0.96875,0.140625,0.0
2,1.5e-07,1.4999514098001642e-07,8625.0,0.0012937080909527444,1.4999514098001642e-07,0.0005,3991.178825822851,1648614.5184190518,2508.303354731853,100068.73967538877,87.12505932543012,212.83982562100564,174.25011865086023,13882.875683785904,1.8524564190177812,0.0625,0.0390625,2508.303354731853,64.17906601697214,108.17233490763738,98346.56669483427,3.009501367443031e-09,0.0,0.0033454939024410075,4.9150407796331785e-06,9863.115677525657,0.010967359447494019,0.0,0.046875,1.0,0.0,0.046875,1769.9817652623897,98346.56669483427,0.09995403121303408,0.0984434723833522,17707.957786014565,999015.6209835776,0.96875,0.96875,0.140625,0.0
2,1.5e-07,1.4999514098001642e-07,8650.0,0.001297457969477247,1.4999514098001642e-07,0.0005,3991.111689928842,1652615.5884764984,2513.538100258191,100372.10606607831,87.18285496933474,213.099189691072,174.36570993866948,13916.166400727801,1.8568985536084373,0.0625,0.0390625,2513.538100258191,64.17592609688303,108.76196053334206,100012.1669908464,3.034662179361517e-09,0.0,0.0033477131832744165,4.9150407796331785e-06,9886.09886463363,0.011001504437956345,0.0,0.046875,1.0,0.0,0.046875,1800.4803838088264,100012.1669908464,0.10108820041674535,0.09933492103873053,17810.984629127648,1006817.8032965045,0.96875,0.96875,0.140625,0.0
2,1.5e-07,1.4999514098001642e-07,8675.0,0.0013012078480017497,1.4999514098001642e-07,0.0005,3991.0443261539667,1656624.4181812732,2518.8040770812686,100676.95205331054,87.24036968129009,213.3579248998473,174.48073936258018,13949.519643712509,1.8613490313386556,0.0625,0.0390625,2518.8040770812686,64.17060647508166,109.35224560684856,101699.18314326927,3.059196636292722e-09,0.0,0.0033499216766704277,4.9150407796331785e-06,9909.224660219317,0.011035398767962569,0.0,0.046875,1.0,0.0,0.046875,1831.4976576897752,101699.18314326927,0.10223724274111777,0.1002278277143622,17914.19260325165,1014680.1089324241,0.96875,0.96875,0.140625,0.0
2,1.5e-07,1.4999514098001642e-07,8700.0,0.0013049577265262524,1.4999514098001642e-07,0.0005,3990.9767327957884,1660641.0648350767,2524.1011911964915,100983.27955113864,87.2976066289297,213.61600899022426,174.5952132578594,13982.934455576073,1.865807724489616,0.0625,0.0390625,2524.1011911964915,64.16307553943041,109.94341333920602,103407.20653584693,3.0830248429723797e-09,0.0,0.0033521195042622277,4.9150407796331785e-06,9932.494215448605,0.011069063918326216,0.0,0.046875,1.0,0.0,0.046875,1863.0448335163092,103407.20653584693,0.10340154584635187,0.10112178236248259,18017.572351236173,1022600.7109444726,0.96875,0.96875,0.140625,0.0
2,1.5e-07,1.4999514098001642e-07,8725.0,0.001308707605050755,1.4999514098001642e-07,0.0005,3990.9089081668344,1664665.586742952,2529.4293296998903,101291.0902192963,87.35456894149645,213.87341918816742,174.7091378829929,14016.409855008604,1.8702745021205935,0.0625,0.0390625,2529.4293296998903,64.15330204816468,110.53570443243188,105135.8122519697,3.106833901256323e-09,0.0,0.003354306786208851,4.9150407796331785e-06,9955.908688580337,0.011102522922816573,0.0,0.046875,1.0,0.0,0.046875,1895.1334836070746,105135.8122519697,0.10458150894846555,0.10201638669531177,18121.11436010104,1030577.6910720686,0.96875,0.96875,0.140625,0.0
2,1.5e-07,1.4999514098001642e-07,8750.0,0.0013124574835752577,1.4999514098001642e-07,0.0005,3990.84085059452,1668698.0432184124,2534.788360914518,101600.38542555537,87.41125971026707,214.13013219716476,174.82251942053415,14049.944836247456,1.8747492300280189,0.0625,0.0390625,2534.788360914518,64.14125515797778,111.12937654585039,106884.56218891079,3.1504896469414234e-09,0.0,0.003356483641211479,4.9150407796331785e-06,9979.469245125803,0.011135800293199808,0.0,0.046875,1.0,0.0,0.046875,1927.7755035125883,106884.56218891079,0.10577754243853964,0.10291125717904377,18224.808962948744,1038609.041603236,0.96875,0.96875,0.140625,0.0
2,1.5e-07,1.4999514098001642e-07,8775.0,0.0013162073620997603,1.4999514098001642e-07,0.0005,3990.772558421066,1672738.494588728,2540.1781345755253,101911.1662063103,87.46768198897281,214.38612419255082,174.93536397794563,14083.538368768483,1.8792317707042807,0.0625,0.0390625,2540.1781345755253,64.12690445237081,111.72470366642938,108653.00839950098,3.1868694350123405e-09,0.0,0.0033586501865295925,4.9150407796331785e-06,10003.177058013036,0.01116892193534977,0.0,0.046875,1.0,0.0,0.046875,1960.9831084483449,108653.00839950098,0.10699006746069012,0.10380602805388232,18328.64634064131,1046692.6674345226,0.96875,0.96875,0.140625,0.0
2,1.5e-07,1.4999514098001642e-07,8800.0,0.001319957240624263,1.4999514098001642e-07,0.0005,3990.704030003411,1676787.0022003918,2545.598482074564,102223.43322540192,87.52383879421704,214.64137081570385,175.04767758843408,14117.189396975606,1.8837219832963044,0.0625,0.0390625,2545.598482074564,64.1102199702395,112.32197538359287,110440.69665333908,3.259629011154175e-09,0.0,0.003360806537997009,4.9150407796331785e-06,10027.033307756135,0.011201915056640862,0.0,0.046875,1.0,0.0,0.046875,1994.7688286282064,110440.69665333908,0.10821951545046889,0.10470035436704618,18432.61652322953,1054826.388325001,0.96875,0.96875,0.140625,0.0
2,1.5e-07,1.4999514098001642e-07,8825.0,0.0013237071191487656,1.4999514098001642e-07,0.0005,3990.6352637131154,1680843.62842476,2551.0492167639595,102537.18673119805,87.57973310588842,214.89584716811402,175.15946621177685,14150.8968398887,1.8882197235639036,0.0625,0.0390625,2551.0492167639595,64.09117223466832,112.92149606957719,112247.17020829441,3.3105607144534588e-09,0.0,0.0033629528100377463,4.9150407796331785e-06,10051.039182629718,0.011234808064894321,0.0,0.046875,1.0,0.0,0.046875,2029.1455034913088,112247.17020829441,0.10946632763541589,0.10559391500572675,18536.70939112435,1063007.941340245,0.96875,0.96875,0.140625,0.0
2,1.5e-07,1.4999514098001642e-07,8850.0,0.0013274569976732683,1.4999514098001642e-07,0.0005,3990.5662579362593,1684908.4366638819,2556.5301343209285,102880.73512555212,87.63536786757084,215.14952780532428,175.27073573514167,14184.65959082982,1.892724843837913,0.0625,0.0390625,2556.5301343209285,64.06973228190154,113.52358396706768,114071.97378144646,3.3251126296818256e-09,0.0,0.0033650891156817636,4.9150407796331785e-06,10075.195878848632,0.011267630459214544,0.0,0.046875,1.0,0.0,0.046875,2064.1262748278677,114071.97378144646,0.1107309545000683,0.10648641571684224,18640.91467600051,1071234.9834816016,0.96875,0.96875,0.140625,0.0
2,1.5e-07,1.4999514098001642e-07,8875.0,0.001331206876197771,1.4999514098001642e-07,0.0005,3990.497011073343,1688981.491356525,2562.041013171869,103251.26710416122,87.69074598694928,215.40238673074367,175.38149197389856,14218.476517107962,1.8972371929781244,0.0625,0.0390625,2562.041013171869,64.04587169045936,114.12857018602153,115914.65770701924,3.346940502524376e-09,0.0,0.0033672155665805483,4.9150407796331785e-06,10099.504600753071,0.011300412713066295,0.0,0.046875,1.0,0.0,0.046875,2099.7245788094733,115914.65770701924,0.1120138552176428,0.10737759210038177,18745.22196142353,1079505.0944954755,0.96875,0.96875,0.140625,0.0
2,1.5e-07,1.4999514098001642e-07,8900.0,0.0013349567547222736,1.4999514098001642e-07,0.0005,3990.4275215391635,1693062.8579844022,2567.581614976553,103625.38815994446,87.74587033621256,215.65439738933168,175.49174067242512,14252.346459702332,1.9017566163310242,0.0625,0.0390625,2567.581614976553,64.01956261036706,114.73679761252606,117774.7822674783,3.39787220582366e-09,0.0,0.0033693322730225777,4.9150407796331785e-06,10123.966560999088,0.011333186150034381,0.0,0.046875,1.0,0.0,0.046875,2135.9541369425424,117774.7822674783,0.11331549705120078,0.10826721256331237,18849.620683192406,1087815.7798567696,0.96875,0.96875,0.140625,0.0
2,1.5e-07,1.4999514098001642e-07,8925.0,0.0013387066332467763,1.4999514098001642e-07,0.0005,3990.3577877627063,1697152.6030786072,2573.1516851718416,104003.10966475807,87.80074375245134,215.90553266115583,175.60148750490268,14286.268232944269,1.9062829556873495,0.0625,0.0390625,2573.1516851718416,63.99077779246278,115.34861973249554,119651.92218230246,3.4415279515087605e-09,0.0,0.003371439343948604,4.9150407796331785e-06,10148.582980754627,0.011365982812697902,0.0,0.046875,1.0,0.0,0.046875,2172.8289459665393,119651.92218230246,0.11463635472713943,0.10915508122098762,18954.100129390594,1096164.4739200338,0.96875,0.96875,0.140625,0.0
2,1.5e-07,1.4999514098001642e-07,8950.0,0.001342456511771279,1.4999514098001642e-07,0.0005,3990.287808187018,1701250.7942262755,2578.7509535742925,104384.44051359996,87.8553690380533,216.15576485482057,175.7107380761066,14320.240624197913,1.91081604923948,0.0625,0.0390625,2578.7509535742925,63.95949061775067,115.96439937427203,121545.67123764707,3.470631781965494e-09,0.0,0.0033735368869668284,4.9150407796331785e-06,10173.355089900953,0.011398835325171084,0.0,0.046875,1.0,0.0,0.046875,2210.363266728338,121545.67123764707,0.11597690978422924,0.11004104073331995,19058.649440139743,1104548.5432313215,0.96875,0.96875,0.140625,0.0
2,1.5e-07,1.4999514098001642e-07,8975.0,0.0013462063902957816,1.4999514098001642e-07,0.0005,3990.21758126908,1705357.5000774616,2584.3791350408133,104769.38705145725,87.9097489610939,216.40506570076863,175.8194979221878,14354.262393539715,1.9153557315386716,0.0625,0.0390625,2584.3791350408133,63.92567512676285,116.58450737384919,123455.64703838667,3.5070115700364113e-09,0.0,0.0033756250083679055,4.9150407796331785e-06,10198.284127239567,0.01143177674982133,0.0,0.046875,1.0,0.0,0.046875,2248.571612070591,123455.64703838667,0.11733764990161155,0.11092497506291696,19163.257607051397,1112965.2899931893,0.96875,0.96875,0.140625,0.0
2,1.5e-07,1.4999514098001642e-07,9000.0,0.0013499562688202842,1.4999514098001642e-07,0.0005,3990.147105479671,1709472.7903522605,2590.0359301862654,105157.9530051381,87.96388625572351,216.65340634445514,175.92777251144702,14388.332273436841,1.9199018334521467,0.0625,0.0390625,2590.0359301862654,63.88930604889492,117.20932116763834,125381.49586291518,3.5142875276505947e-09,0.0,0.0033777038131398087,4.9150407796331785e-06,10223.371340704467,0.011464840438786383,0.0,0.046875,1.0,0.0,0.046875,2287.468733780159,125381.49586291518,0.1187190682094386,0.1118068121428902,19267.91347237256,1121411.9556747258,0.96875,0.96875,0.140625,0.0
2,1.5e-07,1.4999514098001642e-07,9025.0,0.0013537061473447869,1.4999514098001642e-07,0.0005,3990.0763793032293,1713596.7358481656,2595.7210261567116,105550.13942044409,88.01778362255098,216.90075733939378,176.03556724510196,14422.44896842469,1.9244541821200616,0.0625,0.0390625,2595.7210261567116,63.85035883167745,117.83922331784015,127322.89759946428,3.550667315721512e-09,0.0,0.0033797734049825575,4.9150407796331785e-06,10248.617987579595,0.011498059880917672,0.0,0.046875,1.0,0.0,0.046875,2327.0696086509706,127322.89759946428,0.12012166258609377,0.11268652644207743,19372.605727822905,1129885.7247579654,0.96875,0.96875,0.140625,0.0
2,1.5e-07,1.4999514098001642e-07,9050.0,0.0013574560258692895,1.4999514098001642e-07,0.0005,3990.005401237711,1717729.4084476768,2601.4340974567162,105945.9446050338,88.07144372902303,217.1470886400764,176.14288745804606,14456.611154783499,1.9290126009123563,0.0625,0.0390625,2601.4340974567162,63.80880966994618,118.47459997594888,129279.57074157475,3.5652192309498787e-09,0.0,0.0033818338863227885,4.9150407796331785e-06,10274.025334721407,0.011531468544812719,0.0,0.046875,1.0,0.0,0.046875,2367.3894237212517,129279.57074157475,0.12154593494603393,0.11356414141587788,19477.32291312224,1138383.7286115354,0.96875,0.96875,0.140625,0.0
2,1.5e-07,1.4999514098001642e-07,9075.0,0.0013612059043937922,1.4999514098001642e-07,0.0005,3989.9341697944387,1721870.8811261773,2607.174806828909,106345.36407732053,88.12486920980002,217.3923695947666,176.24973841960005,14490.81748021432,1.9335769093855166,0.0625,0.0390625,2607.174806828909,63.764635534872305,119.11583929060544,131251.27741902228,3.5943230614066124e-09,0.0,0.0033838853583281828,4.9150407796331785e-06,10299.594658786293,0.011565099718656508,0.0,0.046875,1.0,0.0,0.046875,2408.4435607558844,131251.27741902228,0.12299239052266354,0.1144397318311398,19582.05341420765,1146903.0494818755,0.96875,0.96875,0.140625,0.0
2,1.5e-07,1.4999514098001642e-07,9100.0,0.0013649557829182948,1.4999514098001642e-07,0.0005,3989.862683497948,1726021.2279600638,2612.9428061837334,106748.39052174051,88.17806266712775,217.6365689381658,176.3561253342555,14525.066563514305,1.9381469232392479,0.0625,0.0390625,2612.9428061837334,63.717814202813784,119.76332976617596,133237.828439374,3.637978807091713e-09,0.0,0.0033859279209217407,4.9150407796331785e-06,10325.327246462577,0.011598986347595567,0.0,0.046875,1.0,0.0,0.046875,2450.247580051451,133237.828439374,0.12446153715078319,0.11531342595392235,19686.785461142223,1155440.724591896,0.96875,0.96875,0.140625,0.0
2,1.5e-07,1.4999514098001642e-07,9125.0,0.0013687056614427975,1.4999514098001642e-07,0.0005,3989.7909408858354,1730180.524135164,2618.737737577115,107155.01375071683,88.2310266712059,217.87965478395537,176.4620533424118,14559.3569942516,1.9427224542730939,0.0625,0.0390625,2618.737737577115,63.68103442655632,120.41745857902424,135239.088314326,3.6670826375484467e-09,0.0,0.003387961672795934,4.9150407796331785e-06,10351.224394706856,0.011633160869413694,0.0,0.046875,1.0,0.0,0.046875,2492.8172036471806,135239.088314326,0.12595388455324177,0.11618540758937054,19791.50712571668,1163993.7503364978,0.96875,0.96875,0.140625,0.0
2,1.5e-07,1.4999514098001642e-07,9150.0,0.0013724555399673001,1.4999514098001642e-07,0.0005,3989.7189405085865,1734348.8459554343,2624.5592342334603,107565.22067363394,88.28376376055202,218.12159461721347,176.56752752110404,14593.687332439877,1.9473033103430073,0.0625,0.0390625,2624.5592342334603,63.64238621256399,121.078609858856,137254.9802439981,3.7034624256193638e-09,0.0,0.003389986711426679,4.9150407796331785e-06,10377.287410984278,0.011667655049304622,0.0,0.046875,1.0,0.0,0.046875,2536.16829803554,137254.9802439981,0.12746994363672573,0.1170559179633426,19896.20631874852,1172559.0865639197,0.96875,0.96875,0.140625,0.0
2,1.5e-07,1.4999514098001642e-07,9175.0,0.0013762054184918028,1.4999514098001642e-07,0.0005,3989.646680929418,1738526.270851946,2630.406921611246,107978.99527312627,88.33627644236222,218.36235528670767,176.67255288472444,14628.056108212717,1.9518892953179026,0.0625,0.0390625,2630.406921611246,63.601314807675124,121.7471629427746,139285.49103146465,3.7180143408477306e-09,0.0,0.0033920031330871873,4.9150407796331785e-06,10403.517613512335,0.011702499814547965,0.0,0.046875,1.0,0.0,0.046875,2580.3168564721127,139285.49103146465,0.12901022580169533,0.11792525743582412,20000.870787083026,1181133.660931501,0.96875,0.96875,0.140625,0.0
2,1.5e-07,1.4999514098001642e-07,9200.0,0.0013799552970163054,1.4999514098001642e-07,0.0005,3989.5741607241066,1742712.877392183,2636.2804185081422,108396.31858896905,88.38856719286791,218.60190299706534,176.77713438573582,14662.46182149792,1.9564802090361961,0.0625,0.0390625,2636.2804185081422,63.557802625831414,122.42349061007008,141330.6758991601,3.739842213690281e-09,0.0,0.0033940110328616645,4.9150407796331785e-06,10429.916331507786,0.011737725089916622,0.0,0.046875,1.0,0.0,0.046875,2625.278980991934,141330.6758991601,0.13057524227161915,0.11879378703670147,20105.488110302707,1189714.3733240513,0.96875,0.96875,0.140625,0.0
2,1.5e-07,1.4999514098001642e-07,9225.0,0.001383705175540808,1.4999514098001642e-07,0.0005,3989.5013784808134,1746908.7452896393,2642.1793382024107,108817.16870984614,88.44063845768885,218.84020330082168,176.8812769153777,14696.90294169196,1.961075847262369,0.0625,0.0390625,2642.1793382024107,63.511832884887674,123.10795730611426,143390.66317810677,3.79206830137654e-09,0.0,0.0033960105046588673,4.9150407796331785e-06,10456.484905436111,0.011773359634662023,0.0,0.046875,1.0,0.0,0.046875,2671.0708642454847,143390.66317810677,0.13216550344672184,0.11966192981487277,20210.04569715303,1198298.1003226705,0.96875,0.96875,0.140625,0.0
2,1.5e-07,1.4999514098001642e-07,9250.0,0.0013874550540653107,1.4999514098001642e-07,0.0005,3989.4283327999083,1751113.9554137413,2648.1032896271136,109241.520773252,88.49249265218221,219.07722109034734,176.98498530436441,14731.377907334703,1.9656760016435615,0.0625,0.0390625,2648.1032896271136,63.46338963013067,123.8009173640421,145465.6588405515,3.85602773619209e-09,0.0,0.003398001641225507,4.9150407796331785e-06,10483.224687262955,0.011809430881936487,0.0,0.046875,1.0,0.0,0.046875,2717.7087712755892,145465.6588405515,0.1337815182876263,0.12053017199226425,20314.530781692847,1206881.699711568,0.96875,0.96875,0.140625,0.0
2,1.5e-07,1.4999514098001642e-07,9275.0,0.0013912049325898134,1.4999514098001642e-07,0.0005,3989.355022293792,1755328.5898000912,2654.0518785733643,109669.34697376801,88.54413216178824,219.31292058965667,177.08826432357648,14765.88512578463,1.970280459666237,0.0625,0.0390625,2654.0518785733643,63.42643744625015,124.50271323284687,147555.95084616495,3.9194202215079245e-09,0.0,0.003399984534159522,4.9150407796331785e-06,10510.137040706973,0.011845964781489861,0.0,0.046875,1.0,0.0,0.046875,2765.209021360788,147555.95084616495,0.13542379373423402,0.121399063914752,20418.930419180586,1215462.0150101047,0.96875,0.96875,0.140625,0.0
2,1.5e-07,1.4999514098001642e-07,9300.0,0.001394954811114316,1.4999514098001642e-07,0.0005,3989.2814455867115,1759552.7316610515,2660.0247089187396,110100.61657993347,88.59555934237224,219.54726534609833,177.19111868474448,14800.422972894577,1.9748890046129155,0.0625,0.0390625,2660.0247089187396,63.40527868024783,125.21367372121313,149661.91327189654,3.9818448172839065e-09,0.0,0.003401959273923209,4.9150407796331785e-06,10537.223341493303,0.011882985646526898,0.0,0.046875,1.0,0.0,0.046875,2813.5879700599326,149661.91327189654,0.1370928341654029,0.12226922079261983,20523.23148170772,1224035.8800170757,0.96875,0.96875,0.140625,0.0
2,1.5e-07,1.4999514098001642e-07,9325.0,0.0013987046896388187,1.4999514098001642e-07,0.0005,3989.2076013145797,1763786.4653966718,2666.0213838766435,110535.2959599115,88.64677652056237,219.78021822193003,177.29355304112474,14834.989792688397,1.9795014155190276,0.0625,0.0390625,2666.0213838766435,63.44214188221232,125.93411226616627,151784.01019549556,4.043419630139857e-09,0.0,0.0034039259498561954,4.9150407796331785e-06,10564.484977606997,0.011920516005569834,0.0,0.046875,1.0,0.0,0.046875,2862.8619915919116,151784.01019549556,0.13878914090469854,0.12314132322368976,20627.420653592308,1232600.1233540063,0.96875,0.96875,0.140625,0.0
2,1.5e-07,1.4999514098001642e-07,9350.0,0.0014024545681633213,1.4999514098001642e-07,0.0005,3989.133488124787,1768029.8766059633,2672.0415072623096,110973.34861612796,88.69778599408454,220.01174138577844,177.39557198816908,14869.583897038505,1.984117467129889,0.0625,0.0390625,2672.0415072623096,63.485433291969194,126.6643252357153,153922.7993029002,4.103728224546174e-09,0.0,0.0034058846501882974,4.9150407796331785e-06,10591.923349545583,0.01195857646016193,0.0,0.046875,1.0,0.0,0.046875,2913.0474616957363,153922.7993029002,0.14051321177780435,0.1240161174928762,20731.484426547606,1241151.5729940662,0.96875,0.96875,0.140625,0.0
2,1.5e-07,1.4999514098001642e-07,9375.0,0.001406204446687824,1.4999514098001642e-07,0.0005,3989.059104676004,1772283.0520985432,2678.084684770878,111414.73522903842,88.74859003209299,220.241796303988,177.49718006418598,14904.203565344686,1.9887369298578417,0.0625,0.0390625,2678.084684770878,63.52688019270436,127.40459027517682,156078.93519006064,4.162877946613361e-09,0.0,0.003407835462052216,4.9150407796331785e-06,10619.539870569879,0.011997185549277463,0.0,0.046875,0.9778477048934798,0.0,0.046875,2964.160741115935,156078.93519006064,0.1422655407269298,0.12489441564254897,20835.409094641298,1249687.0607630895,0.96875,0.96875,0.140625,0.0
2,1.5e-07,1.4999514098001642e-07,9400.0,0.0014099543252123266,1.4999514098001642e-07,0.0005,3988.984449638009,1776546.0799066364,2684.1505252628162,111911.58533981716,88.79919087549791,220.4703437318586,177.59838175099583,14938.847044214253,1.9933595697395767,0.0625,0.0390625,2684.1505252628162,63.56644280911673,128.15516470633156,158253.17233016435,4.220739233008592e-09,0.0,0.0034097784714961147,4.9150407796331785e-06,10647.33596695217,0.012036359621233624,0.0,0.046875,0.9275018790480176,0.0,0.046875,3016.218159864031,158253.17233016435,0.14404661748760672,0.12577709530864217,20939.180749062267,1258203.4267990503,0.96875,0.96875,0.140625,0.0
2,1.5e-07,1.4999514098001642e-07,9425.0,0.0014137042037368293,1.4999514098001642e-07,0.0005,3988.909521691483,1780819.0492974687,2690.4303084798653,112425.40650796809,88.84959073728903,220.69734370477704,177.69918147457807,14973.512547143771,1.997985148393664,0.0625,0.03125,2690.4303084798653,63.60408135920137,128.91628398888315,160446.36767809046,4.276935420974785e-09,0.0,0.003411713763496046,4.9150407796331785e-06,10675.313078220737,0.012076112713911125,0.0,0.046875,0.8820376605815505,0.0,0.046875,3069.2360024072987,160446.36767809046,0.14585692733305447,0.1266650993182338,21042.78527271389,1266697.5239563386,0.96875,0.96875,0.140625,0.0
2,1.5e-07,1.4999514098001642e-07,9450.0,0.001417454082261332,1.4999514098001642e-07,0.0005,3988.834319527824,1785102.0507860333,2698.2874980043807,112942.82796721518,88.89979180285599,220.92275552924252,177.79958360571197,15008.198254202649,2.002613422978333,0.0625,0.03125,2698.2874980043807,63.63975607975072,129.688160253565,162659.48288454302,4.331430760649757e-09,0.0,0.003413641421968254,4.9150407796331785e-06,10703.472657399729,0.012116456444059443,0.0,0.046875,0.8407980049543481,0.0,0.046875,3123.230493940777,162659.48288454302,0.14769695089131524,0.1275594350448069,21146.208334653078,1275166.2221411278,0.96875,0.96875,0.140625,0.0
2,1.5e-07,1.4999514098001642e-07,9475.0,0.0014212039607858346,1.4999514098001642e-07,0.0005,3988.7588418489545,1789395.176148258,2706.1974629326724,113463.85228355997,88.94979623030517,221.14653777379127,177.89959246061034,15046.573849451035,2.0077340564386272,0.0625,0.03125,2706.1974629326724,63.673427252477104,130.47098091597036,164893.58609362924,4.384664251021678e-09,0.0,0.0034155615297813396,4.9150407796331785e-06,10731.816171243277,0.0121573999064182,0.0,0.046875,0.8032377996192717,0.0,0.046875,3178.2177878973016,164893.58609362924,0.14956716404009038,0.12846117351831446,21249.435384396296,1283606.4125641878,0.96875,0.96875,0.125,0.0
2,1.5e-07,1.4999514098001642e-07,9500.0,0.0014249538393103372,1.4999514098001642e-07,0.0005,3988.6830873671283,1793698.518434576,2714.1607183212654,113988.4810820848,88.99960615077306,221.36864825982173,177.99921230154612,15091.798365357092,2.0137685731119266,0.0625,0.03125,2714.1607183212654,63.70505523074192,131.26490738023858,167149.8532987195,4.436126071118236e-09,0.0,0.0034174741687682925,4.9150407796331785e-06,10760.34510046276,0.012198949583372878,0.0,0.046875,0.768900957180992,0.0,0.046875,3234.2139548536506,167149.8532987195,0.15146803788417187,0.12937144828776506,21352.451646114707,1292015.0118975458,0.96875,0.96875,0.125,0.0
2,1.5e-07,1.4999514098001642e-07,9525.0,0.0014287037178348399,1.4999514098001642e-07,0.0005,3988.6070548047405,1798012.1719839037,2722.177790042466,114516.71501511775,89.04922366873632,221.5890440523245,178.09844733747263,15137.16439567336,2.0198219727085878,0.0625,0.03125,2722.177790042466,63.734600466875115,132.07007384122153,169429.56923280703,4.48585770783675e-09,0.0,0.0034193794197383987,4.9150407796331785e-06,10789.060939945906,0.012241109265797112,0.0,0.046875,0.7374029130825001,0.0,0.046875,3291.2349729857233,169429.56923280703,0.15340003881993586,0.1302914540347705,21455.242112741857,1300388.9663215505,0.96875,0.96875,0.125,0.0
2,1.5e-07,1.4999514098001642e-07,9550.0,0.0014324535963593425,1.4999514098001642e-07,0.0005,3988.5307428941396,1802336.2324380362,2730.249214328235,115048.55372961455,89.09865086231851,221.80768145052036,178.19730172463701,15182.670862072679,2.025894111342422,0.0625,0.03125,2730.249214328235,63.76202354006849,132.8865861938193,171734.1277713771,4.534175620794441e-09,0.0,0.003421277362489018,4.9150407796331785e-06,10817.965198966602,0.012283879985721663,0.0,0.046875,0.7084170967057258,0.0,0.046875,3349.296720230661,171734.1277713771,0.15535176471539408,0.13122244493742272,21559.4378754989,1308725.2554490473,0.96875,0.96875,0.125,0.0
2,1.5e-07,1.4999514098001642e-07,9575.0,0.0014362034748838452,1.4999514098001642e-07,0.0005,3988.454150377431,1806670.7967564745,2738.375537258244,115583.99583372631,89.14788978359351,222.0245159784108,178.29577956718703,15228.316646809173,2.031984839867419,0.0625,0.03125,2738.375537258244,63.78728518482356,133.71452105742355,174065.03182740463,4.580972296052031e-09,0.0,0.003423168075817235,4.9150407796331785e-06,10847.059401384133,0.012327259961382805,0.0,0.046875,0.6816643620981281,0.0,0.046875,3408.4149683056457,174065.03182740463,0.15706904221870316,0.13216573278454172,21700.10665475227,1317020.8961135766,0.96875,0.96875,0.125,0.0
2,1.5e-07,1.4999514098001642e-07,9600.0,0.0014399533534083478,1.4999514098001642e-07,0.0005,3988.377276006302,1811015.963231682,2746.5573141914474,116123.03886252268,89.19694245888564,222.23950237524434,178.3938849177713,15274.100591987848,2.0380940037802855,0.0625,0.03125,2746.5573141914474,63.81034631993438,134.55392492348437,176423.89272014983,4.626452626854034e-09,0.0,0.003425051637531383,4.9150407796331785e-06,10876.345085830362,0.012371244555193494,0.0,0.046875,0.656904649775745,0.0,0.046875,3468.605378733788,176423.89272014983,0.1588075379664236,0.1331226848412393,21841.56635856384,1325272.946008797,0.96875,0.96875,0.125,0.0
2,1.5e-07,1.4999514098001642e-07,9625.0,0.0014437032319328505,1.4999514098001642e-07,0.0005,3988.3001185418216,1815371.8315047848,2754.795109140662,116665.67924283697,89.24581088906676,222.4525945859036,178.49162177813352,15320.021498825687,2.0442214431218493,0.0625,0.03125,2754.795109140662,63.83116807798365,135.40481343330066,178812.42900147475,4.670114004369983e-09,0.0,0.003426928124462452,4.9150407796331785e-06,10905.823805883714,0.01241582624507921,0.0,0.046875,0.633930349066538,0.0,0.953125,3529.88350102157,178812.42900147475,0.16056741116581014,0.13409472146755086,21983.81026008093,1333478.50716663,0.96875,0.96875,0.125,0.0
2,1.5e-07,1.4999514098001642e-07,9650.0,0.0014474531104573531,1.4999514098001642e-07,0.0005,3988.2226767542697,1819738.5025817226,2763.0894940898042,117211.91225719912,89.2944970498502,222.6637457512182,178.5889940997004,15366.078126904365,2.0503669923773478,0.0625,0.03125,2763.0894940898042,63.84971183533028,136.26717079330047,181232.46472582594,4.711683809620732e-09,0.0,0.0034287976124753768,4.9150407796331785e-06,10935.497130228321,0.012460994609620949,0.0,0.046875,0.6125609699208624,0.0,0.046875,3592.2647731267643,181232.46472582594,0.16234881574483956,0.13508331349287706,22126.830778813048,1341634.7292619701,0.96875,0.96875,0.125,0.0
2,1.5e-07,1.4999514098001642e-07,9675.0,0.0014512029889818558,1.4999514098001642e-07,0.0005,3988.144949422955,1824116.0788498553,2771.4410482535623,117761.73200682073,89.34300289208122,222.87290819820774,178.68600578416243,15412.269193414786,2.056530480375619,0.0625,0.03125,2771.4410482535623,63.865939242563456,137.14094933352135,183685.9271523254,4.751317234709573e-09,0.0,0.003430660176480189,4.9150407796331785e-06,10965.366642797067,0.012506736327289752,0.0,0.046875,0.5926388326367742,0.0,0.046875,3655.764524351762,183685.9271523254,0.16415190115287856,0.1360899793497797,22270.61946085572,1349738.8127322302,0.96875,0.96875,0.125,0.0
2,1.5e-07,1.4999514098001642e-07,9700.0,0.0014549528675063584,1.4999514098001642e-07,0.0005,3988.066935336036,1828504.664095033,2779.850357279512,118315.13137359514,89.39133034202536,223.08003343026115,178.7826606840507,15458.593372393534,2.062711730187222,0.0625,0.03125,2779.850357279512,63.87981225539857,138.0260692158554,186174.84387016622,4.788977450982945e-09,0.0,0.0034325158904430883,4.9150407796331785e-06,10995.433942896962,0.012553035190122722,0.0,0.046875,0.5740255558671981,0.0,0.046875,3720.3979807870783,186174.84387016622,0.16597681326060743,0.13711628197174056,22415.166960372466,1357788.011700438,0.96875,0.96875,0.125,0.0
2,1.5e-07,1.4999514098001642e-07,9725.0,0.001458702746030861,1.4999514098001642e-07,0.0005,3987.9886332903534,1832904.3635191424,2788.3180123928028,118872.10198107363,89.4394813016527,223.28507211725704,178.8789626033054,15505.049293951455,2.0689105590215005,0.0625,0.03125,2788.3180123928028,63.89129316598824,138.9224182964481,188701.33934120694,4.824449444238796e-09,0.0,0.0034343648273973608,4.9150407796331785e-06,11025.700645315395,0.012599872131978615,0.0,0.046875,0.5565991758169696,0.0,0.046875,3786.1802734221274,188701.33934120694,0.16782369535873418,0.1381638254604389,22560.46302239334,1365779.636691072,0.96875,0.96875,0.125,0.0
2,1.5e-07,1.4999514098001642e-07,9750.0,0.0014624526245553637,1.4999514098001642e-07,0.0005,3987.910042091256,1837315.2837581274,2796.8446094837486,119432.63415437756,89.48745764891981,223.48797408563306,178.97491529783963,15551.6355434946,2.0751267781226304,0.0625,0.03125,2796.8446094837486,63.900344634620275,139.8298521473007,191267.6308564446,4.857753523147589e-09,0.0,0.003436207059454202,4.9150407796331785e-06,11056.168380405768,0.012647225271560928,0.0,0.046875,0.540251768361724,0.0,0.046875,3853.1264490338363,191267.6308564446,0.1696926892546526,0.13923425152904317,22706.49646698431,1373711.0571284082,0.96875,0.96875,0.125,0.0
2,1.5e-07,1.4999514098001642e-07,9775.0,0.0014662025030798664,1.4999514098001642e-07,0.0005,3987.8311605524464,1841737.5329004973,2805.430748138836,119996.7168790043,89.53526123804903,223.68868830840728,179.07052247609806,15598.350660937675,2.0813601926646665,0.0625,0.03125,2805.430748138836,63.90692972177367,140.74819424040652,193876.02390618576,4.903995431959629e-09,0.0,0.0034380426578134436,4.9150407796331785e-06,11086.83879415095,0.012695069970229983,0.0,0.046875,0.5248874747692837,0.0,0.046875,3921.2514839483774,193876.02390618576,0.17158393646546166,0.1403292357291574,22853.25517483795,1381579.70360771,0.96875,0.96875,0.125,0.0
2,1.5e-07,1.4999514098001642e-07,9800.0,0.001469952381604369,1.4999514098001642e-07,0.0005,3987.751987495817,1846171.2205063282,2814.077030615863,120564.33775848373,89.58289389980419,223.88716289516287,179.16578779960838,15645.193139910298,2.087610601645631,0.0625,0.03125,2814.077030615863,63.91101192050191,141.67723629782995,196528.9069668497,4.998582880944014e-09,0.0,0.0034398716927741394,4.9150407796331785e-06,11117.713548203079,0.012743378904624575,0.0,0.046875,0.5104208535110536,0.0,0.953125,3990.570300763633,196528.9069668497,0.17349757950541375,0.1410182613219478,23000.726074331847,1393641.5406382713,0.96875,0.96875,0.125,0.0
2,1.5e-07,1.4999514098001642e-07,9825.0,0.0014737022601288717,1.4999514098001642e-07,0.0005,3987.6725217513,1850616.4576267647,2822.7840607640755,121135.48297084015,89.63035744176429,224.08334508199906,179.26071488352858,15692.161426956285,2.093877797780667,0.0625,0.03125,2822.7840607640755,63.91255518911192,142.61673880966737,199228.7457103096,5.056790541857481e-09,0.0,0.003441694233745075,4.9150407796331785e-06,11148.794319898174,0.012792122153973861,0.0,0.046875,0.4967754972062448,0.0,0.046875,4061.0977881059516,199228.7457103096,0.17543376326527066,0.141652757195073,23148.895130096644,1406458.6504020353,0.96875,0.96875,0.125,0.0
2,1.5e-07,1.4999514098001642e-07,9850.0,0.0014774521386533743,1.4999514098001642e-07,0.0005,3987.5927621567216,1855073.3568240276,2831.5524428904314,121710.13722381153,89.67765364859383,224.27718122145836,179.35530729718766,15739.253920726267,2.1001615673943097,0.0625,0.03125,2831.5524428904314,63.911523984105614,143.56643172148688,201978.07664527046,5.136826075613499e-09,0.0,0.0034435103492551464,4.9150407796331785e-06,11180.082802244042,0.012841267301944358,0.0,0.046875,0.4838828664252139,0.0,0.046875,4132.848823481079,201978.07664527046,0.17739263648051914,0.14230053569839116,23297.74733313093,1419376.7834674006,0.96875,0.96875,0.125,0.0
2,1.5e-07,1.4999514098001642e-07,9875.0,0.001481202017177877,1.4999514098001642e-07,0.0005,3987.5127075576593,1859542.0321919355,2840.382780573237,122288.2837087791,89.72478428231082,224.4686167724381,179.44956856462164,15786.468971163908,2.1064616903118987,0.0625,0.03125,2840.382780573237,63.907883293349926,144.52601529179083,204779.50020330213,5.2023096941411495e-09,0.0,0.003445320106963654,4.9150407796331785e-06,11211.580703879961,0.012890779552768603,0.0,0.046875,0.4716813018622306,0.0,0.046875,4205.838299265495,204779.50020330213,0.1793743532849206,0.14296292413408065,23447.26669249581,1432395.8567834382,0.96875,0.96875,0.125,0.0
2,1.5e-07,1.4999514098001642e-07,9900.0,0.0014849518957023797,1.4999514098001642e-07,0.0005,3987.4323568073123,1864022.599376944,2849.275675424698,122869.90405335484,89.77175108255203,224.6575962900923,179.54350216510406,15833.80487868607,2.1127779397501816,0.0625,0.03125,2849.275675424698,63.901598669440155,145.49516111923003,207635.67328561656,5.275069270282984e-09,0.0,0.0034471235736704855,4.9150407796331785e-06,11243.289749006723,0.01294062186132699,0.0,0.046875,0.46011518399603163,0.0,0.046875,4280.081151867911,207635.67328561656,0.18137907484532154,0.14364124515822602,23597.436228616374,1445515.6877601442,0.96875,0.96875,0.125,0.0
2,1.5e-07,1.4999514098001642e-07,9925.0,0.0014887017742268823,1.4999514098001642e-07,0.0005,3987.3517087663713,1868515.1755997129,2858.231725804019,123454.97827257565,89.81855576683553,224.8440634157359,179.63711153367106,15881.259893357283,2.119110082207161,0.0625,0.03125,2858.231725804019,63.892636263219735,146.47351333833103,210549.30129011255,5.347828846424818e-09,0.0,0.0034489208153261983,4.9150407796331785e-06,11275.211677285568,0.012990755076767974,0.0,0.046875,0.4491342153090574,0.0,0.953125,4355.5923940746,210549.30129011255,0.1834069710731654,0.14433681149335237,23748.23796821251,1458735.987803151,0.96875,0.96875,0.125,0.0
2,1.5e-07,1.4999514098001642e-07,9950.0,0.001492451652751385,1.4999514098001642e-07,0.0005,3987.270762302901,1873019.8796772116,2867.2515254830005,124043.48471864861,89.86520003082072,225.0279608667575,179.73040006164143,15928.832214058846,2.1254578773512254,0.0625,0.03125,2867.2515254830005,63.88096285741947,147.46068998182272,213523.12964158691,5.427864380180836e-09,0.0,0.0034507118970420044,4.9150407796331785e-06,11307.348243704575,0.013041138099193349,0.0,0.046875,0.4386928048281684,0.0,0.046875,4432.387150576891,213523.12964158691,0.18545822240774373,0.1450509206408925,23899.652940876127,1472056.3557829005,0.96875,0.96875,0.125,0.0
2,1.5e-07,1.4999514098001642e-07,9975.0,0.0014962015312758876,1.4999514098001642e-07,0.0005,3987.18951629223,1877536.8320453514,2876.335662266193,124635.4000291919,89.9116855485659,225.20923042655266,179.8233710971318,15976.519987653015,2.1318210779096196,0.0625,0.03125,2876.335662266193,63.86654590037717,148.45628450634467,216559.93485152954,5.4569682106375694e-09,0.0,0.00345249688309966,4.9150407796331785e-06,11339.701218411246,0.013091728048822807,0.0,0.046875,0.4287495384664741,0.0,0.953125,4510.480696657221,216559.93485152954,0.18753302166558966,0.1457848496227141,24051.661177306392,1485476.2714505575,0.96875,0.96875,0.125,0.0
2,1.5e-07,1.4999514098001642e-07,10000.0,0.0014999514098003903,1.4999514098001642e-07,0.0005,3987.1079696168385,1882066.1547821779,2885.484716567938,125230.69907391164,89.95801397278285,225.38781293448662,179.9160279455657,16024.321308142638,2.138199429556314,0.0625,0.03125,2885.484716567938,63.84935353979836,149.45986747778989,219662.51513728732,5.471520125865936e-09,0.0,0.0034542758369612418,4.9150407796331785e-06,11372.272386509885,0.013142480447011053,0.0,0.046875,0.41926672161077294,0.0,0.953125,4589.8884999952425,219662.51513728732,0.18963157595013333,0.14653984978108325,24204.241709208953,1498995.0888133326,0.96875,0.96875,0.125,0.0
2,1.5e-07,1.4999514098001642e-07,10025.0,0.001503701288324893,1.4999514098001642e-07,0.0005,3987.0261211662723,1886607.971631608,2894.699259948753,125829.35489965502,90.00418693508968,225.5636482758964,180.00837387017935,16072.23421582676,2.144592670799331,0.0625,0.03125,2894.699259948753,63.83902748150934,150.47098841133447,222833.6806336688,5.5442797020077705e-09,0.0,0.0034560488212788554,4.9150407796331785e-06,11405.063547822641,0.013193349408391602,0.0,0.046875,0.41020998277673393,0.0,0.953125,4670.626265534738,222833.6806336688,0.19175410861525394,0.1473171416664771,24357.37257085918,1512612.0294823498,0.96875,0.96875,0.125,0.0
2,1.5e-07,1.4999514098001642e-07,10050.0,0.0015074511668493956,1.4999514098001642e-07,0.0005,3986.9439698370434,1891162.4080277253,2903.9798536138273,126431.3386737755,90.05020604626007,225.73667537214544,180.10041209252014,16120.256696452601,2.1510005328675903,0.0625,0.03125,2903.9798536138273,63.828286444566956,151.48917776042435,226076.2432335727,5.580659490078688e-09,0.0,0.0034578158979042066,4.9150407796331785e-06,11438.076516612986,0.01324428784336223,0.0,0.046875,0.40154792906920966,0.0,0.953125,4752.709983330715,226076.2432335727,0.19390086127589562,0.14811791004271097,24511.030802324436,1526326.1760065465,0.96875,0.96875,0.125,0.0
2,1.5e-07,1.4999514098001642e-07,10075.0,0.0015112010453738982,1.4999514098001642e-07,0.0005,3986.8615145325557,1895729.591119651,2913.3270468764435,127036.61962574627,90.09607289647143,225.90683217073934,180.19214579294285,16168.386680364483,2.1574227395973473,0.0625,0.03125,2913.3270468764435,63.8149371115246,152.51394904785957,229393.0060972264,5.631591193377972e-09,0.0,0.0034595771278981293,4.9150407796331785e-06,11471.313121270623,0.01329524767003887,0.0,0.046875,0.39325184573830335,0.0,0.953125,4836.155979278614,229393.0060972264,0.19607209585866917,0.14894329903841855,24665.192454333563,1540136.4652065118,0.96875,0.96875,0.125,0.0
2,1.5e-07,1.4999514098001642e-07,10100.0,0.0015149509238984009,1.4999514098001642e-07,0.0005,3986.7787541630337,1900309.6497969746,2922.7413755894777,127645.16498695292,90.1417890555491,226.07405563551808,180.2835781110982,16216.622041650182,2.1638590073182846,0.0625,0.03125,2922.7413755894777,63.79895161747046,153.54480113158388,232786.75287293177,5.660695023834705e-09,0.0,0.0034613325715399652,4.9150407796331785e-06,11504.77520395679,0.013346180034771636,0.0,0.046875,0.38529543338598293,0.0,0.953125,4920.980968603195,232786.75287293177,0.1982680966848592,0.14979440747359804,24819.832594776643,1554041.6815224662,0.96875,0.96875,0.125,0.0
2,1.5e-07,1.4999514098001642e-07,10125.0,0.0015187008024229035,1.4999514098001642e-07,0.0005,3986.695687645447,1904902.7147157763,2932.2233605481943,128256.93992859674,90.18735607320927,226.23828173693326,180.37471214641855,16264.960597285339,2.1703090447393483,0.0625,0.03125,2932.2233605481943,63.780302829244214,154.58122059637935,236260.23667508597,5.689798854291439e-09,0.0,0.003463082288336887,4.9150407796331785e-06,11538.464620209163,0.013397035540208399,0.0,0.046875,0.37765457741176284,0.0,0.046875,5007.202111966646,236260.23667508597,0.20048917257806254,0.15067228438920557,24974.925316812507,1568040.4503909682,0.96875,0.96875,0.125,0.0
2,1.5e-07,1.4999514098001642e-07,10150.0,0.0015224506809474062,1.4999514098001642e-07,0.0005,3986.6123139034607,1909508.9183252333,2941.7735058678313,128871.90749763476,90.23277547929872,226.39944544242735,180.46555095859745,16313.400106276466,2.1767725528343953,0.0625,0.03125,2941.7735058678313,63.7589643755813,155.6226842622509,239816.16886831494,5.718902684748173e-09,0.0,0.0034648263370331087,4.9150407796331785e-06,11572.383238505528,0.013447764479872878,0.0,0.046875,0.3703071451379037,0.0,0.953125,5094.837074031617,239816.16886831494,0.2027356589883013,0.15157792480710275,25130.44374855442,1582131.2316651894,0.96875,0.96875,0.125,0.0
2,1.5e-07,1.4999514098001642e-07,10175.0,0.0015262005594719088,1.4999514098001642e-07,0.0005,3986.5286318673866,1914128.3948948174,2951.392297339561,129490.02855068266,90.2780487840322,226.5574807069253,180.5560975680644,16361.938268803226,2.1832492247277435,0.0625,0.03125,2951.392297339561,63.73491067711264,156.66866179915814,243457.20770898554,5.77711034566164e-09,0.0,0.0034665647756189975,4.9150407796331785e-06,11606.532939785637,0.013498317078144757,0.0,0.046875,0.3632328067544539,0.0,0.046875,5183.904084294743,243457.20770898554,0.20500792012424074,0.1525122657465004,25286.360064299697,1596312.3130938862,0.96875,0.96875,0.125,0.0
2,1.5e-07,1.4999514098001642e-07,10200.0,0.0015299504379964115,1.4999514098001642e-07,0.0005,3986.4446404741366,1918761.280542102,2961.0802007686398,130111.26168580259,90.32317747822745,226.89048833268964,180.6463549564549,16410.572725360624,2.1897387455797106,0.0625,0.03125,2961.0802007686398,63.70811697618101,157.71861843700754,247185.94689825084,5.791662260890007e-09,0.0,0.003468297661340101,4.9150407796331785e-06,11640.915616930724,0.013548643734485902,0.0,0.046875,0.35641287680868944,0.0,0.953125,5274.421999984304,247185.94689825084,0.20730635108490067,0.15347618252212625,25442.64549726316,1610581.8038744526,0.96875,0.96875,0.125,0.0
2,1.5e-07,1.4999514098001642e-07,10225.0,0.0015337003165209141,1.4999514098001642e-07,0.0005,3986.360338667189,1923407.7132611773,2970.8376602986796,130735.56317209458,90.36816303353764,227.25963733119463,180.73632606707528,16459.30105590183,2.196240792472236,0.0625,0.03125,2970.8376602986796,63.678559366434904,158.77201775909998,251004.9041028996,5.820766091346741e-09,0.0,0.0034700250507060703,4.9150407796331785e-06,11675.533174200316,0.01359869527071723,0.0,0.046875,0.3498301734478539,0.0,0.953125,5366.410370792539,251004.9041028996,0.20963137998199416,0.1544704853479052,25599.270353768006,1624937.628295628,0.96875,0.96875,0.125,0.0
2,1.5e-07,1.4999514098001642e-07,10250.0,0.0015374501950454168,1.4999514098001642e-07,0.0005,3986.2757253965615,1928067.832951687,2980.665096726141,131362.88687700997,90.41300690268105,227.62805409447824,180.8260138053621,16508.12077898232,2.202755034294681,0.0625,0.03125,2980.665096726141,63.6462148221605,159.8283245663315,254916.50950251287,5.820766091346741e-09,0.0,0.0034717469994994797,4.9150407796331785e-06,11710.387526626142,0.013648423180097725,0.0,0.046875,0.34346889302961187,0.0,0.953125,5459.889505197934,254916.50950251287,0.21198347004409815,0.15549591626856815,25756.204028843065,1639377.5194856455,0.96875,0.96875,0.125,0.0
2,1.5e-07,1.4999514098001642e-07,10275.0,0.0015412000735699194,1.4999514098001642e-07,0.0005,3986.1907996187874,1932741.781448493,2990.562905809271,131993.18419129946,90.45771051966834,227.99568742754047,180.91542103933668,16557.029350906192,2.2092811316299175,0.0625,0.03125,2990.562905809271,63.61516547361244,160.88700779894498,258923.09442333225,5.820766091346741e-09,0.0,0.0034734635627845546,4.9150407796331785e-06,11745.480599363054,0.013697779876940049,0.0,0.046875,0.3373144980571133,0.0,0.953125,5554.880538101526,258923.09442333225,0.21436312169333427,0.1565531464400401,25913.415023169342,1653899.0132817286,0.96875,0.96875,0.125,0.0
2,1.5e-07,1.4999514098001642e-07,10300.0,0.001544949952094422,1.4999514098001642e-07,0.0005,3986.1055602969063,1937429.7025519826,3000.531456575838,132626.40395150814,90.50227530002726,228.36248486108116,181.00455060005453,16606.024164875333,2.2158187366407955,0.0625,0.03125,3000.531456575838,63.60065032895953,161.94754350188668,263026.8801209326,5.8353180065751076e-09,0.0,0.003475174794915801,4.9150407796331785e-06,11780.814326997095,0.013746718945460774,0.0,0.046875,0.3313536166819507,0.0,0.953125,5651.4054994912,263026.8801209326,0.21677087458555153,0.1576427737777868,26070.87096131449,1668499.4422370112,0.96875,0.96875,0.125,0.0
2,1.5e-07,1.4999514098001642e-07,10325.0,0.0015486998306189247,1.4999514098001642e-07,0.0005,3986.0200064004443,1942131.7420590245,3010.57108963413,133262.49235992393,90.5467026410243,228.72839262459382,181.0934052820486,16655.102550142376,2.2223674929571215,0.0625,0.03125,3010.57108963413,63.58366714814323,163.00941781913752,267229.9667752655,5.820766091346741e-09,0.0,0.0034768807495465124,4.9150407796331785e-06,11816.390652810995,0.013795195386533645,0.0,0.046875,0.3255739522635107,0.0,0.046875,5749.4873838233325,267229.9667752655,0.21920730960477466,0.15876532099056123,26228.538611187352,1683175.9297809917,0.96875,0.96875,0.125,0.0
2,1.5e-07,1.4999514098001642e-07,10350.0,0.0015524497091434274,1.4999514098001642e-07,0.0005,3985.934136905421,1946848.0477945805,3020.6821154917807,133901.39290188666,90.59099392188402,229.0933556189868,181.18198784376804,16704.261771168265,2.228927035563246,0.0625,0.03125,3020.6821154917807,63.564194879587234,164.07213000216507,271534.3227625764,5.820766091346741e-09,0.0,0.003478581479637198,4.9150407796331785e-06,11852.211528007494,0.013843165861025403,0.0,0.046875,0.31996420168061324,0.0,0.953125,5849.150219790827,271534.3227625764,0.22167305080260946,0.15992123401499347,26386.383904641836,1697925.384549738,0.96875,0.96875,0.125,0.0
2,1.5e-07,1.4999514098001642e-07,10375.0,0.00155619958766793,1.4999514098001642e-07,0.0005,3985.8479507943393,1951578.7696439985,3030.864812887069,134543.04626035766,90.63515050400531,229.45731738872823,181.27030100801062,16753.499026785372,2.2354969906863946,0.0625,0.03125,3030.864812887069,63.54221324265225,165.13519541681308,275941.7742698211,5.820766091346741e-09,0.0,0.0034802770374638805,4.9150407796331785e-06,11888.278910891273,0.013890588928354203,0.0,0.046875,0.31451398126879915,0.0,0.953125,5950.419140132697,275941.7742698211,0.22416876727349813,0.16111088086469136,26544.37195915371,1712744.494902056,0.96875,0.96875,0.125,0.0
2,1.5e-07,1.4999514098001642e-07,10400.0,0.0015599494661924327,1.4999514098001642e-07,0.0005,3985.761447056198,1956324.0595859857,3041.119427137403,135187.39022764983,90.67917373117487,229.8202200935136,181.35834746234974,16802.811449367044,2.2420769756858587,0.0625,0.03125,3041.119427137403,63.51770275220882,166.19814853287426,280453.9953175876,5.806214176118374e-09,0.0,0.003481967474626298,4.9150407796331785e-06,11924.59476601016,0.013937425278937371,0.0,0.046875,0.309213759409559,0.0,0.046875,6053.320451118983,280453.9953175876,0.22621479755232096,0.16233455090541113,26759.171003032716,1727629.7236378358,0.96875,0.96875,0.125,0.0
2,1.5e-07,1.4999514098001642e-07,10425.0,0.0015636993447169353,1.4999514098001642e-07,0.0005,3985.674624686493,1961084.07172628,3051.4461685097594,135834.35961421457,90.72306492977775,230.18200447945537,181.4461298595555,16852.19610400463,2.24866659894318,0.0625,0.03125,3051.4461685097594,63.490644742918704,167.2605458801081,285072.4982577604,5.769834388047457e-09,0.0,0.0034836528420559864,4.9150407796331785e-06,11961.161063256786,0.013983637959187082,0.0,0.046875,0.3040547949291326,0.0,0.953125,6157.881701332139,285072.4982577604,0.22770389210590303,0.16359245456580834,27043.37481622037,1742577.3029347407,0.96875,0.96875,0.125,0.0
2,1.5e-07,1.4999514098001642e-07,10450.0,0.001567449223241438,1.4999514098001642e-07,0.0005,3985.587482687231,1965858.9623320377,3061.8452106178743,136483.88615437542,90.76682540900478,230.5426098497909,181.53365081800956,16901.649987692945,2.255265459753464,0.0625,0.03125,3061.8452106178743,63.46102139319202,168.32196895426932,289798.6248121541,5.915353540331125e-09,0.0,0.0034853331900242457,4.9150407796331785e-06,11997.979776931876,0.014029192587730185,0.0,0.046875,0.29902908057749494,0.0,0.953125,6264.131749349981,289798.6248121541,0.22920274028952534,0.16488472349125044,27330.090999074564,1757583.2295193325,0.96875,0.96875,0.125,0.0
2,1.5e-07,1.4999514098001642e-07,10475.0,0.0015711991017659406,1.4999514098001642e-07,0.0005,3985.5000200669388,1970648.8898669428,3072.316688851003,137135.89840890016,90.81045646105703,230.90197403511036,181.62091292211406,16951.1700285252,2.261873148217956,0.0625,0.03125,3072.316688851003,63.42881574878691,169.38202705659387,294633.5377178495,6.0390448197722435e-09,0.0,0.0034870085681499886,4.9150407796331785e-06,12035.052884770588,0.014074057561552845,0.0,0.046875,0.29412929095843476,0.0,0.953125,6372.100829919713,294633.5377178495,0.23071186123235812,0.16621141114604215,27619.30312504455,1772643.2600886158,0.96875,0.96875,0.125,0.0
2,1.5e-07,1.4999514098001642e-07,10500.0,0.0015749489802904433,1.4999514098001642e-07,0.0005,3985.412235840675,1975454.015027071,3082.8606988390666,137790.32166429618,90.85395936134712,231.26003336310225,181.70791872269425,17000.753084898603,2.268489245138042,0.0625,0.03125,3082.8606988390666,63.394011746019395,170.44036005010457,299578.2130442555,6.170012056827545e-09,0.0,0.0034886790254074736,4.9150407796331785e-06,12072.3823669336,0.014118204250798315,0.0,0.046875,0.28934873436585945,0.0,0.046875,6481.820618205675,299578.2130442555,0.2322318107579389,0.16757249386736403,27910.993748233057,1787752.9069978266,0.96875,0.96875,0.125,0.0
2,1.5e-07,1.4999514098001642e-07,10525.0,0.001578698858814946,1.4999514098001642e-07,0.0005,3985.324129030044,1980274.5007775084,3093.4772949589624,138447.07782871113,90.89733536869701,231.6167226278173,181.79467073739403,17050.395944731525,2.275113321910789,0.0625,0.03125,3093.4772949589624,63.35659423454966,171.49664101605958,304633.4332457348,6.293703336268663e-09,0.0,0.0034903446101338985,4.9150407796331785e-06,12109.970204964735,0.014161607180978114,0.0,0.046875,0.28468130805786346,0.0,0.953125,6593.3242916809395,304633.4332457348,0.23376318068737956,0.16896787237211544,28205.144506903525,1802907.4342301304,0.96875,0.96875,0.125,0.0
2,1.5e-07,1.4999514098001642e-07,10550.0,0.0015824487373394486,1.4999514098001642e-07,0.0005,3985.23569866321,1985110.51238975,3104.16648888679,139106.08532431888,90.94058572553257,231.9719750584508,181.88117145106514,17100.095324693608,2.281744940426216,0.0625,0.03125,3104.16648888679,63.31654899971274,172.5505787941147,309799.78101213137,6.446498446166515e-09,0.0,0.003492005370036871,4.9150407796331785e-06,12147.81838071728,0.014204244201412424,0.0,0.046875,0.28012145656465537,0.0,0.953125,6706.646589220807,309799.78101213137,0.23530659796074738,0.17039737371580865,28501.736234100732,1818101.8536636615,0.96875,0.96875,0.125,0.0
2,1.5e-07,1.4999514098001642e-07,10575.0,0.0015861986158639512,1.4999514098001642e-07,0.0005,3985.146943774897,1989962.2174799072,3114.928248200682,139767.25897606695,90.98371165807497,232.3257222876446,181.96742331614993,17149.84786944979,2.2883836529664205,0.0625,0.03125,3114.928248200682,63.27386278435975,173.60192038981404,315077.63397784997,6.577465683221817e-09,0.0,0.0034936613522017585,4.9150407796331785e-06,12185.928875251166,0.014246096638754254,0.0,0.046875,0.27566413268500084,0.0,0.953125,6821.823866958526,315077.63397784997,0.23686272357528732,0.17186075370075113,28800.74907519247,1833330.9216510954,0.96875,0.96875,0.125,0.0
2,1.5e-07,1.4999514098001642e-07,10600.0,0.0015899484943884539,1.4999514098001642e-07,0.0005,3985.057863406408,1994829.786047727,3125.762495038814,140430.50989665758,91.02671437652774,232.67789431930936,182.05342875305547,17199.650150919595,2.2950290021067445,0.0625,0.03125,3125.762495038814,63.255852952807956,174.65045323340019,320467.16034775646,6.686605047434568e-09,0.0,0.003495312603098871,4.9150407796331785e-06,12224.303667703509,0.014287149434517483,0.0,0.046875,0.27130476087536776,0.0,0.953125,6938.8941504506365,320467.16034775646,0.23843225133941837,0.17335769972872353,29102.162612107488,1848589.1359266718,0.96875,0.96875,0.125,0.0
2,1.5e-07,1.4999514098001642e-07,10625.0,0.0015936983729129565,1.4999514098001642e-07,0.0005,3984.9684566056167,1999713.390516463,3136.669104817083,141095.74536763222,91.06959507526125,233.02841949596936,182.1391901505225,17249.498667552827,2.3016805206191226,0.0625,0.03125,3136.669104817083,63.240106578328614,175.69600727426769,325968.3154956042,6.810296326875687e-09,0.0,0.003496959168590546,4.9150407796331785e-06,12262.944734135224,0.014327391265590472,0.0,0.046875,0.26703920278037335,0.0,0.046875,7057.897182701854,325968.3154956042,0.24001590644216894,0.17488783409150596,29405.95599401422,1863870.7328552592,0.96875,0.96875,0.125,0.0
2,1.5e-07,1.4999514098001642e-07,10650.0,0.0015974482514374592,1.4999514098001642e-07,0.0005,3984.8787224269754,2004613.205773613,3147.6479050108046,141762.8687164264,91.11235493299236,233.3772244656327,182.22470986598472,17299.389843622987,2.3083377313778026,0.0625,0.03125,3147.6479050108046,63.22210917279943,176.73845689600057,331580.8395879846,6.919435691088438e-09,0.0,0.003498601093938044,4.9150407796331785e-06,12301.854046356497,0.01436681464680083,0.0,0.046875,0.2628637246920464,0.0,0.953125,7178.874467598915,331580.8395879846,0.2416144438382777,0.17631504231594777,29712.108074151496,1880615.7162348535,0.96875,0.96875,0.125,0.0
2,1.5e-07,1.4999514098001642e-07,10675.0,0.0016011981299619618,1.4999514098001642e-07,0.0005,3984.7886599314975,2009529.4092125453,3158.6986740046164,142431.77918925844,91.15499511296095,233.72423414818957,182.3099902259219,17349.320028539638,2.3150001472675896,0.0625,0.03125,3158.6986740046164,63.201846489091416,177.77772263719453,337304.25628312957,7.0140231400728226e-09,0.0,0.0035002384238083293,4.9150407796331785e-06,12341.033570734231,0.014405416014650516,0.0,0.046875,0.2587749667583287,0.0,0.953125,7301.869308303707,337304.25628312957,0.24322864644969483,0.1773745409427935,30020.597552492232,1901649.7773032505,0.96875,0.96875,0.125,0.0
2,1.5e-07,1.4999514098001642e-07,10700.0,0.0016049480084864645,1.4999514098001642e-07,0.0005,3984.6982681867526,2014462.1807750552,3169.821140014595,143102.37181971225,91.19751676310226,234.0693717013425,182.39503352620451,17405.33793056215,2.322474875453963,0.0625,0.03125,3169.821140014595,63.207627983903336,178.81377270436678,343137.87255057413,7.137714419513941e-09,0.0,0.003501871202280687,4.9150407796331785e-06,12380.4852669846,0.014443195791461798,0.0,0.046875,0.25476991379169445,0.0,0.953125,7426.926840161759,343137.87255057413,0.24485932318483714,0.17842982741759963,30331.40312388836,1923097.0377362384,0.96875,0.96875,0.109375,0.0
2,1.5e-07,1.4999514098001642e-07,10725.0,0.0016086978870109671,1.4999514098001642e-07,0.0005,3984.607546266841,2019411.7029948642,3181.014980086385,143774.53729287296,91.23992101621488,234.4125584860732,182.47984203242976,17473.779576702636,2.3316073613746693,0.0625,0.03125,3181.014980086385,63.248680981635715,180.68050235035025,349080.7796534416,7.261405698955059e-09,0.0,0.0035034994728531748,4.9150407796331785e-06,12420.211086954174,0.01454729723073159,0.0,0.0,0.2508458675526644,0.0,0.953125,7554.094057690716,349080.7796534416,0.24650730677754928,0.17947925940721435,30644.50363131673,1944964.4533100296,0.96875,0.96875,0.109375,0.0
2,1.5e-07,1.4999514098001642e-07,10750.0,0.0016124477655354698,1.4999514098001642e-07,0.0005,3984.51649325236,2024378.161042099,3192.279819172926,144448.1618048708,91.28220899012524,234.75371403165235,182.56441798025048,17542.516624307926,2.3407792640813585,0.0625,0.03125,3192.279819172926,63.28729993759566,182.72747527192314,355131.8553308877,7.3983784213557216e-09,0.0,0.0035051232784489364,4.9150407796331785e-06,12460.21297339311,0.014664875765936735,0.0,0.0,0.24700042040600445,0.0,0.953125,7683.419835218519,355131.8553308877,0.24817345144817207,0.18052119492438515,30959.878223811967,1967258.5010288775,0.96875,0.96875,0.109375,0.0
2,1.5e-07,1.4999514098001642e-07,10775.0,0.0016161976440599724,1.4999514098001642e-07,0.0005,3984.425108230374,2029361.7427687845,3203.6152292950783,145123.12691768567,91.3243817878475,235.09275600019674,182.648763575695,17611.54751983064,2.349990376277008,0.0625,0.03125,3203.6152292950783,63.32344055223217,184.79353002816333,361289.76721341955,7.543639594342151e-09,0.0,0.0035067426614223437,4.9150407796331785e-06,12500.492858724052,0.014782899531772985,0.0,0.0,0.2432314302651302,0.0,0.953125,7814.954940761105,361289.76721341955,0.24985863038993275,0.18155400167269134,31277.506518646085,1989985.1497889808,0.96875,0.96875,0.109375,0.0
2,1.5e-07,1.4999514098001642e-07,10800.0,0.001619947522584475,1.4999514098001642e-07,0.0005,3984.3333902943546,2034362.638755379,3215.020728788181,145799.30940906468,91.3664404977387,235.4296001507829,182.7328809954774,17680.870613003874,2.359240477758857,0.0625,0.03125,3215.020728788181,63.35705883550228,186.8788340812871,367552.97749894625,7.691286166250805e-09,0.0,0.003508357663564953,4.9150407796331785e-06,12541.05266381059,0.014901367460210002,0.0,0.0,0.23953699675634815,0.0,0.953125,7948.752042736276,367552.97749894625,0.25156373308420865,0.18257606644525073,31597.368767283733,2013149.8320409083,0.96875,0.96875,0.109375,0.0
2,1.5e-07,1.4999514098001642e-07,10825.0,0.0016236974011089777,1.4999514098001642e-07,0.0005,3984.2413385441287,2039381.0423583896,3226.495781637292,146476.58111740137,91.40838619365063,235.76416030312396,182.81677238730126,17750.484154207024,2.3685293350669254,0.0625,0.03125,3226.495781637292,63.38811114205641,188.983552999136,373919.7489118329,7.84109026620865e-09,0.0,0.0035099683261113376,4.9150407796331785e-06,12581.894296729117,0.015020278230144214,0.0,0.0,0.23591543854723326,0.0,0.953125,8084.865709134814,373919.7489118329,0.2532896624490344,0.18358580450807357,31919.446024614634,2036757.4165865805,0.96875,0.96875,0.109375,0.0
2,1.5e-07,1.4999514098001642e-07,10850.0,0.0016274472796334804,1.4999514098001642e-07,0.0005,3984.148952085806,2044417.1497591068,3238.039796903497,147154.80878142524,91.45021993507609,236.09634830082038,182.90043987015218,17820.3862917855,2.3778567011263614,0.0625,0.03125,3238.039796903497,63.41655420684735,191.10785043117903,380388.1519618458,7.991821454990382e-09,0.0,0.003511574689744703,4.9150407796331785e-06,12623.019651548077,0.015139630271251437,0.0,0.0,0.23236527179434122,0.0,0.953125,8223.35239878502,380388.1519618458,0.2550373318256631,0.1845816688997517,32243.720320938308,2060812.182646581,0.96875,0.96875,0.109375,0.0
2,1.5e-07,1.4999514098001642e-07,10875.0,0.001631197158157983,1.4999514098001642e-07,0.0005,3984.0562300316915,2049471.160013491,3249.652128243335,147833.85387454747,91.49194276729132,236.42607397419334,182.98388553458264,17890.575069325,2.3872223148837413,0.0625,0.03125,3249.652128243335,63.44234518112952,193.25188810327563,386956.07351375464,8.143879845040045e-09,0.0,0.003513176794602357,4.9150407796331785e-06,12664.430607118618,0.015259421769396379,0.0,0.0,0.22888518967392837,0.0,0.953125,8364.27044437571,386956.07351375464,0.2568076618088074,0.18556215958058264,32570.174836149898,2085317.7953326968,0.96875,0.96875,0.109375,0.0
2,1.5e-07,1.4999514098001642e-07,10900.0,0.0016349470366824857,1.4999514098001642e-07,0.0005,3983.9631715001956,2054543.275103257,3261.332073523012,148513.57243371021,91.53355572149373,236.75324510271392,183.06711144298745,17961.048422881602,2.3966259009374653,0.0625,0.03125,3261.332073523012,63.465441668813824,195.4158258327243,393621.226672295,8.297733458985204e-09,0.0,0.003514774680280996,4.9150407796331785e-06,12706.129025880717,0.015379650673677869,0.0,0.0,0.22547404296592752,0.0,0.953125,8507.680026923132,393621.226672295,0.25860157692665153,0.18652583236658246,32898.79407555279,2110277.282659189,0.96875,0.96875,0.109375,0.0
2,1.5e-07,1.4999514098001642e-07,10925.0,0.0016386969152069884,1.4999514098001642e-07,0.0005,3983.869775615727,2059633.6999881924,3273.0788745286764,149193.81488258461,91.57505981493496,237.07776737703935,183.15011962986992,18031.804178168728,2.406067169162403,0.0625,0.03125,3273.0788745286764,63.493664871448765,197.59982156498154,400381.16198066995,8.452668368467147e-09,0.0,0.003516368385841819,4.9150407796331785e-06,12748.116752688833,0.015500314705174299,0.0,0.0,0.22213082166662418,0.0,0.953125,8653.64314140017,400381.16198066995,0.26042000217754036,0.18747130758682554,33229.56404669939,2135693.0142242555,0.96875,0.96875,0.109375,0.0
2,1.5e-07,1.4999514098001642e-07,10950.0,0.001642446793731491,1.4999514098001642e-07,0.0005,3983.776041508568,2064742.6426597666,3284.8917167736035,149874.42584896472,91.61645605104917,237.39954436067245,183.23291210209834,18102.840047702604,2.4155458143289965,0.0625,0.03125,3284.8917167736035,63.520951618732504,199.80403143350668,407233.27992422506,8.609977065708609e-09,0.0,0.0035179579498154493,4.9150407796331785e-06,12790.395613661138,0.015621411367456095,0.0,0.0,0.2188546376088581,0.0,0.953125,8802.223553273376,407233.27992422506,0.2622638594308019,0.1883972784062967,33562.472436640994,2161566.6816905267,0.96875,0.96875,0.109375,0.0
2,1.5e-07,1.4999514098001642e-07,10975.0,0.0016461966722559937,1.4999514098001642e-07,0.0005,3983.681968314743,2069870.3141960562,3296.769729402682,150555.24397620375,91.65774541957744,237.71847745125723,183.31549083915488,18174.153627907715,2.42506151571703,0.0625,0.03125,3296.769729402682,63.545626427027315,202.0286098442084,414174.8447239557,8.769219312621834e-09,0.0,0.0035195434102067128,4.9150407796331785e-06,12832.967415056239,0.015742937958930604,0.0,0.0,0.21564470807098815,0.0,0.953125,8953.486745734292,414174.8447239557,0.26413406370008014,0.1893025187606685,33897.50878894904,2187899.2811901723,0.96875,0.96875,0.109375,0.0
2,1.5e-07,1.4999514098001642e-07,11000.0,0.0016499465507804963,1.4999514098001642e-07,0.0005,3983.587555175877,2075016.9288180538,3308.711985194156,151350.9634443311,91.69892889668614,238.0344658415304,183.39785779337228,18245.742396184185,2.434613936724315,0.0625,0.03125,3308.711985194156,63.567649496881764,204.2737095858747,421202.9993976527,8.929436167929874e-09,0.0,0.0035211248044991848,4.9150407796331785e-06,12875.833942181436,0.015864891587073892,0.0,0.0,0.21250034035723867,0.0,0.953125,9107.49985743816,421202.9993976527,0.2660315192980046,0.19018589085428952,34234.66467984973,2214691.097776314,0.96875,0.96875,0.109375,0.0
2,1.5e-07,1.4999514098001642e-07,11025.0,0.001653696429304999,1.4999514098001642e-07,0.0005,3983.4928012390346,2080182.7039473928,3320.717500658053,152314.54815071714,91.74000744508237,238.34740647994596,183.48001489016474,18317.603707939084,2.444202724470565,0.0625,0.03125,3320.717500658053,63.58698154549616,206.53948196816873,428314.78205913864,9.09102972199505e-09,0.0,0.0035227021696596188,4.9150407796331785e-06,12918.996958336054,0.015987269184617153,0.0,0.0,0.20942091733213133,0.0,0.953125,9264.3316106126,428314.78205913864,0.2679571158820782,0.19104635217778485,34573.93389280104,2241941.692037937,0.96875,0.96875,0.109375,0.0
2,1.5e-07,1.4999514098001642e-07,11050.0,0.0016574463078295016,1.4999514098001642e-07,0.0005,3983.397705656551,2085367.8602655563,3332.785236230276,153288.43458112486,91.7809820141232,238.65719403099297,183.5619640282464,18389.73479358405,2.4538275093967745,0.0625,0.03125,3332.785236230276,63.603583841974256,208.82607698849006,435507.1434190618,9.255018085241318e-09,0.0,0.0035242755421421466,4.9150407796331785e-06,12962.458203793689,0.016110067527729692,0.0,0.0,0.20640588389152892,0.0,0.953125,9424.05222943351,435507.1434190618,0.2699117244022614,0.1918829620073241,34915.3125908248,2269649.8889903454,0.96875,0.96875,0.109375,0.0
2,1.5e-07,1.4999514098001642e-07,11075.0,0.0016611961863540043,1.4999514098001642e-07,0.0005,3983.302267585854,2090572.6217746043,3344.914096560762,154272.68135480658,91.8218535399218,238.96372083522965,183.6437070798436,18462.13275550164,2.4634879048604232,0.0625,0.03125,3344.914096560762,63.61741824276563,211.13364352927692,442776.9654430677,9.42964106798172e-09,0.0,0.00352584495789235,4.9150407796331785e-06,13006.219394826518,0.016233283256259657,0.0,0.0,0.20345473435225794,0.0,0.953125,9586.733348611757,442776.9654430677,0.2718961929616009,0.1926948873532186,35258.79948589668,2297813.7693473785,0.96875,0.96875,0.109375,0.0
2,1.5e-07,1.4999514098001642e-07,11100.0,0.001664946064878507,1.4999514098001642e-07,0.0005,3983.2064861892736,2095797.2158594865,3357.10293089362,155267.34112909363,91.86262294544812,239.2668768690575,183.72524589089625,18534.794564983313,2.4731835067268992,0.0625,0.03125,3357.10293089362,63.62844722726069,213.4623295870315,450121.0811160584,9.596988093107939e-09,0.0,0.0035274104523511252,4.9150407796331785e-06,13050.28222277501,0.01635691289606769,0.0,0.0,0.20056700074027933,0.0,0.953125,9752.447912180287,450121.0811160584,0.2739113426020952,0.193481408331485,35604.396004686256,2326430.6632753136,0.96875,0.96875,0.109375,0.0
2,1.5e-07,1.4999514098001642e-07,11125.0,0.0016686959434030096,1.4999514098001642e-07,0.0005,3983.1103606338393,2101041.8733519902,3369.3505335365903,156272.46029164604,91.90329114062558,239.56654970426047,183.80658228125117,18607.717059142025,2.482913892957532,0.0625,0.03125,3369.3505335365903,63.63663393349993,215.81228253453628,457536.2952535986,9.771611075848341e-09,0.0,0.003528972060458401,4.9150407796331785e-06,13094.648353165823,0.016480952883500724,0.0,0.0,0.19774224195639595,0.0,0.953125,9921.270062521246,457536.2952535986,0.2759579630288923,0.19424192293779027,35952.1064499324,2355497.146721171,0.96875,0.96875,0.109375,0.0
2,1.5e-07,1.4999514098001642e-07,11150.0,0.0016724458219275122,1.4999514098001642e-07,0.0005,3983.0138900910747,2106306.82859638,3381.655644416613,157288.0786529722,91.94385902242344,239.8626244673385,183.88771804484688,18680.89693780282,2.492678623194687,0.0625,0.03125,3381.655644416613,63.64194219395655,218.18364941763502,465019.40629454097,9.946234058588743e-09,0.0,0.0035305298166566808,4.9150407796331785e-06,13139.319424880357,0.01660539959204331,0.0,0.0,0.19498003379646744,0.0,0.953125,10093.275019720473,465019.40629454097,0.2780368082867243,0.19497595120914876,36301.938156734366,2385009.0404006764,0.96875,0.96875,0.109375,0.0
2,1.5e-07,1.4999514098001642e-07,11175.0,0.0016761957004520149,1.4999514098001642e-07,0.0005,3982.9170737367863,2111592.3195167934,3394.0169497177153,158314.22913975004,91.98432747494529,240.15498379866455,183.96865494989058,18754.33076037493,2.5024772383443996,0.0625,0.03125,3394.016949717715,63.64433657135274,220.5765772878076,472567.2290012478,1.0120857041329145e-08,0.0,0.0035320837548944426,4.9150407796331785e-06,13184.297049376168,0.01673024936117049,0.0,0.0,0.19227995980145754,0.0,0.953125,10268.538951390408,472567.2290012478,0.28014859240342865,0.1956831387642203,36653.901643036545,2414961.411522771,0.96875,0.96875,0.109375,0.0
2,1.5e-07,1.4999514098001642e-07,11200.0,0.0016799455789765175,1.4999514098001642e-07,0.0005,3982.8199107508467,2116898.5876864437,3406.433082596865,159350.93748947312,92.02469736951291,240.4435078114982,184.04939473902581,18828.01494270931,2.512309260157057,0.0625,0.03125,3406.4330825968623,63.643782394466655,222.99121357192325,480176.61798679223,1.0302755981683731e-08,0.0,0.0035336339086293593,4.9150407796331785e-06,13229.582809962882,0.0168554985274361,0.0,0.0,0.18964160291042567,0.0,0.953125,10447.138833157776,480176.61798679223,0.2822939850163592,0.1963632597185444,37008.01075358497,2445348.578318822,0.96875,0.96875,0.109375,0.0
2,1.5e-07,1.4999514098001642e-07,11225.0,0.0016836954575010202,1.4999514098001642e-07,0.0005,3982.722400316967,2122225.8783986974,3418.9026239728346,160398.2219469416,92.0649695647471,240.72807405089034,184.1299391294942,18901.945753945834,2.5221741908067097,0.0625,0.03125,3418.9026239728287,63.64024579388841,225.4277064802809,487844.49198161904,1.0484654922038317e-08,0.0,0.0035351803108314016,4.9150407796331785e-06,13275.178261133886,0.016981143457807414,0.0,0.0,0.18706453788857466,0.0,0.953125,10629.15230006633,487844.49198161904,0.2844736069983705,0.19701621897619614,37364.282796636435,2476164.1174352313,0.96875,0.96875,0.109375,0.0
2,1.5e-07,1.4999514098001642e-07,11250.0,0.0016874453360255228,1.4999514098001642e-07,0.0005,3982.624541622486,2127574.4407400833,3431.424103382556,161456.0929631059,92.10514490664431,241.0085574525162,184.21028981328863,18976.11931335448,2.5320715124695705,0.0625,0.03125,3431.4241033825488,63.63369373768091,227.88620545416416,495567.85874505667,1.068110577762127e-08,0.0,0.0035367229939857804,4.9150407796331785e-06,13321.084927954418,0.017107180585264708,0.0,0.0,0.18454832450011685,0.0,0.953125,10814.657489200807,495567.85874505667,0.28668802610096833,0.19764205390396147,37722.73867270621,2507400.8742383528,0.96875,0.96875,0.109375,0.0
2,1.5e-07,1.4999514098001642e-07,11275.0,0.0016911952145500255,1.4999514098001642e-07,0.0005,3982.526333858142,2132944.527665308,3443.9959998988475,162524.55289676055,92.1452242286503,241.2848303014767,184.2904484573006,19050.531587175476,2.542000686902387,0.0625,0.03125,3443.995999898838,63.62409406690218,230.36686165399078,503343.840520503,1.0863004717975855e-08,0.0,0.0035382619900957766,4.9150407796331785e-06,13367.304305506159,0.01723360644667151,0.0,0.0,0.18209250139519934,0.0,0.953125,11003.732873901143,503343.840520503,0.2889377526332798,0.19824093539845733,38083.40299464811,2539050.9760701014,0.96875,0.96875,0.109375,0.0
2,1.5e-07,1.4999514098001642e-07,11300.0,0.0016949450930745281,1.4999514098001642e-07,0.0005,3982.427776217867,2138336.396074319,3456.6167431027898,163603.5957195661,92.1852083517298,241.55676219111106,184.3704167034596,19125.178385463278,2.551961155021313,0.0625,0.03125,3456.61674310278,63.61558523949767,232.8698284890097,511169.69992699055,1.1074007488787174e-08,0.0,0.003539797330685414,4.9150407796331785e-06,13413.837858387813,0.017360417722910953,0.0,0.0,0.1796965806783839,0.0,0.953125,11196.457089991221,511169.69992699055,0.2912232351963,0.19881316836054116,38446.30419837281,2571105.848481832,0.96875,0.96875,0.109375,0.0
2,1.5e-07,1.4999514098001642e-07,11325.0,0.0016986949715990308,1.4999514098001642e-07,0.0005,3982.3288678985737,2143750.3068915047,3469.2847141035018,164693.2067248616,92.22509808443452,241.82421998186578,184.45019616886904,19200.05535893998,2.5619523364820487,0.0625,0.03125,3469.28471410349,63.623168712009715,235.3952621895296,519042.86617344525,1.1248630471527576e-08,0.0,0.0035413290468020732,4.9150407796331785e-06,13460.68702027039,0.01748761128128519,0.0,0.0,0.17736004312575385,0.0,0.953125,11392.908754505886,519042.86617344525,0.2935448564927885,0.19935919159455198,38811.47464352105,2603556.234462728,0.96875,0.96875,0.109375,0.0
2,1.5e-07,1.4999514098001642e-07,11350.0,0.0017024448501235334,1.4999514098001642e-07,0.0005,3982.2296080999645,2149186.5251470893,3481.998246597425,165793.36224070226,92.2648942229673,242.08706776026793,184.5297884459346,19275.157995863716,2.571973629261975,0.0625,0.03125,3481.998246597412,63.62799009307363,237.94332242244764,526960.9614766072,1.1408701539039612e-08,0.0,0.0035428571690189524,4.9150407796331785e-06,13507.853193505181,0.01761518422015832,0.0,0.0,0.17508233401707915,0.0,0.953125,11593.166277465687,526960.9614766072,0.29590292923417894,0.1998795771528857,39178.95070342748,2636392.2166672414,0.96875,0.96875,0.109375,0.0
2,1.5e-07,1.4999514098001642e-07,11375.0,0.001706194728648036,1.4999514098001642e-07,0.0005,3982.1299960243446,2154645.320060776,3494.7556279587334,166904.02934753444,92.30459755124461,242.34516679805603,184.60919510248922,19350.48161891815,2.582024409245104,0.0625,0.03125,3494.755627958719,63.630018490724396,240.51417295080682,534921.8275580918,1.1656084097921848e-08,0.0,0.0035443817274374693,4.9150407796331785e-06,13555.337748781696,0.017743133915820233,0.0,0.0,0.1728628595493278,0.0,0.046875,11797.307667302448,534921.8275580918,0.2982976921665292,0.20037502914863992,39548.77284372828,2669603.242634002,0.96875,0.96875,0.109375,0.0
2,1.5e-07,1.4999514098001642e-07,11400.0,0.0017099446071725387,1.4999514098001642e-07,0.0005,3982.030030876459,2160126.9651277266,3507.555100351877,168025.1656008861,92.34420884095677,242.59837551152165,184.68841768191353,19426.02138212939,2.5921040298106885,0.0625,0.03125,3507.555100351861,63.629223791729125,243.10798233796504,542923.5520912688,1.1874362826347351e-08,0.0,0.0035459027516895718,4.9150407796331785e-06,13603.142024831795,0.01787145807153852,0.0,0.0,0.17070098379771367,0.0,0.953125,12005.4103306061,542923.5520912688,0.30072930623849664,0.2008463820608653,39920.98568898729,2703178.152976333,0.96875,0.96875,0.109375,0.0
2,1.5e-07,1.4999514098001642e-07,11425.0,0.0017136944856970414,1.4999514098001642e-07,0.0005,3981.9297118633517,2165631.7382069263,3520.394861856786,169156.7187594195,92.3837288516262,242.8465494211202,184.7674577032524,19501.77226781695,2.602211821426376,0.0625,0.03125,3520.3948618567683,63.6255766935052,245.7249246968513,550964.4949644036,1.210719347000122e-08,0.0,0.0035474202709399765,4.9150407796331785e-06,13651.267328175567,0.018000154768758117,0.0,0.0,0.17339788203613518,0.0,0.0390625,12217.550866922029,550964.4949644036,0.3031978509349904,0.20129459855830928,40295.63807674096,2737105.2125117253,0.96875,0.96875,0.109375,0.0
2,1.5e-07,1.4999514098001642e-07,11450.0,0.001717444364221544,1.4999514098001642e-07,0.0005,3981.82903819424,2171159.921612017,3533.2730675967177,170298.62651865237,92.4231583306649,243.08954111141335,184.8463166613298,19577.729083585742,2.6123470912468343,0.0625,0.03125,3533.2730675966964,63.6190487358683,248.3651804846104,559043.3142224648,1.2281816452741623e-08,0.0,0.003548934313888374,4.9150407796331785e-06,13699.714932903258,0.018129222520397115,0.0,0.0,0.17756359048712433,0.0,0.0390625,12433.804859385826,559043.3142224648,0.305703320800745,0.2017207668682509,40672.78309838865,2771372.144284929,0.96875,0.96875,0.109375,0.0
2,1.5e-07,1.4999514098001642e-07,11475.0,0.0017211942427460467,1.4999514098001642e-07,0.0005,3981.7280090804243,2176711.802204655,3546.1878308582486,171450.81625061345,92.46249801343026,243.32720019140788,184.92499602686053,19653.88645936636,2.622509122718824,0.0625,0.03125,3546.187830858226,63.60961233257067,251.02893734280588,567158.9915469149,1.2500095181167126e-08,0.0,0.003550444908771574,4.9150407796331785e-06,13748.486080486864,0.01825866032617872,0.0,0.0,0.18191088814621303,0.0,0.0390625,12654.246662045582,567158.9915469149,0.3082456221787125,0.20212609771745388,41052.47812638517,2805966.1664261175,0.96875,0.96875,0.109375,0.0
2,1.5e-07,1.4999514098001642e-07,11500.0,0.0017249441212705493,1.4999514098001642e-07,0.0005,3981.6266237352274,2182287.671490466,3559.137224192485,172613.2047496526,92.50174862328045,243.55937325535947,185.0034972465609,19730.2388445112,2.6326971751937207,0.0625,0.03125,3559.137224192461,63.59724080259014,253.71639098318883,575310.8571299617,1.2645614333450794e-08,0.0,0.0035519520833656297,4.9150407796331785e-06,13797.58197961362,0.018388467729930007,0.0,0.0,0.18644985242045095,0.0,0.0390625,12878.949184778321,575310.8571299617,0.3108245701885737,0.20251192087210687,41434.784827225245,2840874.0317726284,0.96875,0.96875,0.109375,0.0
2,1.5e-07,1.4999514098001642e-07,11525.0,0.001728693999795052,1.4999514098001642e-07,0.0005,3981.5248813739777,2187887.8257176685,3572.11928048607,173785.6979845747,92.54091087162962,243.7859038441158,185.08182174325924,19806.780504954273,2.642910483548534,0.0625,0.03125,3572.1192804860434,63.58190840112937,256.42774611888217,583498.613797701,1.289299689233303e-08,0.0,0.0035534558649879602,4.9150407796331785e-06,13847.00380603272,0.01851864487876896,0.0,0.0,0.19119135337381826,0.0,0.0390625,13107.983676767108,583498.613797701,0.3134398859710805,0.20287968130315842,41819.76915974412,2876082.0701694246,0.96875,0.96875,0.109375,0.0
2,1.5e-07,1.4999514098001642e-07,11550.0,0.0017324438783195546,1.4999514098001642e-07,0.0005,3981.422781214022,2193512.565978426,3585.1319939902373,174968.19085721535,92.57998545800312,244.00663240707456,185.15997091600624,19883.50552044277,2.6531482578165053,0.0625,0.03125,3585.131993990209,63.56359035028486,259.1632174405795,591722.3602353185,1.3154931366443634e-08,0.0,0.0035549562804994684,4.9150407796331785e-06,13896.75270240532,0.018649192584086368,0.0,0.0,0.1961471470283505,0.0,0.0390625,13341.41950955565,591722.3602353185,0.31609119422400866,0.2032309350026589,42207.50135829726,2911576.233350385,0.96875,0.96875,0.109375,0.0
2,1.5e-07,1.4999514098001642e-07,11575.0,0.0017361937568440573,1.4999514098001642e-07,0.0005,3981.3203224747826,2199162.198313005,3598.173321295762,176160.56696751603,92.6189730700932,244.2213962648396,185.2379461401864,19960.40778184888,2.6634096828284077,0.0625,0.03125,3598.173321295733,63.542262869345,261.92303063722466,599982.6131665627,1.331500243395567e-08,0.0,0.0035564533563066814,4.9150407796331785e-06,13946.829778146755,0.018780112384223047,0.0,0.0,0.2013299820306125,0.0,0.0390625,13579.323960759051,599982.6131665627,0.3187780210557666,0.20356734447549546,42598.05590042076,2947342.142289359,0.96875,0.96875,0.109375,0.0
2,1.5e-07,1.4999514098001642e-07,11600.0,0.00173994363536856,1.4999514098001642e-07,0.0005,3981.2175043778784,2204837.033816797,3611.2411822413405,177362.69838509907,92.65787438381561,244.43002957265725,185.31574876763122,20037.48098857032,2.6736939178656898,0.0625,0.03125,3611.2411822413083,63.517903204676315,264.7074234604115,608280.3283399427,1.3475073501467705e-08,0.0,0.0035579471183639234,4.9150407796331785e-06,13997.236109248577,0.018911406608730984,0.0,0.0,0.20675372183464852,0.0,0.0390625,13821.761999550508,608280.3283399427,0.32149979218233593,0.20389067392958662,42991.51145861896,2983365.1368969018,0.96875,0.96875,0.109375,0.0
2,1.5e-07,1.4999514098001642e-07,11625.0,0.0017436935138930626,1.4999514098001642e-07,0.0005,3981.114326147279,2210537.3887502854,3624.333460742669,178574.44542727462,92.69669006336744,244.6323632847288,185.39338012673488,20114.71864602853,2.684000096326645,0.0625,0.03125,3624.333460742633,63.49497351060363,267.5166468314692,616616.9201745838,1.3693352229893208e-08,0.0,0.003559437592175536,4.9150407796331785e-06,14047.972738066761,0.019043078444091855,0.0,0.0,0.21243348495291198,0.0,0.0390625,14068.796075102902,616616.9201745838,0.3242558314931991,0.2042027841858796,43387.95083596817,3019630.3279258725,0.96875,0.96875,0.109375,0.0
2,1.5e-07,1.4999514098001642e-07,11650.0,0.0017474433924175652,1.4999514098001642e-07,0.0005,3981.0107870095276,2216263.5846520006,3637.4480055292506,179795.65644334618,92.73542076128669,244.828225119488,185.47084152257338,20192.114063273544,2.6943273254068227,0.0625,0.03125,3637.4480055292142,63.49867135093192,270.35096599006283,624994.2799204485,1.3964660557316227e-08,0.0,0.003560924802798167,4.9150407796331785e-06,14099.040673061194,0.019175132000762152,0.0,0.0,0.21838580631439283,0.0,0.0390625,14320.485909203475,624994.2799204485,0.3270453600112575,0.20450562732779784,43787.46088527456,3056122.650936437,0.96875,0.96875,0.109375,0.0
2,1.5e-07,1.4999514098001642e-07,11675.0,0.0017511932709420679,1.4999514098001642e-07,0.0005,3980.9068861940173,2222015.9484545654,3650.5826307757998,181026.16760500774,92.77406711851393,245.01743952594722,185.54813423702785,20269.660350704748,2.7046746857948945,0.0625,0.03125,3650.582630775759,63.49974123231656,273.21066168276593,633414.7921896167,1.432406701293704e-08,0.0,0.0035624087748431367,4.9150407796331785e-06,14150.44088847006,0.019307572381393506,0.0,0.0,0.2246288233662108,0.0,0.0390625,14576.888294302858,633414.7921896167,0.3298674952710843,0.20480124110775977,44190.13241157213,3092826.9221588084,0.96875,0.96875,0.109375,0.0
2,1.5e-07,1.4999514098001642e-07,11700.0,0.0017549431494665705,1.4999514098001642e-07,0.0005,3980.802622933343,2227794.8126038564,3663.7351166149288,182265.80270255226,92.81262976445639,245.1998276512153,185.62525952891278,20347.35041791697,2.71504123138525,0.0625,0.03125,3663.7351166148856,63.4981589591686,276.09603138990315,641881.3497186382,1.4693661537336893e-08,0.0,0.0035638895324789006,4.9150407796331785e-06,14202.174323901489,0.019440405750072262,0.0,0.0,0.23118249128882737,0.0,0.0390625,14838.056898302064,641881.3497186382,0.3327212511390331,0.20509174312647777,44596.06005779815,3129727.8960801326,0.96875,0.96875,0.109375,0.0
2,1.5e-07,1.4999514098001642e-07,11725.0,0.0017586930279910732,1.4999514098001642e-07,0.0005,3980.697996463705,2233600.5151813845,3676.9032095178277,183514.3729465294,92.85110931705488,245.37520730929782,185.70221863410976,20425.17697168133,2.7254259890085715,0.0625,0.03125,3676.9032095177804,63.49390114749147,279.007390588622,650397.3662256151,1.50736221197855e-08,0.0,0.003565367099433616,4.9150407796331785e-06,14254.241883823446,0.019573639402405262,0.0,0.0,0.23806883260296238,0.0,0.0390625,15104.042077411665,650397.3662256151,0.3356055380974864,0.2053793247986302,45005.34217353784,3166810.324570475,0.96875,0.96875,0.109375,0.0
2,1.5e-07,1.4999514098001642e-07,11750.0,0.0017624429065155758,1.4999514098001642e-07,0.0005,3980.593006025393,2239433.400029933,3690.0846225295345,184771.6767744152,92.88950638285367,245.54339295129395,185.77901276570734,20503.132514070465,2.735827958181675,0.0625,0.03125,3690.084622529485,63.486945251334355,281.94507404996693,658966.7872305354,1.5462905011226856e-08,0.0,0.0035668414989978295,4.9150407796331785e-06,14306.644436931383,0.019707281836273904,0.0,0.0,0.2453122275734974,0.0,0.0390625,15374.890698449817,658966.7872305354,0.33851916401423304,0.20566624511653983,45418.08066678133,3204059.017351802,0.96875,0.96875,0.109375,0.0
2,1.5e-07,1.4999514098001642e-07,11775.0,0.0017661927850400785,1.4999514098001642e-07,0.0005,3980.48765086334,2245293.816882534,3703.277035345519,186037.49966176608,92.92782155707422,245.70419563711187,185.85564311414845,20581.20934073785,2.74624611087791,0.0625,0.03125,3703.2770353454666,63.477269588949305,284.9094371671972,667594.0987126543,1.5863981337829383e-08,0.0,0.0035683127540273043,4.9150407796331785e-06,14359.382815371762,0.019841342823049526,0.0,0.0,0.2529397532250073,0.0,0.0390625,15650.64597197264,667594.0987126543,0.3414608354163494,0.20595482422143455,45834.380838697136,3241458.903603459,0.96875,0.96875,0.109375,0.0
2,1.5e-07,1.4999514098001642e-07,11800.0,0.0017699426635645811,1.4999514098001642e-07,0.0005,3980.381930227754,2251182.1214948427,3716.4780942163625,187311.61393724708,92.96605542369252,246.10578585594905,185.93211084738505,20659.399539360944,2.756679391319425,0.0625,0.03125,3716.4780942163065,63.4648533686188,287.90085731271665,676284.3334852438,1.6277544858285895e-08,0.0,0.0035697808869459917,4.9150407796331785e-06,14412.457813798303,0.019975833479081138,0.0,0.0,0.2609815805537243,0.0,0.0390625,15931.347297646207,676284.3334852438,0.3444291592860346,0.20624743679005472,46254.35120147845,3278995.0944876634,0.96875,0.96875,0.109375,0.0
2,1.5e-07,1.4999514098001642e-07,11825.0,0.0017736925420890838,1.4999514098001642e-07,0.0005,3980.275843374828,2257098.6757809734,3729.6854116675477,188593.77860083283,93.00420855552045,246.6737291999854,186.0084171110409,20737.694988257612,2.767126715792546,0.0625,0.03125,3729.6854116674895,63.449676714120514,290.91973522008084,685043.0751749235,1.670249887180816e-08,0.0,0.0035712459197491555,4.9150407796331785e-06,14465.87018823615,0.020110766337213568,0.0,0.0,0.2694714417584117,0.0,0.0390625,16217.030123289354,685043.0751749235,0.3474226453938252,0.2065465052425273,46678.10327938278,3316652.9463693644,0.96875,0.96875,0.109375,0.0
2,1.5e-07,1.4999514098001642e-07,11850.0,0.0017774424206135864,1.4999514098001642e-07,0.0005,3980.169389567521,2263043.847952866,3742.8965660215767,189883.73914439228,93.04228151429133,247.24038022229195,186.08456302858266,20816.087355185766,2.7775869724876094,0.0625,0.03125,3742.8965660215163,63.431720689794936,293.96649638784584,693876.4597007846,1.7140151480023205e-08,0.0,0.003572707874006657,4.9150407796331785e-06,14519.620654728082,0.020246155418125224,0.0,0.0,0.2784471821589197,0.0,0.0390625,16507.725819021245,693876.4597007846,0.3504397091822001,0.20685449277585463,47105.75139314071,3354418.12449615,0.96875,0.96875,0.109375,0.0
2,1.5e-07,1.4999514098001642e-07,11875.0,0.001781192299138089,1.4999514098001642e-07,0.0005,3980.0625680764388,2269018.012663246,3756.1091007099762,191181.22737377125,93.08027485075081,247.80559991942573,186.16054970150162,20894.568096335493,2.7880590213644774,0.0625,0.03125,3756.1091007099144,63.410967325183236,297.04159250119847,702791.1741571748,1.7590757849489995e-08,0.0,0.0035741667708664437,4.9150407796331785e-06,14573.709887735282,0.020382016301228705,0.0,0.0,0.28795141511552974,0.0,0.0390625,16803.461567952618,702791.1741571748,0.3534786752100237,0.207173896225927,47537.412427973584,3392276.6668961416,0.96875,0.96875,0.109375,0.0
2,1.5e-07,1.4999514098001642e-07,11900.0,0.0017849421776625918,1.4999514098001642e-07,0.0005,3979.955378180769,2275021.5511522405,3771.402225293828,192485.96123139618,93.11818910475135,248.36924435061115,186.2363782095027,20973.12845552326,2.798541694045015,0.0625,0.0234375,3771.402225293754,63.3873996392012,300.14550286720896,711794.4530134248,1.8053365063676337e-08,0.0,0.003575622631058178,4.9150407796331785e-06,14628.138518263959,0.020518366194882717,0.0,0.0,0.3026732484071677,0.015625,0.0390625,17104.260274853485,711794.4530134248,0.3565377811654143,0.20750723875976249,47973.20558551979,3430215.0482446114,0.96875,0.96875,0.109375,0.0
2,1.5e-07,1.4999514098001642e-07,11925.0,0.0017886920561870944,1.4999514098001642e-07,0.0005,3979.84781916932,2281054.851397721,3790.910557325193,193797.6446183268,93.15602480535243,248.93116449044794,186.31204961070486,21052.33059832561,2.8091100028864986,0.0625,0.0234375,3790.9105573251177,63.36100166381634,303.27873585920406,720894.0715539772,1.8527301576561088e-08,0.0,0.003577075474897087,4.9150407796331785e-06,14682.907131687825,0.020655224005652457,0.0,0.0,0.3087444930530979,0.0,0.0390625,17410.140494219842,720894.0715539772,0.35961518245158913,0.2078570623987105,48413.252120031306,3468220.24344384,0.96875,0.96875,0.09375,0.0
2,1.5e-07,1.4999514098001642e-07,11950.0,0.001792441934711597,1.4999514098001642e-07,0.0005,3979.7398903416315,2287118.308269433,3810.5535769336298,195115.96721458863,93.19378247092521,249.49120607894093,186.38756494185043,21166.50369871692,2.824344648612388,0.0625,0.0234375,3810.5535769335524,63.3317584671944,306.4418303653165,730098.3364933333,1.9013753174456873e-08,0.0,0.003578525322287977,4.9150407796331785e-06,14738.016265235212,0.02079261040633855,0.0,0.0,0.320150246065914,0.0,0.0390625,17721.116379141342,730098.3364933333,0.36270895734693825,0.2082259203726816,48857.67505926451,3506279.790655301,0.96875,0.96875,0.09375,0.0
2,1.5e-07,1.4999514098001642e-07,11975.0,0.0017961918132360997,1.4999514098001642e-07,0.0005,3979.6315910091557,2293212.323686987,3830.3312747489726,196440.6042965232,93.23146260926251,250.0492094688932,186.46292521852502,21281.4000070905,2.8396757953298266,0.0625,0.0234375,3830.3312747488944,63.29965617628316,309.6353572359603,739416.0737117133,1.951276030757045e-08,0.0,0.0035799721927294616,4.9150407796331785e-06,14793.466405108342,0.020930547902487544,0.0,0.0,0.33232080413437226,0.0,0.0390625,18037.197652346484,739416.0737117133,0.36581711273714435,0.2086163693050372,49306.598910551795,3544381.853518623,0.96875,0.03125,0.09375,0.0
2,1.5e-07,1.4999514098001642e-07,12000.0,0.0017999416917606024,1.4999514098001642e-07,0.0005,3979.5229204965362,2299337.3067817697,3850.243573282547,197771.21654979372,93.26906571769369,250.6050094707044,186.53813143538738,21397.018019016927,2.8551032422958276,0.0625,0.0234375,3850.2435732824674,63.26468199879996,312.85992072468525,748856.6130696591,2.002220189892179e-08,0.0,0.00358141610531837,4.9150407796331785e-06,14849.257983201234,0.021069060897091253,0.0,0.0,0.34533806056327987,0.0,0.0390625,18358.389600766357,748856.6130696591,0.36893759041353397,0.20903096122771123,49760.14935260147,3582515.282288159,0.96875,0.03125,0.09375,0.0
2,1.5e-07,1.4999514098001642e-07,12025.0,0.001803691570285105,1.4999514098001642e-07,0.0005,3979.413878142936,2305493.674062853,3870.290321506162,199107.44987659552,93.30659228320421,251.15843519462263,186.61318456640842,21513.355909382713,2.8706267459770416,0.0625,0.0234375,3870.290321506079,63.24680647474526,316.1161599163843,758429.7702726843,2.0542324364972617e-08,0.0,0.003582857078754337,4.9150407796331785e-06,14905.3913733817,0.021208175753164714,0.0,0.0,0.35929661163605014,0.0,0.0390625,18684.69309491379,758429.7702726843,0.37206827392805597,0.20947223542638407,50218.4529136357,3620669.6736151613,0.96875,0.03125,0.09375,0.0
2,1.5e-07,1.4999514098001642e-07,12050.0,0.0018074414488096077,1.4999514098001642e-07,0.0005,3979.304463303456,2311681.8495869623,3890.4712891836684,200448.93519551956,93.34404278256036,251.7093098904984,186.68808556512073,21630.41151876553,2.8862460182317435,0.0625,0.0234375,3890.4712891835816,63.248606426373485,319.40475013666037,768145.8257703697,2.1071504688423284e-08,0.0,0.0035842951313445957,4.9150407796331785e-06,14961.86688730173,0.02134792085389705,0.0,0.0,0.37430629670610527,0.0,0.0390625,19016.104634322503,768145.8257703697,0.3752069959913936,0.20994271011607663,50681.63663653726,3658835.4287017845,0.96875,0.03125,0.09375,0.0
2,1.5e-07,1.4999514098001642e-07,12075.0,0.0018111913273341103,1.4999514098001642e-07,0.0005,3979.194675350606,2317902.265132588,3910.786160953626,201795.2882324328,93.38141768243828,252.25745078509274,186.76283536487657,21748.18233955801,2.9019607244582657,0.0625,0.0234375,3910.7861609535385,63.24798453011479,322.726404335619,778015.500688538,2.1610464959956265e-08,0.0,0.003585730281008929,4.9150407796331785e-06,15018.684769700041,0.021488326660049115,0.0,0.0,0.3904953679195385,0.0,0.0390625,19352.616420230188,778015.500688538,0.37835154639677077,0.21044487394855238,51149.82773173453,3697003.8095522346,0.96875,0.03125,0.09375,0.0
2,1.5e-07,1.4999514098001642e-07,12100.0,0.001814941205858613,1.4999514098001642e-07,0.0005,3979.08451367585,2324155.3603783012,3931.2345301620567,203146.10930064233,93.41871743955775,252.80266891699526,186.8374348791155,21866.66550186045,2.9177704817125947,0.0625,0.0234375,3931.234530161966,63.244923309501395,326.08187443919996,788049.9298072783,2.215813080615667e-08,0.0,0.0035871625452848087,4.9150407796331785e-06,15075.845193159457,0.021629425764278672,0.0,0.0,0.40801447976305094,0.0,0.0390625,19694.21645661707,788049.9298072783,0.3814996804479509,0.2109811773541455,51623.15321861458,3735166.9930464257,0.96875,0.03125,0.09375,0.0
2,1.5e-07,1.4999514098001642e-07,12125.0,0.0018186910843831156,1.4999514098001642e-07,0.0005,3978.9739776911897,2330441.583085364,3951.815892444686,204500.98306852914,93.4559425008195,253.34476896920842,186.911885001639,21985.857759165243,2.93367485679818,0.0625,0.0234375,3951.815892444594,63.23940607973832,329.4719526607396,798260.6316129556,2.2714033668801493e-08,0.0,0.003588591941332667,4.9150407796331785e-06,15133.348252281334,0.02177125294206271,0.0,0.0,0.4270417573172158,0.0,0.0390625,20040.888680631615,798260.6316129556,0.38464912786591154,0.21155402372244647,52101.739556310284,3773318.122562648,0.96875,0.03125,0.09375,0.0
2,1.5e-07,1.4999514098001642e-07,12150.0,0.0018224409629076183,1.4999514098001642e-07,0.0005,3978.863066830813,2336761.389284696,3972.5296390585754,205859.47831274907,93.49309330344678,253.8835490994602,186.98618660689357,22105.755473858175,2.949673364331305,0.0625,0.0234375,3972.5296390584813,63.23141696795603,332.8974727651366,808659.4754670933,2.3278819845667224e-08,0.0,0.0035900184859413323,4.9150407796331785e-06,15191.193957238618,0.02191384519888318,0.0,0.0,0.44778930000150896,0.0,0.0390625,20392.61312334615,808659.4754670933,0.3877976021447014,0.21216576042821597,52585.712264762595,3811451.356877608,0.96875,0.03125,0.09375,0.0
2,1.5e-07,1.4999514098001642e-07,12175.0,0.001826190841432121,1.4999514098001642e-07,0.0005,3978.751780552771,2343115.243468302,3993.3750499634107,207221.14765502248,93.53017027512976,254.41880076830725,187.06034055025953,22226.354602564075,2.965765464785688,0.0625,0.0234375,3993.3750499633134,63.22094093309498,336.35931127779986,819258.645951217,2.3854602119077863e-08,0.0,0.0035914421955335757,4.9150407796331785e-06,15249.382226668768,0.022057241813347717,0.0,0.0,0.4705116192186669,0.0,0.0390625,20749.366101681924,819258.645951217,0.39094281032298084,0.21281866971150143,53075.195537013846,3849561.916075362,0.96875,0.03125,0.09375,0.0
2,1.5e-07,1.4999514098001642e-07,12200.0,0.0018299407199566236,1.4999514098001642e-07,0.0005,3978.6401183406974,2349503.618785218,4014.351286653218,208585.5272804564,93.56717383417299,254.95030856509572,187.13434766834598,22347.65068136682,2.981950562520321,0.0625,0.0234375,4014.3512866531164,63.2079637853968,339.85838863018853,830070.6044622883,2.443881578400453e-08,0.0,0.0035928630861717715,4.9150407796331785e-06,15307.912879867525,0.02220148437591119,0.0,0.0,0.49551671646234946,0.0,0.0390625,21111.120442236264,830070.6044622883,0.39408246313398915,0.213514959423681,53570.31184373821,3887646.124200443,0.96875,0.03125,0.09375,0.0
2,1.5e-07,1.4999514098001642e-07,12225.0,0.0018336905984811262,1.4999514098001642e-07,0.0005,3978.528079705538,2355926.9972420936,4035.457384739662,209952.1366352745,93.60410438964493,255.47785003184936,187.20820877928986,22469.638810936238,2.9982280037948805,0.0625,0.0234375,4035.457384739558,63.19247220547645,343.3956702335199,841108.0481495932,2.5032816514979565e-08,0.0,0.003594281173563639,4.9150407796331785e-06,15366.785628244177,0.022346616822867503,0.0,0.0,0.5231808197849571,0.0,0.0390625,21477.845737621814,841108.0481495932,0.3972142854929636,0.21425675365439814,54071.18153106374,3925701.4483955214,0.96875,0.03125,0.09375,0.0
2,1.5e-07,1.4999514098001642e-07,12250.0,0.0018374404770056289,1.4999514098001642e-07,0.0005,3978.4156641873133,2362385.869908469,4056.692246288529,211320.47810176548,93.64096234152902,256.0011954851574,187.28192468305804,22592.313641596913,3.014597074777393,0.0625,0.0234375,4056.6922462884227,63.17445376294991,346.97216747210405,852383.8663003743,2.5633260469859114e-08,0.0,0.003595696473068046,4.9150407796331785e-06,15426.00006599928,0.022492685465292556,0.0,0.0,0.5539682711689619,0.0,0.0390625,21849.50863580074,852383.8663003743,0.40033602727761314,0.21504608325796878,54577.92241278647,3963726.5342696644,0.96875,0.03125,0.09375,0.0
2,1.5e-07,1.4999514098001642e-07,12275.0,0.0018411903555301315,1.4999514098001642e-07,0.0005,3978.3028713568683,2368880.737126875,4078.054631911385,212690.03664820298,93.67774808087574,256.52010783614037,187.3554961617515,22715.669358376508,3.0310569995491594,0.0625,0.0234375,4078.0546319112755,63.17593083844841,350.5889386073777,863911.0942977164,2.6240918585319374e-08,0.0,0.0035971089997008437,4.9150407796331785e-06,15485.555659985726,0.02263973901261357,0.0,0.0,0.5884587963814504,0.0,0.0390625,22226.07316275286,863911.0942977164,0.4034454743539361,0.21588487630172,55090.64935811943,4001721.2372501586,0.96875,0.03125,0.09375,0.0
2,1.5e-07,1.4999514098001642e-07,12300.0,0.0018449402340546342,1.4999514098001642e-07,0.0005,3978.1897008176197,2375412.1087278267,4099.543152614795,214060.27945144105,93.71446198995493,257.0343424085728,187.42892397990985,22839.699666073797,3.047606938112316,0.0625,0.0234375,4099.543152614683,63.20071505857742,354.24708958375777,875702.86529072,2.6854299540867204e-08,0.0,0.003598518768140718,4.9150407796331785e-06,15545.451738714504,0.022787828590502667,0.0,0.0,0.6273855667478163,0.0,0.0390625,22607.501078671194,875702.86529072,0.4065404597967983,0.2167749484630018,55609.473876157695,4039686.649678439,0.96875,0.03125,0.09375,0.0
2,1.5e-07,1.4999514098001642e-07,12325.0,0.0018486901125791368,1.4999514098001642e-07,0.0005,3978.076152207288,2381980.504249825,4121.156261409878,215430.65548984453,93.7511044424067,257.5436467552504,187.5022088848134,22964.397774389057,3.064245984405712,0.0625,0.0234375,4121.156261409763,63.222345432125756,357.94777472717396,887772.3597333245,2.7473211873758135e-08,0.0,0.0035999257927349856,4.9150407796331785e-06,15605.687480466877,0.0229370077527956,0.0,0.0,0.6716893889192366,0.0,0.0390625,22993.75226771699,887772.3597333245,0.4096188752520007,0.21771799340613981,56134.50369827576,4077625.123419352,0.96875,0.03125,0.09375,0.0
2,1.5e-07,1.4999514098001642e-07,12350.0,0.0018524399911036395,1.4999514098001642e-07,0.0005,3977.9622251995966,2388586.4531644764,4142.892244685314,216800.59510418316,93.78767580339202,258.04776047269115,187.57535160678404,23089.75638316218,3.0809731643351648,0.0625,0.0234375,4142.8922446851975,63.24078064625144,361.69219732709917,900132.752964356,2.8098693946261074e-08,0.0,0.0036013300875053725,4.9150407796331785e-06,15666.261900475474,0.023087332487153285,0.0,0.0,0.7225976032276739,0.0,0.0390625,23384.785161196152,900132.752964356,0.41267868238425154,0.21871557317539017,56665.842359703514,4115540.2877623653,0.96875,0.03125,0.09375,0.0
2,1.5e-07,1.4999514098001642e-07,12375.0,0.0018561898696281421,1.4999514098001642e-07,0.0005,3977.8479195059276,2395230.4951068237,4164.749213347242,218169.50952409173,93.82417642973971,258.54641501426755,187.64835285947942,23215.767667766147,3.0977874338244407,0.0625,0.0234375,4164.749213347125,63.260528894870774,365.4816100928956,912797.161017593,2.873057695185241e-08,0.0,0.003602731666153662,4.9150407796331785e-06,15727.17383713751,0.023238861214203797,0.0,0.0,0.7817419176526843,0.0,0.0390625,23780.557193849658,912797.161017593,0.4157179243536859,0.21976910864500454,57203.58878155457,4153437.062403726,0.96875,0.03125,0.09375,0.0
2,1.5e-07,1.4999514098001642e-07,12400.0,0.0018599397481526448,1.4999514098001642e-07,0.0005,3977.7332348769255,2401913.1801110194,4186.725093729827,219536.79035768542,93.86060667009087,259.0393335018724,187.72121334018175,23342.423264706173,3.1146876768936846,0.0625,0.0234375,4186.725093729706,63.294534410328495,369.3173154752576,925778.5848662425,2.9364146637171675e-08,0.0,0.0036041305420672384,4.9150407796331785e-06,15788.421937224395,0.02339165477991929,0.0,0.0,0.8513396055408311,0.0,0.0390625,24181.025292752252,925778.5848662425,0.418734737261875,0.22087987007264204,57747.836854599285,4191321.665309638,0.96875,0.03125,0.09375,0.0
2,1.5e-07,1.4999514098001642e-07,12425.0,0.0018636896266771474,1.4999514098001642e-07,0.0005,3977.6181711040267,2408635.0688514356,4208.817618280493,220901.80904191665,93.89696686503827,259.5262305362294,187.79393373007653,23469.714257477022,3.131672703772295,0.0625,0.0234375,4208.817618280372,63.32556248535443,373.2006658435721,939089.8533218214,3.000395835273741e-08,0.0,0.0036055267283244406,4.9150407796331785e-06,15850.004640053081,0.02354577644100439,0.0,0.0,0.9344817351879372,0.0,0.0390625,24586.14639813527,939089.8533218214,0.4217273615074619,0.22204896780767655,58298.67502609326,4229201.61527252,0.96875,0.03125,0.09375,0.0
2,1.5e-07,1.4999514098001642e-07,12450.0,0.00186743950520165,1.4999514098001642e-07,0.0005,3977.5027280209188,2415396.732889349,4231.024316024199,222263.91625126798,93.93325734726064,260.00681200596637,187.86651469452127,23597.63116273343,3.1487412490535776,0.0625,0.0234375,4231.024316024075,63.35357181706384,377.1330635102868,952743.5648224344,3.0645056830652977e-08,0.0,0.003606920237699718,4.9150407796331785e-06,15911.92016058583,0.02370129184310851,0.0,0.0,1.0,0.0,0.0390625,24995.878015236463,952743.5648224344,0.42469415299076374,0.22327734321125126,58856.18589097947,4267085.728985082,0.96875,0.03125,0.09375,0.0
2,1.5e-07,1.4999514098001642e-07,12475.0,0.0018711893837261527,1.4999514098001642e-07,0.0005,3977.3869055049054,2422198.7549253046,4253.34250281119,223622.44126239757,93.96947844165058,260.4807748955817,187.93895688330116,23726.163916830665,3.1658919698987944,0.0625,0.0234375,4253.342502811063,63.378521840507595,381.1159605932662,966752.0283599077,3.128891404260845e-08,0.0,0.003608311082668542,4.9150407796331785e-06,15974.166471426597,0.02385826899168593,0.0,0.0,1.0,0.0,0.0390625,25410.17879608189,966752.0283599077,0.42763359410669033,0.22456575985018937,59420.4457887897,4304984.112470397,0.96875,0.03125,0.09375,0.0
2,1.5e-07,1.4999514098001642e-07,12500.0,0.0018749392622506554,1.4999514098001642e-07,0.0005,3977.2707034781583,2429041.7290572864,4275.769271353004,224976.6912723863,94.00563046543473,260.94780709244094,188.01126093086947,23855.30186279431,3.1831234442984764,0.0625,0.0234375,4275.769271352876,63.400372767209255,385.15085870772054,981127.2038092893,3.193298858768229e-08,0.0,0.003609699275412022,4.9150407796331785e-06,16036.741283683845,0.02401677821538357,0.0,0.0,1.0,0.0,0.0390625,25829.009149887366,981127.2038092893,0.43054430446562686,0.22591479503203896,59991.52440756411,4342908.146720302,0.96875,0.03125,0.09375,0.0
2,1.5e-07,1.4999514098001642e-07,12525.0,0.001878689140775158,1.4999514098001642e-07,0.0005,3977.1541219088695,2435926.2610448175,4298.301481051624,226325.95066828627,94.04171372828489,261.4075871929566,188.08342745656978,23985.03373778029,3.2004341693991605,0.0625,0.0234375,4298.301481051495,63.419085623674626,389.23930847924385,995880.6419374291,3.2575807209318075e-08,0.0,0.003611084827821168,4.9150407796331785e-06,16099.64202667115,0.024176892121850806,0.0,0.0,1.0,0.0,0.0390625,26252.33188055182,995880.6419374291,0.43342505128276093,0.22732483175344073,60569.48439610413,4380870.467409268,0.96875,0.03125,0.09375,0.0
2,1.5e-07,1.4999514098001642e-07,12550.0,0.0018824390192996607,1.4999514098001642e-07,0.0005,3977.0371608122573,2442852.9685791107,4320.935747626808,227669.48024573294,94.07772853242048,261.8597843081167,188.15545706484096,24115.34766108804,3.21782255990393,0.0625,0.0234375,4320.935747626677,63.43462228982909,393.38290887011317,1011023.4243797669,3.321734060671509e-08,0.0,0.0036124677515008315,4.9150407796331785e-06,16162.865826419262,0.0243386855459199,0.0,0.0,1.0,0.0,0.0390625,26680.112849495214,1011023.4243797669,0.4362747593776962,0.22879605113859192,61154.38098585354,4418884.938566292,0.96875,0.03125,0.09375,0.0
2,1.5e-07,1.4999514098001642e-07,12575.0,0.0018861888978241633,1.4999514098001642e-07,0.0005,3976.91982025147,2449822.4815593865,4343.668432546762,229006.5163744593,94.1136751726987,262.304057868542,188.2273503453974,24246.231122790923,3.2352869465553167,0.0625,0.0234375,4343.668432546629,63.44694553733757,397.583306311315,1026566.1038862783,3.3850450245039326e-08,0.0,0.003613848057773162,4.9150407796331785e-06,16226.409482974868,0.024502235490141477,0.0,0.0,1.0,0.0,0.0390625,27112.321661868,1026566.1038862783,0.4390925207279196,0.23032842544879675,61746.2616236817,4456966.620103473,0.96875,0.03125,0.09375,0.0
2,1.5e-07,1.4999514098001642e-07,12600.0,0.001889938776348666,1.4999514098001642e-07,0.0005,3976.8021003382987,2456835.4423754914,4366.495632267429,230501.15323702077,94.14955393669428,262.7400574292715,188.29910787338855,24377.670973049688,3.2528255747093495,0.0625,0.0234375,4366.495632267296,63.45601906776046,401.8421936333252,1042518.6451480677,3.447163539708953e-08,0.0,0.00361522575768067,4.9150407796331785e-06,16290.26944646381,0.024667621057707836,0.0,0.0,1.0,0.0,0.0390625,27548.93237393498,1042518.6451480677,0.44187760352193817,0.23192171174769885,62345.16561681144,4495131.729116395,0.96875,0.03125,0.09375,0.0
2,1.5e-07,1.4999514098001642e-07,12625.0,0.0018936886548731686,1.4999514098001642e-07,0.0005,3976.684001233786,2463892.5061969105,4389.413167285735,232755.7772441941,94.1853651047651,263.1674224744936,188.3707302095302,24509.653412175707,3.2704366030096437,0.0625,0.0234375,4389.413167285598,63.461807550499344,406.1613087891983,1058890.3665257702,3.5086002201014274e-08,0.0,0.0036166008619887514,4.9150407796331785e-06,16354.441791898493,0.02483492337784336,0.0,0.0,1.0,0.0,0.0390625,27989.924219213746,1058890.3665257702,0.44462946066060943,0.23357544630977148,62951.12379109481,4533397.594888689,0.96875,0.03125,0.09375,0.0
2,1.5e-07,1.4999514098001642e-07,12650.0,0.0018974385333976713,1.4999514098001642e-07,0.0005,3976.5655231486353,2470994.3412683075,4412.416571012164,235036.45010697347,94.22110895010441,263.58578222246183,188.44221790020882,24642.163981511618,3.288118102170563,0.0625,0.0234375,4412.416571012028,63.46427666048472,410.5424333642877,1075689.8830095818,3.569551344175692e-08,0.0,0.003617973381187686,4.9150407796331785e-06,16418.922192711543,0.025004225523800213,0.0,0.0,1.0,0.0,0.0390625,28435.282350717796,1075689.8830095818,0.447347737658151,0.23528893986188612,63564.15816379324,4571782.607550565,0.96875,0.03125,0.09375,0.0
2,1.5e-07,1.4999514098001642e-07,12675.0,0.001901188411922174,1.4999514098001642e-07,0.0005,3976.4466663434882,2478141.6292116847,4435.501078468194,237343.27881314693,94.25678573877796,263.9947554308599,188.51357147755593,24775.187555197514,3.3058680538785454,0.0625,0.0234375,4435.501078468057,63.46339311555867,414.9873908675445,1092925.0507477503,3.629982939026983e-08,0.0,0.0036193433254940676,4.9150407796331785e-06,16483.70589300033,0.025175612423645917,0.0,0.0,1.0,0.0,0.0390625,28884.998596438396,1092925.0507477503,0.45003227989786254,0.23706127374903305,64184.281631962076,4610306.160359135,0.96875,0.03125,0.09375,0.0
2,1.5e-07,1.4999514098001642e-07,12700.0,0.0019049382904466766,1.4999514098001642e-07,0.0005,3976.327431129012,2485335.0653352602,4458.661614813999,239676.35127430668,94.29239572974546,264.3939502029061,188.58479145949093,24908.708332891154,3.323684349820726,0.0625,0.0234375,4458.661614813863,63.45912471350371,419.498044800127,1110602.9134865524,3.689357363284752e-08,0.0,0.0036207107048516272,4.9150407796331785e-06,16548.78767846912,0.02534917076408666,0.0,0.0,1.0,0.0,0.0390625,29339.072224979318,1110602.9134865524,0.4526831392013215,0.23889129711562812,64811.49767747671,4648988.585586685,0.96875,0.03125,0.09375,0.0
2,1.5e-07,1.4999514098001642e-07,12725.0,0.0019086881689711792,1.4999514098001642e-07,0.0005,3976.20781786584,2492575.35894916,4481.892783712077,242035.7346597254,94.32793917486487,264.7829637945156,188.65587834972973,25042.709833510693,3.34156479085,0.0625,0.0234375,4481.892783711939,63.45494613737767,424.07629649814953,1129361.6223366307,3.7472871388862406e-08,0.0,0.003622075528931397,4.9150407796331785e-06,16614.161846058243,0.025524988887643638,0.0,0.0,1.0,0.0,0.0390625,29797.51071804024,1129361.6223366307,0.45530057967383,0.24091243559037212,65445.80008966099,4687851.084021687,0.96875,0.9765625,0.09375,0.0
2,1.5e-07,1.4999514098001642e-07,12750.0,0.001912438047495682,1.4999514098001642e-07,0.0005,3976.0878269643204,2499863.233687989,4505.188855532335,244421.47364334602,94.36341631887996,265.16138242287406,188.7268326377599,25177.17489006775,3.359507086295577,0.0625,0.0234375,4505.188855532197,63.47909640391329,428.7240827470623,1150269.6326322295,3.803806098464521e-08,0.0,0.0036234378071312336,4.9150407796331785e-06,16682.86133288803,0.025698474272029707,0.0,0.0,1.0,0.0,0.0390625,30260.330546249068,1150269.6326322295,0.45788508279336143,0.2433446497174277,66087.17270639984,4726915.648106194,0.96875,0.9765625,0.09375,0.0
2,1.5e-07,1.4999514098001642e-07,12775.0,0.0019161879260201845,1.4999514098001642e-07,0.0005,3975.9674588841385,2507199.427840354,4528.543755404403,246833.58856119623,94.3988273993889,265.5287810768082,188.7976547987778,25312.08564565822,3.3775088534280155,0.0625,0.0234375,4528.543755404264,63.500241901451965,433.4433731663976,1171498.217753131,3.858982030538654e-08,0.0,0.0036247975485746114,4.9150407796331785e-06,16763.399266027536,0.02585653221568299,0.0,0.0,1.0,0.0,0.0390625,30727.557944632164,1171498.217753131,0.46043735171462313,0.24579266375987566,66735.58917452239,4766204.978752388,0.96875,0.9765625,0.09375,0.0
2,1.5e-07,1.4999514098001642e-07,12800.0,0.0019199378045446872,1.4999514098001642e-07,0.0005,3975.846714133738,2514584.6946853753,4551.951051122943,249272.07347648934,94.43417264679474,265.88472332938073,188.86834529358947,25447.423550676896,3.395567617087556,0.0625,0.0234375,4551.951051122804,63.51834780596083,438.23616736468375,1193037.5028038519,3.913078117484207e-08,0.0,0.00362615476210872,4.9150407796331785e-06,16844.76631367163,0.026016161886971412,0.0,0.0,1.0,0.0,0.0390625,31199.229683835496,1193037.5028038519,0.4629583147647305,0.2482524872372775,67391.01273014299,4805742.395900176,0.96875,0.9765625,0.09375,0.0
2,1.5e-07,1.4999514098001642e-07,12825.0,0.0019236876830691898,1.4999514098001642e-07,0.0005,3975.725593269623,2522019.802836227,4575.403940911955,251736.89414962093,94.46945228423618,266.22876115317405,188.93890456847237,25583.16936132043,3.4136808094843643,0.0625,0.0234375,4575.403940911816,63.53338015858303,443.1044918653779,1214876.9423724236,3.965490510123698e-08,0.0,0.003627509456301809,4.9150407796331785e-06,16926.972369289102,0.02617742158481395,0.0,0.0,1.0,0.0,0.0390625,31675.39383302009,1214876.9423724236,0.46544912811164474,0.2507200432135061,68053.39599953507,4845551.742897032,0.96875,0.9765625,0.09375,0.0
2,1.5e-07,1.4999514098001642e-07,12850.0,0.0019274375615936925,1.4999514098001642e-07,0.0005,3975.6040968955135,2529505.5365907126,4598.895241054253,254227.98591021437,94.50466652749942,266.5604347387781,189.00933305499885,25719.303139441206,3.4318457701790352,0.0625,0.0234375,4598.895241054114,63.545305900477445,448.0503968060584,1237005.3594319997,4.016536797036216e-08,0.0,0.003628861639439799,4.9150407796331785e-06,17010.0273484634,0.026340368985152338,0.0,0.0,1.0,0.0,0.0390625,32156.11051020249,1237005.3594319997,0.46791117759159667,0.2531911854072132,68722.68082099347,4885657.284800399,0.96875,0.9765625,0.09375,0.0
2,1.5e-07,1.4999514098001642e-07,12875.0,0.0019311874401181952,1.4999514098001642e-07,0.0005,3975.482225661367,2537042.696288851,4622.417373392578,256745.2514283118,94.53981558490905,266.8792723170426,189.0796311698181,25855.804253812286,3.450059746251378,0.0625,0.0234375,4622.417373392439,63.554092907436036,453.0759524143514,1259410.9893529657,4.065769712563589e-08,0.0,0.003630211319522096,4.9150407796331785e-06,17093.941179098365,0.026505060925818003,0.0,0.0,1.0,0.0,0.0390625,32641.452615649934,1259410.9893529657,0.4703460796864886,0.25566171657507947,69398.79808801053,4926083.600722121,0.96875,0.9765625,0.09375,0.0
2,1.5e-07,1.4999514098001642e-07,12900.0,0.0019349373186426978,1.4999514098001642e-07,0.0005,3975.3599802622975,2544632.0986774573,4645.962352709194,259288.55838174367,94.57489965720042,267.1847899857059,189.14979931440084,25992.651382860902,3.46831989266516,0.0625,0.0234375,4645.962352709056,63.55971002423613,458.1832452653134,1282081.5290689375,4.113306318505678e-08,0.0,0.003631558504256687,4.9150407796331785e-06,17178.723790951404,0.026671553186427825,0.0,0.0,1.0,0.0,0.0390625,33131.506543813,1282081.5290689375,0.47275568164729936,0.258127408120003,70081.66761395127,4966855.470353229,0.96875,0.9765625,0.09375,0.0
2,1.5e-07,1.4999514098001642e-07,12925.0,0.0019386871971672005,1.4999514098001642e-07,0.0005,3975.2373614374055,2552274.577281624,4669.521773991292,261857.73701664692,94.60991893737092,267.47649154107273,189.21983787474184,26129.822518924277,3.4866232728359794,0.0625,0.0234375,4669.521773991155,63.56212709868598,463.3743743266459,1305004.191416801,4.158678281776861e-08,0.0,0.0036329032010544325,4.9150407796331785e-06,17264.38510446904,0.0268399002641975,0.0,0.0,0.9259019414376144,0.0,0.9609375,33626.372869156825,1305004.191416801,0.47514206076428944,0.26058402086127747,70771.19801826667,5007997.754825969,0.96875,0.9765625,0.09375,0.0
2,1.5e-07,1.4999514098001642e-07,12950.0,0.001942437075691703,1.4999514098001642e-07,0.0005,3975.1143699685263,2559970.982783043,4693.086799590068,264452.5775980355,94.64487361051216,267.75386831546854,189.28974722102433,26267.294974078257,3.5049668594090084,0.0625,0.0234375,4693.086799589932,63.56131501532011,468.65144679916557,1328165.7646467201,4.201643254367961e-08,0.0,0.0036342454170226195,4.9150407796331785e-06,17350.935018899545,0.02701015514660656,0.0,0.0,0.8382289976376658,0.0,0.0390625,34126.16700115558,1328165.7646467201,0.4775075227896143,0.2623777568201237,71467.28663412342,5062036.434579553,0.96875,0.9765625,0.09375,0.0
2,1.5e-07,1.4999514098001642e-07,12975.0,0.0019461869542162058,1.4999514098001642e-07,0.0005,3974.991006678946,2567722.1834050016,4716.648146282185,267072.8277472576,94.67976385362249,268.0163990212636,189.35952770724498,26405.045387584512,3.523347535252706,0.0625,0.0234375,4716.648146282049,63.55724572870227,474.01657376188996,1351552.6770722605,4.2421936593155104e-08,0.0,0.0036355851589577647,4.9150407796331785e-06,17438.383399656937,0.027182369081942263,0.0,0.0,1.0,0.0,0.234375,34631.019803632575,1351552.6770722605,0.4798545995225046,0.2620633981746219,72169.81943716561,5157350.040052806,0.96875,0.9765625,0.09375,0.0
2,1.5e-07,1.4999514098001642e-07,13000.0,0.0019499368327407084,1.4999514098001642e-07,0.0005,3974.8672724320913,2575529.0653039296,4740.196072243104,269718.1896631072,94.7145898354009,268.2635496023282,189.4291796708018,26543.049734997774,3.541762094674039,0.0625,0.0234375,4740.1960722429685,63.549892296292164,479.471865632122,1375151.0668041734,4.2802683617267906e-08,0.0,0.0036369224333376994,4.9150407796331785e-06,17526.74006491001,0.02735659134878508,0.0,0.0,1.0,0.0,0.234375,35141.07817357576,1375151.0668041734,0.48218604557171973,0.26176831776235804,72878.67099494675,5253313.61166702,0.96875,0.9765625,0.09375,0.0
2,1.5e-07,1.4999514098001642e-07,13025.0,0.001953686711265211,1.4999514098001642e-07,0.0005,3974.743168130234,2583392.532967265,4763.720363942947,272388.3172232822,94.74935171602218,268.49477309385003,189.49870343204435,26681.28333896907,3.5602072448600097,0.0625,0.0234375,4763.7203639428135,63.53922891083369,485.0194274528976,1398946.856483453,4.3155404504211583e-08,0.0,0.0036382572463129364,4.9150407796331785e-06,17616.014771369817,0.027532869025585098,0.0,0.0,1.0,0.0,0.234375,35656.50557451838,1398946.856483453,0.4845048343141613,0.2614911754587844,73593.70443638976,5349881.708355973,0.96875,0.9765625,0.09375,0.0
2,1.5e-07,1.4999514098001642e-07,13050.0,0.0019574365897897135,1.4999514098001642e-07,0.0005,3974.6186947132305,2591313.509617441,4787.210322976821,275082.81296281907,94.78404964689497,268.7095094915184,189.56809929378994,26819.72088177537,3.5786796075495415,0.0625,0.0234375,4787.210322976688,63.52523093222089,490.66135402127384,1422925.83290081,4.3480142401116815e-08,0.0,0.003639589603697379,4.9150407796331785e-06,17706.217199248233,0.027711246761510766,0.0,0.0,1.0,0.0,0.234375,36177.48251956445,1422925.83290081,0.486814153072628,0.26123082143904625,74314.7714404415,5447005.927793346,0.96875,0.9765625,0.09375,0.0
2,1.5e-07,1.4999514098001642e-07,13075.0,0.001961186468314216,1.4999514098001642e-07,0.0005,3974.4938531573493,2599292.9376216778,4810.654752842991,277801.22492606123,94.81868377040351,268.9071856311605,189.63736754080702,26958.33641959983,3.5971757209389614,0.0625,0.0234375,4810.654752842861,63.507874918799004,496.39972487272826,1447073.7313602762,4.3775989870983255e-08,0.0,0.003640919510958405,4.9150407796331785e-06,17797.35693635953,0.02789176654981823,0.0,0.0,1.0,0.0,0.234375,36704.2069991522,1447073.7313602762,0.48911739753951533,0.2609863018302598,75041.71224289134,5544634.799650993,0.96875,0.9765625,0.09375,0.0
2,1.5e-07,1.4999514098001642e-07,13100.0,0.001964936346838719,1.4999514098001642e-07,0.0005,3974.3686444742034,2607331.7789073,4834.041945684165,280543.04338865535,94.85325421963321,269.0872150799944,189.70650843926643,27097.1033985806,3.6156920418234635,0.0625,0.0234375,4834.041945684035,63.487138658057624,502.23659913835945,1471376.3246146776,4.403918343611913e-08,0.0,0.003642246973206329,4.9150407796331785e-06,17889.44346133635,0.02807446750503004,0.0,0.0,1.0,0.0,0.234375,37236.89484868436,1471376.3246146776,0.49141816547680356,0.26075686423478334,75774.35566012273,5642713.678631533,0.96875,0.9765625,0.09375,0.0
2,1.5e-07,1.4999514098001642e-07,13125.0,0.0019686862253632214,1.4999514098001642e-07,0.0005,3974.2430697098357,2615431.0153821995,4857.359669009148,283307.69744601054,94.88776111808346,269.24899804074624,189.77552223616692,27235.994672638542,3.6342249479759468,0.0625,0.0234375,4857.35966900902,63.49190770097439,508.1740102930544,1495819.516170458,4.4265154155636854e-08,0.0,0.0036435719951833727,4.9150407796331785e-06,17982.48612593022,0.028259385645251926,0.0,0.0,1.0,0.0,0.234375,37775.78005122024,1495819.516170458,0.4937202497260546,0.260541963129317,76512.51912835354,5741184.637608742,0.96875,0.9765625,0.09375,0.0
2,1.5e-07,1.4999514098001642e-07,13150.0,0.001972436103887724,1.4999514098001642e-07,0.0005,3974.117129943995,2623591.6493600523,4880.595152414466,286094.55146460276,94.922204579366,269.39192126997,189.844409158732,27378.395506482753,3.653226150949786,0.0625,0.0234375,4880.59515241434,63.51092350641661,514.2139608142579,1520389.4377288548,4.445867090975639e-08,0.0,0.0036448945812520865,4.9150407796331785e-06,18076.49413636599,0.028446553680991207,0.0,0.0,1.0,0.0,0.234375,38321.114970513736,1520389.4377288548,0.4960276305651627,0.2603412651476655,77256.00875671285,5839986.361234322,0.96875,0.9765625,0.078125,0.0
2,1.5e-07,1.4999514098001642e-07,13175.0,0.0019761859824122267,1.4999514098001642e-07,0.0005,3973.990826289645,2631814.703989844,4903.735074328294,288902.90139245737,94.95658470689386,269.5153580119919,189.91316941378773,27597.789711177906,3.6825009360908427,0.0625,0.0234375,4903.73507432817,63.52703372723978,520.3584167723411,1545072.5504998192,4.55748858669672e-08,0.0,0.0036462147353834027,4.9150407796331785e-06,18171.476533718065,0.028636000811865264,0.0,0.0,0.7888521325096791,0.0,0.234375,38873.1705097996,1545072.5504998192,0.4983444674514547,0.26015465425820195,78004.61939228082,5939054.04039531,0.96875,0.9765625,0.078125,0.0
2,1.5e-07,1.4999514098001642e-07,13200.0,0.0019799358609367294,1.4999514098001642e-07,0.0005,3973.8641598927384,2640101.2236892167,4926.765548802046,291731.9709251158,94.99090159356004,269.618667949997,189.98180318712008,27819.234566435734,3.7120493490367235,0.0625,0.0234375,4926.765548801923,63.5402100481826,526.6093023749927,1569855.7500948962,4.730359915567605e-08,0.0,0.0036475324611442957,4.9150407796331785e-06,18267.442173275256,0.028827752532612747,0.0,0.0,0.6387074661747679,0.0,0.234375,39432.23619187913,1569855.7500948962,0.5006750901933503,0.2599822368505403,78758.13469499994,6038319.267932838,0.96875,0.9765625,0.078125,0.0
2,1.5e-07,1.4999514098001642e-07,13225.0,0.001983685739461232,1.4999514098001642e-07,0.0005,3973.7371319323083,2648452.2745811213,4949.672112378382,294580.90752336616,95.02515532140892,269.70119717586556,190.05031064281783,28042.724455120155,3.7418706402669364,0.0625,0.0234375,4949.67211237826,63.550425060933854,532.9684944892124,1594726.474675404,4.9096774527934666e-08,0.0,0.0036488477616851683,4.9150407796331785e-06,18364.39970285906,0.029021830449826095,0.0,0.0,0.5355731777258281,0.0,0.234375,39998.62015622218,1594726.474675404,0.5030239895950444,0.2598243467496121,79516.32722014465,6137709.936060043,0.96875,0.9765625,0.078125,0.0
2,1.5e-07,1.4999514098001642e-07,13250.0,0.0019874356179857347,1.4999514098001642e-07,0.0005,3973.6097436209234,2656868.944933193,4972.439711068284,297448.77827901224,95.05934596130172,269.7622781804602,190.11869192260343,28268.25199932367,3.771963825313105,0.0625,0.0234375,4972.439711068164,63.55765229385406,539.4378171657427,1619672.8160030907,5.0957612648644134e-08,0.0,0.003650160639727003,4.9150407796331785e-06,18462.357540058674,0.02921825211083136,0.0,0.0,0.46036401128556975,0.0,0.234375,40572.649069015824,1619672.8160030907,0.5053958076209769,0.2596815501792907,80278.95850581214,6237150.13594469,0.96875,0.9765625,0.078125,0.0
2,1.5e-07,1.4999514098001642e-07,13275.0,0.0019911854965102374,1.4999514098001642e-07,0.0005,3973.4819962055276,2665352.3455992583,4995.0526874740035,300334.5656249778,95.09347357257926,269.80122986615834,190.1869471451585,28495.807987297754,3.802327675008946,0.0625,0.0234375,4995.052687473883,63.56186624135861,546.0190361917503,1644683.6330122128,5.2887978032486555e-08,0.0,0.0036514710975484137,4.9150407796331785e-06,18561.32384834363,0.029417030846130933,0.0,0.0,0.4030941995514018,0.0,0.234375,41154.66794231054,1644683.6330122128,0.5077953271286891,0.2595546507019133,81045.77916267596,6336560.059950754,0.96875,0.9765625,0.078125,0.0
2,1.5e-07,1.4999514098001642e-07,13300.0,0.00199493537503474,1.4999514098001642e-07,0.0005,3973.3538909687168,2673903.6104623466,5017.494768099492,303237.16288606933,95.12753820272206,270.0659101747664,190.25507640544413,28725.38130112656,3.8329607058394415,0.0625,0.0234375,5017.494768099374,63.56304239292652,552.7138536986513,1669748.667494841,5.4891389079985784e-08,0.0,0.0036527791369725935,4.9150407796331785e-06,18661.306512012896,0.029618175626816443,0.0,0.0,0.3580319486772246,0.0,0.765625,41745.03985867581,1669748.667494841,0.510227461220474,0.25944469416453403,81816.52896302535,6435855.9070625035,0.96875,0.9765625,0.078125,0.0
2,1.5e-07,1.4999514098001642e-07,13325.0,0.0019986852535592427,1.4999514098001642e-07,0.0005,3973.2254292305056,2682523.896878514,5039.749050895043,306155.36966679443,95.16153988701276,270.99683193533394,190.32307977402553,28956.958845468434,3.8638611704324872,0.0625,0.0234375,5039.749050894928,63.56115726169834,559.5239028526321,1696069.7028297512,5.6969239084369477e-08,0.0,0.0036540847593543517,4.9150407796331785e-06,18762.3131099362,0.02982169093832667,0.0,0.0,0.3394145747031036,0.0,0.0390625,42344.14559806678,1696069.7028297512,0.5126972422659606,0.25953829131088335,82590.93692589212,6534949.792044921,0.96875,0.96875,0.078125,0.0
2,1.5e-07,1.4999514098001642e-07,13350.0,0.0020024351320837453,1.4999514098001642e-07,0.0005,3973.096612350587,2691214.386120821,5061.797993088512,309087.88707272,95.1954786481999,271.92451847617616,190.3909572963998,29190.52547771004,3.8950270482390326,0.0625,0.0234375,5061.797993088399,63.55618841262733,566.4507426562777,1724318.1020646384,5.9123796339461505e-08,0.0,0.003655387965567203,4.9150407796331785e-06,18864.350888040706,0.03002757667190056,0.0,0.0,0.32621857043682856,0.0,0.0390625,43036.627905051006,1724318.1020646384,0.5162203184239564,0.2599311386049354,83368.72139485665,6633749.658925621,0.9765625,0.96875,0.078125,0.0
2,1.5e-07,1.4999514098001642e-07,13375.0,0.002006185010608248,1.4999514098001642e-07,0.0005,3972.967441731153,2699976.283822741,5083.623399361723,312033.3127619885,95.229354496169,272.84849979425593,190.458708992338,29426.063939898224,3.9264560364504355,0.0625,0.0234375,5083.6233993616115,63.54811449014766,573.4958528899297,1752805.3139229147,6.135629565163404e-08,0.0,0.0036566887559907404,4.9150407796331785e-06,18967.426730492385,0.030235828035015795,0.0,0.0,0.31400758763574155,0.0,0.0390625,43763.33483359113,1752805.3139229147,0.520065929959095,0.2603630220264381,84149.59010491856,6732159.199415536,0.9765625,0.96875,0.078125,0.0
2,1.5e-07,1.4999514098001642e-07,13400.0,0.0020099348891327506,1.4999514098001642e-07,0.0005,3972.837918820283,2708810.820420291,5105.206410437267,314990.1358237775,95.26316742761941,273.7682827461073,190.52633485523882,29663.554792834817,3.958145541204426,0.0625,0.0234375,5105.206410437156,63.536915245323954,580.6606292221677,1781511.697632351,6.367275038674793e-08,0.0,0.0036579871304982226,4.9150407796331785e-06,19071.547129518047,0.030446435482072053,0.0,0.0,0.3026798602829554,0.0,0.0390625,44506.94222040182,1781511.697632351,0.5240226570593434,0.2608332958744001,84933.24023461374,6830077.776919279,0.9765625,0.96875,0.078125,0.0
2,1.5e-07,1.4999514098001642e-07,13425.0,0.0020136847676572533,1.4999514098001642e-07,0.0005,3972.708045115948,2717719.2515921574,5126.527492148116,317956.7314806998,95.29691742575261,274.6833500986643,190.59383485150522,29902.976352739635,3.9900926691337593,0.0625,0.0234375,5126.527492148008,63.52257156244611,587.9463785183707,1810417.4065597132,6.607645604612793e-08,0.0,0.0036592830884446073,4.9150407796331785e-06,19176.718153809426,0.030659384666482988,0.0,0.0,0.2921470746869257,0.0,0.0390625,45268.02840119788,1810417.4065597132,0.528095744361105,0.2613415297669614,85719.35843937457,6927400.3568206895,0.9765625,0.96875,0.078125,0.0
2,1.5e-07,1.4999514098001642e-07,13450.0,0.002017434646181756,1.4999514098001642e-07,0.0005,3972.5778221706464,2726702.858697136,5160.98643184259,320931.3556124063,95.33060445997184,275.59315955095207,190.66120891994368,30144.304630906372,4.022294219314216,0.046875,0.0234375,5160.986431842339,63.50506548503435,595.3543143768657,1839502.505260813,6.857196923726178e-08,0.0,0.0036605766286550165,4.9150407796331785e-06,19282.945415446462,0.03087465641529854,0.0,0.0,0.28233218418075806,0.0,0.0390625,46047.177589847386,1839502.505260813,0.5322904170874521,0.26188751949835015,86507.62086194409,7024017.44376521,0.9765625,0.96875,0.078125,0.0
2,1.5e-07,1.4999514098001642e-07,13475.0,0.0020211845247062586,1.4999514098001642e-07,0.0005,3972.447251596676,2735762.949208168,5197.217943178964,323912.1390979741,95.36422848559695,276.49714272646037,190.7284569711939,30387.51327679518,4.054746675671189,0.046875,0.0234375,5197.21794317869,63.484380241218894,602.8855529212487,1868747.0917148553,7.116173729689054e-08,0.0,0.003661867749413789,4.9150407796331785e-06,19390.234035271445,0.031092226727360842,0.0,0.0,0.2731676357864709,0.0,0.0390625,46844.97858408082,1868747.0917148553,0.5366118726883906,0.2624712980192945,87297.69311549244,7119815.026698585,0.9765625,0.96875,0.078125,0.0
2,1.5e-07,1.4999514098001642e-07,13500.0,0.002024934403230761,1.4999514098001642e-07,0.0005,3972.316335072088,2744900.857142349,5233.692486180708,326897.08197503997,95.39778944359472,277.3947041360967,190.79557888718944,30632.573525024254,4.08744619990652,0.046875,0.0234375,5233.692486180412,63.46050026845973,610.5411088774736,1898131.4242951907,7.38501808056356e-08,0.0,0.0036631564484541214,4.9150407796331785e-06,19498.588606640475,0.03131206679592935,0.0,0.0,0.26459392103974205,0.0,0.0390625,47662.023400691745,1898131.4242951907,0.5410652729463115,0.26309314657993876,88089.23023492792,7214674.532460535,0.9765625,0.96875,0.078125,0.0
2,1.5e-07,1.4999514098001642e-07,13525.0,0.002028684281755264,1.4999514098001642e-07,0.0005,3972.185074347316,2754117.9434863026,5270.406216359273,329884.0474140893,95.43128726032894,278.28522011171515,190.8625745206579,30879.454146740158,4.120388625009617,0.046875,0.0234375,5270.4062163589515,63.43341123757212,618.3218919631236,1927636.0529859746,7.664026592733035e-08,0.0,0.0036644427229484762,4.9150407796331785e-06,19608.013157472364,0.031534143056584446,0.0,0.0,0.25655838392910535,0.0,0.0390625,48498.905842891254,1927636.0529859746,0.5454022669007317,0.26375360608128007,88923.18346692628,7308472.788773707,0.9765625,0.96875,0.078125,0.0
2,1.5e-07,1.4999514098001642e-07,13550.0,0.0020324341602797665,1.4999514098001642e-07,0.0005,3972.0534712524936,2763415.5966163767,5307.3549359827975,332870.7555068359,95.46472184733061,279.16803771031823,190.92944369466122,31128.12140586305,4.153569449419055,0.046875,0.0234375,5307.354935982451,63.40310007602373,626.2287036154021,1957241.9543129085,7.953656913547501e-08,0.0,0.0036657265694997527,4.9150407796331785e-06,19718.511110508436,0.031758417261112115,0.0,0.0,0.2490142343003626,0.0,0.0390625,49356.220002921356,1957241.9543129085,0.5482604150906121,0.26445348868868945,90023.31491461801,7401081.997511265,0.9765625,0.96875,0.078125,0.0
2,1.5e-07,1.4999514098001642e-07,13575.0,0.002036184038804269,1.4999514098001642e-07,0.0005,3971.921527705449,2772795.232713225,5344.534065621188,335854.7768682337,95.49809310108985,280.04247358915956,190.9961862021797,31378.539020718617,4.186983831902945,0.046875,0.0234375,5344.534065620815,63.383344231702175,634.2622340830476,1986930.6694167526,8.254220431014433e-08,0.0,0.003667007984133301,4.9150407796331785e-06,19830.08524168978,0.031984846577946445,0.0,0.0,0.24191972660747968,0.0,0.0390625,50234.55870348375,1986930.6694167526,0.5512000087057064,0.26519388976926367,91136.71609229728,7492369.7191723185,0.9765625,0.96875,0.078125,0.0
2,1.5e-07,1.4999514098001642e-07,13600.0,0.002039933917328772,1.4999514098001642e-07,0.0005,3971.7892457203975,2782258.296170422,5381.93861381453,338833.5260523535,95.53140090287268,280.90781285210414,191.06280180574535,31630.668131581806,4.220626587228144,0.046875,0.0234375,5381.938613814131,63.401706930786624,642.4230599056336,2016684.4446606236,8.565841875512474e-08,0.0,0.003668286962289883,4.9150407796331785e-06,19942.737636550242,0.032213383719606616,0.0,0.0,0.2352374726052856,0.0,0.0390625,51134.51188199269,2016684.4446606236,0.5542225360932902,0.26597620022360957,92263.5016656656,7582198.869542356,0.9765625,0.96875,0.078125,0.0
2,1.5e-07,1.4999514098001642e-07,13625.0,0.0020436837958532745,1.4999514098001642e-07,0.0005,3971.656627417303,2791806.2599969013,5419.5631447951,341804.2547831592,95.56464511856231,281.7633078677677,191.12929023712462,31884.467274670074,4.254492182690053,0.046875,0.0234375,5419.563144794673,63.417361036971485,650.7116418019486,2046486.3741270034,8.919512499064388e-08,0.0,0.003669563498819582,4.9150407796331785e-06,20056.469644515604,0.03244397709742922,0.0,0.0,0.2938025960218981,0.34375,0.828125,52056.66492211836,2046486.3741270034,0.5573292746787831,0.26680211929233294,93403.78710973191,7670427.729566438,0.9765625,0.96875,0.078125,0.0
2,1.5e-07,1.4999514098001642e-07,13650.0,0.002047433674377777,1.4999514098001642e-07,0.0005,3971.5236750319077,2801440.6262131385,5457.401744193217,344764.0450021063,95.5978255985267,282.6081770601245,191.1956511970534,32139.892363133557,4.288574735576051,0.046875,0.0234375,5457.401744192763,63.43028403492029,659.1283229866704,2076320.5433275588,9.342358224105832e-08,0.0,0.003670837587976713,4.9150407796331785e-06,20171.281830989843,0.032676571003734056,0.0,0.0,0.455661864687412,0.34375,0.171875,53001.59693754162,2076320.5433275588,0.5605212851761724,0.26767366792798,94557.68824351275,7756909.969516358,0.9765625,0.96875,0.078125,0.0
2,1.5e-07,1.4999514098001642e-07,13675.0,0.0020511835529022798,1.4999514098001642e-07,0.0005,3971.3903909264195,2811162.926241204,5495.447982657491,347709.8017355092,95.63094217751433,283.4416036724739,191.26188435502866,32396.896675597847,4.322868011636699,0.046875,0.0234375,5495.447982657009,63.44045428302636,667.673327932278,2106172.173419405,9.783943910497971e-08,0.0,0.0036721092234158234,4.9150407796331785e-06,20287.173927100113,0.032911105821416715,0.0,0.0,0.4271801213063377,0.34375,0.828125,53969.8790132977,2106172.173419405,0.5637994067821959,0.2685932028346952,95725.32067978402,7841494.68858913,0.9765625,0.96875,0.078125,0.0
2,1.5e-07,1.4999514098001642e-07,13700.0,0.0020549334314267824,1.4999514098001642e-07,0.0005,3971.2567776008254,2820974.721288983,5533.6948773205295,350638.2457857553,95.66399467457703,284.26273450587,191.32798934915405,32655.43085282012,4.357365424639556,0.046875,0.0234375,5533.694877320018,63.4478510376117,676.3467615898371,2136027.765194702,1.0244383101151243e-07,0.0,0.0036733783981887287,4.9150407796331785e-06,20404.144776961497,0.033147518260775444,0.0,0.0,0.2786543194044752,0.34375,0.828125,54962.07241052223,2136027.765194702,0.5671642534237473,0.26956343129040417,96906.79918337207,7924026.4711333625,0.9765625,0.96875,0.078125,0.0
2,1.5e-07,1.4999514098001642e-07,13725.0,0.002058683309951285,1.4999514098001642e-07,0.0005,3971.1228377048187,2830877.602729119,5572.134851042198,353545.9062517178,95.69698289302168,285.0706786333626,191.39396578604337,32915.442903022136,4.392060037080784,0.046875,0.0234375,5572.134851041658,63.45245447675116,685.1486090794424,2165875.2420875076,1.0723849749454277e-07,0.0,0.003674645104742658,4.9150407796331785e-06,20522.19228231175,0.03338574162322696,0.0,0.0,0.2750414857828463,0.0,0.03125,55978.72674085543,2165875.2420875076,0.5706162111273969,0.27058742688014964,98102.23693129094,8004345.460762415,0.9765625,0.96875,0.078125,0.0
2,1.5e-07,1.4999514098001642e-07,13750.0,0.0020624331884757877,1.4999514098001642e-07,0.0005,3970.9885740503346,2840873.1924734935,5610.759689363747,356429.112885129,95.72990662039051,285.8645060916644,191.45981324078102,33176.878216462865,4.426944562129641,0.046875,0.0234375,5610.759689363179,63.45424572369309,694.0787358572506,2195704.0914223827,1.1224011586144607e-07,0.0,0.003675909334919496,4.9150407796331785e-06,20641.31334435453,0.03362570609137541,0.0,0.0,0.287599617044462,0.0,0.03125,57020.37811717583,2195704.0914223827,0.5741554365787447,0.2716126463037403,99311.74466786672,8083953.826534865,0.9765625,0.96875,0.078125,0.0
2,1.5e-07,1.4999514098001642e-07,13775.0,0.0020661830670002904,1.4999514098001642e-07,0.0005,3970.853989624638,2850963.1433443394,5649.560495107966,359283.98829124996,95.76276562846941,286.6432465521536,191.52553125693882,33439.67958980927,4.46201136688039,0.046875,0.0234375,5649.560495107366,63.453206869848,703.1368883619161,2225505.5031135743,1.1746075400647043e-07,0.0,0.0036771710799561063,4.9150407796331785e-06,20761.503802637162,0.033867339044708435,0.0,0.0,0.30112889244396557,0.0,0.03125,58087.54728773222,2225505.5031135743,0.5777818569376576,0.27104249683731435,100535.42974783965,8210909.835476359,0.9765625,0.96875,0.078125,0.0
2,1.5e-07,1.4999514098001642e-07,13800.0,0.002069932945524793,1.4999514098001642e-07,0.0005,3970.7190876039895,2861149.139443433,5688.527640562721,362106.43998389813,95.7955596733244,287.40588797344446,191.5911193466488,33703.78726085611,4.497252476985118,0.046875,0.0234375,5688.527640562088,63.44932099731686,712.3226951394954,2255272.50501216,1.2291251814352768e-07,0.0,0.003678430330485727,4.9150407796331785e-06,20882.758370776115,0.0341105654000354,0.0,0.0,0.31574314884043425,0.0,0.03125,59180.73776112171,2255272.50501216,0.5814951709733207,0.27043135422572,101773.39506029527,8339537.815314712,0.9765625,0.96875,0.078125,0.0
2,1.5e-07,1.4999514098001642e-07,13825.0,0.0020736828240492957,1.4999514098001642e-07,0.0005,3970.5838713678268,2871432.896521177,5727.650717188141,364892.152306806,95.8282884953646,288.1513752381149,191.6565769907292,33969.13895413303,4.532659582739307,0.046875,0.0234375,5727.650717187475,63.44257220093081,721.6356684404409,2285000.094091095,1.2859642192671348e-07,0.0,0.0036796870765403904,4.9150407796331785e-06,21005.07056882958,0.034355307975556644,0.0,0.0,0.3315754172352786,0.0,0.03125,60300.43392990879,2285000.094091095,0.5852948515802884,0.269781811190664,103025.73782615448,8469807.819906019,0.9765625,0.96875,0.078125,0.0
2,1.5e-07,1.4999514098001642e-07,13850.0,0.0020774327025737983,1.4999514098001642e-07,0.0005,3970.44834451351,2881816.1623477763,5766.918482791118,367636.57823537895,95.86095181943215,288.8786087765634,191.7219036388643,34235.669937920546,4.568224046689737,0.046875,0.0234375,5766.918482790417,63.432945609774436,731.0752062778847,2314685.362654973,1.3452269445707253e-07,0.0,0.0036809413075543774,4.9150407796331785e-06,21128.43265210204,0.03460148787729179,0.0,0.0,0.348782180520061,0.0,0.03125,61447.09920099107,2314685.362654973,0.5891801497333637,0.26909667791635955,104292.54826185037,8601686.875430033,0.9765625,0.96875,0.078125,0.0
2,1.5e-07,1.4999514098001642e-07,13875.0,0.002081182581098301,1.4999514098001642e-07,0.0005,3970.3125108715644,2892300.7170891576,5806.318806114999,370334.93107521546,95.89354935491517,289.58644318139386,191.78709870983033,34503.31309317489,4.6039369128314505,0.046875,0.0234375,5806.318806114263,63.42042740816492,740.6405949307,2344327.618762658,1.4070750608707295e-07,0.0,0.003682193012368554,4.9150407796331785e-06,21252.835536150928,0.034849024906388394,0.0,0.0,0.36754881284900603,0.0,0.03125,62621.17414109895,2344327.618762658,0.5931500999352676,0.2683789762351819,105573.90810173177,8735138.838551613,0.9765625,0.96875,0.078125,0.0
2,1.5e-07,1.4999514098001642e-07,13900.0,0.0020849324596228036,1.4999514098001642e-07,0.0005,3970.176374521492,2902888.3736907793,5845.838608797326,372982.1760762617,95.92608079588449,290.2736858161787,191.85216159176898,34771.99899483428,4.639788917456819,0.046875,0.0234375,5845.8386087965555,63.4050048560599,750.331011869137,2373928.500056457,1.471536727007926e-07,0.0,0.0036834421792356197,4.9150407796331785e-06,21378.268717749466,0.03509783798564423,0.0,0.0,0.3880966015318794,0.0,0.03125,63823.07464603975,2373928.500056457,0.597203527206419,0.2676319333818952,106869.88897167008,8870124.241373688,0.9765625,0.96875,0.078125,0.0
2,1.5e-07,1.4999514098001642e-07,13925.0,0.0020886823381473063,1.4999514098001642e-07,0.0005,3970.039939808117,2913580.9782729736,5885.463804654331,375573.021984207,95.95854582125031,290.93909542295256,191.91709164250062,35041.65600594641,4.675770501715419,0.046875,0.0234375,5885.463804653526,63.38666630886705,760.1455290748527,2403492.0802016966,1.538834567673309e-07,0.0,0.0036846887958261266,4.9150407796331785e-06,21504.72019154398,0.03534784560339245,0.0,0.0,0.41069191576537,0.0,0.03125,65053.190142487176,2403492.0802016966,0.601339055661061,0.2668589753819913,108180.55060630184,9006600.121885551,0.9765625,0.96875,0.078125,0.0
2,1.5e-07,1.4999514098001642e-07,13950.0,0.002092432216671809,1.4999514098001642e-07,0.0005,3969.9032113585527,2924380.4105420434,5925.179236257764,378101.9125536989,95.99094409493735,291.58138073331463,191.9818881898747,35312.21038501834,4.711871825938219,0.046875,0.0234375,5925.17923625692,63.365401236628855,770.0831167205961,2433024.9671548437,1.609097624554154e-07,0.0,0.0036859328492352007,4.9150407796331785e-06,21632.17636212652,0.03559896627270721,0.0,0.0,0.4356583289174209,0.0,0.03125,66311.88183123549,2433024.9671548437,0.6055551187081214,0.2660637201418013,109505.93890231474,9144519.838548973,0.9765625,0.96875,0.078125,0.0
2,1.5e-07,1.4999514098001642e-07,13975.0,0.0020961820951963116,1.4999514098001642e-07,0.0005,3969.7661940997987,2935288.5842219274,5964.968608777605,382162.35610495915,96.02327526607512,292.19919908860055,192.04655053215023,35583.586406943854,4.748082785773475,0.046875,0.0234375,5964.968608776726,63.341200242556795,780.1426471683753,2462536.3924973467,1.6825571130406427e-07,0.0,0.0036871743259898524,4.9150407796331785e-06,21760.62195122703,0.035851119003718776,0.0,0.0,0.4633928672584402,0.0,0.03125,67599.48098091251,2462536.3924973467,0.6098499709089091,0.2652499703102281,110846.08380019023,9283832.867605003,0.9765625,0.96875,0.078125,0.0
2,1.5e-07,1.4999514098001642e-07,14000.0,0.0020999319737208142,1.4999514098001642e-07,0.0005,3969.628893277072,2946307.4475118886,6004.814421073434,387340.6781292278,96.05553896920091,292.7911550751958,192.11107793840182,35855.70649781191,4.784393030174854,0.046875,0.0234375,6004.814421072511,63.31405508088933,790.3228992375607,2492038.2910950594,1.7591739714871327e-07,0.0,0.0036884132120567686,4.9150407796331785e-06,21890.03989971086,0.0361042237866364,0.0,0.0,0.49438812245546515,0.0,0.03125,68916.28728113897,2492038.2910950594,0.6142217015168208,0.26442170598414766,112200.99698683743,9424484.581626818,0.9765625,0.96875,0.078125,0.0
2,1.5e-07,1.4999514098001642e-07,14025.0,0.002103681852245317,1.4999514098001642e-07,0.0005,3969.491314472964,2957438.9835763685,6044.697894027744,392580.8782172353,96.08773482447177,293.35579918172186,192.17546964894353,36128.4913838401,4.8207919812743105,0.046875,0.0234375,6044.697894026782,63.28395867404868,800.6225626876812,2521545.37037074,1.8391426224976231e-07,0.0,0.0036896494928504516,4.9150407796331785e-06,22020.411264049766,0.036358202082935984,0.0,0.0,0.5292628546888736,0.0,0.03125,70262.5672640551,2521545.37037074,0.618344753420037,0.26358307733194863,113630.08560424586,9566416.007789383,0.9765625,0.96875,0.078125,0.0
2,1.5e-07,1.4999514098001642e-07,14050.0,0.0021074317307698195,1.4999514098001642e-07,0.0005,3969.353463627545,2968685.211073847,6084.598896126699,397882.16735099937,96.11986243788203,293.8916264855328,192.23972487576407,36401.860254610765,4.857268856163437,0.046875,0.0234375,6084.598896125694,63.28083130129779,811.0402428526668,2551075.1685080975,1.9225419525643413e-07,0.0,0.0036908831532415746,4.9150407796331785e-06,22151.71510691585,0.0366129773219888,0.0,0.0,0.5688051502320745,0.0,0.03125,71638.55280298463,2551075.1685080975,0.6223667468447549,0.262738397212249,115106.65241382888,9709563.564275123,0.9765625,0.96875,0.078125,0.0
2,1.5e-07,1.4999514098001642e-07,14075.0,0.002111181609294322,1.4999514098001642e-07,0.0005,3969.215347059561,2980048.184732331,6124.495866307499,403243.61774457333,96.15192140148349,294.39707537669926,192.30384280296698,36675.73094071298,4.893812690597061,0.046875,0.0234375,6124.495866306452,63.305980141366774,821.5744653561414,2580648.1009409875,2.0094753277320323e-07,0.0,0.0036921141775654335,4.9150407796331785e-06,22283.928381529397,0.036868475400285546,0.0,0.0,0.6140345835567828,0.0,0.03125,73044.439696783,2580648.1009409875,0.6264530499504739,0.26189213386769955,116600.0224638666,9853858.77318735,0.9765625,0.96875,0.078125,0.0
2,1.5e-07,1.4999514098001642e-07,14100.0,0.002114931487818825,1.4999514098001642e-07,0.0005,3969.0769714889307,2991529.9959798683,6164.365734107284,408664.151093488,96.18391129360212,294.8705263284529,192.36782258720424,36950.02010581206,4.930412364621964,0.046875,0.0234375,6164.3657341061935,63.32756036124933,832.2236808292746,2610287.494520505,2.1000669969451186e-07,0.0,0.0036933425496302706,4.9150407796331785e-06,22417.025809372935,0.037124625180264006,0.0,0.0,0.6662939214019642,0.0,0.03125,74480.38634809642,2610287.494520505,0.6306020354311627,0.26104890377703904,118109.96819439666,9999227.948300226,0.9765625,0.96875,0.078125,0.0
2,1.5e-07,1.4999514098001642e-07,14125.0,0.0021186813663433275,1.4999514098001642e-07,0.0005,3968.9383440607417,3003132.773639306,6204.183837166116,414142.5259696131,96.21583167905024,295.31030072389274,192.43166335810048,37224.64345307854,4.967056630121662,0.046875,0.0234375,6204.183837164982,63.34553370344738,842.9862695450374,2640019.6087948484,2.1945211151124964e-07,0.0,0.0036945682527254197,4.9150407796331785e-06,22550.97975086525,0.037381358985642,0.0,0.0,0.7273881582025415,0.0,0.03125,75946.51254335654,2640019.6087948484,0.6348119286719839,0.26021346475219403,119636.24045665839,10145591.855936382,0.9765625,0.96875,0.078125,0.0
2,1.5e-07,1.4999514098001642e-07,14150.0,0.00212243124486783,1.4999514098001642e-07,0.0005,3968.799472371016,3014858.684697399,6243.923836156687,419677.3243136066,96.24768210932703,295.7146597496299,192.49536421865406,37499.51594581122,5.003734140255153,0.046875,0.0234375,6243.923836155509,63.35986306824839,853.8605458747261,2669873.643882851,2.2929250672815722e-07,0.0,0.003695791269629008,4.9150407796331785e-06,22685.760068570762,0.03763861309005375,0.0,0.0,0.7998020674132452,0.0,0.03125,77442.89834184118,2669873.643882851,0.6390808161574951,0.2593907093714107,121178.56831858984,10292865.347231735,0.9765625,0.96875,0.078125,0.0
2,1.5e-07,1.4999514098001642e-07,14175.0,0.002126181123392333,1.4999514098001642e-07,0.0005,3968.6603644945185,3026709.935159241,6283.557627235773,425266.93697595195,96.27946212280511,296.0818033679651,192.55892424561023,37774.55204198353,5.040433480753538,0.046875,0.0234375,6283.55762723455,63.37051255341945,864.844762464616,2699881.7344709327,2.395362654644681e-07,0.0,0.003697011582615118,4.9150407796331785e-06,22821.333982501834,0.03789632819570198,0.0,0.0,0.8870533744998588,0.0,0.03125,78969.58308053412,2699881.7344709327,0.6434066548045575,0.2585856588441632,122736.65883129867,10440956.960022358,0.9765625,0.96875,0.078125,0.0
2,1.5e-07,1.4999514098001642e-07,14200.0,0.0021299310019168355,1.4999514098001642e-07,0.0005,3968.521029014957,3038688.770999929,6339.189959613664,430909.5482565735,96.31117124489701,296.4098693801417,192.62234248979402,38049.665942330175,5.077143203023353,0.046875,0.015625,6339.189959611516,63.377447493405256,875.9371140231833,2730078.929515316,2.502039880990031e-07,0.0,0.0036982291734601806,4.9150407796331785e-06,22957.665917054324,0.0381544498986931,0.0,0.0,0.9942916287151912,0.0,0.03125,80526.56450082935,2730078.929515316,0.6477872822196632,0.25780345740906996,124310.19674375604,10589768.488571353,0.9765625,0.96875,0.078125,0.0
2,1.5e-07,1.4999514098001642e-07,14225.0,0.002133680880441338,1.4999514098001642e-07,0.0005,3968.3814750579354,3050797.4792263405,6409.722017375719,436603.11939217837,96.34280898819833,296.69693259420734,192.68561797639666,38324.77185147102,5.113851858989557,0.046875,0.015625,6409.722017373477,63.38063449797876,887.1357406009574,2760503.1572858486,2.612978925300541e-07,0.0,0.003699444023448474,4.9150407796331785e-06,23094.71733910014,0.038412929137652034,0.0,0.0,1.0,0.0,0.03125,82113.79800233518,2760503.1572858486,0.652220427878815,0.25704936737230116,125898.84415210657,10739194.519345516,0.9765625,0.96875,0.078125,0.0
2,1.5e-07,1.4999514098001642e-07,14250.0,0.0021374307589658408,1.4999514098001642e-07,0.0005,3968.241712327058,3063038.3890628745,6481.141829964662,442345.37093984475,96.37480329171945,296.9410041120334,192.7496065834389,38599.78425144236,5.150548037594066,0.046875,0.015625,6481.141829962322,63.38004149029405,898.4387302385312,2791195.1754452614,2.728229992648582e-07,0.0,0.003700672564905679,4.9150407796331785e-06,23232.446586745624,0.03867172262223561,0.0,0.0,1.0,0.0,0.03125,83731.19602814605,2791195.1754452614,0.6567037252263707,0.2563287649011844,127502.24006919297,10889121.93105318,0.9765625,0.96875,0.078125,0.0
2,1.5e-07,1.4999514098001642e-07,14275.0,0.0021411806374903434,1.4999514098001642e-07,0.0005,3968.1017511436303,3075413.873276042,6553.44191778383,448133.7640049789,96.41065941755639,297.1400307510835,192.82131883511278,38874.618186873326,5.187220402848162,0.046875,0.015625,6553.441917781392,63.38436756836897,909.8441208501281,2822198.5059170593,2.848157783803702e-07,0.0,0.003702049395536056,4.9150407796331785e-06,23370.808688250298,0.03893079323812844,0.0,0.0,1.0,0.0,0.03125,85378.62758496118,2822198.5059170593,0.6612347246874343,0.2556471366959579,129119.99989915786,11039429.357167065,0.9765625,0.96875,0.078125,0.0
2,1.5e-07,1.4999514098001642e-07,14300.0,0.002144930516014846,1.4999514098001642e-07,0.0005,3967.961602490434,3087926.3496538512,6626.612784922656,453965.4802616423,96.44645789233873,297.291894617582,192.89291578467746,39162.88814835316,5.2256855993043265,0.046875,0.015625,6626.612784920115,63.42441138223529,921.349901204163,2853559.354357101,2.972779252741999e-07,0.0,0.003703424012437649,4.9150407796331785e-06,23509.755170588753,0.039190110425173334,0.0,0.0,1.0,0.0,0.03125,87055.91790035146,2853559.354357101,0.6658109075864195,0.25501007767212774,130751.71480132587,11189986.609180156,0.9765625,0.96875,0.0625,0.0
2,1.5e-07,1.4999514098001642e-07,14325.0,0.0021486803945393487,1.4999514098001642e-07,0.0005,3967.821278060049,3100578.282657022,6700.642754922471,459837.4007134252,96.48219802591684,297.3944128488072,192.9643960518337,39661.741267818856,5.2922498821193455,0.046875,0.015625,6700.642754919826,63.461122053345534,932.9540108551864,2885326.5141072124,3.1022410765568863e-07,0.0,0.0037047963891095703,4.9150407796331785e-06,23649.233857128027,0.039449650525316626,0.0,0.0,1.0,0.0,0.03125,88762.84821829776,2885326.5141072124,0.6704297009622433,0.2544232897967483,132396.95092699456,11340654.058880458,0.9765625,0.96875,0.0625,0.0
2,1.5e-07,1.4999514098001642e-07,14350.0,0.0021524302730638514,1.4999514098001642e-07,0.0005,3967.680790308281,3113372.1852602074,6775.5177972635,465746.083143571,96.51787911462313,297.4453375432988,193.03575822924626,40167.05615277139,5.359676388239313,0.046875,0.015625,6775.517797260747,63.49445960947416,944.6543388762893,2917551.254574571,3.236701898416914e-07,0.0,0.00370616649853186,4.9150407796331785e-06,23789.188653885634,0.03970939709715544,0.0,0.0,1.0,0.0,0.03125,90499.15573286399,2917551.254574571,0.6750884932682699,0.25306555674492076,134055.248512288,11528835.816702379,0.9765625,0.96875,0.0625,0.0
2,1.5e-07,1.4999514098001642e-07,14375.0,0.002156180151588354,1.4999514098001642e-07,0.0005,3967.540152513186,3126310.6210025745,6851.221344290573,471687.73820396204,96.55350044114999,297.4423558988393,193.10700088229999,40678.759037044074,5.427955274702867,0.046875,0.015625,6851.221344287708,63.52438506454145,956.4487212356162,2957713.04916477,3.3762936278739373e-07,0.0,0.003707534313160799,4.9150407796331785e-06,23929.559323828384,0.03996934119397725,0.0,0.0,1.0,0.0,0.03125,92264.53365852442,2957713.04916477,0.6797846509426142,0.2519734392233108,135726.12080985802,11738193.748839952,0.9765625,0.9765625,0.0625,0.0
2,1.5e-07,1.4999514098001642e-07,14400.0,0.0021599300301128567,1.4999514098001642e-07,0.0005,3967.399378840253,3139396.206268332,6927.734098306093,477658.20409391535,96.5890612743645,297.38309057909754,193.178122548729,41196.76385909022,5.497075057919126,0.046875,0.015625,6927.734098303115,63.550860457488625,968.3349366560706,3005674.954379715,3.5213083737659845e-07,0.0,0.0037088998049217914,4.9150407796331785e-06,24070.28124867104,0.04022948160231962,0.0,0.0,1.0,0.0,0.03125,94058.63143424413,3005674.954379715,0.6845155358316668,0.2516378106565543,137409.05284197177,11944448.83516327,0.9765625,0.9765625,0.0625,0.0
2,1.5e-07,1.4999514098001642e-07,14425.0,0.0021636799086373593,1.4999514098001642e-07,0.0005,3967.2584844142666,3152631.6128190947,7005.033828572845,483652.91978153854,96.62456086905343,297.2651003308315,193.24912173810685,41720.971759038366,5.5670225465574426,0.046875,0.015625,7005.03382856975,63.57384889085478,980.310700793827,3055489.821313679,3.6717196071126277e-07,0.0,0.003710262945199577,4.9150407796331785e-06,24211.285177636564,0.040489825038256065,0.0,0.0,1.0,0.0,0.03125,95881.0550569261,3055489.821313679,0.6892785234468163,0.25153914097322977,139103.49995740748,12147174.429759469,0.9765625,0.9765625,0.0625,0.0
2,1.5e-07,1.4999514098001642e-07,14450.0,0.002167429787161862,1.4999514098001642e-07,0.0005,3967.1174853983566,3166019.5706013213,7083.095157986621,489666.896722732,96.65999846559555,297.08588087448805,193.3199969311911,42251.27058560861,5.6377827757529655,0.046875,0.015625,7083.09515798341,63.593314569009856,992.3736585682855,3107248.9611645825,3.827598531103846e-07,0.0,0.003711623704825645,4.9150407796331785e-06,24352.49696264672,0.0407503862988032,0.0,0.0,1.0,0.0,0.03125,97731.36753830529,3107248.9611645825,0.6921252781514048,0.25168208557330957,141204.73651726128,12345928.213708749,0.9765625,0.9765625,0.0625,0.0
2,1.5e-07,1.4999514098001642e-07,14475.0,0.0021711796656863646,1.4999514098001642e-07,0.0005,3966.9763990807105,3179562.870853506,7161.889339200303,495694.68903582264,96.69537328955603,296.8428660919126,193.39074657911206,42787.534416349976,5.709338943089688,0.046875,0.015625,7161.88933919697,63.6092228359967,1004.521374474376,3161044.455170991,3.989060221905997e-07,0.0,0.0037129820540626616,4.9150407796331785e-06,24493.837279424428,0.04101118836607136,0.0,0.0,1.0,0.0,0.03125,99609.08947777346,3161044.455170991,0.6945112006356553,0.2520718399862734,143423.3017215643,12540252.236597018,0.9765625,0.9765625,0.0625,0.0
2,1.5e-07,1.4999514098001642e-07,14500.0,0.0021749295442108673,1.4999514098001642e-07,0.0005,3966.835243969375,3193264.369539311,7241.384020007294,501730.36209334305,96.73068455120035,296.5334295356602,193.4613691024007,43329.62309498874,5.781672346866693,0.046875,0.015625,7241.3840200038385,63.62154021293643,1016.7513207072025,3216968.995055031,4.156078567797699e-07,0.0,0.0037143379625858034,4.9150407796331785e-06,24635.221334007394,0.04127226246202385,0.0,0.0,1.0,0.0,0.03125,101513.69974201603,3216968.995055031,0.6968366077639574,0.2527141896529839,145677.90872491334,12729672.993322741,0.9765625,0.9765625,0.0625,0.0
2,1.5e-07,1.4999514098001642e-07,14525.0,0.00217867942273537,1.4999514098001642e-07,0.0005,3966.6940398954875,3207126.9911344512,7321.542997824236,507767.45949668216,96.76593144492286,296.1548862850598,193.5318628898457,43877.3817900166,5.854762327198524,0.046875,0.015625,7321.542997820659,63.63023443495011,1029.0608629297421,3275115.724865742,4.328789401306922e-07,0.0,0.003715691399460815,4.9150407796331785e-06,24776.55855419774,0.0415336480519969,0.0,0.0,1.0,0.0,0.03125,103444.63624069592,3275115.724865742,0.6990962193937976,0.2536155660127797,147969.09691543624,12913701.537943887,0.9765625,0.9765625,0.0625,0.0
2,1.5e-07,1.4999514098001642e-07,14550.0,0.0021824293012598726,1.4999514098001642e-07,0.0005,3966.552808125224,3221153.732796833,7402.325963151352,513798.96840429894,96.80111314858691,295.7044951747049,193.60222629717381,44430.64057899569,5.92858621054708,0.046875,0.015625,7402.3259631476485,63.635274487550134,1041.4472435155822,3335578.085278699,4.5072161105810087e-07,0.0,0.0037170423331186727,4.9150407796331785e-06,24917.752265505107,0.04179539279541316,0.0,0.0,1.0,0.0,0.03125,105401.29678579929,3335578.085278699,0.7012849096726772,0.25478310967629053,150297.39743722,13091833.636525787,0.9765625,0.9765625,0.0625,0.0
2,1.5e-07,1.4999514098001642e-07,14575.0,0.0021861791797843752,1.4999514098001642e-07,0.0005,3966.4115714806117,3235347.6689512674,7483.688231934879,519817.2831899574,96.83622882277443,295.1794614213878,193.67245764554886,44989.21406340723,6.003119258329087,0.046875,0.015625,7483.688231931047,63.63663064245519,1053.9075621018783,3398449.6614037585,4.691393612105081e-07,0.0,0.0037183907313267663,4.9150407796331785e-06,25058.699351181996,0.04205755244244815,0.0,0.0,1.0,0.0,0.03125,107383.04002062534,3398449.6614037585,0.7033977338466028,0.2562247415914656,152663.3295125791,13263549.96123823,0.9765625,0.9765625,0.0625,0.0
2,1.5e-07,1.4999514098001642e-07,14600.0,0.002189929058308878,1.4999514098001642e-07,0.0005,3966.2703544692263,3249711.956321971,7565.580466810993,525814.1674140971,96.87127760994105,294.5769396756459,193.7425552198821,45552.90101921963,6.078334620289781,0.046875,0.015625,7565.580466807033,63.634274492782225,1066.438753292192,3463824.035135731,4.881300023809205e-07,0.0,0.0037197365611564585,4.9150407796331785e-06,25199.289896001726,0.042320190675745974,0.0,0.0,1.0,0.0,0.03125,109389.18640282447,3463824.035135731,0.7054299548162709,0.2579492432591911,155067.39635307217,13428316.328322122,0.9765625,0.9765625,0.0625,0.0
2,1.5e-07,1.4999514098001642e-07,14612.0,0.002191729,1.4999514034086045e-07,0.0005,3966.2025849358374,3256668.2722011916,7605.061241609164,528682.4710165265,96.88807701285873,294.25935789188867,193.77615402571746,45825.22386290498,6.114671918938885,0.046875,0.015625,7605.06124160514,63.631816934664435,1072.4779510229018,3496120.1733915545,4.974463226323181e-07,0.0,0.0037203816214783593,4.915040758689316e-06,25266.61261782096,0.04244644769938276,0.0,0.0,1.0,0.0,0.03125,110360.59560661335,3496120.1733915545,0.706375458703878,0.2588802982502136,156235.03654715442,13504774.975237692,0.9765625,0.9765625,0.0625,0.0
