group,wall_radius,nr,nz,step,time,dt,viscosity,energy,enstrophy,max_abs_u1,max_abs_omega1,max_abs_psi1,max_abs_u_r,max_abs_u_z,max_cartesian_vorticity,amplification,argmax_u1_r,argmax_u1_z,argmax_u1_value,circulation_max,divergence_residual_max,axis_parity_defect,odd_symmetry_defect,wall_u1_max_abs,advective_cfl,viscous_cfl,divergence_relative_denominator,divergence_residual_relative,divergence_residual_argmax_r,divergence_residual_argmax_z,divergence_pointwise_ratio_max,divergence_pointwise_ratio_argmax_r,divergence_pointwise_ratio_argmax_z,axis_parity_defect_u1,axis_parity_defect_omega1,axis_parity_relative_u1,axis_parity_relative_omega1,axis_parity_relative_denominator_u1,axis_parity_relative_denominator_omega1,axis_parity_argmax_z_u1,axis_parity_argmax_z_omega1,argmax_cartesian_vorticity_r,argmax_cartesian_vorticity_z
core_dr192,1.0,193,384,0.0,0.0,0.0,0.0005,4008.105579707902,777074.069444,3265.5882935410696,0.0,0.0,0.0,0.0,7561.484634978418,1.0,0.0,0.08333333333333333,3265.5882935410696,64.94519473172839,0.0,0.4232395925646415,9.407585821463726e-12,0.0,0.0,0.0,0.0,0.0,0.0,0.0,0.0,0.0,0.0,0.4232395925646415,0.0,3.488209704685288e-05,0.0,12133.433147558622,0.0,0.9166666666666666,0.0,0.16666666666666666,0.0
core_dr192,1.0,193,384,25.0,2.5000000000000008e-05,1e-06,0.0005,4008.0846547821466,777612.0319139421,3258.5744840062434,5386.38100651739,3.891856992326071,9.556066872129337,7.783713984652142,7565.7956085284095,1.0005701226357122,0.0,0.08333333333333333,3258.5744840062434,64.94499460561251,0.4818716323668468,2.8594549153349362,1.3096723705530167e-10,0.0,0.002988946170106422,0.00029491200000000004,523.1671750525791,0.0009210662582537179,0.0,0.0,0.006382162081903232,0.0,0.8072916666666666,0.4116510960739106,2.8594549153349362,3.399511894226532e-05,0.00010217034741507307,12109.123570740463,27987.131175332426,0.0859375,0.96875,0.16666666666666666,0.0
core_dr192,1.0,193,384,50.0,4.9999999999999955e-05,1e-06,0.0005,4008.060736705656,779237.0134104489,3237.850434452827,10731.073776413883,7.763581635941532,19.06993936074539,15.527163271883063,7578.877873773119,1.0023002412402244,0.0,0.0859375,3237.8504344528264,64.94470565680929,0.9569189965501437,5.62669352843659,2.546585164964199e-10,0.0,0.005962430696403096,0.00029491200000000004,1042.6026937442912,0.0009178174987382468,0.0,0.0,0.007172616243210392,0.0,0.19270833333333331,0.3787821677397005,5.62669352843659,3.1462085063734476e-05,0.00010099203958972555,12039.3218368198,55714.22808465612,0.9088541666666666,0.96875,0.16666666666666666,0.0
core_dr192,1.0,193,384,75.0,7.499999999999989e-05,1e-06,0.0005,4008.033823123416,781939.7336842832,3203.7583084404223,15993.515518997798,11.595499727145643,28.500506551091394,23.190999454291287,7600.676655566973,1.005183111846483,0.0,0.0859375,3203.758308440422,64.94409025972605,1.4185868711560943,8.227697241702117,3.8198777474462986e-10,0.0,0.008905343790447854,0.00029491200000000004,1554.6936729122724,0.0009124542640601211,0.0,0.0,0.009500253826281562,0.0,0.8072916666666666,0.33143951010424644,8.227697241702117,2.7797883980503344e-05,9.92157311201028e-05,11923.192079537737,82927.34578292136,0.10677083333333333,0.033854166666666664,0.16666666666666666,0.0
core_dr192,1.0,193,384,100.0,9.999999999999982e-05,1e-06,0.0005,4008.003928341119,785705.1394257295,3156.933192634091,21134.889085659648,15.368750686298537,37.808115871959004,30.737501372597073,7631.102089622218,1.009206849977815,0.0,0.0859375,3156.9331926340906,64.94274910171693,1.8607994633002818,10.619902280741371,5.020410753786564e-10,0.0,0.011803200527077276,0.00029491200000000004,2056.0205097707317,0.0009050490763381446,0.0,0.0,0.02396184240295439,0.0,0.19270833333333331,0.2895957622822607,10.619902280741371,2.4602628779497446e-05,9.708977393063145e-05,11770.927606061137,109382.2948679339,0.859375,0.033854166666666664,0.16666666666666666,0.0
core_dr192,1.0,193,384,125.0,0.00012499999999999976,1e-06,0.0005,4007.971083500416,790512.8784213144,3098.2268996144226,26118.870872675565,19.065649550132523,46.95524052806287,38.131299100265046,7670.030087240777,1.0143550450079926,0.0,0.0859375,3098.226899614422,64.94011626657156,2.278153576232853,12.738917668350041,5.784386303275824e-10,0.0,0.014642418854501777,0.00029491200000000004,2543.440925971452,0.000895697459677671,0.0,0.0,0.011658377307088413,0.0,0.8072916666666666,0.26111789530841634,12.738917668350041,2.2537630099736342e-05,9.446767490033109e-05,11585.86302787315,134849.48879910872,0.16666666666666666,0.03645833333333333,0.16666666666666666,0.0
core_dr192,1.0,193,384,150.0,0.0001499999999999997,1e-06,0.0005,4007.93533665615,796337.9240278654,3028.671550182584,30912.2546683272,22.669999486000926,55.90707917919998,45.33999897200185,7717.303541104536,1.0206069196259846,0.0,0.0859375,3028.6715501825834,64.93545235224606,2.6660628194995297,14.667933386634104,5.893525667488575e-10,0.0,0.01741055960524871,0.00029491200000000004,3014.1603369487725,0.0008845126076466055,0.0,0.0,0.002660537451291347,0.0,0.1953125,0.24093957878358196,14.667933386634104,2.117619740195167e-05,9.218232168367894e-05,11377.849110972878,159118.72383694898,0.18489583333333331,0.9635416666666666,0.16666666666666666,0.0
core_dr192,1.0,193,384,175.0,0.00017499999999999962,1e-06,0.0005,4007.8967526723623,803151.3150854332,2949.5276737340782,35495.19084393636,26.17037805041631,64.63207106000914,52.34075610083262,7772.733870291404,1.0279375341630366,0.0,0.08854166666666666,2949.5276737340782,64.9287188483869,3.020846013975188,16.440699057653546,8.731149137020111e-10,0.0,0.02009885034271973,0.00029491200000000004,3465.785810892834,0.000871619361035175,0.0,0.0,0.0031469219726883214,0.0625,0.1953125,0.22575879019859713,16.440699057653546,2.023800250231982e-05,9.020807296106746e-05,11155.191337322896,182253.07910910726,0.19791666666666666,0.0390625,0.16666666666666666,0.0
core_dr192,1.0,193,384,200.0,0.00019999999999999955,1e-06,0.0005,4007.8554128572914,810920.9715241485,2862.7834879341676,39880.1397173685,29.555688609613345,73.10626254424768,59.11137721922669,7836.102900190426,1.0363180352098662,0.0,0.08854166666666666,2862.7834879341676,64.93769027732749,3.339758887053449,18.192461056401953,1.1059455573558807e-09,0.0,0.022698768852183047,0.00029491200000000004,3896.3621341249786,0.0008571479683069736,0.0,0.0,0.033400544196192525,0.0,0.1953125,0.2137430462971679,18.192461056401953,1.956507512430972e-05,8.911969238979244e-05,10924.724026824253,204135.1419485563,0.20833333333333331,0.041666666666666664,0.16666666666666666,0.0
core_dr192,1.0,193,384,225.0,0.00022499999999999948,1e-06,0.0005,4007.811414273205,819612.5440823993,2769.557874316096,44016.821059044414,32.81338289951048,81.33435803484537,65.62676579902096,7907.16506919813,1.045715947450404,0.0,0.09114583333333333,2769.557874316096,64.94456651940476,3.6209734800963815,20.079289209097624,1.1641532182693481e-09,0.0,0.02520067806682405,0.00029491200000000004,4304.389752333218,0.0008412280691202773,0.0,0.0,0.0022277633789206815,0.0,0.9609375,0.20387672588549322,20.079289209097624,1.906809361156944e-05,8.943607679956903e-05,10692.0350842935,224509.9508791779,0.78125,0.04427083333333333,0.16666666666666666,0.0
core_dr192,1.0,193,384,250.0,0.00024999999999999957,1e-06,0.0005,4007.7648686815887,829190.2576932653,2672.2403786794735,47888.3506794899,35.94137272709955,89.27400835704324,71.8827454541991,7985.64994896767,1.0560955069626299,0.0,0.09375,2672.2403786794735,64.9480123107422,3.863513736079767,22.24476403137669,1.0550138540565968e-09,0.0,0.027602974254412452,0.00029491200000000004,4688.825486200435,0.0008239832656281147,0.0,0.0,0.00352224660199335,0.10416666666666666,0.8020833333333333,0.19551476956985425,22.24476403137669,1.8688105729475374e-05,9.143496354781828e-05,10461.989695482254,243285.0976064885,0.7734375,0.046875,0.16666666666666666,0.0
core_dr192,1.0,193,384,275.0,0.0002750000000000002,1e-06,0.0005,4007.7159011138674,839617.711887249,2574.5597442344924,51481.64394509901,38.93327602695338,96.90952155266305,77.86655205390676,8071.265058650295,1.0674180333996448,0.0,0.1015625,2574.5597442344924,64.94648137380206,4.067158154355184,24.793928595492616,1.57160684466362e-09,0.0,0.029900755988700192,0.00029491200000000004,5049.067834422523,0.0008055265422712144,0.0,0.0,0.016999676461799618,1.0,0.25,0.231659364697407,24.793928595492616,2.2629009474236387e-05,9.51394886735321e-05,10237.273750808941,260606.07368379005,0.078125,0.049479166666666664,0.16666666666666666,0.0
core_dr192,1.0,193,384,300.0,0.0003000000000000008,1e-06,0.0005,4007.664648087685,850858.6074610447,2481.1712099645206,54787.52902940027,41.7845316338296,104.22918624832077,83.5690632676592,8163.698946225415,1.0796423374929882,0.0,0.109375,2481.1712099645206,64.93819867563968,4.232321177098129,27.775970227550715,1.7680577002465725e-09,0.0,0.032090520294781134,0.00029491200000000004,5384.929326179697,0.0007859566803452779,0.0,0.0,0.014241811764266117,0.9947916666666666,0.75,0.2599920615175506,27.775970227550715,2.5946895619644723e-05,0.00010049895890438471,10020.160612998625,276380.6762812034,0.08072916666666666,0.9479166666666666,0.16666666666666666,0.0
core_dr192,1.0,193,384,325.0,0.0003250000000000014,1e-06,0.0005,4007.6112555150567,862877.3759973908,2395.5784259588163,57800.86336496028,44.50073848708382,111.22519605887146,89.00147697416764,8262.624501968206,1.0927251592559493,0.0,0.11979166666666666,2395.578425958816,64.93433404883864,4.35992435899152,31.17752364068292,1.5133991837501526e-09,0.0,0.03417656715808037,0.00029491200000000004,5696.598757346043,0.0007653557051686648,0.0,0.0,0.024260297918075754,0.0,0.20052083333333331,0.27737770798557904,31.17752364068292,2.8268834928020636e-05,0.0001073148429380617,9812.137949506956,290523.87150841265,0.08333333333333333,0.9453125,0.16666666666666666,0.0
core_dr192,1.0,193,384,350.0,0.000350000000000002,1e-06,0.0005,4007.5558763683325,875639.696863646,2318.689890770564,60549.71372193152,47.07444423092451,117.89349852896574,94.14888846184903,8367.702460737346,1.1066216311581818,0.0,0.12760416666666666,2318.689890770563,64.94576192850022,4.451266778934951,35.031379914376885,1.7316779121756554e-09,0.0,0.036153173169350024,0.00029491200000000004,5984.596260870041,0.0007437873141149584,0.0,0.0,0.019836162197723165,0.0,0.9583333333333333,0.34529786962957587,35.031379914376885,3.59134299703921e-05,0.00011549228281072137,9614.728248297302,303322.2572263924,0.9765625,0.9453125,0.16666666666666666,0.0
core_dr192,1.0,193,384,375.0,0.0003750000000000026,1e-06,0.0005,4007.498668181739,889112.8943723718,2249.7322878325485,63120.90627832668,49.51821423024376,124.23357943120078,99.03642846048751,8478.58504151896,1.1212857594523378,0.0,0.1328125,2249.7322878325463,64.9480883427512,4.50790203240922,39.400152436690405,2.1245796233415604e-09,0.0,0.038029988528827205,0.00029491200000000004,6249.7240643331215,0.0007212961701998337,0.0,0.0,0.1526365484564816,0.0,0.9583333333333333,0.4326395076495828,39.400152436690405,4.588645583963686e-05,0.00012518447690724145,9428.479487750446,314736.7262307205,0.9765625,0.057291666666666664,0.16666666666666666,0.0
core_dr192,1.0,193,384,400.0,0.0004000000000000032,1e-06,0.0005,4007.43979047011,903266.2152590794,2187.710898643542,65419.18397352598,51.8250110890775,130.31329582648124,103.650022178155,8594.919665005345,1.1366709158207364,0.0,0.140625,2187.7108986435414,64.93877153573156,4.531526901766938,44.00806205556728,1.9572325982153416e-09,0.0,0.03980160851641152,0.00029491200000000004,6493.015529950268,0.0006979079105639605,0.0,0.0,0.020646601394389875,0.0,0.041666666666666664,0.5351586445758585,44.00806205556728,5.784186896582934e-05,0.00013551980171124247,9252.098076084105,324735.28960245266,0.0234375,0.9401041666666666,0.16666666666666666,0.0
core_dr192,1.0,193,384,425.0,0.0004250000000000038,1e-06,0.0005,4007.3794021435547,918070.9930647784,2131.6321502521423,67451.56239811041,54.00925065244343,136.08457323032115,108.01850130488685,8716.352683391113,1.152730330637773,0.0,0.14583333333333331,2131.6321502521423,64.93243693731065,4.523884734477633,49.01803335850127,1.9863364286720753e-09,0.0,0.04147910450107655,0.00029491200000000004,6715.684708909259,0.0006736297087437848,0.0,0.0,0.03004544467431329,0.0,0.20572916666666666,0.655829646573693,49.01803335850127,7.217664967309735e-05,0.00014690447316720534,9086.451775526824,333672.844003255,0.0234375,0.9401041666666666,0.16666666666666666,0.0
core_dr192,1.0,193,384,450.0,0.00045000000000000443,1e-06,0.0005,4007.317658988983,933500.7111091153,2080.6273166111805,69228.41673964748,56.06722806346717,141.54774670316036,112.13445612693434,8842.533051484825,1.1694175784713556,0.0,0.15104166666666666,2080.6273166111805,64.9448175014677,4.486684841392162,54.38359065167606,2.153683453798294e-09,0.0,0.043059631152742785,0.00029491200000000004,6919.0782225459,0.0006484512383126765,0.0,0.0,0.014799163998986623,0.0,0.20833333333333331,0.7977371420638519,54.38359065167606,8.932717278554292e-05,0.00015921056443008968,8930.509241337604,341582.8016585936,0.0234375,0.9375,0.16666666666666666,0.0
core_dr192,1.0,193,384,475.0,0.00047500000000000504,1e-06,0.0005,4007.2547112786983,949530.979367581,2045.901223869081,70777.54015977174,58.01112062516198,146.71176827575198,116.02224125032396,8973.115865062015,1.1866870460271226,0.0,0.04427083333333333,2045.9012238690802,64.94168235671388,4.421818023931792,59.85283682355657,2.2264430299401283e-09,0.0,0.0445525406401244,0.00029491200000000004,7104.630848308301,0.0006223853312497834,0.0,0.005208333333333333,0.024624208323563292,0.0,0.7916666666666666,0.9640772595594171,59.85283682355657,0.00010967895250307541,0.00017169283830699523,8789.99331738133,348604.15503491624,0.0234375,0.020833333333333332,0.16666666666666666,0.0
core_dr192,1.0,193,384,500.0,0.0005,9.999999999943865e-07,0.0005,4007.1907015545435,966139.4427273477,2034.8937585369072,72245.76554324914,59.842380884596636,151.58747100519523,119.68476176919327,9107.765691451285,1.2044943726156603,0.0,0.04427083333333333,2034.8937585369051,64.91953762310091,4.380451475711197,75.25536065502092,2.219167072325945e-09,0.0,0.045958948519112225,0.0002949119999983445,7273.825769773739,0.000602221116419105,0.0,0.013020833333333332,0.02322482693847639,0.0,0.7890625,1.1581930320171523,75.25536065502092,0.00013378732398861337,0.00021210912208966754,8656.971359377261,354795.4935347254,0.0234375,0.0234375,0.16666666666666666,0.0
core_dr192,1.0,193,384,525.0,0.0005250000000000006,1e-06,0.0005,4007.125762624798,983305.6389051602,2028.0875698520576,73503.1560348738,61.568522454386994,156.18724041618896,123.13704490877399,9246.159618875976,1.222796853425381,0.0,0.04427083333333333,2028.0875698520565,64.93759806910207,4.392760769486358,92.86341435229406,2.0372681319713593e-09,0.0,0.04728462524496921,0.00029491200000000004,7428.160068710571,0.0005913659276123922,0.0,0.9817708333333333,0.02157268326780402,0.0,0.2109375,1.3836412413802464,92.86341435229406,0.00016221958971655544,0.00025771275404079823,8529.433737305513,360336.89794643596,0.0234375,0.0234375,0.16666666666666666,0.0
core_dr192,1.0,193,384,550.0,0.0005500000000000012,1e-06,0.0005,4007.0600158010657,1001010.823958367,2025.037427573867,74565.65503595541,63.196524584732046,160.52469052012952,126.39304916946409,9387.989955176243,1.241553796426254,0.0,0.04427083333333333,2025.037427573867,64.93705778570202,4.447289222701329,112.82955164671876,2.2264430299401283e-09,0.0,0.04853493088107421,0.00029491200000000004,7569.11570674488,0.000587557304578965,0.0,0.0234375,0.036103695791280956,0.0,0.21354166666666666,1.6511732377184671,112.82955164671876,0.0001961931312717583,0.0003087706070733619,8416.06037385342,365415.45426281844,0.026041666666666664,0.026041666666666664,0.16666666666666666,0.0
core_dr192,1.0,193,384,575.0,0.0005750000000000018,1e-06,0.0005,4006.9935693941443,1019237.7820414843,2025.2511035188293,75450.0693506461,64.72870781312224,164.64637436342713,129.45741562624448,9532.96651318433,1.260726824608768,0.0,0.04427083333333333,2025.2511035188293,64.91182847948933,4.54470777653205,136.4729948064778,2.240994945168495e-09,0.0,0.04971164760047788,0.00029491200000000004,7698.135971430427,0.0005903647056116594,0.0,0.026041666666666664,0.0350377473037957,0.0,0.9557291666666666,1.9644631940609543,136.4729948064778,0.00023643760005821616,0.000366822041733746,8308.590484665976,372041.42412340455,0.026041666666666664,0.026041666666666664,0.16666666666666666,0.0
core_dr192,1.0,193,384,600.0,0.0006000000000000024,1e-06,0.0005,4006.9265174811535,1037970.6341044041,2028.2200790223433,76193.78088344693,66.1764013624665,168.55738258832,132.352802724933,9680.818429043675,1.2802801164551074,0.0,0.04427083333333333,2028.2200790223433,64.93047462568774,4.672377088721078,163.18698906479403,2.4301698431372643e-09,0.0,0.05082347624637428,0.00029491200000000004,7816.607148154033,0.0005977500212255779,0.0,0.028645833333333332,0.20642860517994102,0.0,0.9557291666666666,2.325371751925559,163.18698906479403,0.0002832430949707307,0.0004271280958985169,8209.809147036238,382056.32135135005,0.026041666666666664,0.026041666666666664,0.16666666666666666,0.0
core_dr192,1.0,193,384,625.0,0.000625000000000003,1e-06,0.0005,4006.8589389508666,1057194.6578359893,2033.4447066670778,76917.05486614362,67.5380420059372,172.24460900494503,135.0760840118744,9831.295470838504,1.3001805790043193,0.0,0.04427083333333333,2033.4447066670778,64.93103151926186,4.834100316518743,193.31425705575384,2.786691766232252e-09,0.0,0.051869216260559764,0.00029491200000000004,7925.845023247486,0.0006099160786439461,0.0,0.9713541666666666,0.06973443221164032,0.0,0.04427083333333333,2.7396726594743086,193.31425705575384,0.00033749976074875815,0.000490361328505187,8117.5543751385885,394228.18607056816,0.9739583333333333,0.026041666666666664,0.16666666666666666,0.0
core_dr192,1.0,193,384,650.0,0.0006500000000000037,1e-06,0.0005,4006.7908968294555,1076896.1285451879,2040.452975337358,77504.71226176008,68.82668791772099,175.72232117094148,137.65337583544198,9984.168807583643,1.3203979495505698,0.0,0.04427083333333333,2040.452975337358,64.90649821035343,5.0226231528722565,228.12554331170395,2.8230715543031693e-09,0.0,0.052858896320809715,0.00029491200000000004,8027.08572007683,0.0006257094203329603,0.0,0.03125,0.05127102858291423,0.0,0.78125,3.2252339136321098,228.12554331170395,0.000401473864764124,0.0005584319611282918,8033.484111168771,408510.90050573833,0.028645833333333332,0.028645833333333332,0.16666666666666666,0.0
core_dr192,1.0,193,384,675.0,0.0006750000000000043,1e-06,0.0005,4006.7224378845785,1097062.1880248485,2048.81298669959,77971.07653853045,70.03980558460293,179.00476554652604,140.07961116920586,10139.231222356999,1.340904823829737,0.0,0.04427083333333333,2048.81298669959,64.93196012207923,5.223218734011425,267.78207204071805,3.3105607144534588e-09,0.0,0.053790570688975047,0.00029491200000000004,8121.480312080894,0.0006431362920675636,0.0,0.033854166666666664,0.024877593443333297,0.0,0.21875,3.786784145711863,267.78207204071805,0.00047604603376994137,0.0006320944675969255,7954.659585593567,423642.48663457297,0.028645833333333332,0.028645833333333332,0.16666666666666666,0.0
core_dr192,1.0,193,384,700.0,0.0007000000000000049,1e-06,0.0005,4006.653592501382,1117680.7459073863,2058.13990742925,78329.47569863164,71.18833594219802,182.1059658600344,142.37667188439605,10296.296767503722,1.3616766104204494,0.0,0.04427083333333333,2058.13990742925,64.92327930298929,5.457278884467996,312.4328334722668,3.1141098588705063e-09,0.0,0.05467264200360808,0.00029491200000000004,8210.092637037018,0.0006647036916306344,0.0,0.033854166666666664,0.056610356194544444,0.22916666666666666,0.19791666666666666,4.42868966950482,312.4328334722668,0.0005618017049842535,0.0007096313078493092,7883.012155737317,440274.872340627,0.9713541666666666,0.028645833333333332,0.16666666666666666,0.0
core_dr192,1.0,193,384,725.0,0.0007250000000000055,1e-06,0.0005,4006.5843748194306,1138740.4157052669,2068.0984943105113,78592.06638306142,72.27297053260732,185.03954373868223,144.54594106521463,10455.199873730635,1.382691412922573,0.0,0.04427083333333333,2068.0984943105113,64.91529731165984,5.695492545632078,362.70913292700425,3.65253072232008e-09,0.0,0.05550564136904242,0.00029491200000000004,8293.899747209598,0.0006867086315515534,0.0,0.9635416666666666,0.03534249706555284,0.0,0.7786458333333333,5.162171527816099,362.70913292700425,0.0006604194820940876,0.0007918308104255418,7816.504006586321,458063.9300106028,0.9713541666666666,0.9713541666666666,0.16666666666666666,0.0
core_dr192,1.0,193,384,750.0,0.0007500000000000061,1e-06,0.0005,4006.514783114919,1160230.4857070998,2078.402359879129,78859.34653578298,73.2977375298407,187.81856194806974,146.5954750596814,10615.793937885366,1.403929843192185,0.0,0.04427083333333333,2078.402359879129,64.92962920234673,5.966661931055569,419.3531403299421,3.5288394428789616e-09,0.0,0.05629266242291766,0.00029491200000000004,8373.794462679134,0.0007125398118676273,0.0,0.9635416666666666,0.025920972710820393,0.0,0.7760416666666666,6.000689703374519,419.3531403299421,0.0007737614019280364,0.0008792041405167729,7755.219746581017,476969.02346644714,0.9713541666666666,0.9713541666666666,0.16666666666666666,0.0
core_dr192,1.0,193,384,775.0,0.0007750000000000067,1e-06,0.0005,4006.4448004077667,1182140.923215858,2088.8110462205095,79072.6466798999,74.27168413057305,190.45538999405204,148.5433682611461,10777.949425680914,1.4253747704284896,0.0,0.04427083333333333,2088.8110462205077,64.90061010569725,6.235460094158952,484.42269545048475,3.688910510390997e-09,0.0,0.0570406534122801,0.00029491200000000004,8450.5895429183,0.0007378727912994361,0.0,0.03645833333333333,0.09321534377133167,0.0,0.22395833333333331,6.976003234784002,484.42269545048475,0.0009062957309810973,0.0009749419271903144,7697.2703239286275,496873.384906671,0.96875,0.03125,0.16666666666666666,0.0
core_dr192,1.0,193,384,800.0,0.0008000000000000073,1e-06,0.0005,4006.3743952687605,1204462.40928805,2099.1450062290432,79368.79836752174,75.18720279702241,192.96159131560603,150.37440559404482,10941.551535096758,1.447011012160575,0.005208333333333333,0.04427083333333333,2099.1450062290432,64.92184652388809,6.536134595815383,557.8300807862543,4.067260306328535e-09,0.0,0.05774377174811321,0.00029491200000000004,8525.02304840486,0.0007666999325049775,0.0,0.0390625,0.0313817582257868,0.0,0.046875,8.094902455210104,557.8300807862543,0.001058842894113484,0.0010773290731629368,7645.045832779149,517789.8700426952,0.96875,0.96875,0.16666666666666666,0.0
core_dr192,1.0,193,384,825.0,0.0008250000000000079,1e-06,0.0005,4006.3035227979058,1227186.400160226,2110.3513020220767,79774.51504597937,76.06523134981342,195.3478308490655,152.13046269962683,11106.497473317373,1.4688249741248165,0.020833333333333332,0.04427083333333333,2110.3513020220767,64.91462167665212,6.847432678518999,640.7301122308709,5.2677933126688e-09,0.0,0.0584180976766567,0.00029491200000000004,8597.764524687133,0.0007964201227956022,0.0,0.9609375,0.07715009128441531,0.0,0.2265625,9.378653723739262,640.7301122308709,0.001169336103042554,0.0011870501457485123,8020.494449231897,539766.6766864755,0.03125,0.96875,0.16666666666666666,0.0
core_dr192,1.0,193,384,850.0,0.0008500000000000085,1e-06,0.0005,4006.232125742019,1250305.2109154637,2122.9601102632623,80347.52423547395,76.89320316165816,197.62380138095776,153.78640632331633,11274.319645525537,1.491019315621173,0.026041666666666664,0.04427083333333333,2122.9601102632623,64.90089180582767,7.159745211730296,734.5342508135363,5.0495145842432976e-09,0.0,0.059053980028153465,0.00029491200000000004,8669.421701951735,0.0008258619153476446,0.0,0.0390625,0.07112998167151421,0.0,0.046875,10.855338470370043,734.5342508135363,0.0012613297028953479,0.0013050451712686,8606.265630193207,562842.0126634506,0.03125,0.03125,0.16145833333333331,0.0
core_dr192,1.0,193,384,875.0,0.0008750000000000091,1e-06,0.0005,4006.1601357173795,1273812.1166200426,2136.868500684895,81022.2632147469,77.67829663453819,199.79816683293302,155.35659326907637,11445.981616431787,1.513721467274324,0.03125,0.04427083333333333,2136.868500684895,64.9175077458788,7.503652945330032,840.9227907140739,5.966285243630409e-09,0.0,0.059656931815325324,0.00029491200000000004,8740.54746098095,0.0008584877524923249,0.0,0.9583333333333333,0.13561935012530185,0.0,0.953125,12.559011847923102,840.9227907140739,0.001365062747874866,0.0014324663162128938,9200.318349815796,587045.420333008,0.96875,0.03125,0.16145833333333331,0.0
core_dr192,1.0,193,384,900.0,0.0009000000000000097,1e-06,0.0005,4006.0874745022597,1297701.466114724,2152.6294771880544,81808.25992673788,78.43102751984847,201.94745841548004,156.86205503969694,11619.360358697932,1.5366506604997017,0.041666666666666664,0.041666666666666664,2152.629477188053,64.8758774737981,7.864501920441398,961.9000947265886,6.111804395914078e-09,0.0,0.060235029135243624,0.00029491200000000004,8815.131573327442,0.0008921593347781183,0.0,0.041666666666666664,0.5288330736402302,0.0,0.953125,14.531031516220537,961.9000947265886,0.0014835460729750363,0.0015707083380502192,9794.796252657434,612398.9231002824,0.96875,0.03125,0.16145833333333331,0.0
core_dr192,1.0,193,384,925.0,0.0009250000000000103,1e-06,0.0005,4006.0140553642723,1321968.8038369678,2170.670032029496,82755.91376879878,79.14278760597108,204.04080864089644,158.28557521194216,11794.40091456832,1.5597996271802228,0.046875,0.041666666666666664,2170.6700320294926,64.9098442068253,8.23083237087667,1099.8613244444132,6.781192496418953e-09,0.0,0.060781660881385785,0.00029491200000000004,8897.831361955507,0.0009250380273635295,0.0,0.9583333333333333,0.392099583744436,0.0,0.046875,16.821688058262225,1099.8613244444132,0.0016190281923989692,0.0017214443667839128,10389.990821183266,638917.7284301254,0.96875,0.03125,0.16145833333333331,0.0
core_dr192,1.0,193,384,950.0,0.000950000000000011,1e-06,0.0005,4005.9397843887587,1346610.9954393324,2190.666918356187,83792.69522221619,79.8192436604572,206.0672649386968,159.6384873209144,11971.04109775053,1.58316014323088,0.046875,0.041666666666666664,2190.6669183561858,64.89027378811801,8.603827572250339,1257.6729803807102,7.34871719032526e-09,0.0,0.06130117913123113,0.00029491200000000004,8987.122640698564,0.0009573506355958182,0.0,0.041666666666666664,0.16435964174100198,0.0,0.046875,19.492205583352188,1257.6729803807102,0.001770618025287946,0.0018866688538958366,11008.7016538659,666610.3475359257,0.96875,0.96875,0.16145833333333331,0.0
core_dr192,1.0,193,384,975.0,0.0009750000000000116,1e-06,0.0005,4005.8645617767106,1371626.353514557,2211.3260063036564,84944.12888098844,80.47144118776893,208.0312788886817,160.94288237553786,12149.207547650296,1.6067225067746198,0.046875,0.041666666666666664,2211.3260063036564,64.89164880865701,9.014495327686745,1438.7698914636858,7.203198038041592e-09,0.0,0.061802066832206536,0.00029491200000000004,9086.230064634174,0.0009921051154948588,0.0,0.9557291666666666,0.11334614903402976,0.0,0.046875,22.617196271683497,1438.7698914636858,0.0019450500566618183,0.0020687495294465256,11628.079284756372,695478.0513466098,0.96875,0.96875,0.16145833333333331,0.0
core_dr192,1.0,193,384,1000.0,0.001,9.99999999990375e-07,0.0005,4005.7882830838707,1397014.7604004762,2233.3526601604253,86204.37161015821,81.09059530786678,209.9361509608731,162.18119061573356,12334.686702962212,1.6312519694748302,0.05208333333333333,0.041666666666666664,2233.352660160424,64.89658627411364,9.446476598799563,1647.2721625878476,7.930793799459934e-09,0.0,0.06227757719584226,0.0002949119999971615,9190.754194918114,0.0010278238758711278,0.0,0.9557291666666666,0.0920833877751564,0.0,0.046875,26.287670689875085,1647.2721625878476,0.0021449051124404948,0.0022704910431452377,12255.866489107626,725513.6141413422,0.96875,0.96875,0.15625,0.0
core_dr192,1.0,193,384,1025.0,0.001024999999999998,1e-06,0.0005,4005.710840376337,1422777.785781869,2257.1788246372657,87639.6824621065,81.67915100997952,211.78706864260093,163.35830201995904,12524.255084563021,1.6563222289214858,0.05208333333333333,0.041666666666666664,2257.1788246372644,64.86237129331153,9.890984297389878,1888.126891425345,8.694769348949194e-09,0.0,0.06272958797566427,0.00029491200000000004,9305.429650400367,0.0010629261268945618,0.0,0.9557291666666666,0.08145947970590936,0.0,0.953125,30.614726463252737,1888.126891425345,0.0023750485445232982,0.0024952141082551335,12890.147670391088,756699.3490372994,0.96875,0.03125,0.15625,0.0
core_dr192,1.0,193,384,1050.0,0.0010499999999999958,1e-06,0.0005,4005.6321232822024,1448918.7975988782,2282.621079080465,89156.3746390547,82.24511283189487,213.75334641002397,164.49022566378974,12715.903811184791,1.6816676122520593,0.057291666666666664,0.0390625,2282.6210790804607,64.89461839565175,10.349774716611137,2168.5517241444904,9.735231287777424e-09,0.0,0.06316424665489526,0.00029491200000000004,9424.681756862854,0.0010981564135122811,0.0,0.9557291666666666,0.07610195343432029,0.0,0.046875,35.734063971329306,2168.5517241444904,0.002640992364776504,0.002744431610671811,13530.54421812133,790164.2422831769,0.96875,0.9713541666666666,0.15625,0.0
core_dr192,1.0,193,384,1075.0,0.0010749999999999937,1e-06,0.0005,4005.552019923002,1475443.0655856235,2310.984037424427,90759.1734972828,82.79000277410037,215.68062835091996,165.58000554820075,12909.503835222311,1.7072710530290136,0.057291666666666664,0.0390625,2310.9840374244227,64.84591320358116,10.824755607245606,2498.6628538006917,1.047010300680995e-08,0.0,0.06358272213050908,0.00029491200000000004,9554.725625538133,0.0011329216590283769,0.0,0.04427083333333333,0.07400909833892988,0.0,0.953125,41.81151378865616,2498.6628538006917,0.002948969643650508,0.003023784840103402,14178.346623093072,826336.1931913274,0.96875,0.9713541666666666,0.15625,0.0
core_dr192,1.0,193,384,1100.0,0.0010999999999999916,1e-06,0.0005,4005.4704177130366,1502357.8575738382,2340.6234570803344,92452.76719371563,83.31012152393545,217.56799711742838,166.6202430478709,13116.200755750024,1.7346065473804217,0.057291666666666664,0.0390625,2340.623457080331,64.88363624807232,11.326808102672658,2884.9462177043315,1.1030351743102074e-08,0.0,0.06398217333038243,0.00029491200000000004,9693.726662396148,0.001168467865574501,0.0,0.046875,0.12947916092829756,0.0,0.765625,49.09912123619142,2884.9462177043315,0.0033097367600841616,0.0033388207575573642,14834.751158561296,864061.4238348389,0.028645833333333332,0.9713541666666666,0.15104166666666666,0.0
core_dr192,1.0,193,384,1125.0,0.0011249999999999895,1e-06,0.0005,4005.3872040186925,1529672.5294882408,2371.620603748878,94383.16715649948,83.80730786552985,219.4134042997684,167.6146157310597,13325.632240242843,1.7623036855223175,0.057291666666666664,0.0390625,2371.620603748878,64.85926472924989,11.876614397826415,3338.2688590006437,1.104490365833044e-08,0.0,0.06436401244072693,0.00029491200000000004,9839.196273178884,0.0012070716009803994,0.0,0.953125,0.07705157492042186,0.0,0.953125,57.85295213759673,3338.2688590006437,0.0037322602941913547,0.003693424989734692,15500.781718690756,903840.9791125716,0.028645833333333332,0.9713541666666666,0.15104166666666666,0.0
core_dr192,1.0,193,384,1150.0,0.0011499999999999874,1e-06,0.0005,4005.302266673574,1557398.610719728,2404.0619826443804,96427.48209125466,84.28327317688536,221.43217992187778,168.56654635377072,13537.508137661807,1.7903240952231922,0.057291666666666664,0.0390625,2404.0619826443804,64.86231866384728,12.450104225838004,3871.705975412624,1.2005330063402653e-08,0.0,0.06472955379984795,0.00029491200000000004,9991.686656690097,0.0012460463036540316,0.0,0.953125,0.08224184380603827,0.0,0.953125,68.35899400182097,3871.705975412624,0.004225632845849626,0.004091463744633074,16177.220429589026,946288.7164749498,0.028645833333333332,0.028645833333333332,0.15104166666666666,0.0
core_dr192,1.0,193,384,1175.0,0.0011749999999999853,1e-06,0.0005,4005.215494348458,1585549.8872828449,2438.038816703087,98579.36884200071,84.74525619263301,223.44134371991774,169.49051238526602,13765.426558410481,1.8204661151770984,0.057291666666666664,0.0390625,2438.038816703087,64.86686420517418,13.049859487462527,4500.963722552173,1.2485543265938759e-08,0.0,0.06508435675594215,0.00029491200000000004,10154.39107799666,0.0012851444648158171,0.0,0.953125,0.09073062121417821,0.0,0.953125,80.99881560704671,4500.963722552173,0.00479938741521989,0.004534050175967579,16876.907113224916,992702.67153399,0.028645833333333332,0.028645833333333332,0.14583333333333331,0.0
core_dr192,1.0,193,384,1200.0,0.0011999999999999832,1e-06,0.0005,4005.1267767778027,1614142.4858437304,2476.064410599113,100842.44801606126,85.19097308939936,225.41615134395238,170.38194617879873,13997.392788357149,1.8511434545019212,0.0625,0.03645833333333333,2476.064410599113,64.82867877476323,13.678744151173305,5244.8823365431745,1.3562384992837906e-08,0.0,0.06542666733265871,0.00029491200000000004,10330.864863496201,0.001324065732338319,0.0,0.046875,0.10418615518436909,0.0,0.953125,96.23930173242115,5244.8823365431745,0.005462147427676258,0.005036022743120034,17619.31603031885,1041473.1235494269,0.9713541666666666,0.028645833333333332,0.14583333333333331,0.0
core_dr192,1.0,193,384,1225.0,0.001224999999999981,1e-06,0.0005,4005.0360048466055,1643194.962347715,2516.72440482867,103296.41262396677,85.61932258212235,227.44518273009726,171.2386451642447,14236.458602286388,1.8827597078529301,0.0625,0.03645833333333333,2516.72440482867,64.86637071421134,14.339848423138392,6127.172400492942,1.525040715932846e-08,0.0,0.06575563974306997,0.00029491200000000004,10516.422598860208,0.0013635671530252667,0.0,0.046875,0.158872802289197,0.0,0.23697916666666666,114.65160404950439,6127.172400492942,0.006237835118567408,0.005603119967200522,18380.031191949085,1093528.6833692857,0.9713541666666666,0.026041666666666664,0.140625,0.0
core_dr192,1.0,193,384,1250.0,0.001249999999999979,1e-06,0.0005,4004.9430705429036,1672728.399591096,2559.369168312479,106039.35344844847,86.03157504475769,229.64580315550168,172.06315008951537,14492.605595269713,1.9166349328052397,0.0625,0.03645833333333333,2559.369168312479,64.79269305318836,15.036376431344252,7189.897596014896,1.4624674804508686e-08,0.0,0.0660722496343739,0.00029491200000000004,10711.76598912937,0.0014037252537633506,0.0,0.046875,0.16633802795201233,0.0,0.953125,136.93410195895558,7189.897596014896,0.0071474925559676635,0.006237977236542166,19158.34131854045,1152600.806860334,0.9713541666666666,0.9739583333333333,0.140625,0.0
core_dr192,1.0,193,384,1275.0,0.0012749999999999769,1e-06,0.0005,4004.8478667820996,1702766.5186835509,2604.0957987114534,108929.97559280077,86.42890930243576,231.81481584664274,172.8578186048715,14752.408409253398,1.9509936370181493,0.0625,0.03645833333333333,2604.0957987114534,64.85572289097475,15.771658179914084,8454.98571972549,1.5032128430902958e-08,0.0,0.06637740234427067,0.00029491200000000004,10917.65127280603,0.001444601754151879,0.0,0.953125,0.2562772539283914,0.0,0.953125,163.9403375068723,8454.98571972549,0.008194925384271237,0.006965504063319178,20005.104356597054,1213836.8799826023,0.9713541666666666,0.9739583333333333,0.140625,0.0
core_dr192,1.0,193,384,1300.0,0.0012999999999999748,1e-06,0.0005,4004.7502871096235,1733335.8099558037,2651.00097650907,111972.44684352852,86.81241870659306,233.94297210340375,173.62483741318613,15031.781353913762,1.9879404745965823,0.0625,0.03645833333333333,2651.0009765090645,64.81301330422309,16.549395156660466,9962.429765696637,1.4741090126335621e-08,0.0,0.06667193756666347,0.00029491200000000004,11134.896759591044,0.001486263906524831,0.0,0.953125,0.6200668792518741,0.0,0.953125,196.71332523618912,9962.429765696637,0.00941713052417158,0.007781365490469024,20888.881674866017,1280293.256742545,0.9713541666666666,0.9739583333333333,0.13541666666666666,0.0
core_dr192,1.0,193,384,1325.0,0.0013249999999999727,1e-06,0.0005,4004.650225288197,1764465.6895068483,2700.179582958984,115169.92579874532,87.18311697792241,236.3841910626431,174.36623395584482,15321.463866315224,2.0262507438605613,0.0625,0.03645833333333333,2700.179582958975,64.83201857225173,17.373960235103368,11760.20981430891,1.5701516531407833e-08,0.0,0.0669566338390444,0.00029491200000000004,11364.391064470214,0.0015288069670025307,0.0,0.953125,1.0,0.0,0.046875,236.5276612378657,11760.20981430891,0.010853264502488698,0.008680292161558738,21793.227391042477,1354817.279813437,0.9713541666666666,0.9739583333333333,0.13541666666666666,0.0
core_dr192,1.0,193,384,1350.0,0.0013499999999999706,1e-06,0.0005,4004.5475747752694,1796188.6882878076,2751.722944099589,118524.16161270672,87.54194379309311,238.80859289285746,175.08388758618622,15624.415529676166,2.066315847208061,0.0625,0.03645833333333333,2751.7229440995743,64.82668748095806,18.250400027498472,13906.011326578679,1.6661942936480045e-08,0.0,0.06723221283309551,0.00029491200000000004,11607.102177869576,0.0015723476667841515,0.0,0.046875,0.2925819321332171,0.0,0.046875,285.0671239560834,13906.011326578679,0.012501098864921612,0.00971495114152763,22803.36529102963,1431403.1150538577,0.9739583333333333,0.9739583333333333,0.13020833333333331,0.0
core_dr192,1.0,193,384,1375.0,0.0013749999999999685,1e-06,0.0005,4004.442228094976,1828540.681424117,2808.63067265126,122350.910188683,87.89131106242168,241.18743481733526,175.78262212484336,15949.84687036657,2.109353869025232,0.0625,0.033854166666666664,2808.6306726512407,64.79283302409316,19.3227683118439,16468.527027881937,1.7069396562874317e-08,0.0,0.06750052689593986,0.00029491200000000004,11864.087523162763,0.001628677154827056,0.0,0.0,0.16347315543009996,0.0,0.953125,344.45709461809747,16468.527027881937,0.014449000528776812,0.010849216150161718,23839.51013996244,1517946.2552819042,0.9739583333333333,0.9739583333333333,0.13020833333333331,0.0
core_dr192,1.0,193,384,1400.0,0.0013999999999999664,1e-06,0.0005,4004.334076107336,1861561.1664316652,2870.0881056248263,126451.92396509806,88.23182631365938,243.8480015549089,176.46365262731877,16281.248480452246,2.1531814539617478,0.0625,0.033854166666666664,2870.088105624813,64.83015532389919,21.17866328794662,19528.137817817274,1.7447746358811855e-08,0.0,0.0677620426088904,0.00029491200000000004,12136.505164705766,0.001745038048476789,0.0,0.0,0.11219493627265986,0.0,0.046875,416.8360393277035,19528.137817817274,0.016712248255004728,0.012122593010725088,24941.948741269793,1610887.8521732404,0.9739583333333333,0.9739583333333333,0.125,0.0
core_dr192,1.0,193,384,1425.0,0.0014249999999999643,1e-06,0.0005,4004.2230071753547,1895293.6001451188,2934.6580636869326,130761.30779597096,88.56237109429878,246.5920418416307,177.12474218859757,16649.577409921243,2.2018926459101062,0.0625,0.033854166666666664,2934.6580636869307,64.73869567055937,23.17910415692495,23178.526567710098,1.9012435749455613e-08,0.0,0.06801590100042146,0.00029491200000000004,12425.626341145042,0.0018654274255915663,0.0,0.0,0.08482859516622356,0.0,0.953125,505.0849814163521,23178.526567710098,0.019330147608321354,0.013577629239583208,26129.390817425534,1707111.4668632392,0.9739583333333333,0.9739583333333333,0.125,0.0
core_dr192,1.0,193,384,1450.0,0.0014499999999999622,1e-06,0.0005,4004.1089062281653,1929785.8056218585,3002.4401258010707,135276.7240900855,88.88364653284869,249.28119236188658,177.76729306569737,17024.404123549568,2.2514631643628484,0.0625,0.033854166666666664,3002.4401258010707,64.82318000424621,25.338639861849515,27531.618305689422,2.1981361574151575e-08,0.0,0.06826264053722779,0.00029491200000000004,12732.849508702015,0.0019900211531230557,0.0,0.0,0.06789425135936657,0.0,0.046875,612.72101902125,27531.618305689422,0.022415430871938584,0.015125194430748608,27334.78658169818,1820248.8855098155,0.9739583333333333,0.9739583333333333,0.125,0.0
core_dr192,1.0,193,384,1475.0,0.00147499999999996,1e-06,0.0005,4003.991653715382,1965090.462105757,3073.5162395880316,140218.29881767055,89.19630377616438,252.24444483215814,178.39260755232877,17434.863517889375,2.3057460749490946,0.0625,0.033854166666666664,3073.516239588031,64.7544502434458,27.67384564512031,32724.86566874245,2.5414436311751524e-08,0.0,0.06850276130009425,0.00029491200000000004,13059.716085152348,0.0021190235273631126,0.0,0.0,0.06361234404385997,0.0,0.9557291666666666,744.0313384013061,32724.86566874245,0.025934689141456534,0.016790897842756187,28688.65457932071,1948964.6101837484,0.026041666666666664,0.9739583333333333,0.11979166666666666,0.0
core_dr192,1.0,193,384,1500.0,0.0015,1.000000000041983e-06,0.0005,4003.87112444428,2001265.693450682,3149.8425310488424,145622.21598023357,89.50094775775162,255.3812651496772,179.00189551550324,17863.270414919174,2.3624025277107714,0.0625,0.03125,3149.8425310488396,64.80103857405338,30.20369460994516,38924.15264397953,2.9390601905975125e-08,0.0,0.06873672788083902,0.0002949120000123813,13407.928083366094,0.0022526742701891376,0.0,0.0,0.0895487810864393,0.0,0.9557291666666666,904.2400512140302,38924.15264397953,0.029968082552037586,0.01850193549129244,30173.4370106555,2103788.1502882973,0.026041666666666664,0.9739583333333333,0.11979166666666666,0.0
core_dr192,1.0,193,384,1525.0,0.001524999999999998,1e-06,0.0005,4003.747186287185,2038375.773369314,3235.169030220108,151407.2955051762,89.79814070421904,258.4476319152155,179.59628140843807,18322.961073081733,2.423196231639771,0.0625,0.03125,3235.169030220108,64.78240963321228,32.95001309150666,46317.03090213938,3.4004010974314154e-08,0.0,0.06896497206084022,0.00029491200000000004,13779.367807122528,0.0023912572443617382,0.0,0.0,0.1505915542337823,0.0,0.9557291666666666,1099.7239223061988,46317.03090213938,0.033783519773441795,0.020363693078819127,32552.082485221792,2274490.7184991445,0.026041666666666664,0.9739583333333333,0.11458333333333333,0.0
core_dr192,1.0,193,384,1550.0,0.0015499999999999958,1e-06,0.0005,4003.619698741346,2076491.9696966028,3324.731892392079,157935.76212935196,90.0884053884003,261.82489531139277,180.1768107768006,18816.710888850816,2.488494230591599,0.0625,0.03125,3324.731892392079,64.75317641933533,35.93804207141966,55105.3193349042,3.93668205126009e-08,0.0,0.06918789533829144,0.00029491200000000004,14176.119741166622,0.0025351113511730356,0.0,0.0,0.4643488053058388,0.0,0.04427083333333333,1338.2804497374673,55105.3193349042,0.03805275278626372,0.022396069486530803,35169.083752084276,2460490.6395760663,0.026041666666666664,0.9739583333333333,0.11458333333333333,0.0
core_dr192,1.0,193,384,1575.0,0.0015749999999999937,1e-06,0.0005,4003.488511317229,2115693.554808585,3418.5465438720194,165023.2428309009,90.37222813898671,265.44167304724795,180.74445627797343,19335.39886603085,2.5570902804705673,0.0625,0.03125,3418.5465438720194,64.79712965567413,39.197133698714424,65581.6157240707,4.561426962383813e-08,0.0,0.06940587121074179,0.00029491200000000004,14600.494685659938,0.002684644222172307,0.0,0.0,0.43818192353015367,0.0,0.9557291666666666,1629.4338723993205,65581.6157240707,0.042884861179702756,0.02459556747567477,37995.54965495669,2666399.780730064,0.026041666666666664,0.0234375,0.109375,0.0
core_dr192,1.0,193,384,1600.0,0.0015999999999999916,1e-06,0.0005,4003.3534617233377,2156069.0157959755,3516.556647254095,172491.64864127507,90.65006161741564,268.9624130724379,181.3001232348313,19909.60545658414,2.6330286203961806,0.0625,0.03125,3516.556647254095,64.67328885700431,42.76162121581183,78068.31942323386,5.291015259087491e-08,0.0,0.06961924732217521,0.00029491200000000004,15055.056036300299,0.002840349521961678,0.0,0.0,0.1502643754635316,0.0,0.9557291666666666,1984.7797617520991,78068.31942323386,0.048348939145109925,0.026941546122413267,41051.15431375173,2897692.621964524,0.026041666666666664,0.0234375,0.109375,0.0
core_dr192,1.0,193,384,1625.0,0.0016249999999999895,1e-06,0.0005,4003.2143738056243,2197717.506460417,3627.5765679017622,180313.15301775347,90.92232737321183,272.9189356376443,181.84465474642366,20499.772055883157,2.7110776580903106,0.0625,0.028645833333333332,3627.5765679017622,64.79253465042477,46.67191319066751,92895.141944526,6.145394349639714e-08,0.0,0.06982834742262668,0.00029491200000000004,15542.647853940516,0.0030028289664193104,0.0,0.0,0.09130689834203945,0.0,0.9557291666666666,2418.4260810274864,92895.141944526,0.05447856420282746,0.02948483922147532,44392.25072128404,3150607.037289378,0.9739583333333333,0.9765625,0.10416666666666666,0.0
core_dr192,1.0,193,384,1650.0,0.0016499999999999874,1e-06,0.0005,4003.071055186652,2240750.594393365,3745.7449061866873,189592.36063058657,91.18941818906546,277.12107184495227,182.37883637813093,21174.174590552917,2.800266827575634,0.0625,0.028645833333333332,3745.7449061866873,64.71733371295149,50.97588032978456,110400.0158506867,7.149058115729434e-08,0.0,0.07003347316920228,0.00029491200000000004,16066.423935421019,0.0031728205688261483,0.0,0.0,0.09005715119098333,0.0,0.9583333333333333,2947.614925841801,110400.0158506867,0.06134063876729839,0.03219299262436053,48053.21537364261,3429318.210297314,0.9739583333333333,0.0234375,0.10416666666666666,0.0
core_dr192,1.0,193,384,1675.0,0.0016749999999999853,1e-06,0.0005,4002.9232945329463,2285294.3713078187,3868.8567888995763,199464.80794968994,91.45170022664975,281.1835790367913,182.9034004532995,21864.365518916573,2.89154399888283,0.057291666666666664,0.028645833333333332,3868.856788899466,64.75860819599635,55.73062737884902,130975.79515118245,8.332216183147701e-08,0.0,0.070234905774067,0.00029491200000000004,16629.876384027906,0.0033512352161784715,0.0,0.0,0.18070567646536878,0.0,0.9583333333333333,3593.5231780844915,130975.79515118245,0.06903859412860287,0.03499879193734409,52050.932140805075,3742294.745077468,0.9739583333333333,0.0234375,0.10416666666666666,0.0
core_dr192,1.0,193,384,1700.0,0.0016999999999999832,1e-06,0.0005,4002.7708583567655,2331492.0148410485,4011.0248713393985,210520.34371647495,91.70951498356557,285.9799518123385,183.41902996713114,22653.271946112513,2.9958762121027793,0.057291666666666664,0.028645833333333332,4011.024871339338,64.76245458494733,61.00477693111225,155181.94497047598,9.732186124461687e-08,0.0,0.07043290750737835,0.00029491200000000004,17236.861010135053,0.003539204550947079,0.0,0.0,1.0,0.0,0.041666666666666664,4382.124884315883,155181.94497047598,0.0776674041023386,0.037858392734744,56421.673093924546,4099010.3847715636,0.9739583333333333,0.0234375,0.09895833333333333,0.0
core_dr192,1.0,193,384,1725.0,0.001724999999999981,1e-06,0.0005,4002.6134872292855,2379506.917279155,4160.476790632533,223001.52346463318,91.96623629640513,290.8921631695251,183.93247259281026,23475.209232379482,3.1045767287268293,0.057291666666666664,0.028645833333333332,4160.476790632531,64.67892205610512,66.88144124437804,183775.39535447443,1.1395554829311017e-07,0.0,0.07063006947563914,0.00029491200000000004,17891.614985641078,0.0037381444491206505,0.0,0.0,0.19678808454462218,0.0,0.9583333333333333,5345.089665903026,183775.39535447443,0.08732961522083543,0.040809767197936414,61205.92255429718,4503220.870217736,0.9739583333333333,0.9765625,0.09895833333333333,0.0
core_dr192,1.0,193,384,1750.0,0.001749999999999979,1e-06,0.0005,4002.450891242813,2429526.534066511,4326.222301260141,236157.56156621527,92.21980403595411,295.66445137893015,184.43960807190822,24405.48107876096,3.227604400049226,0.057291666666666664,0.026041666666666664,4326.222301260141,64.77958073155422,73.46212913387171,217560.04879828705,1.3380849369417867e-07,0.0,0.07082480949961276,0.00029491200000000004,18598.7590605042,0.003949840357353401,0.0,0.0,0.09894732378545282,0.0,0.9583333333333333,6524.696884390694,217560.04879828705,0.09818275021479068,0.043947902953490034,66454.61519581456,4950407.96436932,0.9765625,0.9765625,0.09375,0.0
core_dr192,1.0,193,384,1775.0,0.001774999999999977,1e-06,0.0005,4002.2827445068365,2481767.1570012523,4509.329504866514,251455.90022439862,92.77047377384898,301.6491730040394,187.6319582377927,25396.80662911325,3.3587063725066653,0.057291666666666664,0.026041666666666664,4509.329504866514,64.6876305811377,80.87193645236039,257198.54781455663,1.576241693646291e-07,0.0,0.0720506719633124,0.00029491200000000004,19363.27154475607,0.00417656366928666,0.0,0.0,0.13909883646497642,0.0,0.0390625,7976.0289562923135,257198.54781455663,0.11042873219693014,0.047316189341507435,72227.84141058936,5435740.946047254,0.9765625,0.9765625,0.09375,0.0
core_dr192,1.0,193,384,1800.0,0.0017999999999999748,1e-06,0.0005,4002.108678390825,2536479.890392374,4700.547560938451,268526.9160070498,94.50365643018195,307.4051670188682,191.47700178993477,26513.260622733622,3.506356476621908,0.057291666666666664,0.026041666666666664,4700.547560938451,64.75329412472904,89.2665165116914,303294.8850491666,1.8635521755579088e-07,0.0,0.07352716868733496,0.00029491200000000004,20210.340084909734,0.004416873547731302,0.0,0.0,0.9402592929339282,0.0,0.0390625,9755.365940558426,303294.8850491666,0.12413547289111365,0.05035618726058724,78586.44844504212,6022991.4445200525,0.9765625,0.9765625,0.08854166666666666,0.0
core_dr192,1.0,193,384,1825.0,0.0018249999999999727,1e-06,0.0005,4001.9282731276944,2593958.2134822835,4908.234344552278,288003.78500602336,96.35662691522359,313.7151230918922,195.61488802465905,27726.175890546634,3.666763503332275,0.05208333333333333,0.026041666666666664,4908.234344552139,64.74781528084154,98.84156198360097,356763.7140550101,2.2123467769716257e-07,0.0,0.07511611700146908,0.00029491200000000004,21176.98177925381,0.004667405535591094,0.0,0.0,0.21090490888894264,0.0,0.9609375,11938.15442393269,356763.7140550101,0.13893633342883874,0.05307829495566691,85925.35969035953,6721461.462788005,0.9765625,0.9765625,0.08854166666666666,0.0
core_dr192,1.0,193,384,1850.0,0.0018499999999999706,1e-06,0.0005,4001.741047253668,2654547.6653103367,5150.091945699949,310537.09832171723,98.46168801985142,320.8401972630182,199.83368967544789,29096.678613139702,3.848011338744557,0.05208333333333333,0.0234375,5150.091945699949,64.66287812217861,109.84593593254067,418938.7578102979,2.6387642869614246e-07,0.0,0.07673613683537199,0.00029491200000000004,22242.36907503087,0.004938589750129313,0.0,0.0,0.1659101789686256,0.0,0.7630208333333333,14616.76144293147,418938.7578102979,0.1551077514151603,0.055754741911422094,94236.1765261386,7513957.440173761,0.9765625,0.9765625,0.08333333333333333,0.0
core_dr192,1.0,193,384,1875.0,0.0018749999999999685,1e-06,0.0005,4001.5464441689,2718658.414806304,5434.593130388692,334745.9344485132,100.61329663899849,327.53139001760553,204.5118585839687,30615.042720979196,4.048813718321677,0.05208333333333333,0.0234375,5434.593130388692,64.77398595699628,122.60024357453403,490945.50421481,3.1641842223129856e-07,0.0,0.07853255369624397,0.00029491200000000004,23419.59882443826,0.00523494208818817,0.0,0.0,0.2804421453564067,0.0,0.03645833333333333,17907.447325294605,490945.50421481,0.17232749958261145,0.057996324447254465,103915.20429802335,8465114.106693208,0.9765625,0.9765625,0.08333333333333333,0.9973958333333333
core_dr192,1.0,193,384,1900.0,0.0018999999999999664,1e-06,0.0005,4001.3438148363957,2786781.8216041448,5733.435475177675,365124.89247366786,102.92096451021504,336.40358167784575,209.6139178144575,32352.064811048964,4.2785334326267925,0.05208333333333333,0.0234375,5733.435475177675,64.71077896056258,137.52346781664164,573074.6984014367,3.8172958990606713e-07,0.0,0.08049174444075169,0.00029491200000000004,24723.40376035082,0.00556248116762909,0.0,0.0,0.35231047493421747,0.0,0.03645833333333333,21959.730444454093,573074.6984014367,0.1907902222536163,0.05975360064069831,115098.82521790428,9590630.393093236,0.9765625,0.9765625,0.078125,0.0026041666666666665
core_dr192,1.0,193,384,1925.0,0.0019249999999999643,1e-06,0.0005,4001.1323952371763,2859512.6234011473,6063.213755539206,398942.15015501133,105.53661008864268,344.80628657085634,214.72668556847992,34307.528292828596,4.537141837745269,0.05208333333333333,0.020833333333333332,6063.213755539206,64.73786871606568,155.1712138394123,665780.7569851284,4.637188106398711e-07,0.0,0.08245504725829629,0.00029491200000000004,26169.97692187505,0.005929359980050546,0.0,0.0,0.11413616731171598,0.0,0.03645833333333333,26961.042486841703,665780.7569851284,0.2108697934004322,0.05953271697238793,127856.35178976964,11183443.169474803,0.9765625,0.9765625,0.078125,0.0026041666666666665
core_dr192,1.0,193,384,1950.0,0.0019499999999999622,1e-06,0.0005,4000.911276586907,2937579.228821489,6440.673318111745,440998.56295935233,108.16367922788369,354.891935819156,220.7790007405773,36588.40311039321,4.838785619048955,0.046875,0.020833333333333332,6440.673318111687,64.76599907527286,176.29113860792313,771851.7367857336,5.678023714188599e-07,0.0,0.08477913628438169,0.00029491200000000004,27776.343448600353,0.006346808712750361,0.0,0.0,0.38710592366382457,0.0,0.033854166666666664,33134.68452813069,771851.7367857336,0.23252669507871238,0.05992534413640301,142498.41084660968,12880222.014726065,0.9765625,0.9765625,0.07291666666666666,0.0026041666666666665
core_dr192,1.0,193,384,1975.0,0.0019749999999999646,1e-06,0.0005,4000.6793654888234,3021885.9735173006,6910.941216259685,487705.24500180327,111.2249305548545,365.5705799988274,226.86294179943877,39217.04400138014,5.186421171838045,0.046875,0.020833333333333332,6910.941216259685,64.68776029755098,201.90769774442924,895298.8995396439,7.016315501105564e-07,0.0,0.08711536965098449,0.00029491200000000004,29645.00693040389,0.0068108500773313325,0.0,0.0,0.24516930895132483,0.0,0.033854166666666664,40789.02629225925,895298.8995396439,0.2543356938927606,0.058994486800556446,160374.7616701325,15175975.72407731,0.9791666666666666,0.9765625,0.07291666666666666,0.9947916666666666
core_dr192,1.0,193,384,2000.0,0.001999999999999968,1e-06,0.0005,4000.435330056068,3113573.5194051983,7411.199186776658,547226.470741013,114.36151763233177,377.60291751023635,233.65683732234237,42373.28194411183,5.603830992143883,0.046875,0.018229166666666664,7411.199186776658,64.77433270027046,233.46218173481066,1034558.7222869983,8.762505533881458e-07,0.0,0.08972422553177947,0.00029491200000000004,31926.017245582298,0.007312599624906722,0.0,0.0,0.5581819036749265,0.0,0.234375,50481.814782198475,1034558.7222869983,0.2780732848793848,0.05629325262020518,181541.40482820966,18378023.548699103,0.9791666666666666,0.9765625,0.06770833333333333,0.9947916666666666
core_dr192,1.0,193,384,2025.0,0.0020249999999999713,1e-06,0.0005,4000.177525819344,3214107.6495414446,8011.444691370803,622860.4326196575,117.89170421074655,391.35343008903226,241.16919512812325,46013.19465786991,6.085206395185811,0.046875,0.018229166666666664,8011.444691370803,64.76043360349499,273.04863012970054,1179785.0919688395,1.1079833927935275e-06,0.0,0.09260897092919933,0.00029491200000000004,34559.07334538361,0.00790092452424435,0.0,0.0,0.6821710533701397,0.0,0.03125,62677.952587671214,1179785.0919688395,0.3037197508426908,0.05371006660548156,206367.72028742626,21965809.51267025,0.9791666666666666,0.9765625,0.06770833333333333,0.9947916666666666
core_dr192,1.0,193,384,2050.0,0.0020499999999999746,1e-06,0.0005,3999.9038913799104,3325414.223940217,8745.535430282443,709154.3100184678,122.15445628358782,406.7221330729934,250.0429592615034,50621.216286843,6.694613390163621,0.041666666666666664,0.018229166666666664,8745.535430272235,64.6940867832929,323.79213090920894,1327367.4544579536,1.4760274954190965e-06,0.0,0.0960164963564173,0.00029491200000000004,37609.04873502582,0.008609420918632725,0.0,0.0,0.14811003570964487,0.0,0.028645833333333332,78023.37261774417,1327367.4544579536,0.3271860280864276,0.04820158456567189,238467.92319974606,27537838.56730875,0.9791666666666666,0.9765625,0.0625,0.005208333333333333
core_dr192,1.0,193,384,2075.0,0.002074999999999978,1e-06,0.0005,3999.6117996984344,3450092.4995009974,9626.03980460976,829729.6606686235,126.46957007408857,424.6135451698275,260.017967580465,56070.33279665166,7.415254477576769,0.041666666666666664,0.015625,9626.039804588208,64.7899298455854,390.45090752542274,1494607.5832183608,2.8479355329117293e-06,0.0,0.09984689955089855,0.00029491200000000004,41141.72284434781,0.00949038787224887,0.0,0.0,1.0,0.0,0.028645833333333332,97241.78331728093,1494607.5832183608,0.3503956670148287,0.04384890719716186,277519.936663959,34085400.95419071,0.9791666666666666,0.9765625,0.057291666666666664,0.9947916666666666
core_dr192,1.0,193,384,2100.0,0.0020995593140998208,9.644746425678028e-07,0.0005,3999.3035916168265,3589096.5670467825,10644.208849604645,989804.0495578592,131.68312355980453,445.6946971002875,270.39629228258565,62659.02084754172,8.28660294536465,0.041666666666666664,0.015625,10644.208849572056,64.77176081418199,478.6657484227326,1687163.1114005554,4.851984649168096e-06,0.0,0.10014350106274789,0.00028443514578895587,45518.770335794616,0.01051578820982174,0.0,0.0,0.2075358003939551,0.3489583333333333,0.171875,121480.54634728686,1687163.1114005554,0.37104173084004793,0.038294574427167646,327403.9986614223,44057497.351468585,0.9817708333333333,0.9765625,0.057291666666666664,0.9947916666666666
core_dr192,1.0,193,384,2125.0,0.00212313211759698,9.231774696902442e-07,0.0005,3998.983985137127,3742536.8365041325,11921.546404381445,1165823.986718269,136.915177700612,467.67570711134306,282.54958075009836,71051.00170669847,9.396435374347787,0.03645833333333333,0.015625,11921.546404381445,64.73426186371299,595.4953568244027,1853498.6090367716,8.371370845378055e-06,0.0,0.10016386829526341,0.0002722561139412893,51097.42996066694,0.011654115623482331,0.0,0.0,0.54002255760615,0.0,0.026041666666666664,152149.97031454332,1853498.6090367716,0.3914771385196348,0.03221043440056451,388656.08063320443,57543421.674694575,0.9817708333333333,0.9739583333333333,0.05208333333333333,0.9947916666666666
core_dr192,1.0,193,384,2150.0,0.0021457428845708367,8.856498897062454e-07,0.0005,3998.650860311221,3914301.8158335825,13568.800807545698,1432274.633205673,142.22314749408412,497.1780411016012,294.5899086412445,81420.85002417798,10.767839115553578,0.03645833333333333,0.013020833333333332,13568.800807545698,64.80481104158355,754.3244877010111,1993820.1646484016,1.3016469703590547e-05,0.0,0.1001869517171294,0.0002611887802730483,57677.649565781205,0.013078280640418712,0.0,0.0,0.3262339878099617,0.0,0.0234375,189888.50249843585,1993820.1646484016,0.40506486054894136,0.026717351166853965,468785.4242431697,74626416.07682918,0.9817708333333333,0.9739583333333333,0.046875,0.0026041666666666665
core_dr192,1.0,193,384,2175.0,0.002167410545876286,8.518970201661294e-07,0.0005,3998.3017275441857,4110005.1996362777,15353.576358312399,1825421.0106039671,148.80632853195374,523.1609563089653,306.0401970300077,94678.14944146092,12.521105842560658,0.03645833333333333,0.010416666666666666,15353.576358312399,64.80107622931747,977.1935490380129,2085958.5086138863,1.7551500097428047e-05,0.0,0.10011445704995277,0.00025123465401123354,65329.27587389409,0.0149579730674545,0.0,0.0,0.30883479467276076,0.0,0.0234375,235889.3563420047,2085958.5086138863,0.4148134615151493,0.02017393353448958,568663.6964007732,103398700.35993272,0.984375,0.028645833333333332,0.046875,0.0026041666666666665
core_dr192,1.0,193,384,2200.0,0.002188217498580685,8.13991584460473e-07,0.0005,3997.9324484719987,4339017.635983955,18152.861933473596,2302198.3726898124,156.0503297070544,567.6055494104572,320.6509752817509,114552.39184373376,15.149457728688581,0.03125,0.010416666666666666,18152.861933473596,64.76757347244599,1302.747695760223,2180685.295381752,3.080564774593234e-05,0.0,0.10022676304450114,0.00024005588615640702,75257.9344894239,0.01731043649548075,0.0,0.0,1.0,0.0,0.020833333333333332,294320.6634883376,2180685.295381752,0.4098802625024223,0.015174491388778636,718064.9824205629,143707307.18489477,0.984375,0.028645833333333332,0.041666666666666664,0.9973958333333333
core_dr192,1.0,193,384,2205.0,0.002191729,2.7586570871878865e-07,0.0005,3997.866294539037,4382939.410000656,18718.097999802423,2421292.3431279333,157.1715103736634,574.0855086334117,324.35199071737577,118170.54115974967,15.627954940635405,0.03125,0.010416666666666666,18718.097999802423,64.76235813240015,1373.8225480106157,2204016.0754824243,3.777785301486142e-05,0.0,0.03435939524874195,8.135610788967541e-05,77493.89677452306,0.017728138668879977,0.0,0.0,1.0,0.0,0.020833333333333332,305685.8354708651,2204016.0754824243,0.4088279453890323,0.014808482649149954,747712.6720874737,148834700.19860142,0.984375,0.028645833333333332,0.041666666666666664,0.9973958333333333
core_dr192,1.5,289,384,0.0,0.0,0.0,0.0005,4008.105579707902,777074.0694439996,3265.5882935410696,0.0,0.0,0.0,0.0,7561.484634978418,1.0,0.0,0.08333333333333333,3265.5882935410696,64.94519473172839,0.0,0.4232395925646415,9.407585821463726e-12,0.0,0.0,0.0,0.0,0.0,0.0,0.0,0.0,0.0,0.0,0.4232395925646415,0.0,3.488209704685288e-05,0.0,12133.433147558622,0.0,0.9166666666666666,0.0,0.16666666666666666,0.0
core_dr192,1.5,289,384,25.0,2.5000000000000008e-05,1e-06,0.0005,4008.0846547463043,777611.8493330292,3258.5744683808407,5386.380997923548,3.8918906348863906,9.556037812279076,7.783781269772781,7565.795639916419,1.0005701267867502,0.0,0.08333333333333333,3258.5744683808407,64.94499461374002,0.48187174898822605,2.859454882942373,1.2823875294998288e-10,0.0,0.002988972007592748,0.00029491200000000004,523.1662686269781,0.0009210680769860655,0.0,0.0,0.0063832380857636066,0.0,0.19270833333333331,0.411651092232205,2.859454882942373,3.399511888537705e-05,0.00010217034676125436,12109.123477996603,27987.131037385814,0.0859375,0.96875,0.16666666666666666,0.0
core_dr192,1.5,289,384,50.0,4.9999999999999955e-05,1e-06,0.0005,4008.060736567944,779236.2844196929,3237.850370864075,10731.073709123433,7.763648841046363,19.06988104891602,15.527297682092726,7578.87799949526,1.002300257866872,0.0,0.0859375,3237.8503708640746,64.94470568658117,0.9569192037956782,5.626693264057394,2.5283952709287405e-10,0.0,0.0059624823099236075,0.00029491200000000004,1042.600864239555,0.0009178193080567119,0.0,0.0,0.007174048542362242,0.0,0.8072916666666666,0.3787821550795343,5.626693264057394,3.146208498566027e-05,0.00010099203682793724,12039.321464301393,55714.226990428346,0.09114583333333333,0.96875,0.16666666666666666,0.0
core_dr192,1.5,289,384,75.0,7.499999999999989e-05,1e-06,0.0005,4008.0338228264673,781938.0966927152,3203.758167828952,15993.515300453306,11.595600335794202,28.500418607980606,23.191200671588405,7600.676939080189,1.0051831493408678,0.0,0.0859375,3203.7581678289516,64.94409031640417,1.418587118529672,8.227696437039413,3.80168785341084e-10,0.0,0.008905421057889946,0.00029491200000000004,1554.6908876241432,0.000912456057871116,0.0,0.0,0.009503014142942304,0.0,0.19270833333333331,0.33143949159421027,8.227696437039413,2.779788437332482e-05,9.921572577029966e-05,11923.19124516769,82927.34214420657,0.10677083333333333,0.033854166666666664,0.16666666666666666,0.0
core_dr192,1.5,289,384,100.0,9.999999999999982e-05,1e-06,0.0005,4008.003927836438,785702.2353866227,3156.9329486464503,21134.888595648637,15.36888446808309,37.807997735951226,30.73776893616618,7631.1025952401615,1.009206916845364,0.0,0.0859375,3156.93294864645,64.94274917670778,1.860799678711146,10.619900468504056,4.765752237290144e-10,0.0,0.011803303271487812,0.00029491200000000004,2056.01672096283,0.0009050508489248745,0.0,0.0,0.023982211935193794,0.0,0.19270833333333331,0.2895957486180123,10.619900468504056,2.4602630679394986e-05,9.70897648605773e-05,11770.926141672826,109382.28642076155,0.140625,0.033854166666666664,0.16666666666666666,0.0
core_dr192,1.5,289,384,125.0,0.00012499999999999976,1e-06,0.0005,4007.9710827485724,790508.3511175738,3098.2265300410586,26118.869984302688,19.0658162140638,46.95509146224321,38.1316324281276,7670.0308804889255,1.0143551499143946,0.0,0.0859375,3098.226530041058,64.94011633169588,2.27815367006815,12.738914458430372,5.529727786779404e-10,0.0,0.014642546852400998,0.00029491200000000004,2543.4360723220066,0.0008956992058339137,0.0,0.0,0.011652329692527956,0.0,0.19270833333333331,0.261117888323497,12.738914458430372,2.253763388889628e-05,9.446766234817331e-05,11585.860770067047,134849.4727378707,0.16666666666666666,0.03645833333333333,0.16666666666666666,0.0
core_dr192,1.5,289,384,150.0,0.0001499999999999997,1e-06,0.0005,4007.935335626956,796331.4203301483,3028.6710377230656,30912.253273703613,22.670198693980367,55.90689828020966,45.340397387960735,7717.3046890881,1.020607071445848,0.0,0.0859375,3028.671037723065,64.93545235382916,2.6660626895841233,14.667928343522362,6.111804395914078e-10,0.0,0.01741071259697692,0.00029491200000000004,3014.1543453357294,0.0008845143228015968,0.0,0.0,0.0026608251600411244,0.0,0.8046875,0.24093958175217267,14.667928343522362,2.1176203635719817e-05,9.2182305548523e-05,11377.845901791297,159118.6969803163,0.8151041666666666,0.03645833333333333,0.16666666666666666,0.0
core_dr192,1.5,289,384,175.0,0.00017499999999999962,1e-06,0.0005,4007.896751345021,803142.485177869,2949.5269944238994,35495.187323868086,26.170610602546112,64.63185726837122,52.341221205092225,7772.735442079251,1.0279377420306608,0.0,0.08854166666666666,2949.526994423899,64.92871971520572,3.0208455510871772,16.440691652242094,7.8580342233181e-10,0.0,0.020099028942755417,0.00029491200000000004,3465.778598410563,0.0008716210413650092,0.0,0.0,0.003148030893509026,0.0625,0.8046875,0.22575880844669882,16.440691652242094,2.0238011967186395e-05,9.020805506992987e-05,11155.187021963458,182253.03316313785,0.19791666666666666,0.9609375,0.16666666666666666,0.0
core_dr192,1.5,289,384,200.0,0.00019999999999999955,1e-06,0.0005,4007.8554112205243,810909.4690939656,2862.782646921254,39880.134921168596,29.555953031039145,73.10600391937011,59.11190606207829,7836.104967218123,1.0363183085725451,0.0,0.08854166666666666,2862.7826469212537,64.93769119290978,3.3397579805939586,18.192450773902237,9.458744898438454e-10,0.0,0.022698971927838065,0.00029491200000000004,3896.353610217534,0.000857149610814584,0.0,0.0,0.033598469475248645,0.0,0.8046875,0.21374308412487153,18.192450773902237,1.956508857186922e-05,8.91196707815735e-05,10924.718451425382,204135.07606520166,0.7916666666666666,0.9583333333333333,0.16666666666666666,0.0
core_dr192,1.5,289,384,225.0,0.00022499999999999948,1e-06,0.0005,4007.8114123253513,819598.0264712955,2769.5568613494174,44016.81493665755,32.81367877240946,81.33406285346936,65.62735754481892,7907.167705692929,1.0457162961246298,0.0,0.09114583333333333,2769.5568613494174,64.94456736407432,3.6209720236274734,20.079275714233518,1.1423253454267979e-09,0.0,0.025200905297210464,0.00029491200000000004,4304.3798209299675,0.0008412296716987111,0.0,0.0,0.0022278822424757535,0.0,0.9609375,0.20387678551924182,20.079275714233518,1.9068111679423878e-05,8.943605239111345e-05,10692.028080538374,224509.86126293556,0.21875,0.04427083333333333,0.16666666666666666,0.0
core_dr192,1.5,289,384,250.0,0.00024999999999999957,1e-06,0.0005,4007.764866430678,829172.3860099042,2672.239205643844,47888.343307599906,35.94170089894567,89.27367522198239,71.88340179789134,7985.653232398189,1.0560959411935618,0.0,0.09375,2672.239205643844,64.94801291483722,3.863511632452173,22.244745974661782,1.1859810911118984e-09,0.0,0.027603226290390272,0.00029491200000000004,4688.814047748653,0.0008239848271029748,0.0,0.0,0.0035231636418829016,0.10416666666666666,0.8020833333333333,0.195514858191018,22.244745974661782,1.868812954658694e-05,9.14349332216397e-05,10461.981104295446,243284.98081515706,0.7734375,0.953125,0.16666666666666666,0.0
core_dr192,1.5,289,384,275.0,0.0002750000000000002,1e-06,0.0005,4007.715898577667,839596.1510817189,2574.5584184277955,51481.63555055174,38.93363483993327,96.90914895753006,77.86726967986654,8071.269070203643,1.0674185639242102,0.0,0.1015625,2574.5584184277955,64.94648151029185,4.0671553201223105,24.79390424536541,1.2951204553246498e-09,0.0,0.02990103155706875,0.00029491200000000004,5049.054787726727,0.0008055280624026454,0.0,0.0,0.015535541923729688,0.10416666666666666,0.8020833333333333,0.2316588861431228,24.79390424536541,2.262898558917815e-05,9.513944778018284e-05,10237.263408480358,260605.92975745525,0.921875,0.9505208333333333,0.16666666666666666,0.0
core_dr192,1.5,289,384,300.0,0.0003000000000000008,1e-06,0.0005,4007.6646452937225,850833.0263634356,2481.169758753135,54787.52000335535,41.78492180893887,104.22877258831046,83.56984361787774,8163.703771314595,1.0796429756069847,0.0,0.109375,2481.1697587531344,64.93819805231618,4.2323175461338,27.775937516475096,1.7898855730891228e-09,0.0,0.03209081994926505,0.00029491200000000004,5384.914569977789,0.0007859581598062857,0.0,0.0,0.009486079690697383,0.11458333333333333,0.8020833333333333,0.2599914825113956,27.775937516475096,2.594686957780572e-05,0.0001004989047922475,10020.14835476668,276380.4996073722,0.9192708333333333,0.9479166666666666,0.16666666666666666,0.0
core_dr192,1.5,289,384,325.0,0.0003250000000000014,1e-06,0.0005,4007.6112525006147,862847.4473237405,2395.576850487868,57800.85426580585,44.50115848833002,111.22473964147756,89.00231697666004,8262.630230772944,1.0927259168855703,0.0,0.11979166666666666,2395.5768504878656,64.93433621203954,4.359919885213003,31.177477735793218,1.9063008949160576e-09,0.0,0.03417688971903746,0.00029491200000000004,5696.582191574276,0.0007653571454936068,0.0,0.0,0.024252357166635912,0.0,0.20052083333333331,0.27737705476465635,31.177477735793218,2.826880966186589e-05,0.00010731476302884152,9812.123611940864,290523.66008033836,0.08333333333333333,0.0546875,0.16666666666666666,0.0
core_dr192,1.5,289,384,350.0,0.000350000000000002,1e-06,0.0005,4007.555873180436,875605.097193391,2318.6882093498934,60549.69427999736,47.074894524412514,117.89299758460776,94.14978904882503,8367.709188781842,1.1066225209364227,0.0,0.12760416666666666,2318.688209349893,64.94576320291401,4.451261438066467,35.031332792015746,1.5643308870494366e-09,0.0,0.03615351899474881,0.00029491200000000004,5984.577787592023,0.0007437887176093492,0.0,0.0,0.019826032736010194,0.0,0.041666666666666664,0.345296614941617,35.031332792015746,3.59133618174476e-05,0.00011549222097060633,9614.711557687238,303322.01162649295,0.0234375,0.9453125,0.16666666666666666,0.0
core_dr192,1.5,289,384,375.0,0.0003750000000000026,1e-06,0.0005,4007.498664877109,889073.3041020385,2249.730530847343,63120.886415109264,49.51869359025625,124.23303212378895,99.0373871805125,8478.59287029056,1.121286794800815,0.0,0.1328125,2249.730530847342,64.94808825477274,4.507895822969658,39.400084394495934,2.0227162167429924e-09,0.0,0.038030356677316794,0.00029491200000000004,6249.703588329264,0.0007212975398365663,0.0,0.0,0.1531708302157838,0.0,0.041666666666666664,0.4326376988828997,39.400084394495934,4.588635699087042e-05,0.00012518437381152785,9428.46038026025,314736.4418966139,0.0234375,0.057291666666666664,0.16666666666666666,0.0
core_dr192,1.5,289,384,400.0,0.0004000000000000032,1e-06,0.0005,4007.4397871151227,903221.3185373212,2187.7090352116134,65419.16460459919,51.82551957925612,130.31268244900065,103.65103915851223,8594.928702618727,1.1366721110375249,0.0,0.140625,2187.7090352116134,64.93876951254082,4.531519845219918,44.007963923038915,1.8480932340025902e-09,0.0,0.0398019990368687,0.00029491200000000004,6492.992958982913,0.0006979092498399618,0.0,0.0,0.020655426606915283,0.0,0.041666666666666664,0.5351560968265403,44.007963923038915,5.7841728982898254e-05,0.00013551963464272695,9252.076420204641,324734.965815529,0.0234375,0.05989583333333333,0.16666666666666666,0.0
core_dr192,1.5,289,384,425.0,0.0004250000000000038,1e-06,0.0005,4007.379398814185,918020.4777139869,2131.6302157194755,67451.54455311362,54.009787536773594,136.0839090295985,108.01957507354719,8716.363045302947,1.1527317009919211,0.0,0.14583333333333331,2131.6302157194755,64.93243975836289,4.523876874794041,49.017943867715076,1.8335413187742233e-09,0.0,0.04147951682824212,0.00029491200000000004,6715.659953693409,0.0006736310215209819,0.0,0.0,0.03004525583975178,0.0,0.20572916666666666,0.6558261254103854,49.017943867715076,7.217645644217999e-05,0.0001469043666749071,9086.427316305875,333672.47670853534,0.0234375,0.05989583333333333,0.16666666666666666,0.0
core_dr192,1.5,289,384,450.0,0.00045000000000000443,1e-06,0.0005,4007.317655770745,933444.2685387431,2080.6253121463324,69228.40152230233,56.06779284051029,141.54702973980892,112.13558568102059,8842.544861264414,1.1694191403047998,0.0,0.15104166666666666,2080.6253121463315,64.94481793684166,4.486676244184764,54.383455865085125,2.0227162167429924e-09,0.0,0.0430600649015119,0.00029491200000000004,6919.0511964661655,0.0006484525286467439,0.0,0.0,0.014798507558056201,0.0,0.20833333333333331,0.7977323535742471,54.383455865085125,8.932692335730479e-05,0.0001592103832756105,8930.480571723529,341582.3437278047,0.0234375,0.0625,0.16666666666666666,0.0
core_dr192,1.5,289,384,475.0,0.00047500000000000504,1e-06,0.0005,4007.254708266589,949468.3044840512,2045.8974778918039,70777.50536521406,58.01171321636397,146.71099657972974,116.02342643272794,8973.129255223525,1.1866888168647498,0.0,0.04427083333333333,2045.8974778918039,64.94167955201381,4.42180891832686,59.85255439323373,2.1827872842550278e-09,0.0,0.04455299575016753,0.00029491200000000004,7104.601466928629,0.0006223866235016897,0.0,0.9947916666666666,0.024626167844274398,0.0,0.20833333333333331,0.9640708342849393,59.85255439323373,0.00010967861783208652,0.00017169227286416356,8789.961556234164,348603.65813076985,0.0234375,0.9791666666666666,0.16666666666666666,0.0
core_dr192,1.5,289,384,500.0,0.0005,9.999999999943865e-07,0.0005,4007.190698852995,966070.2338450156,2034.8894756935533,72245.73339234461,59.84300005244222,151.58664258742414,119.68600010488444,9107.780804353008,1.2044963712842356,0.0,0.04427083333333333,2034.8894756935533,64.91953058214769,4.380442541856155,75.25494049536064,1.979060471057892e-09,0.0,0.045959424040017634,0.0002949119999983445,7273.79395018842,0.0006022225226413905,0.0,0.9869791666666666,0.02322157526158118,0.0,0.7890625,1.158184508974955,75.25494049536064,0.00013378687928049327,0.00021210825602455656,8656.936429070465,354794.9613363852,0.9765625,0.0234375,0.16666666666666666,0.0
core_dr192,1.5,289,384,525.0,0.0005250000000000006,1e-06,0.0005,4007.12576034763,983229.5976622979,2028.0827226672086,73503.12771876442,61.569168932736616,156.18635328063866,123.13833786547323,9246.17660769172,1.222799100182012,0.0,0.04427083333333333,2028.0827226672086,64.93759847353296,4.392752035237663,92.86285459762439,2.2846506908535957e-09,0.0,0.047285121740341725,0.00029491200000000004,7428.125728783644,0.0005913674856385309,0.0,0.018229166666666664,0.021575517858340013,0.0,0.7890625,1.3836300447728718,92.86285459762439,0.00016221899811762306,0.0002577116031458395,8529.39582187296,360336.3351283532,0.9765625,0.0234375,0.16666666666666666,0.0
core_dr192,1.5,289,384,550.0,0.0005500000000000012,1e-06,0.0005,4007.0600140714637,1000927.6552415536,2025.0319944214311,74565.63170755074,63.19719622829683,160.52374267628818,126.39439245659366,9388.008984942806,1.2415563130969187,0.0,0.04427083333333333,2025.0319944214302,64.93705296560051,4.447280384811165,112.82875740900636,2.4301698431372643e-09,0.0,0.048535446703331965,0.00029491200000000004,7569.078764280515,0.0005875590046437976,0.0,0.0234375,0.03609231332555296,0.0,0.21354166666666666,1.6511576328848605,112.82875740900636,0.00019619229997334018,0.0003087689301545405,8416.016495597585,365414.86655582534,0.9739583333333333,0.026041666666666664,0.16666666666666666,0.0
core_dr192,1.5,289,384,575.0,0.0005750000000000018,1e-06,0.0005,4006.9935683446383,1019147.1939212014,2025.245068511049,75450.05210463282,64.72940630968988,164.64534347922466,129.45881261937976,9532.987761927614,1.2607296347372428,0.0,0.04427083333333333,2025.2450685110477,64.911817027213,4.5446986560582445,136.471961035626,2.7939677238464355e-09,0.0,0.04971218404584183,0.00029491200000000004,7698.096343310607,0.0005903665599102872,0.0,0.026041666666666664,0.03501602558615702,0.0,0.9557291666666666,1.9644430048501818,136.471961035626,0.00023643650712786932,0.0003668197693820501,8308.54350165042,372040.91062357044,0.9739583333333333,0.026041666666666664,0.16666666666666666,0.0
core_dr192,1.5,289,384,600.0,0.0006000000000000024,1e-06,0.0005,4006.926517253629,1037872.3377840115,2028.2134315665808,76193.73261580714,66.17712349400361,168.55628673814314,132.35424698800722,9680.84208898407,1.2802832454623776,0.0,0.04427083333333333,2028.2134315665805,64.93047361903558,4.672367340387609,163.1856543298345,2.8230715543031693e-09,0.0,0.05082403084339477,0.00029491200000000004,7816.564749472723,0.0005977520164088438,0.0,0.028645833333333332,0.20570896183831397,0.0,0.04427083333333333,2.3253457883693045,163.1856543298345,0.0002832417751400635,0.0004271251204188363,8209.755736841493,382055.85794114764,0.9739583333333333,0.9739583333333333,0.16666666666666666,0.0
core_dr192,1.5,289,384,625.0,0.000625000000000003,1e-06,0.0005,4006.8589396965804,1057088.3676156863,2033.4374408022027,76917.01245726044,67.53879054158051,172.24344629044793,135.07758108316102,9831.321749673629,1.3001840543582204,0.0,0.04427083333333333,2033.4374408022027,64.9310320632831,4.8340910876449925,193.3125450478401,2.6266206987202168e-09,0.0,0.05186979113593383,0.00029491200000000004,7925.799766462604,0.0006099183968916384,0.0,0.9713541666666666,0.06981396611306953,0.0,0.9557291666666666,2.7396394360330305,193.3125450478401,0.0003374980050385578,0.0004903574757143326,8117.4981633448115,394227.7922167503,0.9739583333333333,0.9739583333333333,0.16666666666666666,0.0
core_dr192,1.5,289,384,650.0,0.0006500000000000037,1e-06,0.0005,4006.790898709081,1076781.5618020147,2040.4450889601808,77504.67670340546,68.82745841481238,175.7210897462788,137.65491682962477,9984.197929843693,1.3204018009450322,0.0,0.04427083333333333,2040.4450889601808,64.90651416760431,5.022612722333179,228.12323501240462,2.6266206987202168e-09,0.0,0.052859488062575906,0.00029491200000000004,8027.037514194002,0.0006257118785668839,0.0,0.96875,0.051233924333446375,0.0,0.21875,3.2251893931315863,228.12323501240462,0.0004014715134469694,0.0005584269287139207,8033.420267955335,408510.4483370483,0.9713541666666666,0.9713541666666666,0.16666666666666666,0.0
core_dr192,1.5,289,384,675.0,0.0006750000000000043,1e-06,0.0005,4006.722441068265,1096939.0652092767,2048.8044807730344,77971.04875105595,70.04060200616851,179.00346363126425,140.08120401233703,10139.263430824798,1.3409090833725852,0.0,0.04427083333333333,2048.8044807730334,64.93196644024457,5.223206111211766,267.77914637653157,2.7939677238464355e-09,0.0,0.05379118234073742,0.00029491200000000004,8121.4290618764035,0.0006431387963148666,0.0,0.033854166666666664,0.024886365879041937,0.0,0.78125,3.7867276708275313,267.77914637653157,0.0004760430878079725,0.000632088119685185,7954.5901785155875,423642.112605914,0.9713541666666666,0.9713541666666666,0.16666666666666666,0.0
core_dr192,1.5,289,384,700.0,0.0007000000000000049,1e-06,0.0005,4006.65359716883,1117548.7905566308,2058.130785237771,78329.45653779604,71.18915248709422,182.10459175128318,142.37830497418844,10296.33232468816,1.3616813128282639,0.0,0.04427083333333333,2058.1307852377695,64.92327348044049,5.457266979873566,312.4291383982636,2.9685907065868378e-09,0.0,0.05467326911008836,0.00029491200000000004,8210.038242321414,0.0006647066455479149,0.0,0.033854166666666664,0.05691796748452753,0.22916666666666666,0.19791666666666666,4.4286182318101055,312.4291383982636,0.0005617979372581694,0.0007096237751421381,7882.937864499443,440274.33880112576,0.028645833333333332,0.9713541666666666,0.16666666666666666,0.0
core_dr192,1.5,289,384,725.0,0.0007250000000000055,1e-06,0.0005,4006.5843811599852,1138599.3544730642,2068.088760802481,78592.0566488626,72.27381245455122,185.03809582218653,144.54762490910244,10455.239063378682,1.3826965957206527,0.0,0.04427083333333333,2068.088760802479,64.91531197547012,5.695476830510415,362.70447934325784,3.219611244276166e-09,0.0,0.05550628796509534,0.00029491200000000004,8293.842102128936,0.0006867115096209091,0.0,0.03645833333333333,0.03536395206710838,0.0,0.7786458333333333,5.162081359361764,362.70447934325784,0.0006604145846746183,0.0007918214599654483,7816.425438128514,458063.462133351,0.028645833333333332,0.9713541666666666,0.16666666666666666,0.0
core_dr192,1.5,289,384,750.0,0.0007500000000000061,1e-06,0.0005,4006.5147913276746,1160080.048409401,2078.392021114699,78859.29068916794,73.29859755678376,187.81703870801562,146.59719511356752,10615.837066514465,1.4039355469172046,0.0,0.04427083333333333,2078.3920211146983,64.92962904967257,5.966646953148484,419.3472929885611,3.754394128918648e-09,0.0,0.056293322923609924,0.00029491200000000004,8373.733455047066,0.000712543214466927,0.0,0.03645833333333333,0.025907338113717777,0.0,0.22395833333333331,6.000576079233724,419.3472929885611,0.0007737552859370223,0.000879193106062385,7755.13419849144,476968.35893843486,0.028645833333333332,0.028645833333333332,0.16666666666666666,0.0
core_dr192,1.5,289,384,775.0,0.0007750000000000067,1e-06,0.0005,4006.4448107016847,1181980.842891634,2088.800108928224,79072.59972856972,74.2725688872045,190.4537900213617,148.545137774409,10777.996824110376,1.4253810388310255,0.0,0.04427083333333333,2088.800108928224,64.90059176295772,6.235446186128684,484.41512628737837,3.627064870670438e-09,0.0,0.057041332905373054,0.00029491200000000004,8450.525053569643,0.0007378767764844063,0.0,0.9635416666666666,0.0933934630690161,0.0,0.7760416666666666,6.975855827688065,484.41512628737837,0.0009062874087493177,0.0009749279627154902,7697.178356824785,496872.7381027469,0.03125,0.03125,0.16666666666666666,0.0
core_dr192,1.5,289,384,800.0,0.0008000000000000073,1e-06,0.0005,4006.374407862787,1204292.4222742321,2099.1334451244634,79368.75835823726,75.1881123646973,192.95991331451367,150.3762247293946,10941.603559953663,1.4470178924042596,0.005208333333333333,0.04427083333333333,2099.133445124462,64.92185488840393,6.536113899504926,557.8206274956465,4.005414666607976e-09,0.0,0.05774447029608753,0.00029491200000000004,8524.95495055987,0.0007667036292169112,0.0,0.0390625,0.03136621416288316,0.0,0.046875,8.094717431857134,557.8206274956465,0.0010588324851579798,0.001077312154315288,7644.946245344359,517789.2268839972,0.96875,0.03125,0.16666666666666666,0.0
core_dr192,1.5,289,384,825.0,0.0008250000000000079,1e-06,0.0005,4006.303537921095,1227006.2461796708,2110.338608579895,79774.4552102236,76.0661559608647,195.34607364178805,152.1323119217294,11106.554508489884,1.468832516978537,0.020833333333333332,0.04427083333333333,2110.3386085798916,64.91460801671785,6.847412801722385,640.7183162933215,4.4419721234589815e-09,0.0,0.058418807777944094,0.00029491200000000004,8597.692683314393,0.0007964244657187166,0.0,0.0390625,0.0770067715039953,0.0,0.2265625,9.37842160670698,640.7183162933215,0.001169313524754895,0.0011870297414208037,8020.450809950933,539766.0175948245,0.96875,0.03125,0.16666666666666666,0.0
core_dr192,1.5,289,384,850.0,0.0008500000000000085,1e-06,0.0005,4006.2321436336506,1250114.6331767496,2122.946382025078,80347.47588334819,76.89415176357275,197.62196391028695,153.7883035271455,11274.377587999817,1.4910269784647914,0.026041666666666664,0.04427083333333333,2122.946382025077,64.90091239864101,7.159726496072835,734.5195408766158,5.296897143125534e-09,0.0,0.05905470855442387,0.00029491200000000004,8669.345973117492,0.0008258669706197228,0.0,0.9609375,0.07105316911223887,0.0,0.046875,10.855047339260636,734.5195408766158,0.00126130444050602,0.001305020661987029,8606.207185717765,562841.3114611027,0.96875,0.96875,0.16145833333333331,0.0
core_dr192,1.5,289,384,875.0,0.0008750000000000091,1e-06,0.0005,4006.160156627073,1273610.8619278714,2136.853560375225,81022.18107538194,77.67925778486492,199.79624816257575,155.35851556972983,11446.045142084138,1.5137298684885587,0.03125,0.04427083333333333,2136.8535603752225,64.91750180513294,7.5036227971331755,840.9044553944841,5.238689482212067e-09,0.0,0.05965766997877625,0.00029491200000000004,8740.46769117277,0.000858492138208037,0.0,0.9583333333333333,0.13534493065766817,0.0,0.046875,12.558646695048083,840.9044553944841,0.0013650317932736413,0.001432436979776626,9200.259478887107,587044.6429870964,0.96875,0.96875,0.16145833333333331,0.0
core_dr192,1.5,289,384,900.0,0.0009000000000000097,1e-06,0.0005,4006.0874986900667,1297489.2849896965,2152.614501482606,81808.16500788722,78.43201168461815,201.9454834884722,156.8640233692363,11619.429943542,1.5366598630369581,0.041666666666666664,0.041666666666666664,2152.6145014826056,64.87583969252418,7.864472247055346,961.8772472720593,5.8353180065751076e-09,0.0,0.06023578497378673,0.00029491200000000004,8815.047468922032,0.0008921644806544724,0.0,0.9583333333333333,0.5247465872377355,0.0,0.953125,14.530573426571209,961.8772472720593,0.0014835083346210673,0.0015706733299285034,9794.736630369356,612398.026339343,0.96875,0.96875,0.16145833333333331,0.0
core_dr192,1.5,289,384,925.0,0.0009250000000000103,1e-06,0.0005,4006.014083100772,1321745.4506435303,2170.6534881086372,82755.848597702,79.14379474272121,204.0387516049021,158.28758948544242,11794.477069426937,1.559809698596392,0.046875,0.041666666666666664,2170.6534881086372,64.90984999680761,8.230803480352733,1099.8328601396643,5.769834388047457e-09,0.0,0.06078243436240989,0.00029491200000000004,8897.742811295193,0.0009250439864258813,0.0,0.041666666666666664,0.39434464817959314,0.0,0.046875,16.82111316897499,1099.8328601396643,0.001618982352425115,0.0017214026993057764,10389.929911081621,638916.658248076,0.96875,0.03125,0.16145833333333331,0.0
core_dr192,1.5,289,384,950.0,0.000950000000000011,1e-06,0.0005,4005.9398159551115,1346376.2285207422,2190.6492573620094,83792.58525722713,79.82025956640337,206.065125266545,159.64051913280673,11971.12436932026,1.5831711558261239,0.046875,0.041666666666666664,2190.6492573620094,64.89024140784056,8.603799792080281,1257.637521168217,6.3810148276388645e-09,0.0,0.06130195934699778,0.00029491200000000004,8987.029567179457,0.000957357459187769,0.0,0.041666666666666664,0.1647475883210633,0.0,0.953125,19.491483761048585,1257.637521168217,0.0017705660839666302,0.0018866193679164113,11008.616926277879,666609.0376020872,0.96875,0.03125,0.16145833333333331,0.0
core_dr192,1.5,289,384,975.0,0.0009750000000000116,1e-06,0.0005,4005.864597464711,1371379.9353337938,2211.307156853034,84943.99621130335,80.47247885194187,208.0290561681935,160.94495770388374,12149.298519334301,1.6067345377035176,0.046875,0.041666666666666664,2211.307156853034,64.8916715682607,9.014447694651608,1438.7257157354616,7.275957614183426e-09,0.0,0.06180286375829135,0.00029491200000000004,9086.132106675865,0.000992110569031724,0.0,0.04427083333333333,0.11352815669109863,0.0,0.046875,22.616289435172803,1438.7257157354616,0.0019449868693938925,0.0020686908593361914,11627.990806035938,695476.4213523546,0.96875,0.03125,0.16145833333333331,0.0
core_dr192,1.5,289,384,1000.0,0.001,9.99999999990375e-07,0.0005,4005.7883231959595,1396756.4576861153,2233.3317553470647,86204.28069259555,81.09165458928959,209.93384488507922,162.18330917857918,12334.77971520505,1.631264270265922,0.05208333333333333,0.041666666666666664,2233.331755347064,64.89656343437498,9.446428613609896,1647.2171212644316,7.683411240577698e-09,0.0,0.062278390723974966,0.0002949119999971615,9190.65161449348,0.0010278301267249714,0.0,0.04427083333333333,0.09220197731682876,0.0,0.046875,26.286530683639285,1647.2171212644316,0.0021448273239660803,0.0022704215806499,12255.779469944406,725511.568117196,0.96875,0.96875,0.15625,0.0
core_dr192,1.5,289,384,1025.0,0.001024999999999998,1e-06,0.0005,4005.7108852255965,1422507.369678038,2257.1564732962324,87639.56596114385,81.68023173881542,211.78471069794003,163.36046347763084,12524.356819899938,1.656335683334452,0.05208333333333333,0.041666666666666664,2257.1564732962315,64.86241780554201,9.890936173260343,1888.058302423451,8.258211892098188e-09,0.0,0.06273041797541024,0.00029491200000000004,9305.321782195084,0.0010629332767605932,0.0,0.04427083333333333,0.08155111811887765,0.0,0.046875,30.61329236307938,1888.058302423451,0.002374954565543929,0.002495131957932898,12890.053901333522,756696.773659867,0.96875,0.96875,0.15625,0.0
core_dr192,1.5,289,384,1050.0,0.0010499999999999958,1e-06,0.0005,4005.632173192324,1448636.0438185474,2282.598932486553,89156.22886448471,82.24619684411873,213.7509056465996,164.49239368823746,12716.014987413992,1.6816823152151106,0.057291666666666664,0.0390625,2282.598932486553,64.89461061314069,10.349726674996418,2168.466412264388,8.483766578137875e-09,0.0,0.06316507917628318,0.00029491200000000004,9424.568366585885,0.0010981645283290229,0.0,0.04427083333333333,0.07618092728625751,0.0,0.953125,35.73225866787834,2168.466412264388,0.002640878891763064,0.002744327815947924,13530.441997672715,790163.0408958171,0.96875,0.9713541666666666,0.15625,0.0
core_dr192,1.5,289,384,1075.0,0.0010749999999999937,1e-06,0.0005,4005.552075228222,1475147.7545666143,2310.960273473381,90758.99440470031,82.7911066874403,215.67810484869204,165.5822133748806,12909.62521264698,1.7072871050916083,0.057291666666666664,0.0390625,2310.960273473381,64.84586367103002,10.824707879182824,2498.556317071896,9.160430636256933e-09,0.0,0.06358356993595415,0.00029491200000000004,9554.607806038186,0.0011329306339860417,0.0,0.9557291666666666,0.07408283067275914,0.0,0.953125,41.80923965879629,2498.556317071896,0.0029488326711535617,0.0030236625567226353,14178.234006896302,826334.3776628617,0.03125,0.9713541666666666,0.15625,0.0
core_dr192,1.5,289,384,1100.0,0.0010999999999999916,1e-06,0.0005,4005.47047875805,1502049.7746370933,2340.597955875452,92452.5503505555,83.31124505386998,217.5653910280662,166.62249010773996,13116.325608195622,1.7346230590116194,0.057291666666666664,0.0390625,2340.597955875452,64.8836508029119,11.326724769780412,2884.8131746973377,9.444192983210087e-09,0.0,0.06398303620137215,0.00029491200000000004,9693.603007812708,0.0011684741742210266,0.0,0.046875,0.13018712661784765,0.0,0.234375,49.096278597768105,2884.8131746973377,0.0033095730721559367,0.0033386768176970408,14834.625955481803,864058.8269598463,0.028645833333333332,0.9713541666666666,0.15104166666666666,0.0
core_dr192,1.5,289,384,1125.0,0.0011249999999999895,1e-06,0.0005,4005.3872711585395,1529351.4649980702,2371.59323546234,94383.02525417416,83.80845069307236,219.41071582048522,167.61690138614472,13325.768747771475,1.7623217385284695,0.057291666666666664,0.0390625,2371.59323546234,64.85920338851813,11.876528434577267,3338.102714603534,1.0331859812140465e-08,0.0,0.06436489013227957,0.00029491200000000004,9839.066548959332,0.001207078778812959,0.0,0.046875,0.07712935101513546,0.0,0.046875,57.84936233582266,3338.102714603534,0.0037320624688049935,0.0036932485840785027,15500.641486943285,903839.1645214478,0.028645833333333332,0.9713541666666666,0.15104166666666666,0.0
core_dr192,1.5,289,384,1150.0,0.0011499999999999874,1e-06,0.0005,4005.3023402734993,1557064.360245942,2404.0326069298217,96427.30197813155,84.28443494739162,221.42944775327962,168.56886989478323,13537.657228981701,1.7903438124251825,0.057291666666666664,0.0390625,2404.0326069298217,64.86236509589116,12.450015596046796,3871.4985044177156,1.1074007488787174e-08,0.0,0.06473044603959675,0.00029491200000000004,9991.550622301867,0.0012460543980288162,0.0,0.046875,0.08232916912236972,0.0,0.046875,68.35445844278001,3871.4985044177156,0.004225393736025431,0.004091256732039864,16177.062473490783,946285.8867053844,0.028645833333333332,0.9713541666666666,0.15104166666666666,0.0
core_dr192,1.5,289,384,1175.0,0.0011749999999999853,1e-06,0.0005,4005.2155747837496,1585202.2517649133,2438.0072820730566,98579.1454610878,84.74641355725436,223.43853122669833,169.4928271145087,13765.580624131075,1.8204864902394085,0.057291666666666664,0.0390625,2438.0072820730566,64.86682067781531,13.049768087610573,4500.704683818854,1.2703821994364262e-08,0.0,0.06508524561197135,0.00029491200000000004,10154.252056614125,0.001285153058526887,0.0,0.046875,0.09083527982387343,0.0,0.046875,80.99308267408196,4500.704683818854,0.0047990896374091084,0.004533801964749721,16876.759717663415,992699.8838528465,0.028645833333333332,0.9713541666666666,0.14583333333333331,0.0
core_dr192,1.5,289,384,1200.0,0.0011999999999999832,1e-06,0.0005,4005.1268644336124,1613781.2717573442,2476.0332228130824,100842.17575026523,85.19214743958881,225.4132590470463,170.38429487917762,13997.561321603162,1.8511657428823318,0.0625,0.03645833333333333,2476.033222813082,64.82876951834402,13.678649823466912,5244.558980289381,1.3344106264412403e-08,0.0,0.0654275692336042,0.00029491200000000004,10330.719568311735,0.001324075223707026,0.0,0.953125,0.10432192293571804,0.0,0.953125,96.23205271097686,5244.558980289381,0.005461788535834385,0.005035732594157609,17619.14656336575,1041468.9188171052,0.028645833333333332,0.9713541666666666,0.14583333333333331,0.0
core_dr192,1.5,289,384,1225.0,0.001224999999999981,1e-06,0.0005,4005.0361001177453,1642819.9818744326,2516.6908720027423,103296.29742691165,85.62051344552067,227.4422543856042,171.24102689104134,14236.633139259602,1.8827827902212269,0.0625,0.03645833333333333,2516.6908720027423,64.86635512703832,14.339751041057752,6126.77212892985,1.3416865840554237e-08,0.0,0.06575655432615987,0.00029491200000000004,10516.270865054139,0.0013635775670926417,0.0,0.953125,0.1575682605645231,0.0,0.23697916666666666,114.64243543279736,6126.77212892985,0.006237402459037781,0.005602761118798727,18379.836187527777,1093527.280392685,0.028645833333333332,0.9739583333333333,0.140625,0.0
core_dr192,1.5,289,384,1250.0,0.001249999999999979,1e-06,0.0005,4004.9431738336325,1672339.470792068,2559.333118480975,106039.19635694959,86.03278191262044,229.6427982281098,172.06556382524087,14492.796856563446,1.9166602269508957,0.0625,0.03645833333333333,2559.333118480975,64.79258138843782,15.036275968417613,7189.397756658727,1.507578417658806e-08,0.0,0.0660731765088925,0.00029491200000000004,10711.60766622685,0.0014037366226384693,0.0,0.953125,0.16667197119359178,0.0,0.953125,136.9225032150207,7189.397756658727,0.00714697081942874,0.006237559968733574,19158.117008509762,1152597.7774476463,0.028645833333333332,0.026041666666666664,0.140625,0.0
core_dr192,1.5,289,384,1275.0,0.0012749999999999769,1e-06,0.0005,4004.8479785059,1702363.465678704,2604.057048185302,108929.77071509838,86.43013162946234,231.81173515046927,172.86026325892468,14752.617717439507,1.9510213178501834,0.0625,0.03645833333333333,2604.057048185302,64.8557488128881,15.77155461179791,8454.361909571104,1.5963451005518436e-08,0.0,0.06637834109142708,0.00029491200000000004,10917.486229886903,0.001444614106187088,0.0,0.046875,0.2570549580518585,0.0,0.953125,163.92566295553115,8454.361909571104,0.008194280213671358,0.006965019310499024,20004.888615114374,1213831.7975410426,0.028645833333333332,0.026041666666666664,0.140625,0.0
core_dr192,1.5,289,384,1300.0,0.0012999999999999748,1e-06,0.0005,4004.750407688957,1732918.4631103117,2650.9593291922097,111972.1874196511,86.81365591091415,233.93981627707743,173.6273118218283,15031.999319182549,1.9879693003205385,0.0625,0.03645833333333333,2650.9593291922097,64.81289399565753,16.549288194872133,9961.651644175407,1.516309566795826e-08,0.0,0.06667288773958208,0.00029491200000000004,11134.724891611932,0.0014862772413298804,0.0,0.046875,0.6245410053690285,0.0,0.953125,196.6947583966903,9961.651644175407,0.009416354727906986,0.007780762505267477,20888.630906581246,1280292.4697202228,0.028645833333333332,0.026041666666666664,0.13541666666666666,0.0
core_dr192,1.5,289,384,1325.0,0.0013249999999999727,1e-06,0.0005,4004.650355154264,1764033.8856271983,2700.134829582618,115169.60400115611,87.18436844123383,236.38101264096755,174.36873688246766,15321.702833124338,2.0262823470206084,0.0625,0.03645833333333333,2700.134829582618,64.83210406707772,17.373849156943834,11759.239510299638,1.6720150597393513e-08,0.0,0.06695759496286759,0.00029491200000000004,11364.212299914387,0.0015288212414928857,0.0,0.953125,1.0,0.0,0.046875,236.50417003747862,11759.239510299638,0.010852331298658393,0.008679596219060358,21792.936791997512,1354814.119633399,0.9713541666666666,0.026041666666666664,0.13541666666666666,0.0
core_dr192,1.5,289,384,1350.0,0.0013499999999999706,1e-06,0.0005,4004.547714367764,1795742.2708304,2751.674861416371,118523.76829171217,87.54320886092037,238.8053444339547,175.08641772184075,15624.665047176533,2.066348845688176,0.0625,0.03645833333333333,2751.674861416371,64.82660183617493,18.25028390583975,13904.801808451535,1.7957063391804695e-08,0.0,0.06723318440518686,0.00029491200000000004,11606.916487984472,0.0015723628170093685,0.0,0.953125,0.2916420653813464,0.0,0.953125,285.03783673917496,13904.801808451535,0.012499967624358432,0.009714148249221198,22803.086000297117,1431396.9121859253,0.9739583333333333,0.026041666666666664,0.13020833333333331,0.0
core_dr192,1.5,289,384,1375.0,0.0013749999999999685,1e-06,0.0005,4004.442377861829,1828079.500719998,2808.584703731689,122350.8214438883,87.89255782914674,241.18411692700866,175.78511565829348,15950.120984343705,2.1093901203687664,0.0625,0.033854166666666664,2808.584703731689,64.79295772496587,19.32256128067911,16467.02082622354,1.820444595068693e-08,0.0,0.0675014844127847,0.00029491200000000004,11863.894933096468,0.0016286861430958354,0.0,0.0,0.16318694569997386,0.0,0.953125,344.42002569949545,16467.02082622354,0.01444764319933665,0.010848220407715053,23839.18407642495,1517946.742169112,0.9739583333333333,0.9739583333333333,0.13020833333333331,0.0
core_dr192,1.5,289,384,1400.0,0.0013999999999999664,1e-06,0.0005,4004.3342365044687,1861085.0799318412,2870.038680770798,126451.78293100375,88.23308415683834,243.8446752423807,176.4661683136767,16281.535516815287,2.1532194142799783,0.0625,0.033854166666666664,2870.0386807707964,64.83012334713185,21.178438664891473,19526.265471894527,2.0212610252201557e-08,0.0,0.06776300863245184,0.00029491200000000004,12136.30576691559,0.0017450482108505674,0.0,0.0,0.11206377673506923,0.0,0.953125,416.78913192359323,19526.265471894527,0.016710572933229435,0.01212145445337129,24941.64225182229,1610884.6959750582,0.9739583333333333,0.9739583333333333,0.125,0.0
core_dr192,1.5,289,384,1425.0,0.0014249999999999643,1e-06,0.0005,4004.22317866643,1894802.4726918624,2934.604938074793,130761.10362173713,88.56363925975441,246.58865313759784,177.12727851950882,16649.893454178135,2.2019344424979654,0.0625,0.033854166666666664,2934.604938074776,64.73892504671201,23.178861932681684,23176.20272122859,1.9703293219208717e-08,0.0,0.06801687495149139,0.00029491200000000004,12425.420311525551,0.0018654388625535246,0.0,0.0,0.08475581522547303,0.0,0.953125,505.0256402676969,23176.20272122859,0.01932814345321347,0.013576287986165845,26129.030006952482,1707108.9494304336,0.9739583333333333,0.9739583333333333,0.125,0.0
core_dr192,1.5,289,384,1450.0,0.0014499999999999622,1e-06,0.0005,4004.109089284338,1929279.5097526198,3002.3830371639874,135276.4429182313,88.88492423373778,249.27774137668624,177.76984846747555,17024.75144377896,2.251509097171835,0.0625,0.033854166666666664,3002.383037163951,64.823188515035,25.338380413818413,27528.734360197093,2.2334505063993487e-08,0.0,0.06826362181151062,0.00029491200000000004,12732.637125967689,0.0019900339704287833,0.0,0.0,0.0678490988842292,0.0,0.953125,612.645975561165,27528.734360197093,0.0224129544882393,0.015123672781984178,27334.45855532511,1820241.3366804812,0.9739583333333333,0.9739583333333333,0.125,0.0
core_dr192,1.5,289,384,1475.0,0.00147499999999996,1e-06,0.0005,4003.991848815046,1964568.878397694,3073.4549064798075,140217.97704222516,89.19759019371219,252.24100536647117,178.39518038742438,17435.22996661231,2.305794537485306,0.0625,0.033854166666666664,3073.454906479754,64.75423057571933,27.67356986021241,32721.282919340534,2.5741653937050406e-08,0.0,0.06850374926877095,0.00029491200000000004,13059.497754114023,0.0021190378360067207,0.0,0.0,0.06365270493565553,0.0,0.9557291666666666,743.9364824352451,32721.282919340534,0.025931736026786247,0.01678902639530577,28688.26374241949,1948968.4600465838,0.9739583333333333,0.9739583333333333,0.11979166666666666,0.0
core_dr192,1.5,289,384,1500.0,0.0015,1.000000000041983e-06,0.0005,4003.871332072825,2000728.7109156053,3149.785124985581,145621.80905060237,89.50224204206918,255.3777728668181,179.00448408413837,17863.67405261853,2.3624559084579184,0.0625,0.03125,3149.7851249855185,64.80115286867584,30.20340404125818,38919.70333170891,2.968658269478147e-08,0.0,0.06873772189119495,0.0002949120000123813,13407.704362859658,0.0022526901864665114,0.0,0.0,0.0896260534953672,0.0,0.04427083333333333,904.1202111845487,38919.70333170891,0.02996480651401831,0.018500060411461183,30172.73649878493,2103760.8778616376,0.9739583333333333,0.9739583333333333,0.11979166666666666,0.0
core_dr192,1.5,289,384,1525.0,0.001524999999999998,1e-06,0.0005,4003.7474069367363,2037823.2899110073,3235.1073921298357,151407.44521509705,89.79944197520031,258.4440854409417,179.59888395040062,18323.38864623205,2.4232527778302297,0.0625,0.03125,3235.1073921297775,64.78222933218841,32.949710158165544,46311.5263032394,3.426422275882187e-08,0.0,0.06896597143695384,0.00029491200000000004,13779.13944348687,0.0023912748900832286,0.0,0.0,0.1508021903772991,0.0,0.04427083333333333,1099.5725782765512,46311.5263032394,0.03378008401621951,0.020361520644283072,32550.913069031783,2274463.0478393245,0.9739583333333333,0.9739583333333333,0.11458333333333333,0.0
core_dr192,1.5,289,384,1550.0,0.0015499999999999958,1e-06,0.0005,4003.6199329105043,2075923.8926451907,3324.6657138904657,157935.9195878313,90.08971273669661,261.82139007271013,180.17942547339322,18817.183052549088,2.488556673844619,0.0625,0.03125,3324.6657138904193,64.75344164634234,35.9377303150186,55098.545832311036,3.958828104422727e-08,0.0,0.069188899381783,0.00029491200000000004,14175.887708319231,0.0025351308541988705,0.0,0.0,0.4662777163796352,0.0,0.04427083333333333,1338.0893818095137,55098.545832311036,0.03804868529643817,0.022393581579921353,35167.8217363998,2460461.5226763804,0.9739583333333333,0.9739583333333333,0.11458333333333333,0.0
core_dr192,1.5,289,384,1575.0,0.0015749999999999937,1e-06,0.0005,4003.4887595107866,2115109.801550069,3418.475482074661,165023.34620847148,90.373540627057,265.4381259030943,180.747081254114,19335.901322489706,2.557156729915764,0.0625,0.03125,3418.4754820746316,64.79705037603426,39.196818113980044,65573.39651186694,4.579630392982481e-08,0.0,0.06940687920157977,0.00029491200000000004,14600.260232980396,0.002684665717494453,0.0,0.0,0.4365502051255437,0.0,0.9557291666666666,1629.1927551133194,65573.39651186694,0.042880045844353364,0.024592646579446584,37994.19340704504,2666382.2578034448,0.9739583333333333,0.9765625,0.109375,0.0
core_dr192,1.5,289,384,1600.0,0.0015999999999999916,1e-06,0.0005,4003.3537244519657,2155469.514519443,3516.4803180980552,172491.66732677913,90.65137828065181,268.9588190803662,181.30275656130362,19910.161875451653,2.633102206324655,0.0625,0.03125,3516.4803180980384,64.67370395231637,42.76130867855136,78058.14377675252,5.305550297439825e-08,0.0,0.0696202585195406,0.00029491200000000004,15054.820745688477,0.002840373153615774,0.0,0.0,0.15008072853163587,0.0,0.9557291666666666,1984.475671953216,78058.14377675252,0.04834323663929,0.026938148992091446,41049.70643071037,2897680.304599584,0.9739583333333333,0.9765625,0.109375,0.0
core_dr192,1.5,289,384,1625.0,0.0016249999999999895,1e-06,0.0005,4003.2146515855197,2197102.1970511116,3627.508085273956,180313.04202032322,90.92364722114056,272.9154293980008,181.8472944422811,20500.367351689707,2.711156385461361,0.0625,0.028645833333333332,3627.5080852739366,64.79257580866401,46.6716130158793,92882.6330893957,6.15683097389479e-08,0.0,0.06982936106583595,0.00029491200000000004,15542.41370754033,0.003002854890758492,0.0,0.0,0.09124229892480701,0.0,0.9557291666666666,2418.0428166791316,92882.6330893957,0.054471540652198315,0.029480921043177608,44390.93860257001,3150601.4670762923,0.9739583333333333,0.9765625,0.10416666666666666,0.0
core_dr192,1.5,289,384,1650.0,0.0016499999999999874,1e-06,0.0005,4003.0713485391257,2240119.4295072095,3745.671384874301,189593.49439048194,91.19074020662651,277.11753371004863,182.38148041325303,21174.835869352963,2.800354281142224,0.0625,0.028645833333333332,3745.671384874249,64.71698108914384,50.97560500398686,110384.75922517595,7.158537780380191e-08,0.0,0.07003448847868916,0.00029491200000000004,16066.193395545462,0.003172848959861297,0.0,0.0,0.09012444538465807,0.0,0.041666666666666664,2947.1320482749725,110384.75922517595,0.061332346028821504,0.032188560872999206,48051.83951205855,3429316.3854296515,0.9739583333333333,0.9765625,0.10416666666666666,0.0
core_dr192,1.5,289,384,1675.0,0.0016749999999999853,1e-06,0.0005,4002.923603983902,2284647.317672786,3868.7761257560105,199465.88176505436,91.45302337555356,281.1799960442137,182.9060467511071,21865.097489900632,2.8916408014314556,0.057291666666666664,0.028645833333333332,3868.7761257560105,64.75885778435472,55.73039352811065,130957.1955204138,8.341494789823006e-08,0.0,0.07023592195242513,0.00029491200000000004,16629.65248668992,0.0033512662740677397,0.0,0.0,0.18096195341782728,0.0,0.9583333333333333,3592.9148381783743,130957.1955204138,0.06902880031919735,0.03499385976476582,52049.50428754825,3742290.6875871504,0.9739583333333333,0.9765625,0.10416666666666666,0.0
core_dr192,1.5,289,384,1700.0,0.0016999999999999832,1e-06,0.0005,4002.771184436078,2330829.054843886,4010.9382986530895,210521.68114075702,91.71083820373099,285.9765321914238,183.42167640746197,22654.06558537606,2.995981170229637,0.057291666666666664,0.028645833333333332,4010.9382986530895,64.76222735437753,61.004606611298186,155159.07180816145,9.743835480501775e-08,0.0,0.07043392374046539,0.00029491200000000004,17236.647473130022,0.0035392385152853796,0.0,0.0,1.0,0.0,0.041666666666666664,4381.358573227,155159.07180816145,0.07765582833835527,0.03785287460393665,56420.21554566288,4099003.667003538,0.9739583333333333,0.9765625,0.09895833333333333,0.0
core_dr192,1.5,289,384,1725.0,0.001724999999999981,1e-06,0.0005,4002.6138304699716,2378828.0509137004,4160.383726513958,223002.8442626139,91.96760429488424,290.8887140684911,183.93520858976848,23476.0901132404,3.104693224481756,0.057291666666666664,0.028645833333333332,4160.383726513958,64.67947009979044,66.88136367564675,183747.03028494143,1.1413295986602254e-07,0.0,0.0706311200984711,0.00029491200000000004,17891.41633105398,0.003738181619504395,0.0,0.0,0.19652064887853357,0.0,0.041666666666666664,5344.124761779676,183747.03028494143,0.08731593271155269,0.040803424965011555,61204.462872016025,4503225.659181853,0.9739583333333333,0.9765625,0.09895833333333333,0.0
core_dr192,1.5,289,384,1750.0,0.001749999999999979,1e-06,0.0005,4002.451252179979,2428831.78134415,4326.144308364602,236158.74121862397,92.22117084646686,295.66123851412084,184.44234169293372,24406.44455323361,3.2277318187400206,0.057291666666666664,0.026041666666666664,4326.144308364602,64.77955536219575,73.46218305650382,217524.96792142815,1.3410099364600923e-07,0.0,0.07082585921008655,0.00029491200000000004,18598.580749335983,0.003949881125156639,0.0,0.0,0.09888410354440151,0.0,0.041666666666666664,6523.505464760958,217524.96792142815,0.09816693866031026,0.04394044415639519,66453.18224024915,4950449.91232227,0.9765625,0.9765625,0.09375,0.0
core_dr192,1.5,289,384,1775.0,0.001774999999999977,1e-06,0.0005,4002.283123676269,2481056.5609579305,4509.245565193677,251459.70382942245,92.76589296700037,301.64595296819397,187.62273600592786,25397.878998308508,3.358848192433178,0.057291666666666664,0.026041666666666664,4509.245565193677,64.68719407893845,80.87217336705544,257155.67749347095,1.5810657227470346e-07,0.0,0.07204713062627631,0.00029491200000000004,19363.12011721274,0.004176608567085454,0.0,0.0,0.13923850187425035,0.0,0.9609375,7974.526509971183,257155.67749347095,0.11041002230559557,0.047307455051060925,72226.47313573665,5435838.330679848,0.9765625,0.9765625,0.09375,0.0
core_dr192,1.5,289,384,1800.0,0.0017999999999999748,1e-06,0.0005,4002.109076327122,2535753.5208742796,4700.456570973009,268530.6635730857,94.49882076400053,307.40189327066724,191.4678846528124,26514.446191850842,3.506513267143142,0.057291666666666664,0.026041666666666664,4700.456570973009,64.75357535577058,89.26700519228689,303242.9257285232,1.8712912691467707e-07,0.0,0.07352366770667995,0.00029491200000000004,20210.12508268815,0.004416944715931143,0.0,0.0,0.9461847092276066,0.0,0.0390625,9753.4704823239,303242.9257285232,0.12411332226422435,0.05034664927684825,78585.20184932103,6023100.446288656,0.9765625,0.9765625,0.08854166666666666,0.0
core_dr192,1.5,289,384,1825.0,0.0018249999999999727,1e-06,0.0005,4001.9286903617367,2593216.171960763,4908.134612905102,288008.74679214973,96.35182174941049,313.71227048244157,195.60525356807358,27727.49900171956,3.6669384836749983,0.05208333333333333,0.026041666666666664,4908.134612904811,64.74756351973588,98.84239481130726,356700.52202648367,2.224359223291746e-07,0.0,0.07511241737014025,0.00029491200000000004,21176.802107503965,0.004667484462929491,0.0,0.0,0.21063302230558434,0.0,0.9609375,11935.764059108798,356700.52202648367,0.13890921406241616,0.05306780750475574,85924.92686443172,6721599.003209573,0.9765625,0.9765625,0.08854166666666666,0.0
core_dr192,1.5,289,384,1850.0,0.0018499999999999706,1e-06,0.0005,4001.7414843091947,2653790.0910764686,5150.020232497407,310542.0918671263,98.45659786031383,320.8372989507844,199.823491168574,29098.160909784554,3.848207371232409,0.05208333333333333,0.0234375,5150.020232497092,64.66360513273115,109.84723781940556,418861.4574534574,2.65684532495592e-07,0.0,0.07673222060873243,0.00029491200000000004,22242.23675120859,0.004938677663047388,0.0,0.0,0.1629706490774979,0.0,0.23697916666666666,14613.747417486346,418861.4574534574,0.15508061698993336,0.05574278474327352,94233.22979450719,7514182.49702714,0.9765625,0.9765625,0.08333333333333333,0.0
core_dr192,1.5,289,384,1875.0,0.0018749999999999685,1e-06,0.0005,4001.546901557814,2717885.493044266,5434.516016030473,334756.3761599099,100.60789365499716,327.52833193699774,204.5018624029564,30616.66720946518,4.04902855556124,0.05208333333333333,0.0234375,5434.516016030173,64.77396020609666,122.60218474561407,490851.45254565077,3.1907136365393684e-07,0.0,0.07852871516273525,0.00029491200000000004,23419.528662954013,0.005235040658164539,0.0,0.0,0.2809505217012054,0.0,0.9635416666666666,17903.641103107235,490851.45254565077,0.17229438377307055,0.05798373288113213,103913.0859116579,8465330.32897186,0.9765625,0.9765625,0.08333333333333333,0.9973958333333333
core_dr192,1.5,289,384,1900.0,0.0018999999999999664,1e-06,0.0005,4001.3442930522847,2785993.794068912,5733.350411457654,365135.4939944649,102.91562381425729,336.4012649909059,209.6032873486654,32353.914377389636,4.278778036223832,0.05208333333333333,0.0234375,5733.3504114573725,64.71042921556906,137.52628303019264,572961.2408181019,3.855435200530624e-07,0.0,0.0804876623418875,0.00029491200000000004,24723.413827577402,0.005562592770938081,0.0,0.0,0.35159121442950864,0.0,0.03645833333333333,21954.91155752816,572961.2408181019,0.19075137150666038,0.059739090293211436,115097.00498673254,9591060.694193589,0.9765625,0.9765625,0.078125,0.0026041666666666665
core_dr192,1.5,289,384,1925.0,0.0019249999999999643,1e-06,0.0005,4001.132894746297,2858709.8027781895,6063.176339926044,398956.49976555986,105.53090709695917,344.80374316155934,214.71533679245132,34309.60627401332,4.537416649013828,0.05208333333333333,0.020833333333333332,6063.176339925827,64.73832312130037,155.1752327817485,665641.9679798721,4.691131957835504e-07,0.0,0.08245068932830131,0.00029491200000000004,26170.08888009411,0.005929488183732545,0.0,0.0,0.11406844175473749,0.0,0.03645833333333333,26954.937681791314,665641.9679798721,0.21082432713789442,0.05951660329227688,127854.96838873261,11184139.066388028,0.9765625,0.9765625,0.078125,0.0026041666666666665
core_dr192,1.5,289,384,1950.0,0.0019499999999999622,1e-06,0.0005,4000.9117978155596,2936762.0184076563,6440.638281744115,441013.0339348325,108.15756293651725,354.8905101436427,220.76800876477554,36590.820670081295,4.839105339289727,0.046875,0.020833333333333332,6440.638281744115,64.76579222710681,176.29683311297413,771676.0683657797,5.753381835871945e-07,0.0,0.08477491536567382,0.00029491200000000004,27776.58254627054,0.00634695909114438,0.0,0.0,0.3880311455990692,0.0,0.033854166666666664,33126.96587624155,771676.0683657797,0.23247382981435494,0.05991033605151592,142497.6131837959,12880516.438803282,0.9765625,0.9765625,0.07291666666666666,0.9973958333333333
core_dr192,1.5,289,384,1975.0,0.0019749999999999646,1e-06,0.0005,4000.679908805311,3021054.8947899984,6910.901551823383,487732.671706282,111.21892842830792,365.568787684452,226.85108696872302,39219.48090299283,5.18674345003212,0.046875,0.020833333333333332,6910.901551823383,64.68744446181631,201.91574901110107,895075.5278138062,7.12064395685926e-07,0.0,0.08711081739598965,0.00029491200000000004,29645.21067261487,0.006811074855933584,0.0,0.0,0.24484573803549137,0.0,0.033854166666666664,40779.478847364604,895075.5278138062,0.2542731282277655,0.058977217478299225,160376.6750013644,15176632.029870702,0.9791666666666666,0.9765625,0.07291666666666666,0.9947916666666666
core_dr192,1.5,289,384,2000.0,0.001999999999999968,1e-06,0.0005,4000.4358957445684,3112729.251639833,7411.2479386968025,547252.7603085389,114.3549978958537,377.6028482640563,233.64555997126996,42376.16765191418,5.604212624580057,0.046875,0.018229166666666664,7411.2479386968025,64.77449686807003,233.47357461726097,1034287.6251675566,8.906108452017727e-07,0.0,0.08971989502896767,0.00029491200000000004,31926.429482173702,0.007312862052038178,0.0,0.0,0.5209547084136832,0.0,0.765625,50469.55848633911,1034287.6251675566,0.2780000223894342,0.05627521757004018,181545.15979009244,18379095.982708223,0.9791666666666666,0.9765625,0.06770833333333333,0.9947916666666666
core_dr192,1.5,289,384,2025.0,0.0020249999999999713,1e-06,0.0005,4000.1781140420862,3213251.0884556165,8011.477668492583,622899.7300849274,117.88452769103165,391.35267110327226,241.15648903221017,46016.3754095974,6.0856270469335865,0.046875,0.018229166666666664,8011.477668492583,64.7602254947089,273.0648203752826,1179465.7938053277,1.1277030689144522e-06,0.0,0.0926040917883687,0.00029491200000000004,34559.7574869328,0.0079012365893635,0.0,0.0,0.6795811105668167,0.0,0.03125,62662.169643848654,1179465.7938053277,0.3036342939512357,0.05369074305499981,206373.8217064253,21967768.1234008,0.9791666666666666,0.9765625,0.06770833333333333,0.9947916666666666
core_dr192,1.5,289,384,2050.0,0.0020499999999999746,1e-06,0.0005,3999.9045021214924,3324546.5715450267,8745.61266033029,709187.8295294626,122.14741908617736,406.7241078176273,250.0289297810707,50625.06965969516,6.695122995490905,0.041666666666666664,0.018229166666666664,8745.612660320845,64.69366222041853,323.8154088467163,1326963.069573409,1.4487059855100193e-06,0.0,0.09601110903593114,0.00029491200000000004,37610.08012187055,0.008609803749352163,0.0,0.0,0.14826172954116346,0.0,0.028645833333333332,78003.19222444021,1326963.069573409,0.32708341249463113,0.048181733620015536,238481.0395290852,27540791.28904912,0.9791666666666666,0.9765625,0.0625,0.005208333333333333
core_dr192,1.5,289,384,2075.0,0.002074999999999978,1e-06,0.0005,3999.612432679802,3449215.40760276,9626.290738953558,829796.8580754522,126.4628480346848,424.61398042192906,260.00471311665865,56075.125776902896,7.415888345194388,0.041666666666666664,0.015625,9626.290738932617,64.79003206009003,390.48510710456867,1494048.866083384,2.738045582249621e-06,0.0,0.09984180983679691,0.00029491200000000004,41143.18087208836,0.009490882786106478,0.0,0.0,1.0,0.0,0.028645833333333332,97216.03754147232,1494048.866083384,0.3502793658134883,0.04382585010073835,277538.5792871297,34090584.954978734,0.9791666666666666,0.9765625,0.057291666666666664,0.9947916666666666
core_dr192,1.5,289,384,2100.0,0.002099560553349326,9.645272111208404e-07,0.0005,3999.3042296417057,3588219.9808787853,10644.455865338068,989918.8886531581,131.67568478407765,445.7009040572585,270.3814974437871,62664.24390987221,8.287293690976476,0.041666666666666664,0.015625,10644.455865306601,64.77142813176714,478.7221664363951,1686448.924744388,4.5747021694492884e-06,0.0,0.10014347968056293,0.00028445064888606934,45520.87419062945,0.010516541585551115,0.0,0.0,0.18588165467136547,0.0,0.026041666666666664,121449.3777223038,1686448.924744388,0.370905216621543,0.03827104388007976,327440.4680218503,44065924.35860345,0.9817708333333333,0.9765625,0.057291666666666664,0.9947916666666666
core_dr192,1.5,289,384,2125.0,0.0021231344169302846,9.23219881332856e-07,0.0005,3998.9846260567797,3741665.253137699,11922.038032660077,1165912.6403389291,136.90853068501235,467.6787908331973,282.5365194776171,71057.87046263536,9.397343761558561,0.03645833333333333,0.015625,11922.038032660077,64.73503549106853,595.5860881509225,1852739.1852578726,7.893088469253774e-06,0.0,0.10016383948198036,0.00027226862164363527,51100.749113415746,0.011655134190480197,0.0,0.0,0.5382500452333608,0.0,0.026041666666666664,152110.40684032554,1852739.1852578726,0.39132374400737563,0.03218845247960966,388707.32780645834,57559125.78995597,0.9817708333333333,0.9739583333333333,0.05208333333333333,0.9947916666666666
core_dr192,1.5,289,384,2150.0,0.0021457461631342514,8.856807216425775e-07,0.0005,3998.6514999232263,3913442.0406431737,13569.751295604974,1432481.3741920458,142.21569909321292,497.1916879572058,294.579528795427,81434.62482266634,10.769660821098629,0.03645833333333333,0.013020833333333332,13569.751295604974,64.80499022925008,754.4695711099266,1993022.8296518745,1.2064668930815225e-05,0.0,0.10018690930355106,0.00026119787298105584,57682.50227000136,0.013079695599514581,0.0,0.0,0.3270477687754901,0.0,0.0234375,189839.25344702354,1993022.8296518745,0.4048841520292499,0.02670552215045399,468873.0158875398,74629614.74497864,0.9817708333333333,0.9739583333333333,0.046875,0.0026041666666666665
core_dr192,1.5,289,384,2175.0,0.0021674147365439746,8.51940469080423e-07,0.0005,3998.302360303151,4109167.1130896285,15355.162182918099,1825795.5042571372,148.8003276341949,523.1642735658925,306.02429573643724,94693.27140048222,12.52310570895612,0.03645833333333333,0.010416666666666666,15355.162182918099,64.8009685269861,977.428047980793,2085232.5602794765,1.631157445375208e-05,0.0,0.10011436111092727,0.00025124746761744576,65335.85376327112,0.014960056258272379,0.0,0.0,0.3082565334890622,0.0,0.0234375,235834.03015316938,2085232.5602794765,0.4146354973239003,0.02015743509778332,568774.3371594236,103447316.09771056,0.984375,0.028645833333333332,0.046875,0.0026041666666666665
core_dr192,1.5,289,384,2200.0,0.002188222487559182,8.140341820604106e-07,0.0005,3997.9330682954096,4338215.894125386,18155.57579742105,2302869.8064106894,156.04150831838353,567.6283996376883,320.6448293246457,114576.42540336367,15.152636146789007,0.03125,0.010416666666666666,18155.57579742105,64.76701769205013,1303.1366029170968,2179797.3449704936,3.430091306814949e-05,0.0,0.10023008692653615,0.00024006844869979983,75268.51605667899,0.0173131698509348,0.0,0.0,1.0,0.0,0.020833333333333332,294251.55331845616,2179797.3449704936,0.40969199158407277,0.015167051753359214,718226.2757461611,143719252.7867329,0.984375,0.028645833333333332,0.041666666666666664,0.9973958333333333
core_dr192,1.5,289,384,2205.0,0.002191729,2.7081177171768556e-07,0.0005,3997.867008681341,4382080.748304165,18719.970765112637,2421790.697736419,157.16484647326286,574.0957647788557,324.3396094941164,118189.34690580606,15.6304419847761,0.03125,0.010416666666666666,18719.970765112637,64.76211738981841,1374.140693143745,2203043.5442084977,4.2161990514480467e-05,0.0,0.03372863396556439,7.986564122080609e-05,77501.90669980488,0.017730411439635,0.0,0.0,1.0,0.0,0.020833333333333332,305596.76261642505,2203043.5442084977,0.4086395880307923,0.014795303383306617,747839.346865721,148901545.79014367,0.984375,0.028645833333333332,0.041666666666666664,0.9973958333333333
core_dr192,2.0,385,384,0.0,0.0,0.0,0.0005,4008.105579707902,777074.0694439998,3265.5882935410696,0.0,0.0,0.0,0.0,7561.484634978418,1.0,0.0,0.08333333333333333,3265.5882935410696,64.94519473172839,0.0,0.4232395925646415,9.407585821463726e-12,0.0,0.0,0.0,0.0,0.0,0.0,0.0,0.0,0.0,0.0,0.4232395925646415,0.0,3.488209704685288e-05,0.0,12133.433147558622,0.0,0.9166666666666666,0.0,0.16666666666666666,0.0
core_dr192,2.0,385,384,25.0,2.5000000000000008e-05,1e-06,0.0005,4008.084654746197,777611.8490085753,3258.57446835282,5386.380997908131,3.8918906952154435,9.55603776016783,7.783781390430887,7565.795639972706,1.000570126794194,0.0,0.08333333333333333,3258.57446835282,64.9449946137546,0.4818717491974098,2.8594548734254204,1.3096723705530167e-10,0.0,0.0029889720539254608,0.00029491200000000004,523.166267001541,0.0009210680802475945,0.0,0.0,0.006383240015064282,0.0,0.8072916666666666,0.4116510917956475,2.8594548734254204,3.399511884979218e-05,0.00010217034642211356,12109.123477830231,27987.131037137457,0.0859375,0.03125,0.16666666666666666,0.0
core_dr192,2.0,385,384,50.0,4.9999999999999955e-05,1e-06,0.0005,4008.060736567526,779236.2831242417,3237.850370750045,10731.073709002761,7.763648961560951,19.06988094434901,15.527297923121901,7578.877999720711,1.0023002578966878,0.0,0.0859375,3237.8503707500445,64.94470568663458,0.9569192041675478,5.626693242578767,2.510205376893282e-10,0.0,0.0059624824024788105,0.00029491200000000004,1042.6008609588184,0.0009178193113014752,0.0,0.0,0.007174051111104907,0.0,0.19270833333333331,0.37878215656382963,5.626693242578767,3.1462085110693515e-05,0.00010099203644598562,12039.321463633285,55714.226988462964,0.09114583333333333,0.96875,0.16666666666666666,0.0
core_dr192,2.0,385,384,75.0,7.499999999999989e-05,1e-06,0.0005,4008.0338228255514,781938.0937836976,3203.758167576801,15993.515300061394,11.595600516209139,28.50041845027771,23.191201032418277,7600.676939588597,1.0051831494081043,0.0,0.0859375,3203.7581675768006,64.94409031650585,1.4185871189733916,8.22769643861102,3.838067641481757e-10,0.0,0.008905421196448618,0.00029491200000000004,1554.6908826294623,0.0009124560610879269,0.0,0.0,0.009503019093961229,0.0,0.8072916666666666,0.33143949176883325,8.22769643861102,2.7797884391459024e-05,9.921572579706182e-05,11923.191243671368,82927.3421376783,0.10677083333333333,0.033854166666666664,0.16666666666666666,0.0
core_dr192,2.0,385,384,100.0,9.999999999999982e-05,1e-06,0.0005,4008.00392783485,785702.2302259873,3156.932948208922,21134.888594769887,15.368884707985183,37.807997524105375,30.737769415970366,7631.102596146857,1.0092069169652735,0.0,0.0859375,3156.9329482089215,64.94274917684226,1.860799679096317,10.619900460122153,5.093170329928398e-10,0.0,0.011803303455732621,0.00029491200000000004,2056.0167141685997,0.0009050508521030076,0.0,0.0,0.023982248490951295,0.0,0.8072916666666666,0.28959574839973357,10.619900460122153,2.4602630666339524e-05,9.708976479739492e-05,11770.926139046933,109382.28640561196,0.140625,0.033854166666666664,0.16666666666666666,0.0
core_dr192,2.0,385,384,125.0,0.00012499999999999976,1e-06,0.0005,4007.971082746158,790508.3430722962,3098.2265293783253,26118.869982709508,19.065816512931164,46.955091194933026,38.13163302586233,7670.0308819114125,1.0143551501025174,0.0,0.0859375,3098.226529378325,64.94011633181266,2.278153670235497,12.738914447952993,6.075424607843161e-10,0.0,0.014642547081931133,0.00029491200000000004,2543.43606361827,0.0008956992089648267,0.0,0.0,0.011652318851991703,0.0,0.19270833333333331,0.2611178882798413,12.738914447952993,2.2537633893004586e-05,9.446766229065406e-05,11585.860766018086,134849.47270906786,0.16666666666666666,0.03645833333333333,0.16666666666666666,0.0
core_dr192,2.0,385,384,150.0,0.0001499999999999997,1e-06,0.0005,4007.935335623576,796331.4087726925,3028.6710368041054,30912.253271202528,22.670199051206684,55.90689795581522,45.34039810241337,7717.304691146712,1.0206070717180975,0.0,0.0859375,3028.671036804105,64.93545235383206,2.666062689352657,14.667928332695737,6.293703336268663e-10,0.0,0.017410712871326735,0.00029491200000000004,3014.1543345913637,0.0008845143258777761,0.0,0.0,0.0026608256765065677,0.0,0.8046875,0.24093957978766412,14.667928332695737,2.117620347376965e-05,9.218230550838357e-05,11377.84589603651,159118.69693215424,0.8151041666666666,0.03645833333333333,0.16666666666666666,0.0
core_dr192,2.0,385,384,175.0,0.00017499999999999962,1e-06,0.0005,4007.8967513405523,803142.4694865884,2949.5269932057336,35495.187317555756,26.170611019566127,64.63185688499271,52.341222039132255,7772.735444897848,1.027937742403418,0.0,0.08854166666666666,2949.5269932057336,64.92871971676004,3.0208455502556717,16.44069157121703,7.639755494892597e-10,0.0,0.020099029263026785,0.00029491200000000004,3465.7785854768917,0.0008716210443778257,0.0,0.0,0.003148032883219954,0.0625,0.8046875,0.22575880949443672,16.44069157121703,2.0238012075149252e-05,9.02080546661309e-05,11155.18701422515,182253.03308075632,0.8020833333333333,0.0390625,0.16666666666666666,0.0
core_dr192,2.0,385,384,200.0,0.00019999999999999955,1e-06,0.0005,4007.8554112148618,810909.4486534406,2862.7826454131177,39880.1349125677,29.555953505208013,73.10600345559531,59.111907010416026,7836.1049709248,1.03631830906275,0.0,0.08854166666666666,2862.7826454131177,64.93769119455155,3.3397579789668725,18.19245061883703,8.731149137020111e-10,0.0,0.022698972291999752,0.00029491200000000004,3896.3535949321795,0.000857149613759581,0.0,0.0,0.03359882651941687,0.0,0.1953125,0.2137430827060598,18.19245061883703,1.9565088459902784e-05,8.911967007352562e-05,10924.718441427474,204135.0759470706,0.7916666666666666,0.9583333333333333,0.16666666666666666,0.0
core_dr192,2.0,385,384,225.0,0.00022499999999999948,1e-06,0.0005,4007.811412318408,819598.0006726056,2769.556859532937,44016.814925678314,32.813679302977874,81.33406232414046,65.62735860595575,7907.167710420794,1.0457162967498859,0.0,0.09114583333333333,2769.556859532937,64.94456736558888,3.620972021016769,20.07927578757517,1.025910023599863e-09,0.0,0.025200905704687006,0.00029491200000000004,4304.379803120655,0.0008412296745727645,0.0,0.0,0.002227882455594599,0.0,0.9609375,0.20387678693805356,20.07927578757517,1.9068111834520866e-05,8.943605278180059e-05,10692.028067978681,224509.86110224575,0.78125,0.9557291666666666,0.16666666666666666,0.0
core_dr192,2.0,385,384,250.0,0.00024999999999999957,1e-06,0.0005,4007.764866422385,829172.354250827,2672.239203540319,47888.343294379854,35.941701487433335,89.27367462459422,71.88340297486667,7985.653238286159,1.0560959419722409,0.0,0.09375,2672.239203540319,64.94801291592036,3.8635116286804987,22.24474596977234,1.1423253454267979e-09,0.0,0.0276032267423488,0.00029491200000000004,4688.8140272368555,0.0008239848299032,0.0,0.0,0.0035231652867569953,0.10416666666666666,0.19791666666666666,0.19551485812553437,22.24474596977234,1.8688129567846626e-05,9.143493328025128e-05,10461.981088889836,243284.98060573207,0.2265625,0.046875,0.16666666666666666,0.0
core_dr192,2.0,385,384,275.0,0.0002750000000000002,1e-06,0.0005,4007.71589856797,839596.1127668644,2574.558416050313,51481.635535497764,38.93363548336727,96.90914828938102,77.86727096673454,8071.269077397306,1.067418564875566,0.0,0.1015625,2574.558416050313,64.94648151053642,4.067155315045056,24.793904084013775,1.280568540096283e-09,0.0,0.029901032051226063,0.00029491200000000004,5049.054764330993,0.0008055280651296244,0.0,0.0,0.015535601834787536,0.10416666666666666,0.19791666666666666,0.23165888483345043,24.793904084013775,2.262898550224158e-05,9.513944725527649e-05,10237.26338993424,260605.92949932965,0.921875,0.049479166666666664,0.16666666666666666,0.0
core_dr192,2.0,385,384,300.0,0.0003000000000000008,1e-06,0.0005,4007.664645282586,850832.9809043152,2481.1697561507785,54787.51998716902,41.7849225086121,104.2287718465229,83.5698450172242,8163.703779967114,1.0796429767512732,0.0,0.109375,2481.1697561507785,64.93819805119817,4.232317539624091,27.77593713020906,1.6298145055770874e-09,0.0,0.03209082048661409,0.00029491200000000004,5384.914543516524,0.0007859581624595756,0.0,0.0,0.009486072292743447,0.11458333333333333,0.8020833333333333,0.25999148124537896,27.77593713020906,2.5946869508380514e-05,0.00010049890350987764,10020.148332784614,276380.4992905129,0.08072916666666666,0.9479166666666666,0.16666666666666666,0.0
core_dr192,2.0,385,384,325.0,0.0003250000000000014,1e-06,0.0005,4007.611252488026,862847.3941387791,2395.576847662688,57800.854249488875,44.50115924148802,111.22473882301665,89.00231848297604,8262.630241046034,1.0927259182441778,0.0,0.11979166666666666,2395.5768476626877,64.93433621591853,4.359919877188531,31.177477742079645,1.775333657860756e-09,0.0,0.0341768902974628,0.00029491200000000004,5696.582161868049,0.000765357148076103,0.0,0.0,0.024252342931253577,0.0,0.7994791666666666,0.2773770539351972,31.177477742079645,2.826880965140421e-05,0.00010731476319054542,9812.123586230271,290523.6597011512,0.08333333333333333,0.0546875,0.16666666666666666,0.0
core_dr192,2.0,385,384,350.0,0.000350000000000002,1e-06,0.0005,4007.555873166393,875605.0357078875,2318.68820633472,60549.69424513262,47.074895331891014,117.89299668630022,94.14979066378203,8367.709200846792,1.1066225225320019,0.0,0.12760416666666666,2318.68820633472,64.94576320519911,4.4512614284940355,35.03133256919682,1.5788828022778034e-09,0.0,0.0361535196148923,0.00029491200000000004,5984.577754465215,0.0007437887201269729,0.0,0.0,0.01982601458088958,0.0,0.9583333333333333,0.3452966131080757,35.03133256919682,3.591336173854148e-05,0.0001154922204036765,9614.711527757383,303322.0111861462,0.9765625,0.9453125,0.16666666666666666,0.0
core_dr192,2.0,385,384,375.0,0.0003750000000000026,1e-06,0.0005,4007.498664861632,889073.2337480829,2249.730527696665,63120.886379489726,49.51869444985722,124.23303114234234,99.03738889971444,8478.59288432936,1.1212867966574345,0.0,0.1328125,2249.730527696665,64.94808825461469,4.507895811827893,39.40008455934003,2.0372681319713593e-09,0.0,0.03803035733749035,0.00029491200000000004,6249.703551611112,0.0007212975422915543,0.0,0.0,0.1531717916696509,0.0,0.9583333333333333,0.4326376960671041,39.40008455934003,4.588635685897788e-05,0.00012518437453804972,9428.460345996209,314736.4413868154,0.9765625,0.057291666666666664,0.16666666666666666,0.0
core_dr192,2.0,385,384,400.0,0.0004000000000000032,1e-06,0.0005,4007.4397870982475,903221.2387536825,2187.709031870051,65419.16456986686,51.825520491093734,130.3126813490762,103.65104098218747,8594.928718825242,1.1366721131808228,0.0,0.140625,2187.709031870051,64.93876950891242,4.531519832567483,44.007963608019054,2.0445440895855427e-09,0.0,0.03980199973715999,0.00029491200000000004,6492.992918508036,0.0006979092522418364,0.0,0.0,0.020655442439556478,0.0,0.041666666666666664,0.5351560925264494,44.007963608019054,5.784172876090963e-05,0.00013551963391491935,9252.076381370476,324734.9652349837,0.9765625,0.05989583333333333,0.16666666666666666,0.0
core_dr192,2.0,385,384,425.0,0.0004250000000000038,1e-06,0.0005,4007.3793987959643,918020.3879459727,2131.6302122504167,67451.54452111443,54.00978849952788,136.08390783853696,108.01957699905576,8716.363063884215,1.1527317034492781,0.0,0.14583333333333331,2131.6302122504167,64.93243976342085,4.523876860702785,49.01794356107712,1.877197064459324e-09,0.0,0.04147951756763741,0.00029491200000000004,6715.659909301705,0.0006736310238755343,0.0,0.0,0.03004525549959446,0.0,0.20572916666666666,0.6558261194077204,49.01794356107712,7.21764561299635e-05,0.0001469043660459156,9086.42727244486,333672.47604987,0.9765625,0.05989583333333333,0.16666666666666666,0.0
core_dr192,2.0,385,384,450.0,0.00045000000000000443,1e-06,0.0005,4007.31765575125,933444.168238047,2080.625308551863,69228.40149501468,56.067793853282105,141.54702845413283,112.13558770656421,8842.54488244202,1.1694191431055203,0.0,0.15104166666666666,2080.625308551863,64.94481793762135,4.486676228769284,54.38345566461794,2.1973391994833946e-09,0.0,0.04306006567932066,0.00029491200000000004,6919.051148002311,0.0006484525309607938,0.0,0.0,0.014798506381140754,0.0,0.20833333333333331,0.7977323451268603,54.38345566461794,8.932692292563632e-05,0.0001592103830714338,8930.480520312602,341582.34290672746,0.9765625,0.0625,0.16666666666666666,0.0
core_dr192,2.0,385,384,475.0,0.00047500000000000504,1e-06,0.0005,4007.254708245908,949468.1931085929,2045.8974711744022,70777.50530282137,58.01171427901235,146.7109951959065,116.0234285580247,8973.129279235094,1.1866888200402599,0.0,0.04427083333333333,2045.8974711744022,64.94167954698315,4.421808901995519,59.85255399718881,1.9354047253727913e-09,0.0,0.044552996566281484,0.00029491200000000004,7104.601414241207,0.0006223866258185831,0.0,0.9947916666666666,0.024626171357921983,0.0,0.7916666666666666,0.9640708234146587,59.85255399718881,0.00010967861730608422,0.00017169227216687916,8789.961499279209,348603.65723982104,0.0234375,0.020833333333333332,0.16666666666666666,0.0
core_dr192,2.0,385,384,500.0,0.0005,9.999999999943865e-07,0.0005,4007.190698831231,966070.1108587843,2034.8894680134315,72245.73333469253,59.843001162747896,151.58664110188684,119.68600232549579,9107.780831453827,1.2044963748682962,0.0,0.04427083333333333,2034.8894680134315,64.91953056952035,4.380442525839953,75.25493957754225,2.168235369026661e-09,0.0,0.04595942489273239,0.0002949119999983445,7273.793893128775,0.0006022225251636508,0.0,0.9869791666666666,0.02322156943234025,0.0,0.7890625,1.1581844952015672,75.25493957754225,0.00013378687865749268,0.00021210825400812613,8656.9363664327,354794.96038216003,0.0234375,0.9765625,0.16666666666666666,0.0
core_dr192,2.0,385,384,525.0,0.0005250000000000006,1e-06,0.0005,4007.125760324908,983229.4625352026,2028.0827139750966,73503.12766798722,61.569170092015504,156.18635168980796,123.13834018403101,9246.176638156456,1.2227991042109478,0.0,0.04427083333333333,2028.0827139750966,64.9375984742565,4.392752019569343,92.86285345070064,2.0081643015146255e-09,0.0,0.047285122630667906,0.00029491200000000004,7428.125667204489,0.0005913674884316433,0.0,0.018229166666666664,0.021575522943180946,0.0,0.2109375,1.3836300263283192,92.86285345070064,0.00016221899724825785,0.0002577116006846301,8529.395753882203,360336.3341192384,0.0234375,0.9765625,0.16666666666666666,0.0
core_dr192,2.0,385,384,550.0,0.0005500000000000012,1e-06,0.0005,4007.06001404792,1000927.507449292,2025.0319846785474,74565.6316657155,63.19719743270199,160.52374097659532,126.39439486540398,9388.009019067407,1.2415563176098687,0.0,0.04427083333333333,2025.0319846785474,64.937052956955,4.447280368955944,112.82875559991226,2.6338966563344e-09,0.0,0.04853544762831513,0.00029491200000000004,7569.078698034463,0.0005875590076914926,0.0,0.0234375,0.03609229292229293,0.0,0.7864583333333333,1.6511576059492654,112.82875559991226,0.00019619229860707413,0.00030876892609412604,8416.016416914183,365414.8655020979,0.026041666666666664,0.9739583333333333,0.16666666666666666,0.0
core_dr192,2.0,385,384,575.0,0.0005750000000000018,1e-06,0.0005,4006.9935683204285,1019147.0329451424,2025.2450576889014,75450.05207370337,64.72940756224776,164.64534163062288,129.45881512449552,9532.987800031318,1.2607296397764256,0.0,0.04427083333333333,2025.2450576889014,64.91181700667421,4.544698639714625,136.47195881791413,2.35741026699543e-09,0.0,0.049712185007806275,0.00029491200000000004,7698.096272248613,0.0005903665632369545,0.0,0.026041666666666664,0.03501598665812507,0.0,0.04427083333333333,1.9644429705367656,136.47195881791413,0.0002364365053955113,0.0003668197643289484,8308.543417399283,372040.9097028149,0.026041666666666664,0.9739583333333333,0.16666666666666666,0.0
core_dr192,2.0,385,384,600.0,0.0006000000000000024,1e-06,0.0005,4006.9265172289242,1037872.1631111089,2028.2134196461755,76193.73252924962,66.17712478894356,168.55628477304413,132.35424957788712,9680.842131411557,1.280283251073377,0.0,0.04427083333333333,2028.2134196461739,64.93047361722755,4.672367322917125,163.1856516979169,3.1141098588705063e-09,0.0,0.05082403183790865,0.00029491200000000004,7816.564673442543,0.0005977520199880005,0.0,0.028645833333333332,0.20570767585660857,0.0,0.9557291666666666,2.32534574418969,163.1856516979169,0.00028324177306305313,0.00042712511445914614,8209.75564106513,382055.8571100491,0.026041666666666664,0.9739583333333333,0.16666666666666666,0.0
core_dr192,2.0,385,384,625.0,0.000625000000000003,1e-06,0.0005,4006.8589396715715,1057088.178738414,2033.4374277728498,76917.0123812078,67.53879188386813,172.24344420544764,135.07758376773626,9831.321796797325,1.3001840605902897,0.0,0.04427083333333333,2033.4374277728475,64.93103206425508,4.834091071077637,193.31254214979708,2.86672729998827e-09,0.0,0.05186979216681072,0.00029491200000000004,7925.79968530724,0.0006099184010465243,0.0,0.028645833333333332,0.06981410889828696,0.0,0.04427083333333333,2.7396393781455117,193.31254214979708,0.00033749800209829255,0.0004903574692417824,8117.498062544448,394227.79151035985,0.026041666666666664,0.026041666666666664,0.16666666666666666,0.0
core_dr192,2.0,385,384,650.0,0.0006500000000000037,1e-06,0.0005,4006.7908986839734,1076781.358218332,2040.4450748181093,77504.67663963775,68.82745979648115,175.72108753806737,137.6549195929623,9984.197982066213,1.3204018078514166,0.0,0.04427083333333333,2040.4450748181073,64.90651419621484,5.022612703637606,228.12323001818731,3.3178366720676422e-09,0.0,0.05285948912369752,0.00029491200000000004,8027.037427750311,0.0006257118829761409,0.0,0.96875,0.05123385784513562,0.0,0.78125,3.2251893156644655,228.12323001818731,0.000401471509525265,0.0005584269175970314,8033.420153470444,408510.44752610615,0.9713541666666666,0.9713541666666666,0.16666666666666666,0.0
core_dr192,2.0,385,384,675.0,0.0006750000000000043,1e-06,0.0005,4006.7224410432814,1096938.8464226236,2048.80446551997,77971.04870122507,70.04060343432458,179.00346129664925,140.08120686864916,10139.263488581491,1.3409090910108594,0.0,0.04427083333333333,2048.80446551997,64.93196645156941,5.223206088573534,267.7791408514604,3.128661774098873e-09,0.0,0.05379118343756128,0.00029491200000000004,8121.428969973616,0.0006431388008052112,0.0,0.033854166666666664,0.024886381616045835,0.0,0.78125,3.7867275724493084,267.7791408514604,0.0004760430828889575,0.0006320881076443234,7954.590054053166,423642.11193503416,0.9713541666666666,0.028645833333333332,0.16666666666666666,0.0
core_dr192,2.0,385,384,700.0,0.0007000000000000049,1e-06,0.0005,4006.6535971442095,1117548.5560759513,2058.130768879607,78329.45650343594,71.1891539513351,182.1045892872107,142.3783079026702,10296.332388449744,1.36168132126068,0.0,0.04427083333333333,2058.130768879607,64.92327346999366,5.45726695853682,312.429132476449,3.3760443329811096e-09,0.0,0.05467327023462536,0.00029491200000000004,8210.038144779879,0.0006647066508462776,0.0,0.9661458333333333,0.05691852213066845,0.22916666666666666,0.19791666666666666,4.4286181039205985,312.429132476449,0.0005617979305289011,0.0007096237632342014,7882.937731278762,440274.3378442023,0.9713541666666666,0.028645833333333332,0.16666666666666666,0.0
core_dr192,2.0,385,384,725.0,0.0007250000000000055,1e-06,0.0005,4006.5843811359855,1138599.103812862,2068.088743348091,78592.05663140531,72.27381396429774,185.0380932257623,144.5476279285955,10455.239133653962,1.3826966050144995,0.0,0.04427083333333333,2068.088743348091,64.9153120017582,5.695476802314261,362.7044724728912,3.1723175197839737e-09,0.0,0.055506289124580666,0.00029491200000000004,8293.84199875887,0.0006867115147800693,0.0,0.9635416666666666,0.03536399056420202,0.0,0.22135416666666666,5.162081194452185,362.7044724728912,0.0006604145754807622,0.0007918214464172068,7816.425297237485,458063.46129425755,0.9713541666666666,0.9713541666666666,0.16666666666666666,0.0
core_dr192,2.0,385,384,750.0,0.0007500000000000061,1e-06,0.0005,4006.514791304571,1160079.7810898188,2078.3920025749503,78859.29058901915,73.29859909899571,187.8170359765217,146.59719819799142,10615.837143853085,1.4039355571451722,0.0,0.04427083333333333,2078.392002574948,64.92962904939058,5.966646926316571,419.34728349465877,3.7107383832335472e-09,0.0,0.0562933241080287,0.00029491200000000004,8373.733345647264,0.0007125432205717517,0.0,0.9635416666666666,0.025907313677970972,0.0,0.7760416666666666,6.000575870646571,419.34728349465877,0.0007737552743462909,0.0008791930883544763,7755.13404508444,476968.3577466714,0.028645833333333332,0.9713541666666666,0.16666666666666666,0.0
core_dr192,2.0,385,384,775.0,0.0007750000000000067,1e-06,0.0005,4006.4448106797695,1181980.5584385649,2088.8000893151807,79072.59964437061,74.27257047376114,190.45378715227127,148.54514094752227,10777.996909105565,1.425381050071568,0.0,0.04427083333333333,2088.8000893151757,64.90059173005614,6.235446161198524,484.41511332336813,3.41970007866621e-09,0.0,0.05704133412384855,0.00029491200000000004,8450.524937926446,0.0007378767836319233,0.0,0.03645833333333333,0.09339378308090562,0.0,0.7760416666666666,6.975855560776836,484.41511332336813,0.0009062873934906953,0.0009749279389003191,7697.17819190702,496872.73694276274,0.03125,0.96875,0.16666666666666666,0.0
core_dr192,2.0,385,384,800.0,0.0008000000000000073,1e-06,0.0005,4006.3744078423697,1204292.1202194514,2099.13342439278,79368.75828648556,75.18811399574423,192.95991030550314,150.37622799148846,10941.603653244922,1.4470179047419502,0.005208333333333333,0.04427083333333333,2099.1334243927786,64.92185490339179,6.536113862400271,557.8206106703728,4.16184775531292e-09,0.0,0.057744471548731566,0.00029491200000000004,8524.954828445927,0.0007667036358469226,0.0,0.9609375,0.031366186302614,0.0,0.953125,8.094717097716057,557.8206106703728,0.001058832466184471,0.0010773121242206563,7644.946066761222,517789.2257305733,0.03125,0.96875,0.16666666666666666,0.0
core_dr192,2.0,385,384,825.0,0.0008250000000000079,1e-06,0.0005,4006.3035379025027,1227005.9260609944,2110.338585817684,79774.45510292372,76.06615761888692,195.34607049074583,152.13231523777384,11106.554610765586,1.4688325305044128,0.020833333333333332,0.04427083333333333,2110.338585817683,64.91460799221,6.847412766077468,640.7182946274988,4.351022653281689e-09,0.0,0.05841880905130516,0.00029491200000000004,8597.692554487592,0.0007964244735063758,0.0,0.0390625,0.07700651497739532,0.0,0.2265625,9.378421187699132,640.7182946274988,0.0011693134839215076,0.0011870297038808735,8020.45073169504,539766.0164128456,0.03125,0.96875,0.16666666666666666,0.0
core_dr192,2.0,385,384,850.0,0.0008500000000000085,1e-06,0.0005,4006.232143617232,1250114.2945382113,2122.946357407254,80347.47579663477,76.89415346461445,197.62196061531705,153.7883069292289,11274.37769190238,1.4910269922058181,0.026041666666666664,0.04427083333333333,2122.9463574072533,64.90091243555247,7.159726462517938,734.5195134831592,4.292814992368221e-09,0.0,0.059054709860823895,0.00029491200000000004,8669.345837319725,0.0008258669796856886,0.0,0.0390625,0.07105303151889561,0.0,0.046875,10.855046815871901,734.5195134831592,0.0012613043950508009,0.0013050206162327706,8606.207080912216,562841.3102035979,0.03125,0.03125,0.16145833333333331,0.0
core_dr192,2.0,385,384,875.0,0.0008750000000000091,1e-06,0.0005,4006.160156613193,1273610.5043199207,2136.853533583906,81022.18092808196,77.67925950840767,199.79624472199936,155.35851901681534,11446.045255998391,1.513729883553623,0.03125,0.04427083333333333,2136.8535335839047,64.91750179446251,7.503622743076448,840.9044215246104,5.034962669014931e-09,0.0,0.05965767130245709,0.00029491200000000004,8740.467548128754,0.0008584921460732267,0.0,0.9583333333333333,0.13534443955923414,0.0,0.046875,12.55864604091039,840.9044215246104,0.0013650317378370636,0.0014324369254827285,9200.259373316818,587044.6415930162,0.03125,0.03125,0.16145833333333331,0.0
core_dr192,2.0,385,384,900.0,0.0009000000000000097,1e-06,0.0005,4006.0874986791096,1297488.90796941,2152.614474627833,81808.16483767043,78.4320134494294,201.94547994701708,156.8640268988588,11619.430068321488,1.5366598795389408,0.041666666666666664,0.041666666666666664,2152.614474627833,64.87583962475554,7.864472193841721,961.8772060191259,5.951733328402042e-09,0.0,0.06023578632916178,0.00029491200000000004,8815.04731810526,0.0008921644898818468,0.0,0.041666666666666664,0.5247393159810976,0.0,0.953125,14.530572606345231,961.8772060191259,0.0014835082670733072,0.001570673266690391,9794.736523451546,612398.0247310912,0.03125,0.03125,0.16145833333333331,0.0
core_dr192,2.0,385,384,925.0,0.0009250000000000103,1e-06,0.0005,4006.0140830931396,1321745.0537748418,2170.6534584417177,82755.84848082824,79.14379654872448,204.03874791621035,158.28759309744896,11794.477205987605,1.559809716656426,0.046875,0.041666666666666664,2170.6534584417177,64.90985000716655,8.230803428566105,1099.8328091371804,5.9371814131736755e-09,0.0,0.060782435749420397,0.00029491200000000004,8897.742652505425,0.0009250439971140856,0.0,0.041666666666666664,0.3943486971712863,0.0,0.953125,16.821112139245088,1099.8328091371804,0.0016189822703367221,0.0017214026246502613,10389.929801854203,638916.6563288087,0.03125,0.03125,0.16145833333333331,0.0
core_dr192,2.0,385,384,950.0,0.000950000000000011,1e-06,0.0005,4005.939815951228,1346375.8113746822,2190.6492256919432,83792.58506003101,79.82026138813089,206.06512142967105,159.64052277626178,11971.124518642382,1.5831711755738493,0.046875,0.041666666666666664,2190.6492256919432,64.89024134975045,8.603799742255433,1257.6374568748288,6.104528438299894e-09,0.0,0.061301960746084516,0.00029491200000000004,8987.029400279322,0.0009573574714229846,0.0,0.041666666666666664,0.164748285640141,0.0,0.953125,19.491482468270988,1257.6374568748288,0.0017705659909703396,0.0018866192781166694,11008.616774339425,666609.0352528752,0.03125,0.96875,0.16145833333333331,0.0
core_dr192,2.0,385,384,975.0,0.0009750000000000116,1e-06,0.0005,4005.8645974650153,1371379.497488741,2211.30712305182,84943.99597339393,80.47248071268477,208.02905218239897,160.94496142536954,12149.298682464008,1.6067345592772846,0.046875,0.041666666666666664,2211.30712305182,64.89167160904103,9.014447609233684,1438.7256352035329,6.679329089820385e-09,0.0,0.061802865187341904,0.00029491200000000004,9086.131931017058,0.0009921105788109166,0.0,0.04427083333333333,0.11352848359590816,0.0,0.046875,22.61628781266336,1438.7256352035329,0.0019449867563986446,0.002068690752237192,11627.990647370723,695476.4184292015,0.03125,0.96875,0.16145833333333331,0.0
core_dr192,2.0,385,384,1000.0,0.001,9.99999999990375e-07,0.0005,4005.788323200913,1396755.9987280562,2233.3317178601696,86204.28052954793,81.09165648879495,209.93384074981336,162.1833129775899,12334.779881993747,1.6312642923235872,0.05208333333333333,0.041666666666666664,2233.3317178601687,64.89656339338396,9.446428527542594,1647.2170213549398,7.610651664435863e-09,0.0,0.06227839218279509,0.0002949119999971615,9190.651430545677,0.001027830137931989,0.0,0.04427083333333333,0.09220219024836981,0.0,0.046875,26.28652864666219,1647.2170213549398,0.002144827185069882,0.0022704214544232077,12255.77931389644,725511.5644480241,0.03125,0.03125,0.15625,0.0
core_dr192,2.0,385,384,1025.0,0.001024999999999998,1e-06,0.0005,4005.7108852356823,1422506.8892008346,2257.1564332154194,87639.56575222229,81.68023367677867,211.78470646966312,163.36046735355734,12524.357002330511,1.6563357074607423,0.05208333333333333,0.041666666666666664,2257.1564332154157,64.86241788890386,9.890936086963848,1888.0581791452132,7.057678885757923e-09,0.0,0.06273041946376602,0.00029491200000000004,9305.32158876531,0.001062933289581907,0.0,0.9557291666666666,0.08155128263137866,0.0,0.953125,30.613289801032806,1888.0581791452132,0.0023749543977640056,0.002495131810245331,12890.053733181107,756696.7690414607,0.03125,0.03125,0.15625,0.0
core_dr192,2.0,385,384,1050.0,0.0010499999999999958,1e-06,0.0005,4005.632173208039,1448635.5414242095,2282.5988927728904,89156.22860306907,82.24619878796881,213.75090126981368,164.49239757593762,12716.015186773617,1.6816823415802538,0.057291666666666664,0.0390625,2282.5988927728904,64.89461059913795,10.349726588836347,2168.466263160808,7.465132512152195e-09,0.0,0.06316508066916005,0.00029491200000000004,9424.568163253982,0.001098164542879484,0.0,0.9557291666666666,0.0761810690505874,0.0,0.953125,35.7322554391867,2168.466263160808,0.0026408786889169406,0.002744327634732299,13530.441814364814,790163.0387409395,0.96875,0.028645833333333332,0.15625,0.0
core_dr192,2.0,385,384,1075.0,0.0010749999999999937,1e-06,0.0005,4005.5520752500856,1475147.2298655782,2310.960230859465,90758.99408353474,82.79110866697518,215.6781003235402,165.58221733395035,12909.625430299107,1.7072871338759195,0.057291666666666664,0.0390625,2310.960230859465,64.84586358215314,10.82470779356845,2498.5561296120286,8.265487849712372e-09,0.0,0.06358357145623694,0.00029491200000000004,9554.60759476383,0.0011329306500772118,0.0,0.04427083333333333,0.07408296302255381,0.0,0.953125,41.80923558340146,2498.5561296120286,0.00294883242571551,0.003023662341780454,14178.233804946307,826334.3744066271,0.96875,0.028645833333333332,0.15625,0.0
core_dr192,2.0,385,384,1100.0,0.0010999999999999916,1e-06,0.0005,4005.4704787865976,1502049.2272485057,2340.597910146288,92452.54996168944,83.31124706857929,217.56538635482082,166.62249413715858,13116.325832079192,1.7346230886200336,0.057291666666666664,0.0390625,2340.597910146288,64.88365082894796,11.326724620346795,2884.812937055016,9.38598532229662e-09,0.0,0.0639830377486689,0.00029491200000000004,9693.602786074933,0.0011684741855337705,0.0,0.046875,0.13018840308603385,0.0,0.234375,49.0962734838904,2884.812937055016,0.0033095727775203374,0.003338676560662896,14834.625730960739,864058.822302402,0.9713541666666666,0.028645833333333332,0.15104166666666666,0.0
core_dr192,2.0,385,384,1125.0,0.0011249999999999895,1e-06,0.0005,4005.3872711943295,1529350.8945500697,2371.5931863851247,94383.0249996953,83.8084527423839,219.41071099950003,167.6169054847678,13325.768992554586,1.7623217709008303,0.057291666666666664,0.0390625,2371.5931863851247,64.85920327845524,11.876528280407001,3338.102413991466,1.0652001947164536e-08,0.0,0.06436489170615084,0.00029491200000000004,9839.066316337567,0.0012070787916823237,0.0,0.046875,0.07712949062503575,0.0,0.953125,57.84935588038206,3338.102413991466,0.003732062112888378,0.0036932482647830953,15500.64123547246,903839.161266759,0.9713541666666666,0.028645833333333332,0.15104166666666666,0.0
core_dr192,2.0,385,384,1150.0,0.0011499999999999874,1e-06,0.0005,4005.302340317107,1557063.766375954,2404.032554252893,96427.30165512825,84.28443703066947,221.42944285395055,168.56887406133893,13537.657496329668,1.7903438477817268,0.057291666666666664,0.0390625,2404.032554252893,64.86236517906723,12.450015437079855,3871.498127480736,1.1583324521780014e-08,0.0,0.06473044763955414,0.00029491200000000004,9991.550378364787,0.0012460544125402707,0.0,0.046875,0.08232932588143588,0.0,0.953125,68.35445029681432,3871.498127480736,0.004225393306460195,0.004091256355649647,16177.062190236196,946285.8816301147,0.9713541666666666,0.9713541666666666,0.15104166666666666,0.0
core_dr192,2.0,385,384,1175.0,0.0011749999999999853,1e-06,0.0005,4005.2155748357677,1585201.6341199388,2438.0072255247683,98579.14506048929,84.74641563263037,223.43852618333278,169.49283126526075,13765.580900398996,1.8204865267756092,0.057291666666666664,0.0390625,2438.0072255247683,64.8668205996722,13.049767923677791,4500.704215316568,1.1976226232945919e-08,0.0,0.06508524720586012,0.00029491200000000004,10154.251807320614,0.001285153073933983,0.0,0.046875,0.09083546771525348,0.0,0.953125,80.99307239114569,4500.704215316568,0.004799089103275007,0.0045338015156371715,16876.759453345883,992699.878853,0.9713541666666666,0.9713541666666666,0.14583333333333331,0.0
core_dr192,2.0,385,384,1200.0,0.0011999999999999832,1e-06,0.0005,4005.126864494653,1613780.62999426,2476.033166886647,100842.17526199714,85.19214954542089,225.41325386057818,170.38429909084178,13997.561623814137,1.8511657828494799,0.0625,0.03645833333333333,2476.0331668866443,64.82876968094978,13.678649654289984,5244.558399410918,1.3882527127861977e-08,0.0,0.06542757085088324,0.00029491200000000004,10330.7193077681,0.0013240752407244706,0.0,0.046875,0.10432216671294775,0.0,0.953125,96.23203971911425,5244.558399410918,0.005461787892668021,0.005035732072871726,17619.146259468893,1041468.9112759139,0.9713541666666666,0.9713541666666666,0.14583333333333331,0.0
core_dr192,2.0,385,384,1225.0,0.001224999999999981,1e-06,0.0005,4005.036100188438,1642819.3156602927,2516.6908118711704,103296.29722029444,85.6205155809615,227.44224913449418,171.241031161923,14236.633452234071,1.882782831611838,0.0625,0.03645833333333333,2516.6908118711704,64.86635509896651,14.339750866429313,6126.771411955822,1.4028046280145645e-08,0.0,0.06575655596617844,0.00029491200000000004,10516.270592964807,0.001363577585767177,0.0,0.046875,0.1575659405133215,0.0,0.23697916666666666,114.64241900422348,6126.771411955822,0.006237401683872711,0.005602760476045981,18379.835837836195,1093527.2778749324,0.028645833333333332,0.9739583333333333,0.140625,0.0
core_dr192,2.0,385,384,1250.0,0.001249999999999979,1e-06,0.0005,4004.9431739146244,1672338.7798044146,2559.3330538358987,106039.1960752021,86.03278407675768,229.64279283967227,172.06556815351536,14492.797199527104,1.9166602723075516,0.0625,0.03645833333333333,2559.3330538358987,64.79258118806058,15.036275788294006,7189.396861108951,1.3969838619232178e-08,0.0,0.0660731781709499,0.00029491200000000004,10711.60738232192,0.0014037366430279525,0.0,0.953125,0.16667257122620296,0.0,0.953125,136.92248242940695,7189.396861108951,0.007146969884535581,0.006237559221159853,19158.116606266398,1152597.772013154,0.028645833333333332,0.026041666666666664,0.140625,0.0
core_dr192,2.0,385,384,1275.0,0.0012749999999999769,1e-06,0.0005,4004.8479785978543,1702362.7496058904,2604.056978697325,108929.77034765319,86.43013382131795,231.81172962616435,172.8602676426359,14752.618092763974,1.9510213674865293,0.0625,0.03645833333333333,2604.056978697325,64.85574885920832,15.771554426113653,8454.360790996347,1.4202669262886047e-08,0.0,0.06637834277477218,0.00029491200000000004,10917.485933931617,0.0014446141283402582,0.0,0.953125,0.2570563568718059,0.0,0.953125,163.9256366497575,8454.360790996347,0.008194279057175437,0.006965018441284733,20004.888228234515,1213831.788424798,0.028645833333333332,0.026041666666666664,0.140625,0.0
core_dr192,2.0,385,384,1300.0,0.0012999999999999748,1e-06,0.0005,4004.750407792556,1732917.721651833,2650.959254509687,111972.18695438305,86.8136581294446,233.93981061805033,173.6273162588892,15031.999710033208,1.9879693520102102,0.0625,0.03645833333333333,2650.959254509687,64.81289378154737,16.549288003054244,9961.650248252554,1.488660927861929e-08,0.0,0.06667288944341346,0.00029491200000000004,11134.724583417892,0.001486277265241015,0.0,0.046875,0.6245490863620686,0.0,0.953125,196.69472510785272,9961.650248252554,0.009416353336988382,0.007780761423544348,20888.630456889936,1280292.4683063668,0.028645833333333332,0.026041666666666664,0.13541666666666666,0.0
core_dr192,2.0,385,384,1325.0,0.0013249999999999727,1e-06,0.0005,4004.650355270204,1764033.1184940462,2700.1347493302887,115169.60342402669,87.18437068533008,236.38100694141855,174.36874137066016,15321.703261633585,2.026282403690597,0.0625,0.03645833333333333,2700.1347493302887,64.8321042201676,17.37384895772084,11759.237769903615,1.5279510989785194e-08,0.0,0.0669575966863335,0.00029491200000000004,11364.211979353307,0.0015288212670870572,0.0,0.046875,1.0,0.0,0.046875,236.5041279232173,11759.237769903615,0.010852329625688434,0.008679594970782247,21792.93627088058,1354814.11396364,0.9713541666666666,0.026041666666666664,0.13541666666666666,0.0
core_dr192,2.0,385,384,1350.0,0.0013499999999999706,1e-06,0.0005,4004.5477144967545,1795741.4777454338,2751.674775193902,118523.76758631525,87.5432111294087,238.80533860881496,175.0864222588174,15624.665494603856,2.0663489048600643,0.0625,0.03645833333333333,2751.674775193902,64.82660168237234,18.25028369753636,13904.79964001826,1.641456037759781e-08,0.0,0.06723318614738588,0.00029491200000000004,11606.916155004708,0.001572362844170899,0.0,0.953125,0.29164038543965387,0.0,0.953125,285.0377842187372,13904.79964001826,0.012499965595689617,0.009714146809822527,22803.085499453475,1431396.9010596306,0.9739583333333333,0.9739583333333333,0.13020833333333331,0.0
core_dr192,2.0,385,384,1375.0,0.0013749999999999685,1e-06,0.0005,4004.4423780045995,1828078.6814183495,2808.5846212993983,122350.82128464412,87.89256006481602,241.18411097736512,175.78512012963205,15950.121475876394,2.1093901853735524,0.0625,0.033854166666666664,2808.5846212993983,64.79295794831567,19.322560909416097,16467.018126084236,1.6952981241047382e-08,0.0,0.06750148612977871,0.00029491200000000004,11863.894587743112,0.0016286861592127362,0.0,0.0,0.16318643337043873,0.0,0.953125,344.41995921960915,16467.018126084236,0.014447640765021677,0.010848218622693232,23839.183491706397,1517946.7430382643,0.9739583333333333,0.9739583333333333,0.13020833333333331,0.0
core_dr192,2.0,385,384,1400.0,0.0013999999999999664,1e-06,0.0005,4004.334236661763,1861084.2341613527,2870.0385921412358,126451.78267797579,88.23308641236633,243.84466927762696,176.46617282473267,16281.536031519607,2.153219482349193,0.0625,0.033854166666666664,2870.038592141234,64.83012328948787,21.178438262071722,19526.262114948593,1.6859135153921724e-08,0.0,0.06776301036469734,0.00029491200000000004,12136.305409354285,0.00174504822907209,0.0,0.0,0.11206354181612807,0.0,0.953125,416.7890477965484,19526.262114948593,0.016710569928514017,0.012121452412078387,24941.64170219964,1610884.6903108496,0.9739583333333333,0.9739583333333333,0.125,0.0
core_dr192,2.0,385,384,1425.0,0.0014249999999999643,1e-06,0.0005,4004.2231788390036,1894801.6002135787,2934.604842808926,130761.10325546008,88.56364153378834,246.58864706096261,177.12728306757668,16649.89402089828,2.201934517446229,0.0625,0.033854166666666664,2934.604842808926,64.7389254576746,23.178861498291553,23176.19855559105,1.9483678624374327e-08,0.0,0.06801687669794945,0.00029491200000000004,12425.419942071681,0.0018654388830601535,0.0,0.0,0.08475568482934337,0.0,0.953125,505.0255338381321,23176.19855559105,0.01932813985860616,0.013576285581933242,26129.02935991854,1707108.9449114841,0.9739583333333333,0.9739583333333333,0.125,0.0
core_dr192,2.0,385,384,1450.0,0.0014499999999999622,1e-06,0.0005,4004.109089472962,1929278.6103413284,3002.3829347915157,135276.4424138581,88.88492652486651,249.2777351883674,177.76985304973303,17024.75206658191,2.2515091795370026,0.0625,0.033854166666666664,3002.3829347915157,64.82318852993463,25.338379948540023,27528.729191110935,2.2508450419093747e-08,0.0,0.06826362357109748,0.00029491200000000004,12732.636745120984,0.001990033993410629,0.0,0.0,0.06784901797128887,0.0,0.953125,612.6458409679472,27528.729191110935,0.022412950046639925,0.01512367005471783,27334.45796707127,1820241.323138582,0.026041666666666664,0.9739583333333333,0.125,0.0
core_dr192,2.0,385,384,1475.0,0.00147499999999996,1e-06,0.0005,4003.991849020504,1964567.9518425486,3073.4547964960266,140217.97646503488,89.1975925004673,252.24099919879802,178.3951850009346,17435.230623715615,2.305794624386667,0.0625,0.033854166666666664,3073.4547964960266,64.75423018140123,27.673569365636467,32721.27649663179,2.5999018740837087e-08,0.0,0.06850375104035888,0.00029491200000000004,13059.497362600217,0.0021190378616628863,0.0,0.0,0.06365277735547502,0.0,0.04427083333333333,743.9363123134099,32721.27649663179,0.025931730730315468,0.016789023040463962,28688.263041529724,1948968.4669422875,0.026041666666666664,0.9739583333333333,0.11979166666666666,0.0
core_dr192,2.0,385,384,1500.0,0.0015,1.000000000041983e-06,0.0005,4003.8713322959143,2000727.7570208318,3149.7850220432283,145621.8083206871,89.50224436292652,255.37776660442992,179.00448872585304,17863.674776407937,2.36245600417846,0.0625,0.03125,3149.7850220432283,64.80115307313969,30.20340352017047,38919.69535332662,3.003384683336482e-08,0.0,0.06873772367361339,0.0002949120000123813,13407.703961680654,0.0022526902150056477,0.0,0.0,0.08962619217730255,0.0,0.04427083333333333,904.119996262445,38919.69535332662,0.029964800638525756,0.01850005704913338,30172.735242563824,2103760.8289510533,0.026041666666666664,0.9739583333333333,0.11979166666666666,0.0
core_dr192,2.0,385,384,1525.0,0.001524999999999998,1e-06,0.0005,4003.7474071782685,2037822.3084967278,3235.107281598387,151407.4454832725,89.79944430858156,258.44407908137447,179.5988886171631,18323.389412941153,2.423252879226865,0.0625,0.03125,3235.107281598387,64.78222900838594,32.94970961486888,46311.51643196214,3.470526019134019e-08,0.0,0.06896597322899063,0.00029491200000000004,13779.139033980879,0.0023912749217212524,0.0,0.0,0.15080256861116315,0.0,0.9557291666666666,1099.5723068613806,46311.51643196214,0.0337800778542735,0.0203615167484909,32550.910971990976,2274462.998214243,0.026041666666666664,0.026041666666666664,0.11458333333333333,0.0
core_dr192,2.0,385,384,1550.0,0.0015499999999999958,1e-06,0.0005,4003.6199331712983,2075922.883548382,3324.6655952169167,157935.9198698808,90.08971508097076,261.8213837870697,180.17943016194153,18817.18389921802,2.4885567858158755,0.0625,0.03125,3324.6655952169167,64.75344212128829,35.937729755895816,55098.53368566767,4.01249184459303e-08,0.0,0.06918890118218556,0.00029491200000000004,14175.88729223253,0.002535130889167507,0.0,0.0,0.4662811896187118,0.0,0.04427083333333333,1338.0890391582943,55098.53368566767,0.03804867800161159,0.02239357711844322,35167.81947329729,2460461.4704583683,0.026041666666666664,0.026041666666666664,0.11458333333333333,0.0
core_dr192,2.0,385,384,1575.0,0.0015749999999999937,1e-06,0.0005,4003.4887597916745,2115108.764625693,3418.4753546441193,165023.34639348023,90.37354298054268,265.4381195423033,180.74708596108536,19335.90222347136,2.5571568490698318,0.0625,0.03125,3418.4753546441193,64.79705023320604,39.19681754797057,65573.38177233841,4.6428707500325396e-08,0.0,0.06940688100905679,0.00029491200000000004,14600.25981255306,0.0026846657560346834,0.0,0.0,0.43654729011415705,0.0,0.9557291666666666,1629.1923227055377,65573.38177233841,0.04288003720831164,0.02459264134145099,37994.19097494961,2666382.2263700576,0.026041666666666664,0.0234375,0.109375,0.0
core_dr192,2.0,385,384,1600.0,0.0015999999999999916,1e-06,0.0005,4003.353724753797,2155468.4496417916,3516.480181221764,172491.66735985223,90.65138064161916,268.95881263556146,181.3027612832383,19910.162873197776,2.633102338275743,0.0625,0.03125,3516.480181221764,64.67370469587541,42.76130811798885,78058.1255288939,5.378015219395049e-08,0.0,0.06962026033276351,0.00029491200000000004,15054.8203237569,0.0028403731959862973,0.0,0.0,0.1500803996276311,0.0,0.9557291666666666,1984.4751266121675,78058.1255288939,0.04834322641215494,0.026938142900161877,41049.70383427307,2897680.2824973073,0.026041666666666664,0.0234375,0.109375,0.0
core_dr192,2.0,385,384,1625.0,0.0016249999999999895,1e-06,0.0005,4003.214651909146,2197101.104115407,3627.5079624667605,180313.0418207799,90.92364958781327,272.91542311052535,181.84729917562655,20500.368419149912,2.711156526632078,0.0625,0.028645833333333332,3627.5079624667605,64.79257588167361,46.671612477465715,92882.61065703677,6.237954659858134e-08,0.0,0.06982936288344059,0.00029491200000000004,15542.4132876586,0.003002854937239711,0.0,0.0,0.09124218317041193,0.0,0.9557291666666666,2418.042129370995,92882.61065703677,0.05447152805646976,0.029480914016749588,44390.936249562335,3150601.4570737355,0.9739583333333333,0.0234375,0.10416666666666666,0.0
core_dr192,2.0,385,384,1650.0,0.0016499999999999874,1e-06,0.0005,4003.07134888541,2240118.3084315346,3745.6712530310792,189593.49642289328,91.19074257718417,277.1175273653677,182.38148515436833,21174.837055132353,2.800354437960554,0.0625,0.028645833333333332,3745.6712530310792,64.71698045615645,50.97560451009849,110384.73186480906,7.247201325445387e-08,0.0,0.07003449029927744,0.00029491200000000004,16066.192982128669,0.0031728490107644997,0.0,0.0,0.09012456614171654,0.0,0.9583333333333333,2947.1311823587166,110384.73186480906,0.06133233115761892,0.032188552925410494,48051.837044720145,3429316.3821498924,0.9739583333333333,0.0234375,0.10416666666666666,0.0
core_dr192,2.0,385,384,1675.0,0.0016749999999999853,1e-06,0.0005,4002.923604353718,2284646.1684004236,3868.775981105506,199465.88368985374,91.45302574813408,281.1799896190831,182.90605149626816,21865.098802444543,2.891640975014287,0.057291666666666664,0.028645833333333332,3868.775981105401,64.75885823083543,55.73039310856075,130957.16216533072,8.436136103043889e-08,0.0,0.07023592377456697,0.00029491200000000004,16629.65208518187,0.0033512663297520363,0.0,0.0,0.1809624136054485,0.0,0.041666666666666664,3592.91374730596,130957.16216533072,0.06902878275675303,0.03499385091982117,52049.50172693677,3742290.6803078977,0.9739583333333333,0.0234375,0.10416666666666666,0.0
core_dr192,2.0,385,384,1700.0,0.0016999999999999832,1e-06,0.0005,4002.771184830304,2330827.877346164,4010.938143404729,210521.68353817955,91.71084057643313,285.97652605920933,183.42168115286626,22654.06700849546,2.995981358435984,0.057291666666666664,0.028645833333333332,4010.9381434046204,64.76222694598071,61.00460630563339,155159.0307905248,9.842578390195379e-08,0.0,0.07043392556270064,0.00029491200000000004,17236.64709019706,0.0035392385761804177,0.0,0.0,1.0,0.0,0.041666666666666664,4381.3571991091885,155159.0307905248,0.07765580758104848,0.03785286470859898,56420.21293174263,4099003.654940746,0.9739583333333333,0.0234375,0.09895833333333333,0.0
core_dr192,2.0,385,384,1725.0,0.001724999999999981,1e-06,0.0005,4002.6138308894933,2378826.8451934867,4160.383559624194,223002.8466300732,91.96760674787151,290.88870788339517,183.93521349574303,23476.091692800834,3.104693433377298,0.057291666666666664,0.028645833333333332,4160.383559624078,64.67947108108547,66.88136353621758,183746.9794196023,1.1513674456574003e-07,0.0,0.07063112198236532,0.00029491200000000004,17891.415974804695,0.003738181686145032,0.0,0.0,0.1965201699898503,0.0,0.041666666666666664,5344.123031585412,183746.9794196023,0.08731590817711557,0.04080341359235019,61204.460254197314,4503225.667718426,0.9739583333333333,0.0234375,0.09895833333333333,0.0
core_dr192,2.0,385,384,1750.0,0.001749999999999979,1e-06,0.0005,4002.4512526256863,2428830.547440183,4326.144168497765,236158.74333281704,92.22117329731716,295.6612327525879,184.44234659463433,24406.446280896213,3.2277320472219504,0.057291666666666664,0.026041666666666664,4326.144168497621,64.77955531541603,73.46218315278657,217524.90501349792,1.350899064326511e-07,0.0,0.07082586109233958,0.00029491200000000004,18598.58042956255,0.0039498811982455395,0.0,0.0,0.09888399025647501,0.0,0.041666666666666664,6523.503328448882,217524.90501349792,0.09816691030913409,0.0439404307819962,66453.17967027727,4950449.987454944,0.9765625,0.9765625,0.09375,0.0
core_dr192,2.0,385,384,1775.0,0.001774999999999977,1e-06,0.0005,4002.2831241490517,2481055.298950211,4509.245414661454,251459.71064856256,92.76588475284616,301.64594719377345,187.62271946889598,25397.880921238204,3.358848446739017,0.057291666666666664,0.026041666666666664,4509.2454146612645,64.68719329529786,80.87217379143112,257155.60062095267,1.5904134818712895e-07,0.0,0.07204712427605606,0.00029491200000000004,19363.119845642737,0.004176608647579574,0.0,0.0,0.1392387525554013,0.0,0.0390625,7974.523815996006,257155.60062095267,0.11040998875806587,0.04730743939031222,72226.47068165231,5435838.505214338,0.9765625,0.9765625,0.09375,0.0
core_dr192,2.0,385,384,1800.0,0.0017999999999999748,1e-06,0.0005,4002.1090768278686,2535752.230890863,4700.456407796343,268530.67029139365,94.49881209284774,307.4018873998992,191.4678683041867,26514.448317763443,3.5065135482933,0.057291666666666664,0.026041666666666664,4700.456407796106,64.75357585830602,89.26700606800023,303242.8325609963,1.8796103096418086e-07,0.0,0.07352366142880769,0.00029491200000000004,20210.124697110492,0.004416944843529987,0.0,0.0,0.9461954009406064,0.0,0.0390625,9753.467083673851,303242.8325609963,0.12411328254769591,0.050346632174654724,78585.1996133102,6023100.641747661,0.9765625,0.9765625,0.08854166666666666,0.0
core_dr192,2.0,385,384,1825.0,0.0018249999999999727,1e-06,0.0005,4001.9286908913296,2593214.854186399,4908.134434051103,288008.75568757346,96.35181313292472,313.7122653667724,195.60523629180577,27727.501374264884,3.6669387974421275,0.05208333333333333,0.026041666666666664,4908.134434051103,64.74756306697319,98.84239630402453,356700.40871790424,2.2310722937848465e-07,0.0,0.07511241073605342,0.00029491200000000004,21176.80178527424,0.004667484604439032,0.0,0.0,0.21063253542676494,0.0,0.9609375,11935.759773081809,356700.40871790424,0.13890916543730403,0.053067788700756964,85924.92608753708,6721599.249768932,0.9765625,0.9765625,0.08854166666666666,0.0
core_dr192,2.0,385,384,1850.0,0.0018499999999999706,1e-06,0.0005,4001.7414848685007,2653788.7457637084,5150.020103880659,310542.1008190536,98.45658873278853,320.83729375311,199.82347288086893,29098.16356777781,3.848207722749788,0.05208333333333333,0.0234375,5150.020103880659,64.66360643401273,109.84724015308893,418861.3188462225,2.6612583307812824e-07,0.0,0.07673221358625368,0.00029491200000000004,22242.236513875847,0.004938677820666128,0.0,0.0,0.16296547167497985,0.0,0.23697916666666666,14613.742013232928,418861.3188462225,0.15508056833733985,0.05574276330473261,94233.22450975487,7514182.900413564,0.9765625,0.9765625,0.08333333333333333,0.0
core_dr192,2.0,385,384,1875.0,0.0018749999999999685,1e-06,0.0005,4001.5469021476842,2717884.120527947,5434.515877724372,334756.39488079614,100.60788396652812,327.52832645276885,204.50184447797182,30616.670122418986,4.049028940796938,0.05208333333333333,0.0234375,5434.515877724372,64.77396015781798,122.60218822544994,490851.2839029813,3.191969572570951e-07,0.0,0.07852870827954118,0.00029491200000000004,23419.528537082675,0.005235040834887885,0.0,0.0,0.28095143487706487,0.0,0.03645833333333333,17903.63427845009,490851.2839029813,0.17229432439662676,0.05798371030530026,103913.08211195268,8465330.716480779,0.9765625,0.9765625,0.08333333333333333,0.0026041666666666665
core_dr192,2.0,385,384,1900.0,0.0018999999999999664,1e-06,0.0005,4001.344293673531,2785992.3947853046,5733.350258892331,365135.51300087903,102.91561423743781,336.4012608359962,209.6032682862869,32353.917693938944,4.278778474834696,0.05208333333333333,0.0234375,5733.350258892331,64.71042858710814,137.52628807709152,572961.0373853431,3.8524612223035977e-07,0.0,0.08048765502193417,0.00029491200000000004,24723.413845563453,0.005562592971025732,0.0,0.0,0.35158992743484174,0.0,0.03645833333333333,21954.90291715857,572961.0373853431,0.19075130184800965,0.05973906427846522,115097.0017213943,9591061.4654854,0.9765625,0.9765625,0.078125,0.9973958333333333
core_dr192,2.0,385,384,1925.0,0.0019249999999999643,1e-06,0.0005,4001.132895399682,2858708.377290753,6063.176272794554,398956.5254928106,105.53089687047715,344.8037385999874,214.71531644200795,34309.61000014245,4.537417141791279,0.05208333333333333,0.020833333333333332,6063.176272794554,64.73832393323477,155.17523998684374,665641.7191368719,4.682588521109541e-07,0.0,0.08245068151373106,0.00029491200000000004,26170.089080782003,0.0059294884135796325,0.0,0.0,0.11406832039557693,0.0,0.03645833333333333,26954.926735729372,665641.7191368719,0.21082424561791072,0.05951657440430782,127854.9659064422,11184140.313839914,0.9765625,0.9765625,0.078125,0.9973958333333333
core_dr192,2.0,385,384,1950.0,0.0019499999999999622,1e-06,0.0005,4000.9117985017783,2936760.5674423305,6440.638218870916,441013.0598781697,108.15755196891348,354.89050758618106,220.76798905396097,36590.82500512909,4.839105912596161,0.046875,0.020833333333333332,6440.638218870916,64.76579185402127,176.29684332224315,771675.753405897,5.737571460768803e-07,0.0,0.08477490779672102,0.00029491200000000004,27776.582974935576,0.006346959360743761,0.0,0.0,0.38803280844220994,0.0,0.033854166666666664,33126.95203648326,771675.753405897,0.2324737350282937,0.059910309145751954,142497.61175150162,12880516.966262626,0.9765625,0.9765625,0.07291666666666666,0.0026041666666666665
core_dr192,2.0,385,384,1975.0,0.0019749999999999646,1e-06,0.0005,4000.6799095249517,3021053.419284645,6910.901480640889,487732.720879765,111.21891766533244,365.5687844693371,226.85106571061775,39219.485272580096,5.186744027906371,0.046875,0.020833333333333332,6910.901480640889,64.68744389415374,201.91576344600253,895075.1273177331,7.095372337596264e-07,0.0,0.08711080923287721,0.00029491200000000004,29645.21103785379,0.006811075258940728,0.0,0.0,0.24484515865930034,0.0,0.033854166666666664,40779.46172853162,895075.1273177331,0.25427301605071323,0.05897718651840046,160376.67842976464,15176633.206103789,0.9791666666666666,0.9765625,0.07291666666666666,0.005208333333333333
core_dr192,2.0,385,384,2000.0,0.001999999999999968,1e-06,0.0005,4000.4358964980684,3112727.7528152764,7411.248026046087,547252.8074385771,114.35498620469687,377.6028481384334,233.6455397484214,42376.17282622808,5.60421330887873,0.046875,0.018229166666666664,7411.248026046087,64.77449715897099,233.47359504372434,1034287.1390833268,8.868467085917424e-07,0.0,0.08971988726339383,0.00029491200000000004,31926.430221270035,0.007312862522543454,0.0,0.0,0.5208924156263878,0.0,0.234375,50469.53651053982,1034287.1390833268,0.27799989103487044,0.05627518523746368,181545.16652026048,18379097.90467963,0.9791666666666666,0.9765625,0.06770833333333333,0.9947916666666666
core_dr192,2.0,385,384,2025.0,0.0020249999999999713,1e-06,0.0005,4000.1781148296627,3213249.5679208077,8011.477727537232,622899.8005402194,117.88451482213465,391.3526697404201,241.15646624731036,46016.38111285884,6.085627801185128,0.046875,0.018229166666666664,8011.477727537232,64.76022511929963,273.0648494035504,1179465.2213066728,1.1223036801688906e-06,0.0,0.09260408303896718,0.00029491200000000004,34559.75871359456,0.007901237148861706,0.0,0.0,0.6795764847832583,0.0,0.03125,62662.1413445088,1179465.2213066728,0.30363414073273554,0.053690708413608415,206373.8326437579,21967771.63416466,0.9791666666666666,0.9765625,0.06770833333333333,0.9947916666666666
core_dr192,2.0,385,384,2050.0,0.0020499999999999746,1e-06,0.0005,3999.904502943047,3324545.0314581688,8745.612798706012,709187.8896154597,122.14740646691372,406.7241113564011,250.02890462295267,50625.07656893064,6.695123909231501,0.041666666666666664,0.018229166666666664,8745.612798695824,64.69366145760327,323.8154505834809,1326962.3445840622,1.4411180599988812e-06,0.0,0.09601109937521382,0.00029491200000000004,37610.08197119656,0.008609804435722127,0.0,0.0,0.14826200178217844,0.0,0.028645833333333332,78003.15603991535,1326962.3445840622,0.3270832285129754,0.04818169803709861,238481.06304484815,27540796.5813562,0.9791666666666666,0.9765625,0.0625,0.005208333333333333
core_dr192,2.0,385,384,2075.0,0.002074999999999978,1e-06,0.0005,3999.6124335347536,3449213.850928628,9626.291188774097,829796.9785400886,126.46283598031387,424.6139811992253,260.0046893477491,56075.13437076512,7.415889481725458,0.041666666666666664,0.015625,9626.291188753103,64.79003223969478,390.48516842436584,1494047.8644183492,2.697705171367687e-06,0.0,0.09984180070953566,0.00029491200000000004,41143.18348644354,0.009490883673428641,0.0,0.0,1.0,0.0,0.028645833333333332,97215.99137801139,1494047.8644183492,0.3502791572975524,0.043825808772031905,277538.6127112014,34090594.247556664,0.9791666666666666,0.9765625,0.057291666666666664,0.005208333333333333
core_dr192,2.0,385,384,2100.0,0.002099560555571771,9.645273053969439e-07,0.0005,3999.304230499262,3588218.425448794,10644.45630807317,989919.0945462519,131.67567144426232,445.7009151834889,270.3814709122523,62664.253274464805,8.28729492943599,0.041666666666666664,0.015625,10644.456308041317,64.77142753249848,478.7222675996327,1686447.644208963,4.76442003386703e-06,0.0,0.10014347964221065,0.00028445067668922354,45520.8779631583,0.010516542936344065,0.0,0.0,0.18588210859414414,0.0,0.026041666666666664,121449.32183570963,1686447.644208963,0.3709049718719547,0.03827100170186728,327440.5334141405,44065939.46368223,0.9817708333333333,0.9765625,0.057291666666666664,0.005208333333333333
core_dr192,2.0,385,384,2125.0,0.002123134421053938,9.232199573973641e-07,0.0005,3998.984626913274,3741663.7070066086,11922.038913991002,1165912.7992244565,136.90851876444557,467.67879635601065,282.53649605351814,71057.88277741852,9.397345390178305,0.03645833333333333,0.015625,11922.038913991002,64.73503687158018,595.5862508505006,1852737.823560549,8.06456283829307e-06,0.0,0.10016383943029615,0.0002722686440759715,51100.75506539691,0.011655136016841448,0.0,0.0,0.5382468779360822,0.0,0.026041666666666664,152110.33590023406,1852737.823560549,0.39132346899373505,0.03218841307952291,388707.4196990452,57559153.94099353,0.9817708333333333,0.9739583333333333,0.05208333333333333,0.9947916666666666
core_dr192,2.0,385,384,2150.0,0.0021457461690142015,8.856807769450705e-07,0.0005,3998.651500771311,3913440.516006118,13569.752999617755,1432481.7447848252,142.2156857352661,497.1917124202954,294.5795101779761,81434.64952340574,10.769664087750694,0.03645833333333333,0.013020833333333332,13569.752999617755,64.80499054580476,754.4698312879991,1993021.4000479784,1.2577791132344436e-05,0.0,0.10018690922746681,0.0002611978892904247,57682.51097218365,0.013079698136785839,0.0,0.0,0.3270492313247261,0.0,0.0234375,189839.16513689267,1993021.4000479784,0.40488382804827827,0.026705500948619624,468873.17295927234,74629620.46218404,0.9817708333333333,0.9739583333333333,0.046875,0.0026041666666666665
core_dr192,2.0,385,384,2175.0,0.0021674147440599832,8.519405470171988e-07,0.0005,3998.3023611330714,4109165.6276584114,15355.16502593712,1825796.1756359641,148.8003168710177,523.1642794962896,306.02426721481294,94693.29851523183,12.523109294859012,0.03645833333333333,0.010416666666666666,15355.16502593712,64.80096833027993,977.428468530361,2085231.258833846,1.6734725602360148e-05,0.0,0.10011436093882566,0.00025124749060193615,65335.86555915454,0.014960059994084039,0.0,0.0,0.3082554987329019,0.0,0.0234375,235833.930941976,2085231.258833846,0.4146351782541266,0.020157405534265475,568774.5355687964,103447403.25282297,0.984375,0.028645833333333332,0.046875,0.0026041666666666665
core_dr192,2.0,385,384,2200.0,0.002188222496505742,8.14034258475206e-07,0.0005,3997.933069096458,4338214.474160877,18155.580663058605,2302871.0102750845,156.04149249513563,567.6284405868101,320.64481829454826,114576.4684962824,15.152641845791361,0.03125,0.010416666666666666,18155.580663058605,64.76701669255645,1303.1373003902008,2179795.7535643894,3.2723796641167406e-05,0.0,0.10023009288741878,0.00024006847123543996,75268.53503303416,0.01731317475248156,0.0,0.0,1.0,0.0,0.020833333333333332,294251.42938701884,2179795.7535643894,0.40969165404673247,0.01516703842696254,718226.5649801457,143719274.13919863,0.984375,0.028645833333333332,0.041666666666666664,0.9973958333333333
core_dr192,2.0,385,384,2205.0,0.002191729,2.708027085763891e-07,0.0005,3997.8670096505634,4382079.226303767,18719.97412237165,2421791.5911711417,157.16483451989583,574.0957831490977,324.3395872843363,118189.38062321358,15.630446443874963,0.03125,0.010416666666666666,18719.97412237165,64.76211695588549,1374.141263649366,2203041.8013553647,4.0277157442048264e-05,0.0,0.03372750287429623,7.986296839168007e-05,77501.9210629711,0.017730415514898814,0.0,0.0,1.0,0.0,0.020833333333333332,305596.60289712687,2203041.8013553647,0.40863925034528154,0.014795279771953492,747839.573998121,148901665.61983752,0.984375,0.028645833333333332,0.041666666666666664,0.9973958333333333
core_dr192,3.0,577,384,0.0,0.0,0.0,0.0005,4008.105579707902,777074.0694439998,3265.5882935410696,0.0,0.0,0.0,0.0,7561.484634978418,1.0,0.0,0.08333333333333333,3265.5882935410696,64.94519473172839,0.0,0.4232395925646415,9.407585821463726e-12,0.0,0.0,0.0,0.0,0.0,0.0,0.0,0.0,0.0,0.0,0.4232395925646415,0.0,3.488209704685288e-05,0.0,12133.433147558622,0.0,0.9166666666666666,0.0,0.16666666666666666,0.0
core_dr192,3.0,577,384,25.0,2.5000000000000008e-05,1e-06,0.0005,4008.0846547461965,777611.8490079824,3258.57446835277,5386.380997908115,3.8918906953260937,9.556037760072238,7.783781390652187,7565.795639972812,1.000570126794208,0.0,0.08333333333333333,3258.57446835277,64.94499461375464,0.4818717491976372,2.85945488102152,1.3278622645884752e-10,0.0,0.0029889720540104397,0.00029491200000000004,523.1662669985596,0.000921068080253278,0.0,0.0,0.006383240018882488,0.0,0.8072916666666666,0.41165109240682796,2.85945488102152,3.399511890026564e-05,0.00010217034669352838,12109.12347782997,27987.13103713724,0.0859375,0.96875,0.16666666666666666,0.0
core_dr192,3.0,577,384,50.0,4.9999999999999955e-05,1e-06,0.0005,4008.0607365675255,779236.2831218746,3237.850370749837,10731.073709002576,7.763648961781986,19.069880944157223,15.527297923563973,7578.877999721128,1.0023002578967428,0.0,0.0859375,3237.8503707498367,64.94470568663468,0.9569192041668657,5.626693265803624,2.601154847070575e-10,0.0,0.005962482402648565,0.00029491200000000004,1042.6008609528012,0.000917819311306118,0.0,0.0,0.007174051116157682,0.0,0.19270833333333331,0.3787821561272722,5.626693265803624,3.1462085074435796e-05,0.00010099203686284784,12039.32146363204,55714.226988459995,0.09114583333333333,0.96875,0.16666666666666666,0.0
core_dr192,3.0,577,384,75.0,7.499999999999989e-05,1e-06,0.0005,4008.0338228255478,781938.0937783815,3203.7581675763413,15993.515300060755,11.595600516540047,28.50041844998846,23.191201033080095,7600.6769395895335,1.0051831494082282,0.0,0.0859375,3203.758167576341,64.94409031650602,1.4185871189733916,8.227696395479143,3.8744474295526743e-10,0.0,0.008905421196702757,0.00029491200000000004,1554.6908826203023,0.0009124560610933029,0.0,0.0,0.009503019104582134,0.0,0.19270833333333331,0.3314394917251775,8.227696395479143,2.7797884387804023e-05,9.921572527695933e-05,11923.191243668618,82927.3421376666,0.10677083333333333,0.033854166666666664,0.16666666666666666,0.0
core_dr192,3.0,577,384,100.0,9.999999999999982e-05,1e-06,0.0005,4008.0039278348463,785702.2302165562,3156.9329482081225,21134.888594768414,15.368884708425187,37.80799752371681,30.737769416850373,7631.102596148523,1.009206916965494,0.0,0.0859375,3156.932948208122,64.94274917684254,1.8607996790976813,10.619900416117162,4.874891601502895e-10,0.0,0.011803303456070544,0.00029491200000000004,2056.0167141561415,0.0009050508521091553,0.0,0.0,0.02398224855942422,0.0,0.19270833333333331,0.2895957484433893,10.619900416117162,2.4602630670058795e-05,9.708976439511641e-05,11770.926139041912,109382.28640558262,0.859375,0.033854166666666664,0.16666666666666666,0.0
core_dr192,3.0,577,384,125.0,0.00012499999999999976,1e-06,0.0005,4007.9710827461518,790508.3430575943,3098.226529377113,26118.86998270676,19.065816513479312,46.95509119444274,38.131633026958625,7670.030881914025,1.014355150102863,0.0,0.0859375,3098.2265293771125,64.94011633181293,2.278153670237316,12.738914337591268,5.711626727133989e-10,0.0,0.014642547082352112,0.00029491200000000004,2543.436063602308,0.000895699208971163,0.0,0.0,0.011652318834295822,0.0,0.19270833333333331,0.26111788718844764,12.738914337591268,2.2537633798818117e-05,9.446766147228775e-05,11585.860766010883,134849.47270901006,0.8333333333333333,0.03645833333333333,0.16666666666666666,0.0
core_dr192,3.0,577,384,150.0,0.0001499999999999997,1e-06,0.0005,4007.935335623567,796331.4087515718,3028.671036802422,30912.253271198144,22.670199051861893,55.906897955220266,45.340398103723786,7717.304691150487,1.0206070717185969,0.0,0.0859375,3028.6710368024214,64.93545235383212,2.6660626893524295,14.66792818706017,6.257323548197746e-10,0.0,0.017410712871829933,0.00029491200000000004,3014.1543345716545,0.0008845143258834844,0.0,0.0,0.0026608256772146775,0.0,0.1953125,0.24093958266894333,14.66792818706017,2.1176203727024744e-05,9.218230459317632e-05,11377.845896026207,159118.6969320568,0.8151041666666666,0.03645833333333333,0.16666666666666666,0.0
core_dr192,3.0,577,384,175.0,0.00017499999999999962,1e-06,0.0005,4007.8967513405405,803142.4694579138,2949.5269932035017,35495.1873175444,26.17061102033097,64.63185688428959,52.34122204066194,7772.735444903014,1.027937742404101,0.0,0.08854166666666666,2949.5269932035017,64.92871971676301,3.020845550256354,16.440691573312506,8.076312951743603e-10,0.0,0.020099029263614183,0.00029491200000000004,3465.778585453175,0.0008716210443839871,0.0,0.0,0.0031480328866158795,0.0625,0.8046875,0.22575880923250224,16.440691573312506,2.0238012051694273e-05,9.020805467771047e-05,11155.187014210831,182253.03308059077,0.19791666666666666,0.0390625,0.16666666666666666,0.0
core_dr192,3.0,577,384,200.0,0.00019999999999999955,1e-06,0.0005,4007.855411214848,810909.4486160872,2862.7826454103547,39880.13491255227,29.555953506077692,73.1060034547447,59.111907012155385,7836.104970931592,1.0363183090636483,0.0,0.08854166666666666,2862.782645410354,64.93769119455472,3.339757978963007,18.19245082209818,9.531504474580288e-10,0.0,0.02269897229266767,0.00029491200000000004,3896.3535949041425,0.0008571496137647568,0.0,0.0,0.03359882715596288,0.0,0.1953125,0.21374308368831407,18.19245082209818,1.9565088549846875e-05,8.91196710693485e-05,10924.718441409095,204135.07594683242,0.20833333333333331,0.9583333333333333,0.16666666666666666,0.0
core_dr192,3.0,577,384,225.0,0.00022499999999999948,1e-06,0.0005,4007.8114123183896,819598.0006254604,2769.5568595296018,44016.814925658575,32.81367930395098,81.33406232316956,65.62735860790195,7907.167710429454,1.0457162967510312,0.0,0.09114583333333333,2769.5568595296018,64.94456736559182,3.6209720210158594,20.079275867901742,1.0040821507573128e-09,0.0,0.02520090570543435,0.00029491200000000004,4304.379803087995,0.0008412296745789361,0.0,0.0,0.00222788245601101,0.0,0.0390625,0.20387678678525845,20.079275867901742,1.906811182027129e-05,8.943605313971428e-05,10692.028067955696,224509.8611019262,0.21875,0.04427083333333333,0.16666666666666666,0.0
core_dr192,3.0,577,384,250.0,0.00024999999999999957,1e-06,0.0005,4007.764866422362,829172.3541927895,2672.2392035364637,47888.34329435605,35.94170148851268,89.27367462349842,71.88340297702536,7985.653238296949,1.056095941973668,0.0,0.09375,2672.2392035364637,64.94801291592248,3.8635116286754965,22.24474595510401,1.04046193882823e-09,0.0,0.027603226743177736,0.00029491200000000004,4688.814027199238,0.0008239848299087439,0.0,0.0,0.0035231652899626463,0.10416666666666666,0.19791666666666666,0.19551485788542777,22.24474595510401,1.8688129544947074e-05,9.143493322011324e-05,10461.981088861372,243284.9806053203,0.7734375,0.953125,0.16666666666666666,0.0
core_dr192,3.0,577,384,275.0,0.0002750000000000002,1e-06,0.0005,4007.7158985679444,839596.1126968467,2574.558416045954,51481.63553547062,38.93363548454737,96.90914828815555,77.86727096909475,8071.269077410492,1.0674185648773098,0.0,0.1015625,2574.558416045954,64.946481510537,4.067155315034597,24.79390414059162,1.2150849215686321e-09,0.0,0.029901032052132383,0.00029491200000000004,5049.054764288085,0.0008055280651343984,0.0,0.0,0.015535601943876487,0.10416666666666666,0.19791666666666666,0.23165888474613894,24.79390414059162,2.2628985493788447e-05,9.51394474725467e-05,10237.263389900014,260605.92949886655,0.921875,0.9505208333333333,0.16666666666666666,0.0
core_dr192,3.0,577,384,300.0,0.0003000000000000008,1e-06,0.0005,4007.664645282556,850832.980821242,2481.1697561460087,54787.51998713976,41.78492250989537,104.22877184516244,83.56984501979073,8163.703779982978,1.079642976753371,0.0,0.109375,2481.1697561460087,64.93819805119622,4.23231753960772,27.775937707861885,1.433363649994135e-09,0.0,0.03209082048759964,0.00029491200000000004,5384.914543467984,0.00078595816246362,0.0,0.0,0.009486072278525512,0.11458333333333333,0.8020833333333333,0.25999148207483813,27.775937707861885,2.5946869591263874e-05,0.00010049890560014572,10020.148332744364,276380.4992899506,0.08072916666666666,0.9479166666666666,0.16666666666666666,0.0
core_dr192,3.0,577,384,325.0,0.0003250000000000014,1e-06,0.0005,4007.61125248799,862847.3940415872,2395.576847657505,57800.85424945891,44.50115924286936,111.22473882151534,89.00231848573873,8262.630241064871,1.092725918246669,0.0,0.11979166666666666,2395.576847657505,64.93433621592573,4.359919877178072,31.177478262456134,1.6007106751203537e-09,0.0,0.03417689029852367,0.00029491200000000004,5696.582161813568,0.0007653571480815866,0.0,0.0,0.024252342908525765,0.0,0.20052083333333331,0.2773770524072461,31.177478262456134,2.8268809495819623e-05,0.00010731476498195903,9812.123586183014,290523.6597004845,0.08333333333333333,0.9453125,0.16666666666666666,0.0
core_dr192,3.0,577,384,350.0,0.000350000000000002,1e-06,0.0005,4007.555873166353,875605.0355955268,2318.688206329188,60549.694245069244,47.074895333372,117.89299668465257,94.149790666744,8367.70920086892,1.1066225225349284,0.0,0.12760416666666666,2318.688206329187,64.94576320520339,4.451261428475846,35.031333435326815,1.622538547962904e-09,0.0,0.036153519616029695,0.00029491200000000004,5984.577754404456,0.0007437887201314848,0.0,0.0,0.01982601454742206,0.0,0.041666666666666664,0.34529661192937056,35.031333435326815,3.591336161615343e-05,0.00011549222325945934,9614.711527702268,303322.0111853513,0.0234375,0.9453125,0.16666666666666666,0.0
core_dr192,3.0,577,384,375.0,0.0003750000000000026,1e-06,0.0005,4007.4986648615886,889073.2336195164,2249.730527690882,63120.88637942447,49.51869445143388,124.23303114054231,99.03738890286776,8478.592884355108,1.1212867966608395,0.0,0.1328125,2249.7305276908814,64.9480882546145,4.507895811814251,39.400084329536185,1.949956640601158e-09,0.0,0.03803035733870122,0.00029491200000000004,6249.703551543771,0.0007212975422971435,0.0,0.0,0.1531717934323463,0.0,0.9583333333333333,0.4326376941680792,39.400084329536185,4.588635665786993e-05,0.00012518437380826784,9428.460345933301,314736.4413858976,0.0234375,0.9427083333333333,0.16666666666666666,0.0
core_dr192,3.0,577,384,400.0,0.0004000000000000032,1e-06,0.0005,4007.4397870981998,903221.2386078837,2187.7090318639257,65419.164569802546,51.82552049276616,130.3126813470588,103.65104098553232,8594.928718854975,1.136672113184755,0.0,0.140625,2187.709031863923,64.93876950890585,4.531519832541562,44.007963463431224,2.153683453798294e-09,0.0,0.039801999738444414,0.00029491200000000004,6492.992918433793,0.0006979092522458244,0.0,0.0,0.02065544246857137,0.0,0.041666666666666664,0.5351560899944161,44.007963463431224,5.784172848768178e-05,0.0001355196334701061,9252.076381299448,324734.96523394017,0.0234375,0.9401041666666666,0.16666666666666666,0.0
core_dr192,3.0,577,384,425.0,0.0004250000000000038,1e-06,0.0005,4007.3793987959116,918020.3877819282,2131.6302122440525,67451.54452105491,54.009788501293635,136.08390783635238,108.01957700258727,8716.36306391831,1.1527317034537872,0.0,0.14583333333333331,2131.6302122440525,64.93243976343017,4.523876860672317,49.01794369169511,1.775333657860756e-09,0.0,0.04147951756899351,0.00029491200000000004,6715.659909220281,0.0006736310238791648,0.0,0.0,0.03004525550004859,0.0,0.7942708333333333,0.6558261170066544,49.01794369169511,7.217645586635577e-05,0.0001469043664379061,9086.427272364315,333672.47604865534,0.0234375,0.9401041666666666,0.16666666666666666,0.0
core_dr192,3.0,577,384,450.0,0.00045000000000000443,1e-06,0.0005,4007.3176557511924,933444.168054755,2080.6253085452677,69228.40149496416,56.067793855139584,141.54702845177488,112.13558771027917,8842.544882480881,1.1694191431106595,0.0,0.15104166666666666,2080.6253085452668,64.9448179376229,4.48667622873154,54.38345548091456,2.153683453798294e-09,0.0,0.0430600656807472,0.00029491200000000004,6919.051147913417,0.0006484525309636697,0.0,0.0,0.014798506380334602,0.0,0.7916666666666666,0.7977323439481552,54.38345548091456,8.93269227945919e-05,0.00015921038253436127,8930.480520218392,341582.34290516423,0.0234375,0.9375,0.16666666666666666,0.0
core_dr192,3.0,577,384,475.0,0.00047500000000000504,1e-06,0.0005,4007.2547082458454,949468.1929050629,2045.8974711620833,70777.50530270558,58.01171428096132,146.71099519336818,116.02342856192264,8973.129279279146,1.1866888200460857,0.0,0.04427083333333333,2045.8974711620833,64.94167954697404,4.421808901961413,59.852553992997855,1.7898855730891228e-09,0.0,0.044552996567778294,0.00029491200000000004,7104.601414144578,0.0006223866258222476,0.0,0.9947916666666666,0.02462617136629289,0.0,0.7916666666666666,0.9640708235456259,59.852553992997855,0.00010967861732228699,0.00017169227215568819,8789.961499174773,348603.6572381335,0.0234375,0.020833333333333332,0.16666666666666666,0.0
core_dr192,3.0,577,384,500.0,0.0005,9.999999999943865e-07,0.0005,4007.190698831165,966070.1106340366,2034.8894679993452,72245.73333458594,59.843001164784326,151.58664109916216,119.68600232956865,9107.780831503524,1.2044963748748685,0.0,0.04427083333333333,2034.8894679993452,64.9195305694973,4.380442525803119,75.25493925623596,1.6007106751203537e-09,0.0,0.04595942489429637,0.0002949119999983445,7273.79389302412,0.0006022225251672516,0.0,0.9869791666666666,0.023221569420838,0.0,0.7890625,1.1581844960528542,75.25493925623596,0.0001337868787576034,0.00021210825310359103,8656.936366317852,354794.96038036,0.0234375,0.9765625,0.16666666666666666,0.0
core_dr192,3.0,577,384,525.0,0.0005250000000000006,1e-06,0.0005,4007.1257603248355,983229.4622882686,2028.0827139591531,73503.12766789449,61.56917009414173,156.18635168689036,123.13834018828346,9246.176638212308,1.2227991042183342,0.0,0.04427083333333333,2028.0827139591531,64.93759847425784,4.392752019554337,92.86285355617292,1.9936123862862587e-09,0.0,0.04728512263230085,0.00029491200000000004,7428.125667091546,0.0005913674884386146,0.0,0.018229166666666664,0.02157552295197296,0.0,0.7890625,1.383630027572508,92.86285355617292,0.00016221899739649566,0.00025771160097869355,8529.39575375774,360336.3341173392,0.0234375,0.9765625,0.16666666666666666,0.0
core_dr192,3.0,577,384,550.0,0.0005500000000000012,1e-06,0.0005,4007.0600140478437,1000927.5071792135,2025.0319846606753,74565.63166564015,63.197197434910976,160.52374097347783,126.39439486982195,9388.009019129951,1.2415563176181401,0.0,0.04427083333333333,2025.0319846606753,64.93705295693918,4.447280368923202,112.82875535753556,2.051820047199726e-09,0.0,0.04853544763001163,0.00029491200000000004,7569.078697912961,0.0005875590076965987,0.0,0.9765625,0.036092292883631014,0.0,0.7864583333333333,1.6511576071497984,112.82875535753556,0.0001961922987530814,0.00030876892543250684,8416.016416770108,365414.86550011835,0.9739583333333333,0.026041666666666664,0.16666666666666666,0.0
core_dr192,3.0,577,384,575.0,0.0005750000000000018,1e-06,0.0005,4006.993568320347,1019147.032650972,2025.2450576690508,75450.05207364848,64.7294075645451,164.6453416272323,129.4588151290902,9532.98780010115,1.2607296397856607,0.0,0.04427083333333333,2025.2450576690494,64.91181700663661,4.5446986396682405,136.47195905889384,2.291926648467779e-09,0.0,0.049712185009570635,0.00029491200000000004,7698.096272118274,0.0005903665632409248,0.0,0.026041666666666664,0.03501598658673215,0.0,0.04427083333333333,1.9644429713007412,136.47195905889384,0.00023643650549185814,0.00036681976497844344,8308.543417244797,372040.90970101836,0.026041666666666664,0.9739583333333333,0.16666666666666666,0.0
core_dr192,3.0,577,384,600.0,0.0006000000000000024,1e-06,0.0005,4006.92651722884,1037872.1627919092,2028.2134196243112,76193.73252909178,66.17712479131866,168.55628476943997,132.35424958263732,9680.84213148932,1.2802832510836613,0.0,0.04427083333333333,2028.213419624308,64.93047361722418,4.672367322876198,163.18565239571035,2.2264430299401283e-09,0.0,0.05082403183973273,0.00029491200000000004,7816.564673303095,0.0005977520199934285,0.0,0.028645833333333332,0.2057076734984531,0.0,0.04427083333333333,2.3253457443861407,163.18565239571035,0.00028324177309304243,0.00042712511628699716,8209.75564088947,382055.8571087667,0.026041666666666664,0.9739583333333333,0.16666666666666666,0.0
core_dr192,3.0,577,384,625.0,0.000625000000000003,1e-06,0.0005,4006.8589396714838,1057088.1783932578,2033.4374277489533,76917.01238106999,67.53879188632999,172.24344420162362,135.07758377265998,9831.321796883723,1.3001840606017159,0.0,0.04427083333333333,2033.4374277489499,64.93103206425704,4.834091071050352,193.312542848289,2.7284841053187847e-09,0.0,0.051869792168701426,0.00029491200000000004,7925.799685158401,0.0006099184010545354,0.0,0.9713541666666666,0.06981410916007962,0.0,0.9557291666666666,2.7396393773597083,193.312542848289,0.0003374980020091698,0.0004903574710150546,8117.498062359708,394227.7915091745,0.026041666666666664,0.9739583333333333,0.16666666666666666,0.0
core_dr192,3.0,577,384,650.0,0.0006500000000000037,1e-06,0.0005,4006.790898683881,1076781.3578463013,2040.4450747921728,77504.6766395216,68.8274597990152,175.7210875340175,137.6549195980304,9984.197982161983,1.320401807864082,0.0,0.04427083333333333,2040.4450747921703,64.90651419626721,5.022612703599407,228.1232310310006,2.5902409106492996e-09,0.0,0.05285948912564367,0.00029491200000000004,8027.037427591758,0.0006257118829837414,0.0,0.96875,0.051233857723466746,0.0,0.78125,3.2251893143111374,228.1232310310006,0.00040147150936730764,0.0005584269200785294,8033.420153260242,408510.44752448634,0.028645833333333332,0.028645833333333332,0.16666666666666666,0.0
core_dr192,3.0,577,384,675.0,0.0006750000000000043,1e-06,0.0005,4006.722441043185,1096938.8460228115,2048.804465491996,77971.04870113263,70.04060343694397,179.00346129236746,140.08120687388794,10139.263488687431,1.34090909102487,0.0,0.04427083333333333,2048.8044654919945,64.93196645159011,5.223206088527149,267.7791414465755,2.8958311304450035e-09,0.0,0.05379118343957297,0.00029491200000000004,8121.42896980506,0.000643138800812848,0.0,0.033854166666666664,0.024886381644831222,0.0,0.21875,3.786727569611685,267.7791414465755,0.0004760430825458968,0.0006320881090511221,7954.5900538247915,423642.1119336672,0.028645833333333332,0.028645833333333332,0.16666666666666666,0.0
core_dr192,3.0,577,384,700.0,0.0007000000000000049,1e-06,0.0005,4006.6535971441103,1117548.5556474605,2058.130768849603,78329.45650337073,71.18915395402072,182.10458928269162,142.37830790804145,10296.332388566701,1.3616813212761476,0.0,0.04427083333333333,2058.130768849602,64.92327346997448,5.457266958482251,312.42913223197684,3.0704541131854057e-09,0.0,0.054673270236687915,0.00029491200000000004,8210.038144600994,0.0006647066508541139,0.0,0.033854166666666664,0.056918523147509774,0.22916666666666666,0.19791666666666666,4.428618100122549,312.42913223197684,0.0005617979300645129,0.0007096237626819946,7882.937731034355,440274.3378423003,0.028645833333333332,0.028645833333333332,0.16666666666666666,0.0
core_dr192,3.0,577,384,725.0,0.0007250000000000055,1e-06,0.0005,4006.584381135885,1138599.1033548051,2068.0887433160747,78592.05663137192,72.27381396706677,185.03809322100037,144.54762793413354,10455.239133782856,1.3826966050315457,0.0,0.04427083333333333,2068.0887433160733,64.91531200180648,5.695476802256962,362.704471367877,3.3396645449101925e-09,0.0,0.055506289126707284,0.00029491200000000004,8293.841998569274,0.0006867115147888588,0.0,0.9635416666666666,0.03536399063394016,0.0,0.22135416666666666,5.1620811915709055,362.704471367877,0.0006604145751339667,0.0007918214440076329,7816.425296979196,458063.4612926454,0.9713541666666666,0.028645833333333332,0.16666666666666666,0.0
core_dr192,3.0,577,384,750.0,0.0007500000000000061,1e-06,0.0005,4006.5147913044675,1160079.7806013199,2078.392002540941,78859.29058883405,73.29859910182427,187.81703597151184,146.59719820364853,10615.837143994917,1.4039355571639294,0.0,0.04427083333333333,2078.392002540939,64.92962904939013,5.966646926242902,419.34728195378557,3.6307028494775295e-09,0.0,0.056293324110201035,0.00029491200000000004,8373.733345446617,0.0007125432205800277,0.0,0.03645833333333333,0.02590731363278364,0.0,0.22395833333333331,6.000575869817112,419.34728195378557,0.000773755274267431,0.0008791930851280889,7755.134044802839,476968.3577444097,0.9713541666666666,0.028645833333333332,0.16666666666666666,0.0
core_dr192,3.0,577,384,775.0,0.0007750000000000067,1e-06,0.0005,4006.444810679663,1181980.557918757,2088.800089279203,79072.5996442149,74.27257047667099,190.45378714700917,148.54514095334198,10777.99690926143,1.425381050092181,0.0,0.04427083333333333,2088.8000892792,64.90059172999584,6.235446161157597,484.41511182440445,4.387402441352606e-09,0.0,0.05704133412608332,0.00029491200000000004,8450.52493771434,0.0007378767836456007,0.0,0.9635416666666666,0.09339378367204715,0.0,0.7760416666666666,6.975855556520401,484.41511182440445,0.0009062873929733404,0.0009749279358876936,7697.178191604398,496872.73694063723,0.96875,0.03125,0.16666666666666666,0.0
core_dr192,3.0,577,384,800.0,0.0008000000000000073,1e-06,0.0005,4006.3744078422624,1204292.11966748,2099.1334243547553,79368.75828635402,75.18811399873577,192.9599102999845,150.37622799747155,10941.603653416005,1.447017904764576,0.005208333333333333,0.04427083333333333,2099.133424354754,64.92185490341942,6.536113862345701,557.8206087844446,4.394678398966789e-09,0.0,0.057744471551029075,0.00029491200000000004,8524.954828221953,0.0007667036358606649,0.0,0.0390625,0.031366186251521426,0.0,0.953125,8.094717095686065,557.8206087844446,0.0010588324659643166,0.0010773121205825426,7644.946066433575,517789.2257285756,0.96875,0.03125,0.16666666666666666,0.0
core_dr192,3.0,577,384,825.0,0.0008250000000000079,1e-06,0.0005,4006.303537902395,1227005.9254760144,2110.3385857759363,79774.45510272395,76.06615762192787,195.34607048496636,152.13231524385574,11106.554610953179,1.4688325305292218,0.020833333333333332,0.04427083333333333,2110.3385857759363,64.91460799216516,6.847412766028356,640.7182935629971,4.48198989033699e-09,0.0,0.05841880905364061,0.00029491200000000004,8597.692554251294,0.0007964244735225523,0.0,0.9609375,0.07700651450680711,0.0,0.7734375,9.378421187371714,640.7182935629971,0.0011693134839016466,0.0011870297019129683,8020.45073155126,539766.0164109136,0.96875,0.96875,0.16666666666666666,0.0
core_dr192,3.0,577,384,850.0,0.0008500000000000085,1e-06,0.0005,4006.2321436171233,1250114.2939193896,2122.946357362105,80347.47579647863,76.89415346773433,197.6219606092737,153.78830693546865,11274.377692092892,1.4910269922310133,0.026041666666666664,0.04427083333333333,2122.9463573621033,64.90091243562019,7.159726462463368,734.519513335079,4.6711647883057594e-09,0.0,0.05905470986321996,0.00029491200000000004,8669.345837070654,0.0008258669797031212,0.0,0.0390625,0.07105303126662957,0.0,0.953125,10.85504681691964,734.519513335079,0.0012613043952007233,0.0013050206159743196,8606.207080719934,562841.3102015953,0.03125,0.96875,0.16145833333333331,0.0
core_dr192,3.0,577,384,875.0,0.0008750000000000091,1e-06,0.0005,4006.1601566130844,1273610.5036664358,2136.8535335347665,81022.18092780937,77.67925951156884,199.79624471568928,155.3585190231377,11446.045256207293,1.5137298835812503,0.03125,0.04427083333333333,2136.8535335347665,64.91750179444298,7.503622743010965,840.9044214002788,5.238689482212067e-09,0.0,0.05965767130488488,0.00029491200000000004,8740.467547866394,0.0008584921460915039,0.0,0.041666666666666664,0.13534443865905926,0.0,0.953125,12.558646044861234,840.9044214002788,0.0013650317382952399,0.001432436925276443,9200.259373123052,587044.6415907594,0.03125,0.96875,0.16145833333333331,0.0
core_dr192,3.0,577,384,900.0,0.0009000000000000097,1e-06,0.0005,4006.0874986790013,1297488.9072804537,2152.6144745785864,81808.16483735884,78.43201345266618,201.94547994052186,156.86402690533237,11619.430068550366,1.5366598795692097,0.041666666666666664,0.041666666666666664,2152.6144745785796,64.87583962463133,7.864472193754409,961.8772060233168,5.8353180065751076e-09,0.0,0.060235786331647626,0.00029491200000000004,8815.047317828645,0.000892164489899938,0.0,0.041666666666666664,0.5247393026458909,0.0,0.953125,14.530572611627576,961.8772060233168,0.0014835082676423529,0.0015706732667041961,9794.736523255182,612398.0247283769,0.03125,0.03125,0.16145833333333331,0.0
core_dr192,3.0,577,384,925.0,0.0009250000000000103,1e-06,0.0005,4006.014083093033,1321745.0530496172,2170.653458387307,82755.84848061136,79.14379655203686,204.03874790944488,158.28759310407372,11794.477206238142,1.5598097166895593,0.046875,0.041666666666666664,2170.653458387307,64.90985000718558,8.230803428459694,1099.8328098314814,6.28642737865448e-09,0.0,0.060782435751964306,0.00029491200000000004,8897.7426522142,0.0009250439971324033,0.0,0.041666666666666664,0.3943487045974746,0.0,0.046875,16.821112142868515,1099.8328098314814,0.0016189822707167274,0.0017214026257460697,10389.929801653583,638916.6563254225,0.96875,0.03125,0.16145833333333331,0.0
core_dr192,3.0,577,384,950.0,0.000950000000000011,1e-06,0.0005,4005.9398159511215,1346375.810612405,2190.6492256338606,83792.58505967306,79.82026139147206,206.06512142263412,159.64052278294412,11971.124518916351,1.5831711756100815,0.046875,0.041666666666666664,2190.6492256338606,64.89024134964396,8.603799742162664,1257.637457972858,6.0390448197722435e-09,0.0,0.06130196074865054,0.00029491200000000004,8987.029399973213,0.0009573574714452708,0.0,0.041666666666666664,0.16474828691916324,0.0,0.046875,19.491482470584742,1257.637457972858,0.0017705659912253405,0.0018866192797759402,11008.616774060727,666609.0352486053,0.96875,0.03125,0.16145833333333331,0.0
core_dr192,3.0,577,384,975.0,0.0009750000000000116,1e-06,0.0005,4005.8645974649144,1371379.4966886414,2211.3071229898283,84943.99597295909,80.47248071609759,208.02905217508837,160.94496143219519,12149.2986827633,1.6067345593168656,0.046875,0.041666666666666664,2211.307122989828,64.89167160911585,9.014447609075432,1438.7256363839842,6.453774403780699e-09,0.0,0.061802865189962954,0.00029491200000000004,9086.131930694854,0.000992110578828681,0.0,0.04427083333333333,0.11352848419548522,0.0,0.046875,22.61628781161562,1438.7256363839842,0.0019449867563572272,0.0020686907539505177,11627.990647079649,695476.4184238231,0.96875,0.96875,0.16145833333333331,0.0
core_dr192,3.0,577,384,1000.0,0.001,9.99999999990375e-07,0.0005,4005.7883232008157,1396755.9978893779,2233.3317177914114,86204.2805292551,81.09165649227891,209.93384074222877,162.18331298455783,12334.779882299727,1.6312642923640526,0.05208333333333333,0.041666666666666664,2233.3317177914114,64.8965633933088,9.446428527384342,1647.217022552155,6.9267116487026215e-09,0.0,0.06227839218547077,0.0002949119999971615,9190.651430208296,0.0010278301379525007,0.0,0.04427083333333333,0.09220219063869318,0.0,0.046875,26.286528641663608,1647.217022552155,0.002144827184712084,0.0022704214560945665,12255.779313610408,725511.5644412523,0.96875,0.96875,0.15625,0.0
core_dr192,3.0,577,384,1025.0,0.001024999999999998,1e-06,0.0005,4005.710885235587,1422506.8883228356,2257.156433141903,87639.56575184221,81.68023368033303,211.78470646190829,163.36046736066606,12524.35700266531,1.6563357075050191,0.05208333333333333,0.041666666666666664,2257.156433141903,64.86241788905686,9.890936086783768,1888.0581788364798,7.58154783397913e-09,0.0,0.06273041946649577,0.00029491200000000004,9305.321588410516,0.0010629332896030822,0.0,0.04427083333333333,0.08155128293305297,0.0,0.953125,30.613289793742297,1888.0581788364798,0.0023749543972552164,0.002495131809865431,12890.05373287281,756696.7690329384,0.96875,0.96875,0.15625,0.0
core_dr192,3.0,577,384,1050.0,0.0010499999999999958,1e-06,0.0005,4005.632173207948,1448635.5405061636,2282.5988927000526,89156.22860258764,82.24619879153403,213.7509012617863,164.49239758306805,12716.015187139601,1.6816823416286548,0.057291666666666664,0.0390625,2282.5988927000526,64.89461059911237,10.349726588672638,2168.466261300724,8.258211892098188e-09,0.0,0.06316508067189813,0.00029491200000000004,9424.56816288107,0.0010981645429055658,0.0,0.04427083333333333,0.07618106931050211,0.0,0.953125,35.73225543300941,2168.466261300724,0.0026408786885260115,0.002744327632391612,13530.441814028622,790163.0387370915,0.03125,0.028645833333333332,0.15625,0.0
core_dr192,3.0,577,384,1075.0,0.0010749999999999937,1e-06,0.0005,4005.5520752499997,1475147.2289067735,2310.960230781311,90758.99408293946,82.79110867060578,215.67810031524075,165.58221734121156,12909.625430698727,1.7072871339287687,0.057291666666666664,0.0390625,2310.960230781311,64.84586358199007,10.824707793432026,2498.5561290525366,9.47329681366682e-09,0.0,0.06358357145902524,0.00029491200000000004,9554.607594376315,0.0011329306501088826,0.0,0.04427083333333333,0.07408296326517355,0.0,0.046875,41.80923557722417,2498.5561290525366,0.0029488324253568623,0.0030236623411247364,14178.233804575888,826334.3744007898,0.03125,0.028645833333333332,0.15625,0.0
core_dr192,3.0,577,384,1100.0,0.0010999999999999916,1e-06,0.0005,4005.4704787865203,1502049.2262482455,2340.597910062421,92452.54996096969,83.31124707227441,217.56538634624965,166.62249414454882,13116.3258324896,1.7346230886743097,0.057291666666666664,0.0390625,2340.597910062421,64.88365082899574,11.326724620079403,2884.8129379288293,9.91713022813201e-09,0.0,0.06398303775150675,0.00029491200000000004,9693.602785668238,0.0011684741855552095,0.0,0.953125,0.1301884054300994,0.0,0.234375,49.09627348164213,2884.8129379288293,0.0033095727774606937,0.0033386765617065078,14834.62573054876,864058.8222940369,0.9713541666666666,0.028645833333333332,0.15104166666666666,0.0
core_dr192,3.0,577,384,1125.0,0.0011249999999999895,1e-06,0.0005,4005.3872711942586,1529350.8935076767,2371.5931862951156,94383.0249992282,83.80845274614256,219.4107109906579,167.61690549228513,13325.76899300351,1.7623217709602004,0.057291666666666664,0.0390625,2371.5931862951156,64.85920327825342,11.876528280134153,3338.1024158718064,1.04482751339674e-08,0.0,0.06436489170903749,0.00029491200000000004,9839.066315910914,0.0012070787917069354,0.0,0.046875,0.07712949088114894,0.0,0.953125,57.849355872262095,3338.1024158718064,0.0037320621124756256,0.0036932482668860073,15500.64123501104,903839.1612612479,0.9713541666666666,0.9713541666666666,0.15104166666666666,0.0
core_dr192,3.0,577,384,1150.0,0.0011499999999999874,1e-06,0.0005,4005.302340317043,1557063.7652907646,2404.0325541562775,96427.30165453487,84.2844370344904,221.42944284496457,168.5688740689808,13537.657496820193,1.7903438478465983,0.057291666666666664,0.0390625,2404.032554156277,64.86236517921978,12.450015436807007,3871.49812960485,1.0666553862392902e-08,0.0,0.06473044764248861,0.00029491200000000004,9991.550377917356,0.0012460544125687625,0.0,0.953125,0.08232932616906435,0.0,0.953125,68.35445027795504,3871.49812960485,0.004225393305430134,0.004091256357932265,16177.062189716497,946285.881621341,0.9713541666666666,0.9713541666666666,0.15104166666666666,0.0
core_dr192,3.0,577,384,1175.0,0.0011749999999999853,1e-06,0.0005,4005.2155748357145,1585201.632991309,2438.0072254210495,98579.14505975452,84.74641563643681,223.43852617408245,169.49283127287362,13765.580900905388,1.8204865268425792,0.057291666666666664,0.0390625,2438.007225421048,64.8668205995289,13.049767923415857,4500.704216306331,1.2005330063402653e-08,0.0,0.06508524720878346,0.00029491200000000004,10154.25180686342,0.0012851530739660514,0.0,0.953125,0.0908354680601738,0.0,0.953125,80.9930723597572,4500.704216306331,0.004799089101553006,0.004533801516676482,16876.759452861064,992699.878843745,0.028645833333333332,0.9713541666666666,0.14583333333333331,0.0
core_dr192,3.0,577,384,1200.0,0.0011999999999999832,1e-06,0.0005,4005.12686449461,1613780.6288215632,2476.03316678408,100842.17526110601,85.19214954928314,225.4132538510658,170.3842990985663,13997.561624368185,1.8511657829227521,0.0625,0.03645833333333333,2476.03316678408,64.82876968124812,13.678649653978937,5244.558398507768,1.2689270079135895e-08,0.0,0.06542757085384945,0.00029491200000000004,10330.719307290266,0.001324075240755605,0.0,0.046875,0.10432216716005163,0.0,0.953125,96.23203967589507,5244.558398507768,0.005461787890387795,0.005035732072072423,17619.14625891165,1041468.9112618743,0.028645833333333332,0.9713541666666666,0.14583333333333331,0.0
core_dr192,3.0,577,384,1225.0,0.001224999999999981,1e-06,0.0005,4005.0361001884053,1642819.3144429207,2516.690811760891,103296.29721991769,85.62051558487809,227.44224912486325,171.24103116975618,14236.633452808097,1.8827828316877524,0.0625,0.03645833333333333,2516.69081176089,64.86635509891512,14.339750866101895,6126.77140906197,1.4435499906539917e-08,0.0,0.06575655596918638,0.00029491200000000004,10516.27059246578,0.0013635775858007483,0.0,0.953125,0.15756593626682483,0.0,0.23697916666666666,114.64241895161831,6126.77140906197,0.0062374016812282015,0.005602760473422693,18379.83583719498,1093527.277870432,0.028645833333333332,0.9739583333333333,0.140625,0.0
core_dr192,3.0,577,384,1250.0,0.001249999999999979,1e-06,0.0005,4004.9431739146053,1672338.7785417794,2559.33305371734,106039.1960746843,86.03278408072694,229.64279282978947,172.06556816145388,14492.797200156221,1.916660272390752,0.0625,0.03645833333333333,2559.3330537173374,64.79258118769296,15.036275787933846,7189.396856752457,1.4479155652225018e-08,0.0,0.0660731781739983,0.00029491200000000004,10711.60738180119,0.0014037366430625698,0.0,0.046875,0.16667257232643332,0.0,0.953125,136.92248236979503,7189.396856752457,0.0071469698816991716,0.0062375592174332,19158.11660552879,1152597.7720033487,0.028645833333333332,0.9739583333333333,0.140625,0.0
core_dr192,3.0,577,384,1275.0,0.0012749999999999769,1e-06,0.0005,4004.8479785978493,1702362.748297422,2604.0569785698813,108929.77034697535,86.43013382533795,231.81172961603244,172.8602676506759,14752.618093452793,1.9510213675776251,0.0625,0.03645833333333333,2604.056978569878,64.85574885929339,15.771554425748036,8454.360786328325,1.4959368854761124e-08,0.0,0.06637834277785955,0.00029491200000000004,10917.48593338883,0.0014446141283785913,0.0,0.046875,0.2570563594368011,0.0,0.953125,163.92563658730796,8454.360786328325,0.008194279054344304,0.006965018437533747,20004.88822752511,1213831.7884082934,0.028645833333333332,0.026041666666666664,0.140625,0.0
core_dr192,3.0,577,384,1300.0,0.0012999999999999748,1e-06,0.0005,4004.7504077925646,1732917.7202969831,2650.959254372714,111972.18695352609,86.81365813351351,233.93981060767135,173.62731626702703,15031.99971074925,1.9879693521049064,0.0625,0.03645833333333333,2650.9592543727103,64.81289378115474,16.54928800269954,9961.650243919808,1.6007106751203537e-08,0.0,0.06667288944653837,0.00029491200000000004,11134.724582852628,0.0014862772652846114,0.0,0.046875,0.6245491011835517,0.0,0.953125,196.69472504210717,9961.650243919808,0.009416353334212667,0.007780761420175458,20888.630456065344,1280292.4683038502,0.028645833333333332,0.026041666666666664,0.13541666666666666,0.0
core_dr192,3.0,577,384,1325.0,0.0013249999999999727,1e-06,0.0005,4004.6503552702275,1764033.1170922888,2700.1347491830957,115169.603422965,87.18437068944596,236.38100693096467,174.3687413788919,15321.703262419205,2.0262824037944944,0.0625,0.03645833333333333,2700.134749183092,64.83210422044841,17.37384895739342,11759.23776554782,1.6661942936480045e-08,0.0,0.0669575966894945,0.00029491200000000004,11364.211978765354,0.001528821267137343,0.0,0.953125,1.0,0.0,0.046875,236.5041278502904,11759.23776554782,0.010852329622818018,0.00867959496763333,21792.936269924823,1354814.113953317,0.9713541666666666,0.026041666666666664,0.13541666666666666,0.0
core_dr192,3.0,577,384,1350.0,0.0013499999999999706,1e-06,0.0005,4004.5477144967945,1795741.4762962612,2751.674775035761,118523.7675850181,87.54321113356926,238.80533859813124,175.08642226713852,15624.665495423265,2.06634890496843,0.0625,0.03645833333333333,2751.6747750357554,64.82660168209026,18.2502836971762,13904.799634632887,1.673470251262188e-08,0.0,0.0672331861505812,0.00029491200000000004,11606.916154394,0.0015723628442226006,0.0,0.953125,0.29164038235873596,0.0,0.953125,285.0377841544105,13904.799634632887,0.012499965593372154,0.009714146806198002,22803.085498534958,1431396.901039326,0.9739583333333333,0.026041666666666664,0.13020833333333331,0.0
core_dr192,3.0,577,384,1375.0,0.0013749999999999685,1e-06,0.0005,4004.442378004658,1828078.6799212792,2808.5846211482317,122350.82128435207,87.89256006891645,241.1841109664526,175.7851201378329,15950.1214767768,2.1093901854926305,0.0625,0.033854166666666664,2808.5846211482185,64.7929579487253,19.3225609087267,16467.01811900921,1.705484464764595e-08,0.0,0.06750148613292783,0.00029491200000000004,11863.894587109711,0.0016286861592415811,0.0,0.0,0.1631864324307885,0.0,0.953125,344.41995914879953,16467.01811900921,0.014447640762701233,0.010848218618020053,23839.183490634103,1517946.7430399798,0.9739583333333333,0.026041666666666664,0.13020833333333331,0.0
core_dr192,3.0,577,384,1400.0,0.0013999999999999664,1e-06,0.0005,4004.334236661841,1861084.2326159247,2870.0385919787045,126451.78267751433,88.23308641650308,243.84466926668745,176.46617283300617,16281.53603246327,2.1532194824739914,0.0625,0.033854166666666664,2870.038591978695,64.83012328938229,21.178438261346855,19526.262106864946,1.867010723799467e-08,0.0,0.06776301036787437,0.00029491200000000004,12136.305408698528,0.0017450482291066524,0.0,0.0,0.11206354138545259,0.0,0.953125,416.7890477117253,19526.262106864946,0.016710569925788888,0.012121452407138439,24941.64170119106,1610884.690300458,0.9739583333333333,0.9739583333333333,0.125,0.0
core_dr192,3.0,577,384,1425.0,0.0014249999999999643,1e-06,0.0005,4004.223178839102,1894801.5986193574,2934.604842634215,130761.10325479425,88.5636415379591,246.58864704981778,177.1272830759182,16649.894021937424,2.201934517583655,0.0625,0.033854166666666664,2934.6048426342095,64.73892545842844,23.17886149752121,23176.198547422187,2.117665617346897e-08,0.0,0.06801687670115258,0.00029491200000000004,12425.419941394084,0.0018654388830998843,0.0,0.0,0.08475568459028161,0.0,0.953125,505.0255337292765,23176.198547422187,0.019328139855318224,0.013576285577211742,26129.029358731408,1707108.9449034738,0.9739583333333333,0.9739583333333333,0.125,0.0
core_dr192,3.0,577,384,1450.0,0.0014499999999999622,1e-06,0.0005,4004.1090894730814,1929278.6086979024,3002.3829346037564,135276.44241293715,88.88492652906862,249.2777351770179,177.76985305813724,17024.752067724625,2.2515091796881257,0.0625,0.033854166666666664,3002.382934603753,64.82318852996197,25.338379947686008,27528.729182502022,2.4288644302588398e-08,0.0,0.06826362357432471,0.00029491200000000004,12732.636744422462,0.0019900339934527307,0.0,0.0,0.06784901782287675,0.0,0.953125,612.6458408197141,27528.729182502022,0.022412950042101427,0.015123670050192243,27334.457965992624,1820241.3231140343,0.9739583333333333,0.9739583333333333,0.125,0.0
core_dr192,3.0,577,384,1475.0,0.00147499999999996,1e-06,0.0005,4003.991849020648,1964567.950149533,3073.4547962943016,140217.97646398513,89.19759250469812,252.2409991874859,178.39518500939624,17435.230624920587,2.3057946245460235,0.0625,0.033854166666666664,3073.4547962942956,64.75423018067804,27.673569364739706,32721.27648761426,2.787582175048279e-08,0.0,0.06850375104360816,0.00029491200000000004,13059.4973618821,0.002119037861710741,0.0,0.0,0.06365277748830112,0.0,0.9557291666666666,743.9363121049537,32721.27648761426,0.02593173072421083,0.016789023035729843,28688.26304024463,1948968.466954743,0.9739583333333333,0.9739583333333333,0.11979166666666666,0.0
core_dr192,3.0,577,384,1500.0,0.0015,1.000000000041983e-06,0.0005,4003.871332296083,2000727.755277871,3149.785021854433,145621.80831934742,89.50224436718322,255.37776659294448,179.00448873436645,17863.674777736236,2.3624560043541267,0.0625,0.03125,3149.7850218544227,64.80115307351475,30.203403519220956,38919.69534429023,3.2019357926963246e-08,0.0,0.06873772367688254,0.0002949120000123813,13407.703960944855,0.0022526902150584545,0.0,0.0,0.08962619243167348,0.0,0.04427083333333333,904.1199959716105,38919.69534429023,0.02996480063117192,0.018500057045630142,30172.735240262817,2103760.828860977,0.9739583333333333,0.9739583333333333,0.11979166666666666,0.0
core_dr192,3.0,577,384,1525.0,0.001524999999999998,1e-06,0.0005,4003.747407178463,2037822.306703493,3235.1072813956616,151407.445483766,89.79944431286117,258.4440790697109,179.59888862572234,18323.389414346664,2.423252879412743,0.0625,0.03125,3235.1072813956534,64.78222900779205,32.949709613886625,46311.51642196742,3.6815423890091525e-08,0.0,0.06896597323227738,0.00029491200000000004,13779.139033229792,0.0023912749217803128,0.0,0.0,0.15080256930490413,0.0,0.04427083333333333,1099.572306458831,46311.51642196742,0.03378007784589187,0.02036151674491392,32550.91096815084,2274462.998122943,0.9739583333333333,0.9739583333333333,0.11458333333333333,0.0
core_dr192,3.0,577,384,1550.0,0.0015499999999999958,1e-06,0.0005,4003.619933171519,2075922.8817045777,3324.6655949992164,157935.91987038933,90.08971508527034,261.8213837755414,180.17943017054068,18817.183900770062,2.4885567860211317,0.0625,0.03125,3324.6655949992123,64.75344212215961,35.93772975490083,55098.53367384779,4.237759514927129e-08,0.0,0.06918890118548762,0.00029491200000000004,14175.88729146936,0.002535130889233799,0.0,0.0,0.4662811959890253,0.0,0.04427083333333333,1338.0890386077735,55098.53367384779,0.038048677990440594,0.022393577114515725,35167.81946915362,2460461.4703620714,0.9739583333333333,0.9739583333333333,0.11458333333333333,0.0
core_dr192,3.0,577,384,1575.0,0.0015749999999999937,1e-06,0.0005,4003.4887597919255,2115108.762731054,3418.475354410307,165023.3463938233,90.37354298485918,265.4381195306372,180.74708596971837,19335.90222512771,2.5571568492888828,0.0625,0.03125,3418.4753544103055,64.79705023294426,39.19681754694557,65573.38175348961,4.884489764137959e-08,0.0,0.06940688101237186,0.00029491200000000004,14600.259811781993,0.0026846657561062615,0.0,0.0,0.43654728476700844,0.0,0.9557291666666666,1629.1923219686287,65573.38175348961,0.04288003719394292,0.024592641334917474,37994.190970495765,2666382.2263119933,0.9739583333333333,0.9765625,0.109375,0.0
core_dr192,3.0,577,384,1600.0,0.0015999999999999916,1e-06,0.0005,4003.3537247540776,2155468.4476960897,3516.48018097059,172491.66735991984,90.65138064594942,268.9588126237414,181.30276129189883,19910.162875031518,2.633102338518254,0.0625,0.03125,3516.4801809705887,64.67370469723912,42.761308116967484,78058.12550060707,5.638510240132898e-08,0.0,0.06962026033608915,0.00029491200000000004,15054.820322983072,0.0028403731960644513,0.0,0.0,0.15008039902426057,0.0,0.04427083333333333,1984.4751256492964,78058.12550060707,0.04834322639430003,0.02693814289077543,41049.70382951682,2897680.282456922,0.9739583333333333,0.9765625,0.109375,0.0
core_dr192,3.0,577,384,1625.0,0.0016249999999999895,1e-06,0.0005,4003.214651909459,2197101.102118454,3627.5079622413878,180313.04182041663,90.92364959215391,272.9154230989944,181.84729918430781,20500.36842110892,2.7111565268911546,0.0625,0.028645833333333332,3627.5079622413864,64.7925758818075,46.671612476491646,92882.61061878735,6.520346029887083e-08,0.0,0.0698293628867742,0.00029491200000000004,15542.413286888554,0.003002854937325815,0.0,0.0,0.09124218295801864,0.0,0.04427083333333333,2418.042128116329,92882.61061878735,0.05447152803349942,0.029480914004779535,44390.93624524832,3150601.4570555356,0.9739583333333333,0.9765625,0.10416666666666666,0.0
core_dr192,3.0,577,384,1650.0,0.0016499999999999874,1e-06,0.0005,4003.0713488857546,2240118.3063831804,3745.671252789159,189593.4964266357,91.19074258153188,277.11752735373204,182.38148516306376,21174.83705730758,2.800354438248226,0.0625,0.028645833333333332,3745.671252789159,64.71698045499562,50.975604509209006,110384.73181623733,7.555089576658074e-08,0.0,0.07003449030261648,0.00029491200000000004,16066.192981370477,0.0031728490108588678,0.0,0.0,0.0901245663631339,0.0,0.041666666666666664,2947.1311807445672,110384.73181623733,0.06133233112980109,0.03218855291130812,48051.837040196406,3429316.3821433615,0.9739583333333333,0.9765625,0.10416666666666666,0.0
core_dr192,3.0,577,384,1675.0,0.0016749999999999853,1e-06,0.0005,4002.923604354098,2284646.166300566,3868.7759808401765,199465.88369339565,91.45302575248554,281.1799896072993,182.9060515049711,21865.09880484858,2.8916409753322188,0.057291666666666664,0.028645833333333332,3868.7759808401197,64.75885823165419,55.73039310780496,130957.16210458498,8.773674278314513e-08,0.0,0.0702359237779089,0.00029491200000000004,16629.652084445504,0.003351266329854983,0.0,0.0,0.1809624144494773,0.0,0.9583333333333333,3592.913745252852,130957.16210458498,0.06902878272353172,0.03499385090371851,52049.50172224373,3742290.680294041,0.9739583333333333,0.9765625,0.10416666666666666,0.0
core_dr192,3.0,577,384,1700.0,0.0016999999999999832,1e-06,0.0005,4002.771184830721,2330827.8751947526,4010.938143119983,210521.6835425884,91.71084058078478,285.97652604796195,183.42168116156955,22654.06701110981,2.9959813587817297,0.057291666666666664,0.028645833333333332,4010.9381431199095,64.7622269452318,61.00460630508314,155159.03071429068,1.021460311175479e-07,0.0,0.07043392556604271,0.00029491200000000004,17236.64708949479,0.003539238576292694,0.0,0.0,1.0,0.0,0.041666666666666664,4381.357196518002,155159.03071429068,0.07765580754171297,0.03785286469020021,56420.212926953944,4099003.65491915,0.9739583333333333,0.9765625,0.09895833333333333,0.0
core_dr192,3.0,577,384,1725.0,0.001724999999999981,1e-06,0.0005,4002.613830889949,2378826.8429905293,4160.383559318125,223002.84663441277,91.96760675237051,290.88870787204996,183.93521350474103,23476.09169569958,3.104693433760655,0.057291666666666664,0.028645833333333332,4160.383559318042,64.67947108288512,66.88136353598293,183746.97932473593,1.1925816354860794e-07,0.0,0.07063112198582056,0.00029491200000000004,17891.415974151358,0.0037381816862684233,0.0,0.0,0.19652016911176895,0.0,0.9583333333333333,5344.1230283286495,183746.97932473593,0.08731590813074251,0.04080341357113525,61204.46024940409,4503225.66773483,0.9739583333333333,0.9765625,0.09895833333333333,0.0
core_dr192,3.0,577,384,1750.0,0.001749999999999979,1e-06,0.0005,4002.4512526261788,2428830.545185752,4326.144168241222,236158.74333666897,92.22117330181212,295.66123274202073,184.44234660362423,24406.44628406323,3.2277320476407856,0.057291666666666664,0.026041666666666664,4326.144168241168,64.77955531533033,73.46218315299393,217524.90489677852,1.3967914299156933e-07,0.0,0.07082586109579171,0.00029491200000000004,18598.580428976144,0.003949881198381227,0.0,0.0,0.09888399004873925,0.0,0.9583333333333333,6523.5033244287115,217524.90489677852,0.09816691025558684,0.04394043075719521,66453.17966557319,4950449.987592782,0.9765625,0.9765625,0.09375,0.0
core_dr192,3.0,577,384,1775.0,0.001774999999999977,1e-06,0.0005,4002.2831241495874,2481055.2966444567,4509.245414385288,251459.71066108232,92.76588473778061,301.6459471831823,187.62271943856516,25397.88092476292,3.358848447205158,0.057291666666666664,0.026041666666666664,4509.245414385276,64.68719329386062,80.87217379221147,257155.60047634388,1.641779277538687e-07,0.0,0.07204712426440903,0.00029491200000000004,19363.119845144713,0.004176608647727298,0.0,0.0,0.13923875301535432,0.0,0.9609375,7974.523810944032,257155.60047634388,0.11040998869498982,0.04730743936092777,72226.47067715804,5435838.505533957,0.9765625,0.9765625,0.09375,0.0
core_dr192,3.0,577,384,1800.0,0.0017999999999999748,1e-06,0.0005,4002.1090768284444,2535752.2285340205,4700.456407496953,268530.6703037413,94.49881207694412,307.4018873891317,191.4678682742017,26514.448321665055,3.506513548809285,0.057291666666666664,0.026041666666666664,4700.456407496953,64.75357585922771,89.26700606963823,303242.8323848094,1.937398180492182e-07,0.0,0.07352366141729344,0.00029491200000000004,20210.12469640335,0.0044169448437655825,0.0,0.0,0.9461954205504439,0.0,0.0390625,9753.467077329515,303242.8323848094,0.12411328247343917,0.05034663214240964,78585.19960921026,6023100.642105748,0.9765625,0.9765625,0.08854166666666666,0.0
core_dr192,3.0,577,384,1825.0,0.0018249999999999727,1e-06,0.0005,4001.9286908919494,2593214.8517788094,4908.134433723038,288008.75570388156,96.35181311712145,313.7122653573888,195.60523626011963,27727.501378619156,3.666938798017976,0.05208333333333333,0.026041666666666664,4908.13443372302,64.74756306614275,98.8423963067753,356700.40850506816,2.2964123137807408e-07,0.0,0.07511241072388594,0.00029491200000000004,21176.80178468333,0.004667484604699167,0.0,0.0,0.21063253453391506,0.0,0.9609375,11935.75976511457,356700.40850506816,0.13890916534689338,0.05306778866552562,85924.92608610657,6721599.250220711,0.9765625,0.9765625,0.08854166666666666,0.0
core_dr192,3.0,577,384,1850.0,0.0018499999999999706,1e-06,0.0005,4001.741484869165,2653788.743305837,5150.020103644767,310542.1008354661,98.45658871604799,320.837293743577,199.82347284732802,29098.163572653873,3.8482077233946432,0.05208333333333333,0.0234375,5150.020103644767,64.66360643639938,109.84724015737265,418861.31858866685,2.73553387281205e-07,0.0,0.07673221357337397,0.00029491200000000004,22242.236513440585,0.004938677820955368,0.0,0.0,0.1629654621807317,0.0,0.7630208333333333,14613.742003219479,418861.31858866685,0.155080568247,0.05574276326496543,94233.22450007967,7514182.90115379,0.9765625,0.9765625,0.08333333333333333,0.0
core_dr192,3.0,577,384,1875.0,0.0018749999999999685,1e-06,0.0005,4001.546902148393,2717884.1180204093,5434.51587747076,334756.3949151179,100.6078839487587,327.5283264427103,204.50184444509563,30616.67012776015,4.049028941503303,0.05208333333333333,0.0234375,5434.51587747076,64.77396015772955,122.60218823184732,490851.2835912772,3.2768950247933323e-07,0.0,0.07852870826691673,0.00029491200000000004,23419.52853685186,0.0052350408352126445,0.0,0.0,0.2809514365518934,0.0,0.03645833333333333,17903.634265838118,490851.2835912772,0.17229432428677635,0.05798371026356512,103913.08210500483,8465330.71719818,0.9765625,0.9765625,0.08333333333333333,0.9973958333333333
core_dr192,3.0,577,384,1900.0,0.0018999999999999664,1e-06,0.0005,4001.3442936742895,2785992.392228903,5733.350258612549,365135.5130357146,102.91561421987305,336.40126082837617,209.60326825132432,32353.917700022776,4.278778475639277,0.05208333333333333,0.0234375,5733.350258612549,64.71042858595541,137.52628808635382,572961.037008645,3.950221037403948e-07,0.0,0.08048765500850855,0.00029491200000000004,24723.41384559647,0.005562592971392939,0.0,0.0,0.3515899250744384,0.0,0.03645833333333333,21954.902901233305,572961.037008645,0.1907513017195413,0.05973906423035834,115097.00171542347,9591061.466903199,0.9765625,0.9765625,0.078125,0.0026041666666666665
core_dr192,3.0,577,384,1925.0,0.0019249999999999643,1e-06,0.0005,4001.1328954004907,2858708.374686524,6063.176272671341,398956.525539998,105.53089685172088,344.8037385916221,214.71531640468282,34309.610006977935,4.537417142695267,0.05208333333333333,0.020833333333333332,6063.176272671341,64.73832393472402,155.17524000007688,665641.7186752553,4.796004847849275e-07,0.0,0.0824506814993982,0.00029491200000000004,26170.089081150116,0.005929488414001887,0.0,0.0,0.11406832017299165,0.0,0.03645833333333333,26954.926715609487,665641.7186752553,0.21082424546803546,0.05951657435084666,127854.96590190008,11184140.316130042,0.9765625,0.9765625,0.078125,0.0026041666666666665
core_dr192,3.0,577,384,1950.0,0.0019499999999999622,1e-06,0.0005,4000.911798502638,2936760.564791606,6440.638218755986,441013.05992573587,108.15755194879796,354.89050758148977,220.76798901780964,36590.825013078356,4.839105913647445,0.046875,0.020833333333333332,6440.638218755601,64.76579185333719,176.29684334098056,771675.752823581,5.870348884872792e-07,0.0,0.08477490778283892,0.00029491200000000004,27776.58297572173,0.0063469593612387005,0.0,0.0,0.38803281149205293,0.0,0.033854166666666664,33126.95201110386,771675.752823581,0.2324737348544699,0.05991030909603374,142497.611748878,12880516.96723208,0.9765625,0.9765625,0.07291666666666666,0.0026041666666666665
core_dr192,3.0,577,384,1975.0,0.0019749999999999646,1e-06,0.0005,4000.679909525863,3021053.4165891465,6910.901480510563,487732.7209699579,111.21891764559237,365.5687844634403,226.85106567162876,39219.48528059343,5.186744028966127,0.046875,0.020833333333333332,6910.901480510342,64.6874438931125,201.9157634725034,895075.1265802514,7.252481404124565e-07,0.0,0.08711080921790544,0.00029491200000000004,29645.211038523652,0.006811075259680759,0.0,0.0,0.24484515759669453,0.0,0.033854166666666664,40779.46169723717,895075.1265802514,0.25427301584562445,0.05897718646141561,160376.67843604533,15176633.208263207,0.9791666666666666,0.9765625,0.07291666666666666,0.005208333333333333
core_dr192,3.0,577,384,2000.0,0.001999999999999968,1e-06,0.0005,4000.435896499031,3112727.7500772453,7411.248026206211,547252.8075250428,114.35498618325431,377.6028481382049,233.64553971133097,42376.17283572078,5.604213310134132,0.046875,0.018229166666666664,7411.248026206211,64.77449715950453,233.47359508120462,1034287.1381891803,9.056714445536098e-07,0.0,0.0897198872491511,0.00029491200000000004,31926.430222625437,0.007312862523406952,0.0,0.0,0.5208923014074874,0.0,0.234375,50469.53647043696,1034287.1381891803,0.2779998907950925,0.05627518517802872,181545.16653259017,18379097.908201866,0.9791666666666666,0.9765625,0.06770833333333333,0.9947916666666666
core_dr192,3.0,577,384,2025.0,0.0020249999999999713,1e-06,0.0005,4000.1781148306786,3213249.5651431982,8011.477727645296,622899.8006694246,117.88451479853214,391.35266973792005,241.15646620552118,46016.381123320054,6.085627802568615,0.046875,0.018229166666666664,8011.477727645296,64.76022511861095,273.06484945681586,1179465.2202550303,1.145194592804631e-06,0.0,0.09260408302292013,0.00029491200000000004,34559.75871584437,0.0079012371498886,0.0,0.0,0.6795764762989659,0.0,0.03125,62662.141292939225,1179465.2202550303,0.3036341404532798,0.05369070834998341,206373.83266385703,21967771.640610043,0.9791666666666666,0.9765625,0.06770833333333333,0.9947916666666666
core_dr192,3.0,577,384,2050.0,0.0020499999999999746,1e-06,0.0005,3999.9045029441118,3324545.028644939,8745.612798959419,709187.8897256311,122.14740644376926,406.72411136289094,250.02890457681093,50625.07658159933,6.695123910906925,0.041666666666666664,0.018229166666666664,8745.612798950133,64.69366145620411,323.8154506600313,1326962.3432560475,1.4694314077822078e-06,0.0,0.0960110993574954,0.00029491200000000004,37610.0819745889,0.00860980443698091,0.0,0.0,0.14826200228153052,0.0,0.028645833333333332,78003.15597405756,1326962.3432560475,0.3270832281776136,0.048181697971866055,238481.0630880165,27540796.591080677,0.9791666666666666,0.9765625,0.0625,0.005208333333333333
core_dr192,3.0,577,384,2075.0,0.002074999999999978,1e-06,0.0005,3999.6124335358704,3449213.848085219,9626.291189598656,829796.9787609987,126.46283595820495,424.6139812006477,260.00468930415485,56075.134386521044,7.415889483809166,0.041666666666666664,0.015625,9626.291189578807,64.79003224002419,390.4851685368394,1494047.8625847534,2.5628638919736564e-06,0.0,0.09984180069279547,0.00029491200000000004,41143.183491238815,0.00949088367505618,0.0,0.0,1.0,0.0,0.028645833333333332,97215.99129408937,1494047.8625847534,0.35027915691776,0.04382580869632544,277538.61277253827,34090594.26460786,0.9791666666666666,0.9765625,0.057291666666666664,0.005208333333333333
core_dr192,3.0,577,384,2100.0,0.0020995605555758482,9.645273055698563e-07,0.0005,3999.3042305003733,3588218.422607909,10644.456308884326,989919.0949237103,131.67567141979535,445.7009152038893,270.3814708635904,62664.2532916421,8.287294931707674,0.041666666666666664,0.015625,10644.456308854431,64.77142753139931,478.72226778520053,1686447.6418661387,4.4219892805882596e-06,0.0,0.10014347964214021,0.0002844506767402175,45520.877970077214,0.010516542938822156,0.0,0.0,0.1858821094266854,0.0,0.026041666666666664,121449.32173439159,1686447.6418661387,0.37090497142663353,0.038271001624644856,327440.5335341124,44065939.491380855,0.9817708333333333,0.9765625,0.057291666666666664,0.9947916666666666
core_dr192,3.0,577,384,2125.0,0.002123134421061503,9.232199575368627e-07,0.0005,3998.984626914373,3741663.7041830076,11922.03891560421,1165912.7995154862,136.90851874258294,467.67879636613225,282.53649601055963,71057.88280002325,9.397345393167761,0.03645833333333333,0.015625,11922.03891560421,64.73503687411218,595.5862511489358,1852737.8210678268,7.469574349940947e-06,0.0,0.1001638394302014,0.00027226864411711125,51100.75507631219,0.011655136020192008,0.0,0.0,0.5382468721270011,0.0,0.026041666666666664,152110.33577178555,1852737.8210678268,0.39132346849362626,0.03218841300735614,388707.4198675694,57559153.99260018,0.9817708333333333,0.9739583333333333,0.05208333333333333,0.9947916666666666
core_dr192,3.0,577,384,2150.0,0.0021457461690249876,8.856807770464831e-07,0.0005,3998.6515007723865,3913440.513222158,13569.753002738433,1432481.7454637415,142.21568571076722,497.19171246514816,294.5795101438356,81434.64956868997,10.769664093739497,0.03645833333333333,0.013020833333333332,13569.753002738433,64.80499054638523,754.46983176516,1993021.3974342076,1.0999525068199422e-05,0.0,0.10018690922732723,0.00026119788932033245,57682.510988145164,0.013079698141438707,0.0,0.0,0.3270492340073497,0.0,0.0234375,189839.16497726552,1993021.3974342076,0.4048838274591557,0.02670550090985213,468873.1732472479,74629620.47264752,0.9817708333333333,0.9739583333333333,0.046875,0.0026041666666666665
core_dr192,3.0,577,384,2175.0,0.0021674147440737717,8.51940547160151e-07,0.0005,3998.302361134105,4109165.6249465677,15355.165031141769,1825796.1768665584,148.80031685127466,523.1642795071589,306.0242671624982,94693.29856496127,12.523109301435687,0.03645833333333333,0.010416666666666666,15355.165031141769,64.80096832991906,977.4284693016343,2085231.256442056,1.4585870238288688e-05,0.0,0.10011436093850992,0.0002512474906440945,65335.86558079078,0.0149600600009347,0.0,0.0,0.3082554968351666,0.0,0.0234375,235833.93076379542,2085231.256442056,0.4146351776758225,0.020157405480011343,568774.5359323549,103447403.41259845,0.984375,0.028645833333333332,0.046875,0.0026041666666666665
core_dr192,3.0,577,384,2200.0,0.0021882224965221525,8.140342586153794e-07,0.0005,3997.9330690974293,4338214.471569312,18155.58067199567,2302871.0124840494,156.04149246610933,567.628440661894,320.6448182743089,114576.46857531763,15.152641856243704,0.03125,0.010416666666666666,18155.58067199567,64.76701669072314,1303.1373016694997,2179795.7506501526,3.6622707821396136e-05,0.0,0.1002300928983514,0.0002400684712767788,75268.53506784042,0.01731317476147193,0.0,0.0,1.0,0.0,0.020833333333333332,294251.4291652956,2179795.7506501526,0.4096916534355459,0.015167038402563211,718226.5655104156,143719274.17825815,0.984375,0.028645833333333332,0.041666666666666664,0.9973958333333333
core_dr192,3.0,577,384,2205.0,0.002191729,2.7080269195166665e-07,0.0005,3997.8670096518404,4382079.223525069,18719.974128542308,2421791.592810633,157.16483449797113,574.0957831827725,324.3395872435912,118189.3806850542,15.630446452053333,0.03125,0.010416666666666666,18719.974128542308,64.76211695508947,1374.1412646957833,2203041.7981656706,4.485536423315845e-05,0.0,0.03372750079950987,7.986296348884992e-05,77501.92108931392,0.017730415522374088,0.0,0.0,1.0,0.0,0.020833333333333332,305596.6026101546,2203041.7981656706,0.40863924973401317,0.014795279728684939,747839.5744145236,148901665.83970937,0.984375,0.028645833333333332,0.041666666666666664,0.9973958333333333
core_dr128,1.0,129,384,0.0,0.0,0.0,0.0005,4008.1058608193493,777073.0601392236,3265.5882935410696,0.0,0.0,0.0,0.0,7562.924892101722,1.0,0.0,0.08333333333333333,3265.5882935410696,64.92408322908774,0.0,1.4271428549545817,9.407585821463726e-12,0.0,0.0,0.0,0.0,0.0,0.0,0.0,0.0,0.0,0.0,1.4271428549545817,0.0,0.00011767717662371718,0.0,12127.609583275378,0.0,0.08333333333333333,0.0,0.1640625,0.0
core_dr128,1.0,129,384,25.0,2.5000000000000008e-05,1e-06,0.0005,4008.0847156935756,777610.8812609887,3258.5725760648597,5386.379921801266,3.8937666464979843,9.551646886078847,7.787533292995969,7567.221354801085,1.000568095381173,0.0,0.08333333333333333,3258.5725760648597,64.92318365805332,1.080498842028021,9.634958674025256,1.2096279533579946e-10,0.0,0.002990412784510452,0.00029491200000000004,523.8497998398404,0.002062611921123895,0.0,0.0,0.014272556638402826,0.0,0.19270833333333331,1.3886938421055675,9.634958674025256,0.00011472792809692084,0.0003445897637840711,12104.235343049295,27960.66420609862,0.0859375,0.96875,0.1640625,0.0
core_dr128,1.0,129,384,50.0,4.9999999999999955e-05,1e-06,0.0005,4008.060129090045,779235.4336968581,3237.8427277800115,10731.06515640342,7.767358845191307,19.060250410634644,15.534717690382614,7580.260294771764,1.0022921558679163,0.0,0.0859375,3237.842727780011,64.92079244897589,2.1457517798025947,18.96504304255359,2.455635694786906e-10,0.0,0.005965331593106924,0.00029491200000000004,1043.9580009705385,0.002055400483360202,0.0,0.0,0.016056069101916676,0.0,0.8072916666666666,1.2785951723344624,18.96504304255359,0.00010624529700937789,0.00034075906370651434,12034.369598699559,55655.28569149849,0.09114583333333333,0.96875,0.1640625,0.0
core_dr128,1.0,129,384,75.0,7.499999999999989e-05,1e-06,0.0005,4008.0320834566646,781937.4240420246,3203.741359947171,15993.48694010893,11.601061992400744,28.483881053551354,23.20212398480149,7601.986914435107,1.0051649359065007,0.0,0.0859375,3203.7413599471706,64.91665278005209,3.1811137348331613,27.74039485375397,3.6925484891980886e-10,0.0,0.008909615610163771,0.00029491200000000004,1556.7022274804003,0.002043495331783492,0.0,0.0,0.02132716750708497,0.0,0.8072916666666666,1.1196181171108037,27.74039485375397,9.394236658689546e-05,0.0003349312046358901,11918.138298923644,82824.15752784535,0.10677083333333333,0.033854166666666664,0.1640625,0.0
core_dr128,1.0,129,384,100.0,9.999999999999982e-05,1e-06,0.0005,4008.000569013559,785701.7774366335,3156.9040039159595,21134.823071371,15.37597835713409,37.78212627022334,30.75195671426818,7632.311345579476,1.0091745527646607,0.0,0.0859375,3156.904003915959,64.91033326732456,4.17301019073102,35.81782901007682,4.911271389573812e-10,0.0,0.01180875137827898,0.00029491200000000004,2058.6541951358004,0.002027057385641081,0.0,0.0,0.05474228792642932,0.0,0.8072916666666666,0.9787324803764932,35.81782901007682,8.321077016754416e-05,0.0003279486207305145,11762.088950815189,109217.80652802147,0.140625,0.033854166666666664,0.1640625,0.0
core_dr128,1.0,129,384,125.0,0.00012499999999999976,1e-06,0.0005,4007.965585697108,790508.1133894403,3098.183094009026,26118.746113621703,19.07439041349459,46.916784205591796,38.14878082698918,7671.109550064487,1.0143046056262897,0.0,0.0859375,3098.1830940090254,64.90869518086892,5.109368980825366,42.97637909720652,5.784386303275824e-10,0.0,0.014649131837563846,0.00029491200000000004,2546.6640670909715,0.002006298768200608,0.0,0.0,0.02553200478586618,0.0,0.19270833333333331,0.8828113346244209,42.97637909720652,7.622791670982266e-05,0.00031922531712843296,11581.207682547916,134627.10127065505,0.16666666666666666,0.03645833333333333,0.1640625,0.0
core_dr128,1.0,129,384,150.0,0.0001499999999999997,1e-06,0.0005,4007.9271455017756,796331.3723289572,3028.611451891252,30912.0473887467,22.68007438902727,55.8724511814379,45.36014877805454,7718.224576797836,1.0205343417939134,0.0,0.0859375,3028.6114518912514,64.91852592461579,5.979943163293001,49.50051694177091,6.184563972055912e-10,0.0,0.01741829713077294,0.00029491200000000004,3017.9310372000264,0.0019814711103674086,0.0,0.0,0.005982407828999214,0.0,0.8046875,0.8149131254176609,49.50051694177091,7.165618846734642e-05,0.00031135752003477057,11372.54357017629,158982.8854502791,0.18229166666666666,0.03645833333333333,0.1640625,0.0
core_dr128,1.0,129,384,175.0,0.00017499999999999962,1e-06,0.0005,4007.8852749561356,803142.5577955577,2949.4485971864515,35494.89513533007,26.18168714403486,64.61533965413106,52.36337428806972,7773.468173801345,1.0278388698424734,0.0,0.08854166666666666,2949.4485971864515,64.92833445650234,6.776509659623343,55.49129335349426,7.639755494892597e-10,0.0,0.020107535726618775,0.00029491200000000004,3470.057394098294,0.0019528523277881522,0.0,0.0,0.0071916414658318275,0.0625,0.1953125,0.7638841228617821,55.49129335349426,6.852432380443846e-05,0.0003047118493070882,11147.634598216988,182110.7169927291,0.19791666666666666,0.0390625,0.1640625,0.0
core_dr128,1.0,129,384,200.0,0.00019999999999999955,1e-06,0.0005,4007.840017459705,810909.5543201334,2862.6864192252306,39879.722493454596,29.56794237390423,73.11294126870517,59.13588474780846,7836.622751426177,1.036189419203447,0.0,0.08854166666666666,2862.6864192252306,64.93715585413625,7.492941515922894,61.40479773283005,9.89530235528946e-10,0.0,0.022708179743158446,0.00029491200000000004,3901.0845847579767,0.0019207329021264368,0.0,0.0,0.1588445317240055,0.0,0.1953125,0.7235397470358294,61.40479773283005,6.625442170622703e-05,0.00030104017582948767,10920.625799799658,203975.42475397163,0.20833333333333331,0.041666666666666664,0.1640625,0.0
core_dr128,1.0,129,384,225.0,0.00022499999999999948,1e-06,0.0005,4007.79143522918,819597.9792225182,2769.4407797731833,44016.26215752909,32.82636266242926,81.34172354432755,65.65272532485852,7907.443688454328,1.0455536450867575,0.0,0.09114583333333333,2769.4407797731833,64.94384376345575,8.125163486236488,67.76485965680331,1.0841176845133305e-09,0.0,0.02521064652474567,0.00029491200000000004,4309.51106026935,0.001885402629812175,0.0,0.0,0.004959138571376654,0.0,0.0390625,0.6904197923431639,67.76485965680331,6.460977109822134e-05,0.0003020711866248982,10685.996569985844,224334.07308374438,0.21875,0.04427083333333333,0.1640625,0.0
core_dr128,1.0,129,384,250.0,0.00024999999999999957,1e-06,0.0005,4007.739610650465,829172.0277472477,2672.10353200441,47887.632169070115,35.95502691136723,89.28202645935251,71.91005382273445,7985.661966926167,1.0558959768681462,0.0,0.09375,2672.10353200441,64.94705621168052,8.671009656032766,75.05483704060316,1.0040821507573128e-09,0.0,0.02761346066793003,0.00029491200000000004,4694.292823750912,0.0018471386386808974,0.0,0.0,0.00763453946875798,0.1015625,0.19791666666666666,0.6623941657308023,75.05483704060316,6.33895528972783e-05,0.0003087478017080811,10449.579393692853,243094.32043039124,0.2265625,0.046875,0.1640625,0.0
core_dr128,1.0,129,384,275.0,0.0002750000000000002,1e-06,0.0005,4007.684646896933,839595.2748000734,2574.4006089468353,51480.75056553957,38.94725009544291,96.91816392162885,77.89450019088582,8070.98711420622,1.0671780071008095,0.0,0.1015625,2574.4006089468353,64.94523964470051,9.130007250547806,83.62990076607093,1.2878444977104664e-09,0.0,0.029911488073300154,0.00029491200000000004,5054.8285188146965,0.0018061952480810755,0.0,0.0,0.03410565283433273,1.0,0.25,0.7794128921523225,83.62990076607093,7.620041138078403e-05,0.0003214107513906033,10228.460424675242,260196.33881020173,0.921875,0.049479166666666664,0.1640625,0.0
core_dr128,1.0,129,384,300.0,0.0003000000000000008,1e-06,0.0005,4007.626667744646,850831.4025052766,2480.99313960739,54786.448524518266,41.79883834952502,104.23843310048993,83.59767669905004,8163.110422326441,1.0793589171897657,0.0,0.109375,2480.99313960739,64.93661137415361,9.503112562969818,93.6582580092363,1.5061232261359692e-09,0.0,0.032101507852435214,0.00029491200000000004,5390.931546206151,0.0017627959994516345,0.0,0.0,0.032138015044228564,0.9921875,0.75,0.8756550916878041,93.6582580092363,8.745152560070723e-05,0.00033925343695511854,10013.03391419306,276071.6556030847,0.9192708333333333,0.9479166666666666,0.1640625,0.0
core_dr128,1.0,129,384,325.0,0.0003250000000000014,1e-06,0.0005,4007.565816582298,862844.8301863183,2395.3857944266097,57799.586825919774,44.5149972667334,111.23503884542129,89.0299945334668,8261.708405433086,1.0923959345492287,0.0,0.11979166666666666,2395.385794426607,64.91914073920171,9.792423636194144,105.09786000149325,1.4406396076083183e-09,0.0,0.034187517900851255,0.00029491200000000004,5702.792065398684,0.0017171279478361188,0.0,0.0,0.04879619581063741,0.0,0.20052083333333331,0.9348767656774726,105.09786000149325,9.539519721135334e-05,0.0003619363930070478,9800.040180284981,290376.6021656925,0.08333333333333333,0.9453125,0.1640625,0.0
core_dr128,1.0,129,384,350.0,0.000350000000000002,1e-06,0.0005,4007.5022546702476,875601.2314491932,2318.485664681008,60548.417670904324,47.08874894403746,117.90394255274119,94.17749788807492,8366.446446707416,1.1062448148129627,0.0,0.12760416666666666,2318.485664681008,64.90715960396545,10.000890839547992,118.10689964098856,1.9717845134437084e-09,0.0,0.03616415918902077,0.00029491200000000004,5990.9318489473135,0.0016693381082786448,0.0,0.0,0.045748888988190316,0.0,0.041666666666666664,1.148446754537872,118.10689964098856,0.0001195917803903099,0.00038965663250142255,9603.057591330304,303105.0668451213,0.9791666666666666,0.9453125,0.1640625,0.0
core_dr128,1.0,129,384,375.0,0.0003750000000000026,1e-06,0.0005,4007.436158745157,889067.9311228853,2249.5166922479166,63119.44547937337,49.532162845413275,124.2446462981512,99.06432569082655,8476.982576988083,1.1208603414587588,0.0,0.1328125,2249.516692247915,64.92915666233327,10.132041799750368,132.80928122624755,1.979060471057892e-09,0.0,0.0380407010652774,0.00029491200000000004,6256.154854004202,0.0016195318108638943,0.0,0.0,0.26735462635517654,0.0,0.9583333333333333,1.43892900935316,132.80928122624755,0.00015275336207895565,0.00042252897850608375,9419.949844438786,314319.9353942899,0.9791666666666666,0.9427083333333333,0.1640625,0.0
core_dr128,1.0,129,384,400.0,0.0004000000000000032,1e-06,0.0005,4007.3677180932427,903214.1822885971,2187.4878675811324,65417.563508537714,51.838785689723494,130.2599238759377,103.67757137944699,8592.971319074208,1.1361968341174729,0.0,0.140625,2187.4878675811324,64.94172882624821,10.18973216921222,148.3197601963766,1.9426806829869747e-09,0.0,0.03981218740970764,0.00029491200000000004,6499.496111877567,0.001567772638649771,0.0,0.0,0.04433440259151374,0.0,0.9583333333333333,1.7791201087093214,148.3197601963766,0.00019264680386794423,0.00045722321871509344,9235.139503943574,324392.45017606625,0.0234375,0.9401041666666666,0.1640625,0.0
core_dr128,1.0,129,384,425.0,0.0004250000000000038,1e-06,0.0005,4007.2971312272443,918011.3300562721,2131.400388411035,67449.79217706491,54.02242868989835,135.98365995812253,108.0448573797967,8714.067524899405,1.1522086559394327,0.0,0.14583333333333331,2131.4003884110334,64.94220335311242,10.17792910970229,165.25879622576758,2.1318555809557438e-09,0.0,0.04148922523384193,0.00029491200000000004,6722.17116830908,0.0015140835981215404,0.0,0.0,0.060944856504784796,0.0,0.7942708333333333,2.179307613725541,165.25879622576758,0.00024005060304170458,0.0004956204508675958,9078.534217832916,333438.2105025691,0.0234375,0.9401041666666666,0.1640625,0.0
core_dr128,1.0,129,384,450.0,0.00045000000000000443,1e-06,0.0005,4007.22460230305,933432.8738324076,2080.3877400116517,69226.5125321206,56.08007906832226,141.48052056738626,112.16015813664453,8839.930127952099,1.168850709754371,0.0,0.15104166666666666,2080.3877400116517,64.92758397294784,10.100530525759496,183.32818273082376,1.673470251262188e-09,0.0,0.0430695007244715,0.00029491200000000004,6925.527884227484,0.0014584491889438362,0.0,0.0,0.04035194764154052,0.1796875,0.7994791666666666,2.6493121715757297,183.32818273082376,0.0002970407290277919,0.0005371479213357418,8919.019894163583,341299.25007423665,0.0234375,0.9375,0.1640625,0.0
core_dr128,1.0,129,384,475.0,0.00047500000000000504,1e-06,0.0005,4007.150337404761,949454.4434353237,2045.9809752527042,70775.94002507841,58.02320051511757,146.6796784235742,116.04640103023515,8970.225730905377,1.1860789124421105,0.0,0.04427083333333333,2045.9809752527037,64.89452916268037,9.961220149154542,201.25888939388096,1.6880221664905548e-09,0.0,0.04456181799561029,0.00029491200000000004,7111.001970056134,0.0014008180831759647,0.0,0.0,0.05109475718457922,0.0,0.7916666666666666,3.199475677058217,201.25888939388096,0.00036444587368864554,0.0005780440360478522,8779.014685158989,348172.24440184375,0.0234375,0.9375,0.1640625,0.0
core_dr128,1.0,129,384,500.0,0.0005,9.999999999943865e-07,0.0005,4007.074540815564,966053.7065602792,2034.9978442011275,72244.12468143077,59.85404054997557,151.591137358392,119.70808109995114,9104.631948718159,1.2038506369706918,0.0,0.04427083333333333,2034.9978442011266,64.91130641196004,9.858640859975822,248.8397657056339,1.9208528101444244e-09,0.0,0.0459679031421232,0.0002949119999983445,7280.077207037043,0.0013541945476136291,0.0,0.013020833333333332,0.05615824857414242,0.0,0.7890625,3.840526904677972,248.8397657056339,0.0004445313732067666,0.0007022896153894635,8639.495739014157,354326.42068562657,0.9765625,0.0234375,0.1640625,0.0
core_dr128,1.0,129,384,525.0,0.0005250000000000006,1e-06,0.0005,4006.997411378653,983210.225894187,2028.2177870147625,73501.51009026161,61.579294667837544,156.22645653418476,123.15858933567509,9242.840430643204,1.2221251119782885,0.0,0.04427083333333333,2028.2177870147616,64.93006185497616,9.875678060153405,306.9185421024449,1.7025740817189217e-09,0.0,0.04729289830489924,0.00029491200000000004,7434.250927750878,0.0013284025729194944,0.0,0.9817708333333333,0.04532141826020622,0.0,0.7890625,4.583773717880831,306.9185421024449,0.0005379957977837918,0.0008528602508007029,8520.0920467467,359869.6759689483,0.9765625,0.0234375,0.1640625,0.0
core_dr128,1.0,129,384,550.0,0.0005500000000000012,1e-06,0.0005,4006.9191390394944,1000905.2838204122,2025.1953160698959,74564.04881782622,63.20683265324451,160.59844265206686,126.41366530648902,9384.559490626663,1.2408637695750953,0.0,0.04427083333333333,2025.1953160698959,64.92823687465041,9.988443056184224,372.6338204210624,2.240994945168495e-09,0.0,0.04854284747769178,0.00029491200000000004,7575.0049981490765,0.0013186054740062696,0.0,0.020833333333333332,0.09090712929741128,0.0,0.21354166666666666,5.463567942599184,372.6338204210624,0.0006507345993686598,0.0010209284975282525,8396.000378495191,364995.0229847026,0.026041666666666664,0.026041666666666664,0.1640625,0.0
core_dr128,1.0,129,384,575.0,0.0005750000000000018,1e-06,0.0005,4006.8399016486414,1019121.6913735133,2025.437975754239,75448.55757567071,64.73805999091289,164.7208503825715,129.47611998182578,9529.51628434137,1.2600305331993233,0.0,0.04427083333333333,2025.437975754239,64.90161129061654,10.19128212571195,450.35478673828766,2.066371962428093e-09,0.0,0.049718830073021095,0.00029491200000000004,7703.7822715155835,0.001322893322594772,0.0,0.9739583333333333,0.08311451843394163,0.0,0.9557291666666666,6.492860114813084,450.35478673828766,0.0007827404207788157,0.0012116656766993365,8295.036186265657,371682.38351447415,0.9739583333333333,0.026041666666666664,0.1640625,0.0
core_dr128,1.0,129,384,600.0,0.0006000000000000024,1e-06,0.0005,4006.75986209326,1037843.5961497688,2028.437064486814,76193.07804401209,66.18528350175679,168.60809581605838,132.37056700351357,9677.458482222568,1.27959203883264,0.0,0.04427083333333333,2028.437064486814,64.8724451688672,10.47399360237614,537.9517153250054,3.055902197957039e-09,0.0,0.05083029772934921,0.00029491200000000004,7821.968272342523,0.0013390483363900669,0.0,0.026041666666666664,0.7301497872400757,0.0,0.04427083333333333,7.675817474431824,537.9517153250054,0.000936572777720881,0.0014112733206139419,8195.644435780712,381181.8075686302,0.9739583333333333,0.026041666666666664,0.1640625,0.0
core_dr128,1.0,129,384,625.0,0.000625000000000003,1e-06,0.0005,4006.6791658149473,1057056.3014922626,2033.6928049890748,76916.61279800323,67.54593708184561,172.27498687767158,135.09187416369122,9828.155400888707,1.2995177846011217,0.0,0.04427083333333333,2033.6928049890735,64.90767207377898,10.83092100038175,636.4657049025409,2.473825588822365e-09,0.0,0.051875279678857425,0.00029491200000000004,7930.877712909751,0.0013656648598617724,0.0,0.028645833333333332,0.13769986080386157,0.0,0.04427083333333333,9.030083709047176,636.4657049025409,0.0011148857964977364,0.0016181804913672168,8099.559378560538,393321.82553059,0.9739583333333333,0.9739583333333333,0.1640625,0.0
core_dr128,1.0,129,384,650.0,0.0006500000000000037,1e-06,0.0005,4006.5979387606644,1076746.1066644664,2040.7331123808247,77504.61424994784,68.83413479847087,175.7364738019579,137.66826959694174,9981.39856961984,1.319780205677281,0.0,0.04427083333333333,2040.7331123808221,64.91924485571332,11.239528844320375,750.4501466816291,3.0704541131854057e-09,0.0,0.052864615525225624,0.00029491200000000004,8031.745342491295,0.0013993880987309899,0.0,0.96875,0.13516226779769003,0.0,0.78125,10.616173325426644,750.4501466816291,0.0013243239603658754,0.001840754416888105,8016.296346774303,407686.1855099094,0.028645833333333332,0.9713541666666666,0.1640625,0.0
core_dr128,1.0,129,384,675.0,0.0006750000000000043,1e-06,0.0005,4006.5162858022222,1096900.1750860545,2049.1260694005723,77971.4180475042,70.04626188117818,179.00742192752716,140.09252376235636,10137.00172344418,1.3403546733659453,0.0,0.04427083333333333,2049.126069400569,64.89785002020999,11.67410086505788,879.5662713609636,2.801243681460619e-09,0.0,0.05379552912474485,0.00029491200000000004,8125.720571891639,0.0014366850006436033,0.0,0.03125,0.23825317196339024,0.2265625,0.8020833333333333,12.442721409432124,879.5662713609636,0.00156706028217861,0.0020805760011016307,7940.167682722196,422751.3298698282,0.028645833333333332,0.9713541666666666,0.1640625,0.0
core_dr128,1.0,129,384,700.0,0.0007000000000000049,1e-06,0.0005,4006.4342896472835,1117506.4351741346,2058.4868744874125,78330.3647114529,71.19438504260394,182.10240826644034,142.38877008520788,10294.800229120918,1.3612194192054197,0.0,0.04427083333333333,2058.48687448741,64.84641881301691,12.196788360382016,1024.419012340717,2.852175384759903e-09,0.0,0.054677287712719826,0.00029491200000000004,8213.865296760632,0.0014849024082720422,0.0,0.033854166666666664,0.09837539872909841,0.0,0.7786458333333333,14.522594285997911,1024.419012340717,0.001846064208479733,0.002331644731735274,7866.78720019036,439354.6745769954,0.028645833333333332,0.9713541666666666,0.1640625,0.0
core_dr128,1.0,129,384,725.0,0.0007250000000000055,1e-06,0.0005,4006.3520102514276,1138553.5160201744,2068.480361148512,78593.62371645628,72.2780451728575,185.03554254205807,144.556090345715,10454.649964193926,1.3823553867515137,0.0,0.04427083333333333,2068.480361148511,64.89510150442702,12.710476065824878,1186.85787772201,3.0959199648350477e-09,0.0,0.05550953869275456,0.00029491200000000004,8297.154353835871,0.001531907871516055,0.0,0.9635416666666666,0.07198875739314234,0.0,0.7786458333333333,16.888656185474247,1186.85787772201,0.002165500032924509,0.002596743536567007,7798.963716784667,457056.25565591315,0.028645833333333332,0.028645833333333332,0.1640625,0.0
core_dr128,1.0,129,384,750.0,0.0007500000000000061,1e-06,0.0005,4006.2694847267026,1160030.718111372,2078.820257293625,78862.49117352278,73.30245842067336,187.82031268891396,146.60491684134672,10616.425681679495,1.4037460153500494,0.0,0.04427083333333333,2078.820257293625,64.90707376001868,13.31547276348374,1371.0791176017374,3.343302523717284e-09,0.0,0.056296288067077135,0.00029491200000000004,8376.47807713726,0.0015896266474840972,0.0,0.03645833333333333,0.06280354896935539,0.0,0.7760416666666666,19.595480099655106,1371.0791176017374,0.002532917058260205,0.002883237887065933,7736.329160779838,475534.51061125845,0.03125,0.96875,0.1640625,0.0
core_dr128,1.0,129,384,775.0,0.0007750000000000067,1e-06,0.0005,4006.1867277278966,1181928.017618819,2089.2662528382916,79076.74058115667,74.27546004025342,190.46945418371277,148.55092008050684,10780.018903307559,1.4253769615728409,0.0,0.04427083333333333,2089.2662528382916,64.87578146687123,13.9151253832988,1580.2463674051687,3.576133167371154e-09,0.0,0.057043553310914624,0.00029491200000000004,8452.646469072437,0.0016462448103340345,0.0,0.03645833333333333,0.16522573398053245,0.0,0.7760416666666666,22.724285623364267,1580.2463674051687,0.0029592997318307725,0.0031899346211063657,7678.940182685001,495385.1896993085,0.03125,0.03125,0.1640625,0.0
core_dr128,1.0,129,384,800.0,0.0008000000000000073,1e-06,0.0005,4006.1037322842412,1204236.1014425524,2099.6341929810346,79363.33187975253,75.19004239101665,192.99484204001973,150.3800847820333,10945.335392172601,1.4472357650415477,0.0078125,0.04427083333333333,2099.6341929810346,64.83307103964722,14.561270661904928,1814.854463454336,3.874447429552674e-09,0.0,0.05774595255630078,0.00029491200000000004,8526.394558251068,0.0017077875721589564,0.0,0.9609375,0.07388375977528291,0.0,0.046875,26.284810738026863,1814.854463454336,0.0034464337745800907,0.0035137564725470994,7626.66932174821,516499.785239459,0.96875,0.03125,0.1640625,0.0
core_dr128,1.0,129,384,825.0,0.0008250000000000079,1e-06,0.0005,4006.0204710320336,1226946.4292245961,2110.6747430044,79748.61355734321,76.06780754760292,195.40740385907648,152.13561509520585,11112.292260952165,1.4693114660648283,0.015625,0.04427083333333333,2110.6747430044,64.882806512364,15.253055228277844,2078.2312472639605,4.307366907596588e-09,0.0,0.05842007619655905,0.00029491200000000004,8598.388576506324,0.0017739434654016797,0.0,0.9609375,0.2218416573655813,0.0,0.2265625,30.3417809556704,2078.2312472639605,0.003791301565911231,0.0038598320664391663,8002.998555557482,538425.3023166377,0.96875,0.03125,0.1640625,0.0
core_dr128,1.0,129,384,850.0,0.0008500000000000085,1e-06,0.0005,4005.9368977935633,1250051.317899486,2123.200761892298,80330.46546482257,76.89488473058852,197.71705198960194,153.78976946117703,11280.814774482371,1.4915941828621617,0.0234375,0.04427083333333333,2123.200761892298,64.88461204034955,15.946691648632623,2374.2658203700557,4.511093720793724e-09,0.0,0.05905527147309198,0.00029491200000000004,8669.232648297728,0.0018394582652899367,0.0,0.9609375,0.1817840817595558,0.0,0.046875,34.97235052708129,2374.2658203700557,0.004072417566311378,0.0042307760654334255,8587.614103324318,561189.196414446,0.96875,0.96875,0.1640625,0.0
core_dr128,1.0,129,384,875.0,0.0008750000000000091,1e-06,0.0005,4005.852949440132,1273544.0440209606,2137.1641586054525,80980.28386685751,77.67978127398915,199.9326326100433,155.3595625479783,11450.832905581694,1.5140746561611733,0.03125,0.04427083333333333,2137.164158605451,64.83059889419384,16.679969572074697,2707.5088654197752,5.2532413974404335e-09,0.0,0.059658072018423665,0.00029491200000000004,8739.475743520492,0.001908577821094285,0.0,0.9583333333333333,0.40293182370631914,0.0,0.046875,40.268543206344475,2707.5088654197752,0.004386591292545629,0.0046296971281839724,9179.916823975596,584813.3885340816,0.96875,0.96875,0.1640625,0.0
core_dr128,1.0,129,384,900.0,0.0009000000000000097,1e-06,0.0005,4005.768547972143,1297418.959049459,2152.1457249707037,81753.52741254888,78.43166305393486,202.06188940325143,156.8633261078697,11622.277700882078,1.536743768673375,0.0390625,0.041666666666666664,2152.1457249707037,64.82747598800827,17.477751023642668,3083.2901690667495,5.791662260890007e-09,0.0,0.06023551722542197,0.00029491200000000004,8812.500271694505,0.001983290835153866,0.0,0.041666666666666664,1.0,0.0,0.046875,46.340169835151755,3083.2901690667495,0.004741845719325387,0.0050602484195737775,9772.601762704435,609315.968982893,0.03125,0.96875,0.1640625,0.0
core_dr128,1.0,129,384,925.0,0.0009250000000000103,1e-06,0.0005,4005.6836027474637,1321671.6129696593,2170.6322507131003,82678.70919627091,79.14258933956826,204.11143943838215,158.28517867913652,11795.077509486062,1.5595920464322146,0.046875,0.041666666666666664,2170.6322507131003,64.86726501968364,18.286811751170717,3507.85636493098,6.606569513678551e-09,0.0,0.06078150861278842,0.00029491200000000004,8893.265717456776,0.0020562538365715482,0.0,0.041666666666666664,0.4982502135331704,0.0,0.046875,53.318315847121994,3507.85636493098,0.005143604454876066,0.005517733463705297,10365.944021332543,635742.2641026531,0.03125,0.96875,0.1640625,0.0
core_dr128,1.0,129,384,950.0,0.000950000000000011,1e-06,0.0005,4005.59801279013,1346298.8819903224,2190.584461068171,83768.33479604851,79.81894763612684,206.08675889812912,159.63789527225367,11969.154122036449,1.5826091482855178,0.046875,0.041666666666666664,2190.584461068171,64.84551369987194,19.10966817165354,3988.5320382760838,7.152266334742308e-09,0.0,0.06130095178454541,0.00029491200000000004,8984.46844879867,0.002126967029886863,0.0,0.041666666666666664,0.27705992412066327,0.0,0.953125,61.35950813170348,3988.5320382760838,0.005585964016778625,0.006012894504735523,10984.587073492992,663329.7881968278,0.03125,0.03125,0.1640625,0.0
core_dr128,1.0,129,384,975.0,0.0009750000000000116,1e-06,0.0005,4005.5116691149665,1371299.0966201287,2211.192100117323,84917.48106673782,80.4703596975819,207.99217638016924,160.9407193951638,12153.605570117448,1.606998052143816,0.046875,0.041666666666666664,2211.192100117323,64.7551350993296,19.975118227866915,4533.907361110672,7.334165275096893e-09,0.0,0.0618012362477429,0.00029491200000000004,9079.220304085495,0.0022000918095222838,0.0,0.04427083333333333,0.2060207878050717,0.0,0.046875,70.6506908776937,4533.907361110672,0.006089351274757328,0.006551665210951184,11602.33458210362,692023.6634698906,0.03125,0.03125,0.15625,0.0
core_dr128,1.0,129,384,1000.0,0.001,9.99999999990375e-07,0.0005,4005.4244570091923,1396672.1670743334,2232.494812305094,86131.27581322688,81.08874486103346,209.87831824027336,162.17748972206692,12341.718733470727,1.6318711225546743,0.046875,0.041666666666666664,2232.494812305094,64.82387186432662,20.922937989627826,5154.056925556622,8.039933163672686e-09,0.0,0.06227615605267429,0.0002949119999971615,9185.695446598702,0.00227777397054626,0.0,0.9557291666666666,0.17291972072569456,0.0,0.046875,81.41516260161006,5154.056925556622,0.006663340778960323,0.0071364349145620724,12218.36992919237,722217.3238124321,0.96875,0.03125,0.15625,0.0
core_dr128,1.0,129,384,1025.0,0.001024999999999998,1e-06,0.0005,4005.3362582192212,1422419.7037121984,2255.78981587055,87520.16475211133,81.67654835425168,211.89224051682316,163.35309670850336,12532.057697686212,1.6570384972054875,0.0546875,0.041666666666666664,2255.7898158705484,64.84004798363743,21.896772278105345,5860.797235358506,8.061761036515236e-09,0.0,0.06272758913606528,0.00029491200000000004,9299.885840085677,0.0023545205451579627,0.0,0.04427083333333333,0.1554548580931705,0.0,0.046875,93.91964953445131,5860.797235358506,0.00731785517659935,0.0077630513204738445,12834.313780188299,754960.5166078913,0.96875,0.03125,0.15625,0.0
core_dr128,1.0,129,384,1050.0,0.0010499999999999958,1e-06,0.0005,4005.24695299906,1448545.1310017037,2281.504194442288,89048.18600078911,82.24254314674596,213.86743350702403,164.48508629349192,12724.521744706752,1.6824868587542763,0.0546875,0.0390625,2281.504194442288,64.77938739159804,22.90031104922309,6667.9885874111205,9.029463399201632e-09,0.0,0.06316227313670089,0.00029491200000000004,9418.62219448682,0.0024313865209104326,0.0,0.9557291666666666,0.14633232868576979,0.0,0.953125,108.48272011497465,6667.9885874111205,0.008057497358163237,0.00844958636690535,13463.575015022288,789149.7048338074,0.96875,0.03125,0.15625,0.0
core_dr128,1.0,129,384,1075.0,0.0010749999999999937,1e-06,0.0005,4005.156421985473,1475053.794328957,2309.0985057628855,90658.96438921809,82.78673009304342,215.80409274603858,165.57346018608683,12918.981389261096,1.708199086143633,0.0546875,0.0390625,2309.0985057628855,64.75151331020726,23.937557543618823,7591.877782939933,9.735231287777424e-09,0.0,0.06358020871145734,0.00029491200000000004,9542.38638684987,0.0025085504373001063,0.0,0.9557291666666666,0.20530816515476075,0.0,0.234375,125.48479451275489,7591.877782939933,0.008891733811328874,0.009205139800865104,14112.522616553804,824743.3441723986,0.96875,0.96875,0.15625,0.0
core_dr128,1.0,129,384,1100.0,0.0010999999999999916,1e-06,0.0005,4005.0645478739975,1501953.0597908718,2337.949935206932,92411.89902280914,83.30616293047532,217.70128048398098,166.61232586095065,13118.505244774848,1.7345809236417313,0.0546875,0.0390625,2337.949935206932,64.81252045037108,25.012846106335928,8651.479114572518,1.0222720447927713e-08,0.0,0.06397913313060505,0.00029491200000000004,9682.189602130647,0.0025833873466836097,0.0,0.04427083333333333,0.21087187794753515,0.0,0.765625,145.38006218176452,8651.479114572518,0.009844282273268562,0.010040291497176827,14767.969684954442,861676.089484571,0.96875,0.96875,0.1484375,0.0
core_dr128,1.0,129,384,1125.0,0.0011249999999999895,1e-06,0.0005,4004.971216878462,1529252.407914512,2369.480982063426,94356.8078341427,83.80268058159314,219.5569189288797,167.60536116318627,13335.192467873589,1.763232169844776,0.0625,0.0390625,2369.480982063426,64.78885381443924,26.169768922181902,9869.026096417569,1.076841726899147e-08,0.0,0.06436045868666353,0.00029491200000000004,9831.293863645471,0.0026618845174543565,0.0,0.046875,0.14719676592821015,0.0,0.953125,168.71064313236275,9869.026096417569,0.010931376365546929,0.010943041814391818,15433.613983331335,901854.0058430783,0.96875,0.96875,0.1484375,0.0
core_dr128,1.0,129,384,1150.0,0.0011499999999999874,1e-06,0.0005,4004.8763199647647,1556963.5230220174,2402.7325788064963,96412.77584374568,84.27799459098941,221.367776997398,168.55598918197882,13554.96737544769,1.7922916819660217,0.0625,0.0390625,2402.7325788064963,64.67476809888447,27.411800542739,11270.55705692619,1.1918018572032452e-08,0.0,0.06472549984587986,0.00029491200000000004,9987.547720014256,0.002744597704179968,0.0,0.046875,0.15542624529946683,0.0,0.953125,196.12331339812954,11270.55705692619,0.01215623164754038,0.011919430314591944,16133.561706008782,945561.7222853852,0.96875,0.96875,0.1484375,0.0
core_dr128,1.0,129,384,1175.0,0.0011749999999999853,1e-06,0.0005,4004.779753856819,1585100.3806997924,2437.466283925483,98585.06071423674,84.74017142943566,223.51422426658897,169.48034285887132,13777.600942790117,1.8217291774480848,0.0625,0.0390625,2437.466283925483,64.75813553633897,28.708103809083696,12886.902590965852,1.2834789231419563e-08,0.0,0.06508045165780658,0.00029491200000000004,10151.537502658834,0.00282795623831017,0.0,0.046875,0.1686518762999736,0.0,0.953125,228.38920616425457,12886.902590965852,0.013555389557107115,0.013004764639075902,16848.590385549614,990937.0102896052,0.03125,0.9713541666666666,0.1484375,0.0
core_dr128,1.0,129,384,1200.0,0.0011999999999999832,1e-06,0.0005,4004.6814218189397,1613679.3365334708,2475.523728503257,100878.82610283031,85.18528731497055,225.63892692568686,170.3705746299411,14002.81096428824,1.8515073419427923,0.0625,0.03645833333333333,2475.523728503257,64.78074056919498,30.064567466639346,14778.283959673252,1.4159013517200947e-08,0.0,0.06542230065789738,0.00029491200000000004,10323.886756142078,0.0029121365021514576,0.0,0.046875,0.18887802404261309,0.0,0.953125,266.4272290720255,14778.283959673252,0.015156394178322874,0.01422977064765223,17578.5365527823,1038546.8835445722,0.03125,0.9713541666666666,0.1484375,0.0
core_dr128,1.0,129,384,1225.0,0.001224999999999981,1e-06,0.0005,4004.5812342241697,1642719.2199405758,2516.1946082736654,103299.0540630822,85.61305403086894,227.73509825353756,171.22610806173788,14253.955088436105,1.8847146166058193,0.0625,0.03645833333333333,2516.1946082736654,64.69891738781847,31.487566833080564,16968.594581708312,1.4159013517200947e-08,0.0,0.06575082549570735,0.00029491200000000004,10505.262938402531,0.0029973135387193536,0.0,0.046875,0.684873766323423,0.0,0.7630208333333333,311.36331751132093,16968.594581708312,0.016993231391903812,0.015524182512403308,18322.784544654976,1093042.7137242793,0.028645833333333332,0.9713541666666666,0.140625,0.0
core_dr128,1.0,129,384,1250.0,0.001249999999999979,1e-06,0.0005,4004.4791089223454,1672241.4375806004,2558.8648612117954,105850.42363472038,86.02474240393437,229.79568944464432,172.04948480786874,14511.705682627833,1.9187954250058747,0.0625,0.03645833333333333,2558.8648612117954,64.66836682076828,32.983691129336876,19507.744270759635,1.57160684466362e-08,0.0,0.0660670021662216,0.00029491200000000004,10696.384566157507,0.0030836298868399514,0.0,0.046875,0.2713649382384807,0.0,0.953125,364.9158660903486,19507.744270759635,0.019075625618344152,0.016971479590108238,19129.955336270898,1149442.7558413735,0.028645833333333332,0.9713541666666666,0.140625,0.0
core_dr128,1.0,129,384,1275.0,0.0012749999999999769,1e-06,0.0005,4004.3749714250057,1702270.0914633079,2603.6346408770783,108770.80426076056,86.42153181468984,231.812263347096,172.84306362937969,14773.190958384946,1.953370047851884,0.0625,0.03645833333333333,2603.6346408770783,64.74773044524038,34.55969330035259,22454.124648199882,1.586158759891987e-08,0.0,0.0663717364336818,0.00029491200000000004,10898.028939409656,0.003171187514044598,0.0,0.953125,0.36577684971771224,0.0,0.953125,428.34987056587124,22454.124648199882,0.02145500115582596,0.018577849761835265,19965.036005116024,1208650.351685355,0.028645833333333332,0.9713541666666666,0.140625,0.0
core_dr128,1.0,129,384,1300.0,0.0012999999999999748,1e-06,0.0005,4004.268754926753,1732832.1175316374,2650.604112813071,111880.57667897492,86.8045162840752,234.210258673773,173.6090325681504,15043.141085127758,1.9890639269521158,0.0625,0.03645833333333333,2650.604112813071,64.71450375021118,36.22298326275995,25874.98989765765,1.6487319953739643e-08,0.0,0.06666586850616976,0.00029491200000000004,11111.04059661447,0.003260089183167694,0.0,0.953125,0.5886264959905764,0.0,0.953125,503.5490810362535,25874.98989765765,0.024188742668935084,0.020265200576767627,20817.497127824972,1276818.8402399127,0.028645833333333332,0.028645833333333332,0.1328125,0.0
core_dr128,1.0,129,384,1325.0,0.0013249999999999727,1e-06,0.0005,4004.160400184373,1763957.451193795,2699.8721142644017,115166.14652285281,87.17471032720385,236.6893775933578,174.3494206544077,15346.94127280206,2.0292335956991336,0.0625,0.03645833333333333,2699.8721142644017,64.55815230759903,37.982349654539576,29846.512543807738,1.7113052308559418e-08,0.0,0.06695017753129255,0.00029491200000000004,11336.340672560547,0.0033504947276748057,0.0,0.953125,1.0,0.0,0.046875,592.7563813259621,29846.512543807738,0.027249501682532724,0.02216085885873491,21752.925548210173,1346812.0858521443,0.028645833333333332,0.028645833333333332,0.1328125,0.0
core_dr128,1.0,129,384,1350.0,0.0013499999999999706,1e-06,0.0005,4004.0498552762638,1795679.227055041,2751.5344579486177,118633.05515746279,87.53305455050827,239.13669475020293,175.06610910101654,15656.029017518636,2.070102406262011,0.0625,0.03645833333333333,2751.5344579486177,64.68053557675937,39.84808530909868,34455.93168178573,1.8801074475049973e-08,0.0,0.06722538589479035,0.00029491200000000004,11576.963266009148,0.003442015353550936,0.0,0.953125,1.0,0.0,0.046875,698.6416142601665,34455.93168178573,0.03074849515125378,0.02422609434466812,22721.16442848681,1422265.2315134355,0.028645833333333332,0.028645833333333332,0.1328125,0.0
core_dr128,1.0,129,384,1375.0,0.0013749999999999685,1e-06,0.0005,4003.9370752655213,1828034.0209967652,2808.3444704293547,122285.58630954311,87.88288456618204,241.53913319142492,175.76576913236408,15969.772326598786,2.111586794055919,0.0625,0.033854166666666664,2808.3444704293547,64.70761381779958,41.831129466236234,39807.414359387476,1.8320861272513866e-08,0.0,0.0674940553468278,0.00029491200000000004,11836.26009602598,0.003534150916494393,0.0,0.953125,0.5505530617182477,0.0,0.953125,824.3773992935749,39807.414359387476,0.03474975621174062,0.026419027665059634,23723.257057413517,1506770.6073087086,0.028645833333333332,0.028645833333333332,0.1328125,0.0
core_dr128,1.0,129,384,1400.0,0.0013999999999999664,1e-06,0.0005,4003.8220217905923,1861062.1438229098,2870.0013864399175,126362.45221758686,88.22297709882267,243.8814546682745,176.44595419764534,16317.469813047977,2.157560738185962,0.0625,0.033854166666666664,2870.0013864399175,64.60083375184904,44.790739305489296,46027.43508657487,1.936859916895628e-08,0.0,0.06775524641189581,0.00029491200000000004,12110.320822317162,0.0036985592671457514,0.0,0.0,0.3230771427841006,0.0,0.953125,973.7265830599208,46027.43508657487,0.039223140881809136,0.02890740050649662,24825.308763366134,1592237.0839339467,0.028645833333333332,0.028645833333333332,0.125,0.0
core_dr128,1.0,129,384,1425.0,0.0014249999999999643,1e-06,0.0005,4003.7046626081137,1894807.9970096839,2934.8225281542605,130843.90812264124,88.55312415215919,246.87859743952384,177.10624830431837,16689.146699956087,2.206705333988608,0.0625,0.033854166666666664,2934.8225281542573,64.57286540007617,49.006852901419734,53260.974196683615,1.9914295990020037e-08,0.0,0.06800879934885826,0.00029491200000000004,12400.261844494176,0.003952082102458118,0.0,0.0,0.2265162519063644,0.0,0.953125,1151.15394964187,53260.974196683615,0.044377682279338554,0.031346283878980516,25939.929498702695,1699116.054786901,0.028645833333333332,0.028645833333333332,0.125,0.0
core_dr128,1.0,129,384,1450.0,0.0014499999999999622,1e-06,0.0005,4003.5849711132983,1929320.502740059,3002.915904633364,135575.38006177667,88.8740283586576,249.8670461278715,177.7480567173152,17067.497180382325,2.2567323388609375,0.0625,0.033854166666666664,3002.915904633353,64.6742747274291,53.552106112836555,61658.49930872582,2.1939560558471155e-08,0.0,0.06825525377944903,0.00029491200000000004,12707.29466597988,0.004214280656936908,0.0,0.0,0.1733558040224178,0.0,0.953125,1361.9725439109607,61658.49930872582,0.05016070915853783,0.03402165512552529,27152.17880206424,1812330.9721773514,0.028645833333333332,0.028645833333333332,0.125,0.0
core_dr128,1.0,129,384,1475.0,0.00147499999999996,1e-06,0.0005,4003.4629258645937,1964653.6224892144,3074.372991219684,140558.16934689303,89.18634255377961,252.8058311545857,178.37268510755922,17465.697043118747,2.3093839079849783,0.0625,0.033854166666666664,3074.3729912196686,64.63234132347618,58.46059161281937,71373.26589703653,2.5399774355891884e-08,0.0,0.06849511108130274,0.00029491200000000004,13032.734329664365,0.004485673545861724,0.0,0.0,0.13984659626101356,0.0,0.953125,1612.5144728208252,71373.26589703653,0.05658138578829894,0.036772258419392134,28499.02755747446,1940954.1041242462,0.9713541666666666,0.028645833333333332,0.1171875,0.0
core_dr128,1.0,129,384,1500.0,0.0015,1.000000000041983e-06,0.0005,4003.338510141271,2000866.9810933268,3150.9889431601255,145788.51752796205,89.49067355979508,255.6718459528676,178.98134711959017,17920.638495838757,2.3695380757455395,0.0625,0.03125,3150.98894316012,64.4345500269856,63.77139029569935,82694.49043760635,2.9408740816913927e-08,0.0,0.06872883729680807,0.0002949120000123813,13378.007858390092,0.004766882406613685,0.0,0.0,0.16257968034465828,0.0,0.04427083333333333,1910.3033229149733,82694.49043760635,0.06366350182274338,0.039760713434382006,30006.255832954033,2079803.9897870272,0.9713541666666666,0.026041666666666664,0.1171875,0.0
core_dr128,1.0,129,384,1525.0,0.001524999999999998,1e-06,0.0005,4003.211711565608,2038026.6166695617,3236.906063400928,151919.4818465068,89.7875857100938,258.8010367703684,179.5751714201876,18385.329568758803,2.430981377054183,0.0625,0.03125,3236.9060634009243,64.58877142778287,69.52953221985808,95880.20235585375,3.406222154570039e-08,0.0,0.06895686582535204,0.00029491200000000004,13744.6623231152,0.005058656996099949,0.0,0.0,0.24515149188896207,0.0,0.04427083333333333,2264.2372401097527,95880.20235585375,0.07035681983308952,0.04276180130420153,32182.19989876318,2242192.7849525157,0.9713541666666666,0.9739583333333333,0.1171875,0.0
core_dr128,1.0,129,384,1550.0,0.0015499999999999958,1e-06,0.0005,4003.082521825714,2076205.8812142364,3327.177925024692,158415.70503440918,90.07760412303486,262.5341397296153,180.15520824606972,18858.27588637142,2.493516219639561,0.0625,0.03125,3327.1779250246896,64.635706225024,75.78718305340772,111127.16134010023,3.947521007461956e-08,0.0,0.06917959996649077,0.00029491200000000004,14134.371940923975,0.005361906660597856,0.0,0.0,0.4953583250161777,0.0,0.04427083333333333,2684.845978274534,111127.16134010023,0.07744373697363448,0.045826645707882696,34668.34224681827,2424946.4394245446,0.9713541666666666,0.9739583333333333,0.1171875,0.0
core_dr128,1.0,129,384,1575.0,0.0015749999999999937,1e-06,0.0005,4002.9509365411564,2115486.5225248314,3421.836742833399,165236.4789355496,90.36121773577368,266.2089919974893,180.72243547154736,19415.62447853148,2.567211066555484,0.0625,0.03125,3421.836742833399,64.52240135213587,82.60511802153178,128658.92607663525,4.578520132738435e-08,0.0,0.06939741522107419,0.00029491200000000004,14548.943278264373,0.005677740055866533,0.0,0.0,1.0,0.0,0.04427083333333333,3184.671282689058,128658.92607663525,0.0852727632775368,0.04894344081774764,37346.87560580071,2628726.6266327063,0.9713541666666666,0.026041666666666664,0.109375,0.0
core_dr128,1.0,129,384,1600.0,0.0015999999999999916,1e-06,0.0005,4002.816955322185,2155959.98574528,3520.8443904958076,172353.48740428666,90.63888210951416,269.78921551510814,181.2777642190283,19998.05028302643,2.644221722195235,0.0625,0.03125,3520.8443904958076,64.42972728784507,90.05456512474302,148796.0003737975,5.315946393050708e-08,0.0,0.06961066146010687,0.00029491200000000004,15005.791407096305,0.00600132060226799,0.0,0.0,0.48818525843675864,0.0,0.04427083333333333,3781.836423492321,148796.0003737975,0.09399391802770322,0.05209886070017297,40234.90564972177,2856031.7514448734,0.9739583333333333,0.026041666666666664,0.109375,0.0
core_dr128,1.0,129,384,1625.0,0.0016249999999999895,1e-06,0.0005,4002.6805820852464,2197728.982966004,3633.1442679854877,180776.56382538675,90.91102201822832,273.2310400550589,181.82204403645665,20592.904869836315,2.722875760850454,0.0625,0.028645833333333332,3633.1442679854877,64.58839811614058,98.21952642708948,172043.70379199553,6.180058632072662e-08,0.0,0.06981966490999934,0.00029491200000000004,15498.14233488778,0.00633750318617142,0.0,0.0,0.30965763862345386,1.0,0.7526041666666666,4494.121716668684,172043.70379199553,0.10318542051813005,0.055411787902825735,43553.84408089949,3104821.380131323,0.9739583333333333,0.9739583333333333,0.109375,0.0
core_dr128,1.0,129,384,1650.0,0.0016499999999999874,1e-06,0.0005,4002.541825703859,2240909.392843954,3752.8040480168575,189736.2537548688,91.17803383316125,277.9219947898533,182.3560676663225,21267.9341648407,2.8121308182039053,0.0625,0.028645833333333332,3752.8040480168575,64.57770836555385,107.19972356031667,199012.52936145104,7.195519085685981e-08,0.0,0.07002472998386784,0.00029491200000000004,16029.326550213093,0.006687724729077377,0.0,0.0,0.16641868412897487,0.0,0.9557291666666666,5341.9676324185275,199012.52936145104,0.11328378137038711,0.05889134524450652,47155.626055178116,3379317.0887026945,0.9739583333333333,0.9739583333333333,0.1015625,0.0
core_dr128,1.0,129,384,1675.0,0.0016749999999999853,1e-06,0.0005,4002.4007010966343,2285632.5704536415,3877.65168887289,199487.73458509485,91.44028771540911,282.6208164355213,182.88057543081823,22015.201319504973,2.910937452584828,0.0625,0.028645833333333332,3877.65168887289,64.4389994282651,117.1143657830371,230192.06301908195,8.392690795211846e-08,0.0,0.0702261409654342,0.00029491200000000004,16603.554857931682,0.0070535717673188775,0.0,0.0,0.27852147156334417,0.0,0.9583333333333333,6351.553918829304,230192.06301908195,0.12427909163578395,0.06242331746166594,51107.1800994761,3687597.3975661024,0.9739583333333333,0.9739583333333333,0.1015625,0.0
core_dr128,1.0,129,384,1700.0,0.0016999999999999832,1e-06,0.0005,4002.2572308860204,2332048.172439866,4007.5556738606465,211374.05731094314,91.69812962857236,287.18455390202774,183.39625925714472,22781.656326091586,3.0122811810392855,0.0625,0.026041666666666664,4007.5556738606465,64.4450700603706,128.10701282406353,265855.039110817,9.80942017289687e-08,0.0,0.07042416355474357,0.00029491200000000004,17225.607191660976,0.0074370099932431375,0.0,0.0,0.918245299524789,0.0,0.041666666666666664,7554.432424180501,265855.039110817,0.13617453765822823,0.06582997955205713,55476.101142642874,4038510.1274501197,0.9739583333333333,0.9739583333333333,0.1015625,0.0
core_dr128,1.0,129,384,1725.0,0.001724999999999981,1e-06,0.0005,4002.111447806097,2380327.6368125356,4158.349566044787,224080.55094508507,91.95390380230069,291.5368510212659,183.90780760460137,23622.04898927771,3.123401240431093,0.0625,0.026041666666666664,4158.349566044787,64.56870468263176,140.35191077519903,306297.2892229678,1.1492683786944852e-07,0.0,0.07062059812016692,0.00029491200000000004,17900.91666647907,0.007840487355489425,0.0,0.0,0.7468834915928595,0.0,0.9583333333333333,8988.190220063057,306297.2892229678,0.14915160072237474,0.06905111075324741,60262.11033962245,4435805.389395027,0.9739583333333333,0.9739583333333333,0.09375,0.0
core_dr128,1.0,129,384,1750.0,0.001749999999999979,1e-06,0.0005,4001.9633981018656,2430668.504583591,4320.339395200203,237500.15664294505,92.20762877314576,297.3215422757472,184.4152575462915,24608.158755747198,3.2537885946013456,0.0546875,0.028645833333333332,4320.339395200187,64.52713006673693,154.06233312305358,352160.58820488304,1.3501856110809863e-07,0.0,0.07081545889777593,0.00029491200000000004,18635.66255168897,0.008267070338698033,0.0,0.0,0.2710553828841906,0.0,0.041666666666666664,10697.495809981629,352160.58820488304,0.163271434195614,0.07222084647187929,65519.702590258734,4876162.568130577,0.9739583333333333,0.9739583333333333,0.09375,0.0
core_dr128,1.0,129,384,1775.0,0.001774999999999977,1e-06,0.0005,4001.813146256401,2483299.838247854,4513.053859897641,253194.56708187374,92.72601537766873,303.4810076792722,187.2137407273163,25624.65265372194,3.388193459448848,0.0546875,0.026041666666666664,4513.053859897597,64.40598125223417,169.50168380701962,404370.18445597123,1.5912287218147572e-07,0.0,0.07189007643928946,0.00029491200000000004,19436.869488199758,0.00872062674032591,0.0,0.0,0.23047332132074974,0.0,0.9609375,12736.34260974673,404370.18445597123,0.178596872576614,0.07549708270780596,71313.3574289389,5356103.440724892,0.9739583333333333,0.9739583333333333,0.09375,0.0
core_dr128,1.0,129,384,1800.0,0.0017999999999999748,1e-06,0.0005,4001.660781522033,2538489.0896745673,4720.680582636402,270697.86883876036,94.46941059390804,309.4172192052076,190.81956157645288,26716.065662468056,3.532504427006641,0.0546875,0.026041666666666664,4720.680582636355,64.44608747076587,186.9984533003426,463774.337659291,1.882073025119831e-07,0.0,0.0732747116453579,0.00029491200000000004,20312.506567793906,0.009206074724270333,0.0,0.0,0.670073199206448,0.0,0.9609375,15170.901408043283,463774.337659291,0.19521457827733518,0.07798369444976264,77713.9778284922,5947068.049694106,0.9739583333333333,0.9739583333333333,0.0859375,0.0
core_dr128,1.0,129,384,1825.0,0.0018249999999999727,1e-06,0.0005,4001.5064269397553,2596550.912841262,4939.171767018768,288900.37466467713,96.31204552586009,314.98027711712365,194.91563264731428,28064.484082699757,3.7107976719441798,0.0546875,0.026041666666666664,4939.171767018742,64.54201527593611,206.96663682058534,531186.7864501439,2.2352554534823716e-07,0.0,0.07484760293656868,0.00029491200000000004,21271.572983736016,0.00972972882535906,0.0,0.0,0.8198907923226774,0.0,0.9609375,18081.06153127129,531186.7864501439,0.21321274805182197,0.08004074556325154,84802.91022221916,6636454.7545397105,0.9739583333333333,0.9739583333333333,0.0859375,0.0
core_dr128,1.0,129,384,1850.0,0.0018499999999999706,1e-06,0.0005,4001.3502518462606,2657858.6302603674,5190.545102521689,311568.8216493382,98.43397063555588,323.0729879742171,199.31479864728908,29462.795039392462,3.8956879064291234,0.0546875,0.0234375,5190.545102521689,64.50807532301471,229.93406199723177,607896.4386356305,2.6671826201882e-07,0.0,0.076536882680559,0.00029491200000000004,22324.144189842627,0.010299792907709788,0.0,0.0,0.8482388543907662,0.0,0.7630208333333333,21560.948290887027,607896.4386356305,0.2318279009783749,0.08192928778456285,93004.11296437631,7419769.597340142,0.9739583333333333,0.9739583333333333,0.0859375,0.0
core_dr128,1.0,129,384,1875.0,0.0018749999999999685,1e-06,0.0005,4001.1924893823057,2722859.3876535315,5461.564742493522,338558.72436687385,100.60760343541229,331.375206250905,203.82124938893494,30969.426757333295,4.094900742657904,0.0546875,0.0234375,5461.564742493522,64.42112123330566,256.58240083300916,695354.7805663394,3.199594086096862e-07,0.0,0.07826735976535101,0.00029491200000000004,23481.32888494442,0.010927081771659129,0.0,0.0,0.3831747882604052,0.0,0.03645833333333333,25732.18671758016,695354.7805663394,0.2514315308216724,0.08320078612690786,102342.71983902724,8357550.606621679,0.9765625,0.9739583333333333,0.078125,0.0
core_dr128,1.0,129,384,1900.0,0.0018999999999999664,1e-06,0.0005,4001.0334613628393,2792094.539571333,5744.621577990992,369168.4066800886,102.92099829696697,339.2148424827454,208.98441816524095,32909.853890219834,4.351471733454469,0.0546875,0.020833333333333332,5744.621577990992,64.42717963857046,287.80457680761356,793479.9679353097,3.861664976531502e-07,0.0,0.08025001657545254,0.00029491200000000004,24755.042996764394,0.011626098845606168,0.0,0.0,1.0,0.0,0.03645833333333333,30818.68112090646,793479.9679353097,0.27301245523998136,0.08264971890009752,112883.79167103002,9600516.232782656,0.9765625,0.9739583333333333,0.078125,0.0026041666666666665
core_dr128,1.0,129,384,1925.0,0.0019249999999999643,1e-06,0.0005,4000.873614130663,2866227.624060353,6078.307664614715,405969.41347282624,105.57353049762352,347.7364426731808,214.50619594687365,34969.08409074354,4.623751338224079,0.0546875,0.020833333333333332,6078.307664614715,64.52542732606028,324.7881639461848,900395.6830904549,4.69312819976035e-07,0.0,0.08237037924359948,0.00029491200000000004,26157.422925087692,0.012416672883882575,0.0,0.0,0.3155070694401621,0.0,0.03645833333333333,36966.88871586192,900395.6830904549,0.2961843700291686,0.08058776484017294,124810.3966871087,11172858.372188136,0.9765625,0.9739583333333333,0.078125,0.0026041666666666665
core_dr128,1.0,129,384,1950.0,0.0019499999999999622,1e-06,0.0005,4000.7135710514585,2946083.64062328,6489.061290441868,444490.6117122423,108.24739837781217,359.76047190397213,220.27186444527993,37276.606519882735,4.928861128690071,0.046875,0.020833333333333332,6489.061290438345,64.51494940242137,369.13912514990807,1016565.2233543023,5.749025568913703e-07,0.0,0.0845843959469875,0.00029491200000000004,27767.839720583605,0.013293764616347684,0.0,0.0,0.4791276443762854,0.0,0.033854166666666664,44398.020865130995,1016565.2233543023,0.3188601049590171,0.07962228753287506,139239.81136127847,12767345.109678933,0.9765625,0.9739583333333333,0.0703125,0.9973958333333333
core_dr128,1.0,129,384,1975.0,0.0019749999999999646,1e-06,0.0005,4000.554211580194,3032705.6703103282,6977.088660022609,496732.6016672951,111.35458005430576,371.18736020513586,227.0480074885056,40289.55511419897,5.3272451715440186,0.046875,0.020833333333333332,6977.088660017464,64.46143157222714,423.0736468630421,1147989.9366455711,7.107038585014659e-07,0.0,0.08718643487558615,0.00029491200000000004,29812.388020165374,0.014191202884414063,0.0,0.0,0.971128149147617,0.0,0.033854166666666664,53374.57408389126,1147989.9366455711,0.3417849456850987,0.0763285454460255,156164.20429783227,15040112.842938341,0.9765625,0.9739583333333333,0.0703125,0.9973958333333333
core_dr128,1.0,129,384,2000.0,0.001999999999999968,1e-06,0.0005,4000.396794454945,3127438.9888121546,7511.005723176815,553952.8648898206,114.56937731407183,381.2790003076348,233.79504083851077,43603.00151443481,5.765362229098855,0.046875,0.018229166666666664,7511.005723168281,64.38708656874718,489.73078692429226,1297873.233556619,9.819104097409934e-07,0.0,0.08977729568198813,0.00029491200000000004,32178.74483760634,0.015219076735148428,0.0,0.0,1.0,0.0,0.234375,64269.48188991725,1297873.233556619,0.3657381668533313,0.07050328379200964,175725.38967662805,18408691.960865956,0.9765625,0.9739583333333333,0.0703125,0.9947916666666666
core_dr128,1.0,129,384,2025.0,0.0020249999999999713,1e-06,0.0005,4000.243152820584,3232060.5563622206,8145.0115943001365,638399.2252569613,118.18875944984349,399.5286021678641,242.05894834472576,47632.3274635372,6.2981357269965255,0.046875,0.018229166666666664,8145.0115942886405,64.50955002154738,573.6898975788808,1454436.4271429405,1.4751191625150718e-06,0.0,0.09295063616437468,0.00029491200000000004,34937.899900615026,0.016420274235452312,0.0,0.0,1.0,0.0,0.03125,77712.4833602848,1454436.4271429405,0.3875317833595891,0.06574518391020373,200531.8962139828,22122326.543788254,0.9791666666666666,0.9739583333333333,0.0625,0.9947916666666666
core_dr128,1.0,129,384,2050.0,0.0020499999999999746,1e-06,0.0005,4000.0960121679423,3348987.1909684264,8834.915805226028,731190.9093102699,121.94230301680103,416.94185672215195,250.26855898879248,52912.33116909951,6.996278810643494,0.046875,0.015625,8834.915805209483,64.5340423023136,681.8163505614011,1608060.4553776719,2.1618040546165924e-06,0.0,0.09610312665169632,0.00029491200000000004,38177.82367949681,0.01785896326320892,0.0,0.0,0.344480434029039,0.0,0.03125,94691.52329249395,1608060.4553776719,0.4111933458684407,0.06130573645509115,230284.66837785367,26230179.23543972,0.9791666666666666,0.9713541666666666,0.0625,0.9947916666666666
core_dr128,1.0,129,384,2075.0,0.002074999999999978,1e-06,0.0005,3999.959543707401,3481627.4977619587,9688.27077238104,866375.0223770848,126.22967316156537,432.4414773625539,260.1070618258252,58615.131319086235,7.750325721243174,0.0390625,0.018229166666666664,9688.27077238104,64.51631408716746,824.6954433168503,1773738.6896486487,3.193221642127548e-06,0.0,0.09988111174111687,0.00029491200000000004,42003.24517646992,0.01963408874366788,0.0,0.0,1.0,0.0,0.028645833333333332,115563.48840824037,1773738.6896486487,0.4306291549396841,0.051347325089792645,268359.64793054183,34543935.571071275,0.9791666666666666,0.9739583333333333,0.0625,0.9947916666666666
core_dr128,1.0,129,384,2100.0,0.002099599268991802,9.65349088817711e-07,0.0005,3999.842088573537,3632355.702398055,10941.036665353216,1005191.3454579373,131.20108291582068,462.4915658360617,270.2106061254949,67381.85463428078,8.90949673513887,0.0390625,0.015625,10941.036665353216,64.46471751372387,1015.7353679899843,1994115.5139097832,4.3955249949804935e-06,0.0,0.10016546396625713,0.0002846930304814088,46445.83273279225,0.02186924656585697,0.0,0.0,0.3603901433882611,0.0,0.028645833333333332,140993.30040968792,1994115.5139097832,0.44679951063837386,0.04445938692184,315562.7905864106,44852519.388435476,0.9791666666666666,0.9739583333333333,0.0546875,0.0026041666666666665
core_dr128,1.0,129,384,2125.0,0.002123262361230033,9.311267937549881e-07,0.0005,3999.7544609530523,3803220.1781981145,12353.628487636424,1242309.3143792,136.62704298001796,489.27736125793956,280.0080556992443,77263.00956241743,10.216022327962877,0.0390625,0.013020833333333332,12353.628487616961,64.4706971027775,1272.6774934954192,2248438.6637357976,6.100074338237331e-06,0.0,0.1001176332014613,0.0002746004649998711,51415.89227909485,0.024752609301946827,0.0,0.0,1.0,0.0,0.026041666666666664,172440.9514355,2248438.6637357976,0.45715290268496245,0.03998552811112617,377206.2922989557,56231310.92546852,0.9817708333333333,0.9713541666666666,0.0546875,0.0026041666666666665
core_dr128,1.0,129,384,2150.0,0.0021460730542616473,8.964891145888232e-07,0.0005,3999.7081497006966,4002267.417430884,13916.609549607652,1572223.3056671228,142.94043896632783,517.8174647722368,290.8337671684725,92429.88305644509,12.221446645989234,0.0390625,0.013020833333333332,13916.609549551376,64.53634217309681,1630.703528458689,2502148.2831185684,1.5375997975298955e-05,0.0,0.10012005366581601,0.00026438539776161906,58688.81531756093,0.02778559287038033,0.0,0.0,0.5413845561625265,0.0,0.0234375,212143.9092459703,2502148.2831185684,0.4636391543500242,0.03189059020328623,457562.5402979067,78460394.34104702,0.9817708333333333,0.028645833333333332,0.046875,0.9973958333333333
core_dr128,1.0,129,384,2175.0,0.0021681132947770953,8.621758782113396e-07,0.0005,3999.7224133573163,4243051.289322829,15989.1490051371,1941053.871461795,149.76401235149524,568.660121843833,302.69338296358,112594.4621737921,14.887687472789686,0.03125,0.013020833333333332,15989.1490051371,64.56562938913763,2152.4044916439743,2727639.6544985436,3.847244436903868e-05,0.0,0.1002143743815882,0.00025426601259506264,68488.78531982351,0.031427108563728295,0.0,0.0,0.8696848307548307,0.0,0.0234375,259831.1494091258,2727639.6544985436,0.4547614170987319,0.026035181036660256,571357.0668918788,104767454.87798767,0.9817708333333333,0.028645833333333332,0.046875,0.9973958333333333
core_dr128,1.0,129,384,2200.0,0.0021891284479141813,8.209817846799499e-07,0.0005,3999.8291179069392,4544926.453581116,19463.253012865942,2591480.808794456,156.53858989538782,607.2542945824409,317.9852804761912,139285.86118733772,18.416930377399325,0.03125,0.010416666666666666,19463.253012865942,64.5565932466522,2940.612473463014,5128408.062183805,9.490180718534662e-05,0.0,0.10024708725784238,0.0002421173800835334,80994.3237327649,0.03630640195435619,0.0,0.0,1.0,0.0,0.020833333333333332,316813.354292867,5128408.062183805,0.4357453803863773,0.03415543160204947,727060.7298508759,150149121.8713242,0.984375,0.0078125,0.0390625,0.9973958333333333
core_dr128,1.0,129,384,2204.0,0.002191729,1.4961495931617788e-07,0.0005,3999.8516822108145,4589483.9095073845,19942.25981308912,2674332.978116006,157.4818673808312,609.9816104192785,320.41853704182216,144638.549924748,19.12468416495846,0.03125,0.010416666666666666,19942.25981308912,64.562625346651,3068.747797488133,5710340.192182541,0.00010590736892881534,0.0,0.018408732051326,4.412324688185265e-05,82805.56465026927,0.03705968083726066,0.0,0.0,1.0,0.0,0.020833333333333332,325383.563824808,5710340.192182541,0.4316067303031338,0.03642821963029932,753888.9942616946,156755950.472884,0.984375,0.0078125,0.0390625,0.9973958333333333
core_dr128,2.0,257,384,0.0,0.0,0.0,0.0005,4008.1058608193493,777073.0601392236,3265.5882935410696,0.0,0.0,0.0,0.0,7562.924892101722,1.0,0.0,0.08333333333333333,3265.5882935410696,64.92408322908774,0.0,1.4271428549545817,9.407585821463726e-12,0.0,0.0,0.0,0.0,0.0,0.0,0.0,0.0,0.0,0.0,1.4271428549545817,0.0,0.00011767717662371718,0.0,12127.609583275378,0.0,0.08333333333333333,0.0,0.1640625,0.0
core_dr128,2.0,257,384,25.0,2.5000000000000008e-05,1e-06,0.0005,4008.0847156048562,777610.7590975267,3258.5725604013232,5386.379913186443,3.8938003710084272,9.551618471971143,7.7876007420168545,7567.221385143057,1.0005680993931094,0.0,0.08333333333333333,3258.5725604013232,64.92318365635553,1.0804991051799107,9.63495857437374,1.227817847393453e-10,0.0,0.002990438684934472,0.00029491200000000004,523.8488913501952,0.002062616000570272,0.0,0.0,0.014274969045988227,0.0,0.8072916666666666,1.3886938295909204,9.63495857437374,0.00011472792794369663,0.0003445897619572984,12104.235250133948,27960.664065137564,0.9140625,0.96875,0.1640625,0.0
core_dr128,2.0,257,384,50.0,4.9999999999999955e-05,1e-06,0.0005,4008.0601287390296,779234.9455165867,3237.842664036924,10731.065088949466,7.7674262128761855,19.060193385418575,15.534852425752371,7580.26041629085,1.002292171935653,0.0,0.0859375,3237.8426640369235,64.92079243937235,2.1457522477351176,18.965042232070118,2.4374458007514477e-10,0.0,0.00596538333148891,0.00029491200000000004,1043.956167281575,0.002055404541861734,0.0,0.0,0.016059286423014914,0.0,0.8072916666666666,1.2785951308906078,18.965042232070118,0.00010624529686035124,0.00034075905598772075,12034.369225502684,55655.28457372391,0.09114583333333333,0.96875,0.1640625,0.0
core_dr128,2.0,257,384,75.0,7.499999999999989e-05,1e-06,0.0005,4008.032082675835,781936.326888018,3203.741218996586,15993.486721036847,11.6011628426613,28.48379502748847,23.2023256853226,7601.987188422745,1.0051649721342357,0.0,0.0859375,3203.7412189965858,64.91665274785989,3.181114294163308,27.74039210996125,3.67435859516263e-10,0.0,0.008909693063163878,0.00029491200000000004,1556.6994357527433,0.0020434993558182137,0.0,0.0,0.021333402532639132,0.0,0.19270833333333331,1.1196180558763444,27.74039210996125,9.394236803736384e-05,0.00033493118653116054,11918.137463077757,82824.1538128024,0.10677083333333333,0.9661458333333333,0.1640625,0.0
core_dr128,2.0,257,384,100.0,9.999999999999982e-05,1e-06,0.0005,4008.000567641783,785699.8294883536,3156.9037593441053,21134.822580186872,15.376112457726354,37.78201066613397,30.752224915452707,7632.311834094883,1.0091746173581102,0.0,0.0859375,3156.903759344105,64.91033318364495,4.173010679548042,35.817822923883796,4.656612873077393e-10,0.0,0.01180885436753384,0.00029491200000000004,2058.650397427254,0.0020270613625135944,0.0,0.0,0.05478992915910464,0.0,0.19270833333333331,0.9787324304343201,35.817822923883796,8.321077625565344e-05,0.0003279485908820476,11762.087490054197,109217.79791018006,0.859375,0.9661458333333333,0.1640625,0.0
core_dr128,2.0,257,384,125.0,0.00012499999999999976,1e-06,0.0005,4007.9655835799413,790505.0741881756,3098.1827235577475,26118.745223144535,19.07455747140843,46.916638266491454,38.14911494281686,7671.110316256349,1.014304706935224,0.0,0.0859375,3098.182723557747,64.90869575516179,5.109369197803517,42.976367704803124,5.347828846424818e-10,0.0,0.014649260138041674,0.00029491200000000004,2546.6592018146152,0.0020063026863440738,0.0,0.0,0.02551901252371223,0.0,0.19270833333333331,0.8828113073541317,42.976367704803124,7.622792929794558e-05,0.00031922526902804216,11581.205412304495,134627.08586840564,0.16666666666666666,0.03645833333333333,0.1640625,0.0
core_dr128,2.0,257,384,150.0,0.0001499999999999997,1e-06,0.0005,4007.9271424917392,796327.0029841064,3028.610938224852,30912.04599086475,22.680274064022356,55.87226151598172,45.36054812804471,7718.225685240226,1.0205344883565737,0.0,0.0859375,3028.6109382248515,64.91852666346026,5.979942878789188,49.500499356072396,5.311449058353901e-10,0.0,0.01741845048116917,0.00029491200000000004,3017.9250309229383,0.0019814749596216473,0.0,0.0,0.005983058689197401,0.0,0.1953125,0.8149131368845701,49.500499356072396,7.165620972855324e-05,0.0003113574599762538,11372.540355840887,158982.8596361482,0.8177083333333333,0.03645833333333333,0.1640625,0.0
core_dr128,2.0,257,384,175.0,0.00017499999999999962,1e-06,0.0005,4007.885270912954,803136.6211680156,2949.447916292675,35494.89160703157,26.18192023667419,64.61511577482702,52.36384047334838,7773.469690847557,1.0278390704323555,0.0,0.08854166666666666,2949.447916292675,64.92833531916021,6.776508627941439,55.491267644334584,6.83940015733242e-10,0.0,0.02010771474176578,0.00029491200000000004,3470.050163573236,0.0019528560996257827,0.0,0.0,0.007194227905358407,0.0625,0.1953125,0.7638841829029843,55.491267644334584,6.852435596775866e-05,0.0003047117850794412,11147.63024204706,182110.67100626742,0.8020833333333333,0.0390625,0.1640625,0.0
core_dr128,2.0,257,384,200.0,0.00019999999999999955,1e-06,0.0005,4007.840012250493,810901.815180078,2862.6855762714267,39879.71768618766,29.568207404623763,73.11268202599548,59.136414809247526,7836.624745584048,1.0361896828789297,0.0,0.08854166666666666,2862.6855762714267,64.93715676326275,7.492939488047796,61.40476263221353,8.731149137020111e-10,0.0,0.02270838328675105,0.00029491200000000004,3901.0760390721293,0.0019207365898538064,0.0,0.0,0.1608412042891505,0.0,0.1953125,0.7235398715274641,61.40476263221353,6.62544671411004e-05,0.00030104010105761364,10920.620189829016,203975.35881926166,0.20833333333333331,0.041666666666666664,0.1640625,0.0
core_dr128,2.0,257,384,225.0,0.00022499999999999948,1e-06,0.0005,4007.79142872859,819588.2043800075,2769.4397644976134,44016.256021246474,32.8266592112149,81.34142765772813,65.6533184224298,7907.446230786388,1.0455539812440109,0.0,0.09114583333333333,2769.4397644976134,64.94384459850535,8.125160222194154,67.76481315027922,9.531504474580288e-10,0.0,0.025210874274213046,0.00029491200000000004,4309.501102995015,0.0018854062287041382,0.0,0.0,0.004959402836694276,0.0,0.0390625,0.6904199943528511,67.76481315027922,6.460983240551479e-05,0.00030207110006595075,10685.989556814267,224333.98340815865,0.21875,0.04427083333333333,0.1640625,0.0
core_dr128,2.0,257,384,250.0,0.00024999999999999957,1e-06,0.0005,4007.7396027407844,829159.9861551473,2672.1023563322015,47887.624780800725,35.95535582625061,89.28169252812006,71.91071165250122,7985.665131477959,1.0558963952977667,0.0,0.09375,2672.1023563322015,64.94705680192595,8.671004936259123,75.05477599427104,9.458744898438454e-10,0.0,0.027613713274560466,0.00029491200000000004,4694.281354992051,0.0018471421460577976,0.0,0.0,0.007636463044746241,0.1015625,0.8020833333333333,0.6623944626626326,75.05477599427104,6.338963309184032e-05,0.00030874769899816415,10449.570858107676,243094.20357726235,0.7734375,0.046875,0.1640625,0.0
core_dr128,2.0,257,384,275.0,0.0002750000000000002,1e-06,0.0005,4007.6846374681254,839580.7376298845,2574.3992802213115,51480.742152863095,38.94760971392634,96.91779043558743,77.89521942785268,8070.990978466065,1.0671785180486106,0.0,0.1015625,2574.399280221311,64.94523976183957,9.130000885824302,83.62981988629326,1.2005330063402653e-09,0.0,0.029911764260295428,0.00029491200000000004,5054.81543705871,0.0018061986633357392,0.0,0.0,0.02743884092431222,0.109375,0.8020833333333333,0.7794112692936324,83.62981988629326,7.620033042799979e-05,0.0003214106220467522,10228.449993797374,260196.19187983312,0.078125,0.9505208333333333,0.1640625,0.0
core_dr128,2.0,257,384,300.0,0.0003000000000000008,1e-06,0.0005,4007.626656694339,850814.1431973873,2480.991685273124,54786.439479741806,41.79922939287226,104.23801845086636,83.59845878574453,8163.115067720112,1.0793595314221873,0.0,0.109375,2480.9916852731235,64.93661072450026,9.503104402422196,93.65814773133025,1.418811734765768e-09,0.0,0.0321018081737259,0.00029491200000000004,5390.916749910337,0.001762799323988866,0.0,0.0,0.021956899505816658,0.1171875,0.8020833333333333,0.8756531322724186,93.65814773133025,8.745143708857815e-05,0.0003392532525032788,10013.021642920328,276071.4806424002,0.08072916666666666,0.05208333333333333,0.1640625,0.0
core_dr128,2.0,257,384,325.0,0.0003250000000000014,1e-06,0.0005,4007.565803815728,862824.6244769816,2395.3842156459636,57799.57770898556,44.51541819494785,111.23458133560712,89.0308363898957,8261.713917857105,1.0923966634238504,0.0,0.11979166666666666,2395.3842156459636,64.9191389554866,9.792413573314207,105.09770540427417,1.469743438065052e-09,0.0,0.034187841173719945,0.00029491200000000004,5702.775454263492,0.0017171311849554292,0.0,0.0,0.048781742995172905,0.0,0.20052083333333331,0.9348745479655918,105.09770540427417,9.539510905284476e-05,0.0003619361224339686,9800.025989253932,290376.3921034108,0.9166666666666666,0.9453125,0.1640625,0.0
core_dr128,2.0,257,384,350.0,0.000350000000000002,1e-06,0.0005,4007.502240100154,875577.8573771645,2318.4839798070084,60548.398188633815,47.08920022287083,117.90344040895611,94.17840044574166,8366.452917105138,1.1062456703546764,0.0,0.12760416666666666,2318.4839798070066,64.90716323351367,10.000878816165823,118.10674058273435,1.3969838619232178e-09,0.0,0.0361645057711648,0.00029491200000000004,5990.913324851473,0.0016693412629891062,0.0,0.0,0.045724614126857334,0.0,0.9583333333333333,1.1484429120610002,118.10674058273435,0.00011959159093475439,0.0003896564249891553,9603.040674386182,303104.8200630117,0.020833333333333332,0.0546875,0.1640625,0.0
core_dr128,2.0,257,384,375.0,0.0003750000000000026,1e-06,0.0005,4007.4361422916418,889041.1690190766,2249.5149317389896,63119.42557672777,49.53264324627845,124.24409768003385,99.0652864925569,8476.990101973013,1.1208613364421862,0.0,0.1328125,2249.5149317389896,64.9291593131515,10.132027807999748,132.80905249156058,1.5788828022778034e-09,0.0,0.038041070013141845,0.00029491200000000004,6256.134321598263,0.0016195348896235503,0.0,0.0,0.2680924084710634,0.0,0.9583333333333333,1.438923476918717,132.80905249156058,0.00015275308488682388,0.0004225286331532143,9419.930720121483,314319.65095582604,0.020833333333333332,0.9427083333333333,0.1640625,0.0
core_dr128,2.0,257,384,400.0,0.0004000000000000032,1e-06,0.0005,4007.3676996835893,903183.8147523481,2187.4860004911948,65417.54410350233,51.83929527489352,130.25932688711822,103.67859054978705,8592.98000160576,1.136197982156317,0.0,0.140625,2187.4860004911948,64.94172995999695,10.189716251843947,148.3194278338924,1.6079866327345371e-09,0.0,0.039812578771118226,0.00029491200000000004,6499.47347885144,0.0015677756490583652,0.0,0.0,0.04435272745069154,0.0,0.041666666666666664,1.7791116700100247,148.3194278338924,0.0001926463339061666,0.00045722265080388135,9235.118229016429,324392.1261842991,0.9765625,0.9401041666666666,0.1640625,0.0
core_dr128,2.0,257,384,425.0,0.0004250000000000038,1e-06,0.0005,4007.297110795726,917977.1419219206,2131.3984501712407,67449.77430187438,54.02296672201243,135.98298510155624,108.04593344402485,8714.07747501643,1.1522099715834682,0.0,0.14583333333333331,2131.3984501712384,64.94220232256973,10.177911359002792,165.25849255826324,1.5133991837501526e-09,0.0,0.04148963844250554,0.00029491200000000004,6722.146345363808,0.0015140865485653088,0.0,0.0,0.06094447645026725,0.0,0.20572916666666666,2.179295967609505,165.25849255826324,0.00024004998124061303,0.0004956200857971351,9078.509218566018,333437.8434087639,0.0234375,0.9401041666666666,0.1640625,0.0
core_dr128,2.0,257,384,450.0,0.00045000000000000443,1e-06,0.0005,4007.2245797907085,933394.6521297588,2080.385731798653,69226.49729314884,56.08064504313671,141.479792572475,112.16129008627343,8839.941463570025,1.1688522085948445,0.0,0.15104166666666666,2080.385731798653,64.92758001145326,10.100511081385775,183.32772562280297,1.6880221664905548e-09,0.0,0.04306993539312899,0.00029491200000000004,6925.500784792176,0.0014584520881963739,0.0,0.0,0.04036785396430382,0.1796875,0.20052083333333331,2.6492963572527515,183.32772562280297,0.0002970398624767697,0.0005371472284819038,8918.992673786139,341298.83931622887,0.0234375,0.9375,0.1640625,0.0
core_dr128,2.0,257,384,475.0,0.00047500000000000504,1e-06,0.0005,4007.1503127591914,949411.977347408,2045.9772205301258,70775.90516851409,58.02379435458795,146.67889533347048,116.0475887091759,8970.23857868282,1.1860806112263278,0.0,0.04427083333333333,2045.977220530125,64.89452137384588,9.961199195330664,201.25854912772775,1.6443664208054543e-09,0.0,0.044562274064323545,0.00029491200000000004,7110.972509797047,0.001400820939977866,0.0,0.0,0.05109851545900988,0.0,0.20833333333333331,3.199454494199017,201.25854912772775,0.00036444478029386344,0.0005780438646284284,8778.982900013536,348171.75900153955,0.0234375,0.9375,0.1640625,0.0
core_dr128,2.0,257,384,500.0,0.0005,9.999999999943865e-07,0.0005,4007.074513990693,966006.7873815012,2034.9935514057822,72244.09247786192,59.85466101193403,151.59029719336078,119.70932202386805,9104.646444998558,1.2038525537265243,0.0,0.04427083333333333,2034.9935514057815,64.91131070329837,9.8586205921697,248.83839272754267,1.964508555829525e-09,0.0,0.04596837965690729,0.0002949119999983445,7280.045303207851,0.0013541976981689434,0.0,0.9869791666666666,0.05614975598857269,0.0,0.2109375,3.8404988582915394,248.83839272754267,0.0004445298679615817,0.0007022867639900895,8639.461901406932,354325.90429833904,0.0234375,0.9765625,0.1640625,0.0
core_dr128,2.0,257,384,525.0,0.0005250000000000006,1e-06,0.0005,4006.9973823345385,983158.646991582,2028.2129286276565,73501.48173330125,61.579942488793236,156.22555730386256,123.15988497758647,9242.856722476508,1.2221272661492657,0.0,0.04427083333333333,2028.2129286276563,64.93006212550296,9.875658223893879,306.91671891789883,1.9426806829869747e-09,0.0,0.047293395831393206,0.00029491200000000004,7434.216498431348,0.0013284060567751404,0.0,0.018229166666666664,0.04532700371574866,0.0,0.7890625,4.58373694983311,306.91671891789883,0.0005379939600564034,0.0008528564692528074,8520.05280756786,359869.13388461526,0.0234375,0.9765625,0.1640625,0.0
core_dr128,2.0,257,384,550.0,0.0005500000000000012,1e-06,0.0005,4006.919107742136,1000848.8406003254,2025.189870436545,74564.02546252821,63.20750568103669,160.59748236820886,126.41501136207339,9384.577736874939,1.2408661821665907,0.0,0.04427083333333333,2025.189870436545,64.92823189503068,9.988423378339121,372.63123158179224,2.5320332497358322e-09,0.0,0.04854336436303618,0.00029491200000000004,7574.96796141523,0.0013186093233948128,0.0,0.020833333333333332,0.09087488269272627,0.0,0.21354166666666666,5.463516765506938,372.63123158179224,0.0006507319878795808,0.0010209229751998148,8395.955427533052,364994.461515435,0.026041666666666664,0.9739583333333333,0.1640625,0.0
core_dr128,2.0,257,384,575.0,0.0005750000000000018,1e-06,0.0005,4006.8398680698283,1019060.1812555846,2025.43192697204,75448.54031847477,64.73875991835632,164.71982707215187,129.47751983671264,9529.536656870643,1.2600332269361467,0.0,0.04427083333333333,2025.43192697204,64.901599653309,10.191261417251553,450.3514301693067,2.371962182223797e-09,0.0,0.04971936761729765,0.00029491200000000004,7703.742544577846,0.0013228974564349254,0.0,0.9739583333333333,0.08305939846310748,0.0,0.9557291666666666,6.492794078963925,450.3514301693067,0.0007827368990164741,0.0012116581895210046,8294.989142740378,371681.91001732973,0.026041666666666664,0.9739583333333333,0.1640625,0.0
core_dr128,2.0,257,384,600.0,0.0006000000000000024,1e-06,0.0005,4006.759826210448,1037776.8185496763,2028.4304019593962,76193.02970303803,66.18600710141249,168.60700753455484,132.37201420282497,9677.48116718133,1.2795950383280847,0.0,0.04427083333333333,2028.4304019593953,64.87245369693838,10.473973767238022,537.9473978108726,2.342858351767063e-09,0.0,0.050830853453884786,0.00029491200000000004,7821.925770681133,0.0013390530764811831,0.0,0.9739583333333333,0.7260983366518784,0.0,0.9557291666666666,7.675732804578729,537.9473978108726,0.0009365685584863897,0.001411263466946388,8195.590952768755,381181.4097156874,0.026041666666666664,0.026041666666666664,0.1640625,0.0
core_dr128,2.0,257,384,625.0,0.000625000000000003,1e-06,0.0005,4006.6791276111776,1056984.0578142793,2033.6855227598294,76916.57033025548,67.54668713045272,172.2738317223276,135.09337426090545,9828.180600070851,1.2995211165371785,0.0,0.04427083333333333,2033.6855227598262,64.90768369160395,10.830899986434815,636.460187277291,2.9103830456733704e-09,0.0,0.05187585571618769,0.00029491200000000004,7930.8323494289725,0.0013656700216610493,0.0,0.9713541666666666,0.13783967639582506,0.0,0.9557291666666666,9.029975725672557,636.460187277291,0.0011148806498352533,0.001618168846474802,8099.499912395935,393321.2462122394,0.026041666666666664,0.026041666666666664,0.1640625,0.0
core_dr128,2.0,257,384,650.0,0.0006500000000000037,1e-06,0.0005,4006.597898224526,1076668.2003045066,2040.7252083563997,77504.57864786458,68.83490684118505,175.73524992480608,137.6698136823701,9981.426501907223,1.3197838989953796,0.0,0.04427083333333333,2040.7252083563974,64.91924775526006,11.239505148341777,750.4427142105997,2.4811015464365482e-09,0.0,0.05286520845403011,0.00029491200000000004,8031.697026706381,0.0013993935666359227,0.0,0.96875,0.13504706390905685,0.0,0.21875,10.61602890548238,750.4427142105997,0.001324316175249513,0.00184073852742607,8016.2344188556235,407685.66693714727,0.028645833333333332,0.028645833333333332,0.1640625,0.0
core_dr128,2.0,257,384,675.0,0.0006750000000000043,1e-06,0.0005,4006.516242927857,1096816.4114455557,2049.1175445562626,77971.39023158737,70.04705989135667,179.0061275479407,140.09411978271334,10137.032626320764,1.3403587594671593,0.0,0.04427083333333333,2049.1175445562612,64.8978419374422,11.674078969005677,879.5568918567151,2.5902409106492996e-09,0.0,0.053796141996561915,0.00029491200000000004,8125.669209155951,0.0014366913873200009,0.0,0.03125,0.23798072840148546,0.2265625,0.19791666666666666,12.442538940056693,879.5568918567151,0.0015670507517690797,0.0020805560307824607,7940.09953156273,422750.87949730875,0.028645833333333332,0.028645833333333332,0.1640625,0.0
core_dr128,2.0,257,384,700.0,0.0007000000000000049,1e-06,0.0005,4006.4342444344456,1117416.6216848383,2058.4777321201045,78330.3455370935,71.1952032039575,182.10104168298534,142.390406407915,10294.834360247305,1.3612239321586586,0.0,0.04427083333333333,2058.4777321201036,64.84644495636927,12.196761324163162,1024.4072205983102,3.157765604555607e-09,0.0,0.05467791606063936,0.00029491200000000004,8213.810787534363,0.0014849089709582182,0.0,0.033854166666666664,0.09830164523633443,0.0,0.22135416666666666,14.522364489748725,1024.4072205983102,0.0018460528467070033,0.002331620702736716,7866.7111375786335,439354.1451214268,0.028645833333333332,0.028645833333333332,0.1640625,0.0
core_dr128,2.0,257,384,725.0,0.0007250000000000055,1e-06,0.0005,4006.3519627055744,1138457.4621796394,2068.4706062169635,78593.61398277002,72.27888875227325,185.03410214342475,144.5577775045465,10454.68760302779,1.3823603635077821,0.0,0.04427083333333333,2068.4706062169607,64.89511583841707,12.710440551163629,1186.8431000942364,3.1250237952917814e-09,0.0,0.055510186561745854,0.00029491200000000004,8297.096592993203,0.001531914255632198,0.0,0.03645833333333333,0.07202851209972,0.0,0.22135416666666666,16.88836755597731,1186.8431000942364,0.0021654849757756626,0.0025967138313360543,7798.884658586932,457055.79327683756,0.028645833333333332,0.028645833333333332,0.1640625,0.0
core_dr128,2.0,257,384,750.0,0.0007500000000000061,1e-06,0.0005,4006.2694348591363,1159928.2355288519,2078.8098958646224,78862.43522989952,73.30332012788665,187.81879696372096,146.6066402557733,10616.467131124262,1.4037514959604427,0.0,0.04427083333333333,2078.8098958646187,64.90707327816686,13.315438830925814,1371.0599242094904,3.5943230614066124e-09,0.0,0.05629694985821695,0.00029491200000000004,8376.416953304986,0.0015896341962385355,0.0,0.03645833333333333,0.06276779673851192,0.0,0.7760416666666666,19.59510548102844,1371.0599242094904,0.002532896493620155,0.0028831999277642794,7736.2440709221555,475534.1143729328,0.03125,0.03125,0.1640625,0.0
core_dr128,2.0,257,384,775.0,0.0007750000000000067,1e-06,0.0005,4006.1866755559386,1181818.9200710193,2089.2552916419554,79076.69354022417,74.27634651602607,190.46786172899314,148.55269303205213,10780.064491368585,1.4253829894075314,0.0,0.04427083333333333,2089.2552916419513,64.8757628240751,13.915093765267557,1580.222497979179,3.470631781965494e-09,0.0,0.05704423412430802,0.00029491200000000004,8452.581863990894,0.0016462536523364157,0.0,0.03645833333333333,0.165475549821266,0.0,0.22395833333333331,22.723817686346592,1580.222497979179,0.0029592743361338794,0.003189893262170519,7678.8479556896855,495384.1298451279,0.96875,0.03125,0.1640625,0.0
core_dr128,2.0,257,384,800.0,0.0008000000000000073,1e-06,0.0005,4006.1036778314287,1204120.2049386783,2099.622567365726,79363.29225734674,75.19095371646716,192.9931715682111,150.38190743293433,10945.385473597325,1.4472423870066524,0.0078125,0.04427083333333333,2099.622567365726,64.83310432457817,14.56122396297178,1814.8248327057809,4.107278073206544e-09,0.0,0.05774665245424678,0.00029491200000000004,8526.326346145957,0.001707795757730256,0.0,0.9609375,0.07384481560369253,0.0,0.046875,26.284227077121614,1814.8248327057809,0.0034464023685032773,0.003513706492900759,7626.569467724825,516498.69912940357,0.03125,0.96875,0.1640625,0.0
core_dr128,2.0,257,384,825.0,0.0008250000000000079,1e-06,0.0005,4006.0204143283445,1226823.552080034,2110.662268597494,79748.54315219665,76.06873393186119,195.40565420335432,152.13746786372238,11112.34721882797,1.4693187328136839,0.015625,0.04427083333333333,2110.662268597489,64.88282011050609,15.253010290627572,2078.194519820623,4.58749127574265e-09,0.0,0.0584207876596694,0.00029491200000000004,8598.31662345948,0.0017739530839108154,0.0,0.9609375,0.22131279505284554,0.0,0.7734375,30.34105377436208,2078.194519820623,0.0037912313143191535,0.0038597719683563674,8002.955045176626,538424.1703547048,0.03125,0.03125,0.1640625,0.0
core_dr128,2.0,257,384,850.0,0.0008500000000000085,1e-06,0.0005,4005.936838875652,1249921.2808174638,2123.1871905295397,80330.41789776256,76.8958351419102,197.7152221073933,153.7916702838204,11280.875021763737,1.4916021489972517,0.0234375,0.04427083333333333,2123.1871905295397,64.88460156034424,15.946649226063528,2374.220353288576,4.73664840683341e-09,0.0,0.05905600138898703,0.00029491200000000004,8669.156811604347,0.0018394694631336792,0.0,0.9609375,0.18155724098268763,0.0,0.046875,34.97144532918173,2374.220353288576,0.0040723398107888895,0.004230704124152994,8587.555792012135,561187.9922621404,0.96875,0.03125,0.1640625,0.0
core_dr128,2.0,257,384,875.0,0.0008750000000000091,1e-06,0.0005,4005.8528883515614,1273406.670181514,2137.1492018141985,80980.22885310231,77.6807442435794,199.93072158456218,155.3614884871588,11450.898886515755,1.5140833804226201,0.03125,0.04427083333333333,2137.1492018141985,64.83055955612363,16.67990180450215,2707.452638633549,5.391484592109919e-09,0.0,0.05965881157906897,0.00029491200000000004,8739.395871020366,0.0019085875100145445,0.0,0.9583333333333333,0.4018368119947684,0.0,0.046875,40.267417171999114,2707.452638633549,0.004386496666791592,0.004629611359718333,9179.85814895235,584812.0777892405,0.03125,0.03125,0.1640625,0.0
core_dr128,2.0,257,384,900.0,0.0009000000000000097,1e-06,0.0005,4005.7684847636183,1297274.0742050745,2152.1310083703574,81753.41921516079,78.43264907150083,202.05989644288363,156.86529814300167,11622.349892299888,1.5367533141096763,0.0390625,0.041666666666666664,2152.1310083703574,64.82751328845899,17.477684270143982,3083.22070158273,5.7480065152049065e-09,0.0,0.060236274486912635,0.00029491200000000004,8812.416066132086,0.0019833022112192697,0.0,0.041666666666666664,1.0,0.0,0.046875,46.338769801019225,3083.22070158273,0.0047417312564353425,0.005060146545035066,9772.542410143884,609314.5078195287,0.03125,0.96875,0.1640625,0.0
core_dr128,2.0,257,384,925.0,0.0009250000000000103,1e-06,0.0005,4005.683537477046,1321519.0455469983,2170.6156995873835,82678.61954812768,79.14359836215893,204.1093638737251,158.28719672431785,11795.15642192479,1.5596024805486253,0.046875,0.041666666666666664,2170.6156995873835,64.86727076896209,18.286746698104253,3507.7706106835976,6.511982064694166e-09,0.0,0.060782283542138056,0.00029491200000000004,8893.177068555948,0.0020562670187644887,0.0,0.041666666666666664,0.4998873261643159,0.0,0.046875,53.31657580648607,3507.7706106835976,0.005143466640630972,0.0055176102105432,10365.883465698047,635740.9234854709,0.03125,0.96875,0.1640625,0.0
core_dr128,2.0,257,384,950.0,0.000950000000000011,1e-06,0.0005,4005.5979455234224,1346138.4631974983,2190.566795253616,83768.22558176353,79.81996542962416,206.08460017646323,159.63993085924832,11969.240300655629,1.5826205431651985,0.046875,0.041666666666666664,2190.566795253613,64.845481674816,19.1096055495791,3988.426258923486,6.963091436773539e-09,0.0,0.06130173344995136,0.00029491200000000004,8984.375171963213,0.0021269821421986967,0.0,0.9583333333333333,0.27755889543505424,0.0,0.046875,61.357346133489045,3988.426258923486,0.005585810098804183,0.006012749631967594,10984.502703846752,663328.1781297661,0.03125,0.96875,0.1640625,0.0
core_dr128,2.0,257,384,975.0,0.0009750000000000116,1e-06,0.0005,4005.511599925277,1371130.6605590777,2211.173248608698,84917.34918200009,80.47139927930472,207.98993405709882,160.94279855860944,12153.690598839048,1.6070092949794668,0.046875,0.041666666666666664,2211.173248608692,64.7550760681699,19.975011773358347,4533.776972817257,7.450580596923828e-09,0.0,0.06180203464650603,0.00029491200000000004,9079.122144214383,0.0022001038708447493,0.0,0.04427083333333333,0.2062931648550271,0.0,0.046875,70.64800518516859,4533.776972817257,0.006089165989562099,0.006551495368794758,11602.246564845118,692021.701551063,0.03125,0.96875,0.15625,0.0
core_dr128,2.0,257,384,1000.0,0.001,9.99999999990375e-07,0.0005,4005.4243859776584,1396495.550857891,2232.4746963566795,86131.1178442756,81.08980608931174,209.87603723165353,162.17961217862347,12341.811825513085,1.631883431554656,0.046875,0.041666666666666664,2232.474696356672,64.82390595801567,20.92283080559355,5153.896312001161,7.777998689562082e-09,0.0,0.06227697107599199,0.0002949119999971615,9185.592733635702,0.0022777877718199455,0.0,0.04427083333333333,0.17310926541726734,0.0,0.953125,81.41182694205781,5153.896312001161,0.006663118436819889,0.0071362195714829565,12218.277029593562,722216.6106823063,0.03125,0.03125,0.15625,0.0
core_dr128,2.0,257,384,1025.0,0.001024999999999998,1e-06,0.0005,4005.336185434883,1422234.7475855965,2255.7670590746234,87520.03618299955,81.67763105847996,211.8898764742428,163.35526211695992,12532.159532005651,1.6570519621441049,0.0546875,0.041666666666666664,2255.7670590746234,64.84003307099809,21.896664861686077,5860.599518976174,8.43283487483859e-09,0.0,0.0627284206529126,0.00029491200000000004,9299.77783376598,0.0023545363398018875,0.0,0.04427083333333333,0.15560621655444384,0.0,0.046875,93.91550723319233,5860.599518976174,0.007317589022348327,0.007762800755339879,12834.21451332797,754959.4152529011,0.03125,0.03125,0.15625,0.0
core_dr128,2.0,257,384,1050.0,0.0010499999999999958,1e-06,0.0005,4005.246878558894,1448351.6784682828,2281.4824274494467,89048.02700409121,82.24362912480521,213.86498643016114,164.48725824961042,12724.63304332414,1.6825015750999992,0.0546875,0.0390625,2281.4824274494467,64.77933560949711,22.900203919976775,6667.745355034247,9.1313268058002e-09,0.0,0.0631631071678504,0.00029491200000000004,9418.508659081637,0.002431404455725126,0.0,0.9557291666666666,0.14646484015886524,0.0,0.953125,108.47757684992393,6667.745355034247,0.008057181091741718,0.008449295426267362,13463.465151740107,789148.090893521,0.03125,0.03125,0.15625,0.0
core_dr128,2.0,257,384,1075.0,0.0010749999999999937,1e-06,0.0005,4005.1563459943764,1474851.6922800115,2309.0751575312665,90658.77082268774,82.78783599711355,215.8015627313756,165.5756719942271,12919.102917333441,1.7082151550685634,0.0546875,0.0390625,2309.0751575312665,64.75159356619099,23.937451248022626,7591.578759549186,1.0368239600211382e-08,0.0,0.0635810580457832,0.00029491200000000004,9542.267074205018,0.0025085706637504586,0.0,0.9557291666666666,0.20453924760315773,0.0,0.234375,125.47840937471483,7591.578759549186,0.00889135731022977,0.009204802610295758,14112.40207727882,824741.0706078424,0.03125,0.03125,0.15625,0.0
core_dr128,2.0,257,384,1100.0,0.0010999999999999916,1e-06,0.0005,4005.0644704447127,1501742.1586396557,2337.9248862398244,92411.79986052576,83.30728847499661,217.698667704836,166.61457694999322,13118.626302518602,1.7345969303779454,0.0546875,0.0390625,2337.9248862398244,64.81253767601052,25.012741208782245,8651.111768750474,1.0506482794880867e-08,0.0,0.0639799975487974,0.00029491200000000004,9682.066763705985,0.0025834092884532197,0.0,0.04427083333333333,0.21170821501936107,0.0,0.765625,145.37213665498712,8651.111768750474,0.009843834520167388,0.01003990136217802,14767.836289522995,861672.9842925202,0.03125,0.03125,0.1484375,0.0
core_dr128,2.0,257,384,1125.0,0.0011249999999999895,1e-06,0.0005,4004.9711381314705,1529032.5617345783,2369.452757635221,94356.6754847047,83.8038254464364,219.55422360972017,167.6076508928728,13335.32509362866,1.7632497061494417,0.0625,0.0390625,2369.4527576352198,64.78879692617679,26.169579154529856,9868.575146063231,1.1597876437008381e-08,0.0,0.06436133794286315,0.00029491200000000004,9831.165078514401,0.002661900084632123,0.0,0.046875,0.1473258585712715,0.0,0.953125,168.7008075502672,9868.575146063231,0.010930824601996191,0.01094255742160914,15433.493235218411,901852.7174072643,0.03125,0.03125,0.1484375,0.0
core_dr128,2.0,257,384,1150.0,0.0011499999999999874,1e-06,0.0005,4004.876240028113,1556734.589690222,2402.7022877207596,96412.60577679377,84.2791584202547,221.36499938151408,168.5583168405094,13555.112526666828,1.7923108744373486,0.0625,0.0390625,2402.702287720758,64.67464575276107,27.41160536249481,11270.003846642561,1.2383679859340191e-08,0.0,0.0647263936667556,0.00029491200000000004,9987.412767399719,0.002744615247301087,0.0,0.046875,0.15556820901721824,0.0,0.953125,196.1111103516596,11270.003846642561,0.012155578568583394,0.011918873563280799,16133.424603787847,945559.4764729068,0.96875,0.03125,0.1484375,0.0
core_dr128,2.0,257,384,1175.0,0.0011749999999999853,1e-06,0.0005,4004.7796728659146,1584862.222044472,2437.43377575017,98584.84793495038,84.74133082800779,223.51142385927105,169.48266165601558,13777.759628731885,1.821750159534253,0.0625,0.0390625,2437.433775750168,64.75820745755193,28.707903101962074,12886.227443715557,1.2951204553246498e-08,0.0,0.06508134207590997,0.00029491200000000004,10151.396159903421,0.0028279758419195804,0.0,0.046875,0.1688166144056808,0.0,0.953125,228.3740701317729,12886.227443715557,0.013554616958424219,0.013004128668868584,16848.434067318885,990933.5543998978,0.96875,0.028645833333333332,0.1484375,0.0
core_dr128,2.0,257,384,1200.0,0.0011999999999999832,1e-06,0.0005,4004.6813399163048,1613431.8184885453,2475.4924962654663,100878.56509281723,85.18646371598737,225.63604736311373,170.37292743197474,14002.984244166131,1.8515302536972211,0.0625,0.03645833333333333,2475.4924962654663,64.7807176955467,30.06436099520215,14777.456406606827,1.4013494364917278e-08,0.0,0.0654232041338783,0.00029491200000000004,10323.738800744455,0.0029121582379664796,0.0,0.953125,0.18908147898279262,0.0,0.953125,266.4084612810984,14777.456406606827,0.015155480569129652,0.014228985230903692,17578.357879574498,1038546.0499679148,0.96875,0.9713541666666666,0.1484375,0.0
core_dr128,2.0,257,384,1225.0,0.001224999999999981,1e-06,0.0005,4004.5811515591568,1642462.2127065544,2516.161020535067,103298.73870943248,85.61424696035243,227.73214028904772,171.22849392070486,14254.129896682663,1.8847377304472301,0.0625,0.03645833333333333,2516.161020535067,64.69878510697946,31.487354422110002,16967.58109332109,1.501757651567459e-08,0.0,0.06575174166555066,0.00029491200000000004,10505.108150597644,0.0029973374829385894,0.0,0.953125,0.674146346467004,0.0,0.7630208333333333,311.3403067342442,16967.58109332109,0.01699216513524954,0.015523286664779678,18322.580098305523,1093040.504870552,0.9713541666666666,0.9713541666666666,0.140625,0.0
core_dr128,2.0,257,384,1250.0,0.001249999999999979,1e-06,0.0005,4004.4790256508318,1671974.8157938041,2558.8287436573182,105850.04714421187,86.02595135137511,229.79265377065371,172.05190270275023,14511.897293866954,1.9188207606057721,0.0625,0.03645833333333333,2558.8287436573182,64.6685267848341,32.98347285830823,19506.50397175178,1.539592631161213e-08,0.0,0.06606793063785608,0.00029491200000000004,10696.22273215686,0.003083656135838265,0.0,0.953125,0.27177089382117703,0.0,0.953125,364.88733513290936,19506.50397175178,0.01907432867380981,0.016970459047470344,19129.760285294935,1149438.79344616,0.9713541666666666,0.9713541666666666,0.140625,0.0
core_dr128,2.0,257,384,1275.0,0.0012749999999999769,1e-06,0.0005,4004.3748877090743,1701993.7343749702,2603.59580710227,108770.60116877379,86.42275623286565,231.809150520155,172.8455124657313,14773.4007096621,1.9533977819997363,0.0625,0.03645833333333333,2603.59580710227,64.74777020121029,34.5594693467865,22452.608177807648,1.613807398825884e-08,0.0,0.06637267678684082,0.00029491200000000004,10897.859855441635,0.0031712161658538763,0.0,0.953125,0.3665008568469442,0.0,0.953125,428.3145130682242,22452.608177807648,0.02145347294510759,0.018576594711736293,19964.810087585385,1208650.3757129703,0.9713541666666666,0.9713541666666666,0.140625,0.0
core_dr128,2.0,257,384,1300.0,0.0012999999999999748,1e-06,0.0005,4004.2686709343543,1732545.9091989696,2650.5623636164855,111880.31980078047,86.80575558902872,234.20714157720545,173.61151117805744,15043.35354070837,1.9890920186737238,0.0625,0.03645833333333333,2650.5623636164855,64.71440412189357,36.222753311882116,25873.138567642774,1.714215613901615e-08,0.0,0.06666682029237406,0.00029491200000000004,11110.864073935267,0.003260120281451042,0.0,0.046875,0.5904656034646313,0.0,0.953125,503.5052865119651,25873.138567642774,0.024186942321245197,0.020263781945428147,20817.236003812635,1276816.866531679,0.9713541666666666,0.9713541666666666,0.1328125,0.0
core_dr128,2.0,257,384,1325.0,0.0013249999999999727,1e-06,0.0005,4004.160316089,1763661.280685636,2699.8272368526086,115165.82863833178,87.1759638983649,236.6861895198077,174.3519277967298,15347.174870753943,2.029264482949135,0.0625,0.03645833333333333,2699.8272368526086,64.55791642878812,37.98211242134312,29844.256578795612,1.7957063391804695e-08,0.0,0.06695114027394423,0.00029491200000000004,11336.156543641846,0.0033505282213702574,0.0,0.046875,1.0,0.0,0.046875,592.7021649612288,29844.256578795612,0.027247321604865142,0.022159258858029187,21752.676228381984,1346807.5250171032,0.9713541666666666,0.9713541666666666,0.1328125,0.0
core_dr128,2.0,257,384,1350.0,0.0013499999999999706,1e-06,0.0005,4004.049771256634,1795372.9886752896,2751.486225079151,118632.6679594476,87.53432173094787,239.1334368182885,175.06864346189573,15656.2854721829,2.0701363157174035,0.0625,0.03645833333333333,2751.486225079151,64.68064135878714,39.847838941062946,34453.18560070358,1.8335413187742233e-08,0.0,0.06722635908936796,0.00029491200000000004,11576.7880339792,0.003442046172401617,0.0,0.046875,1.0,0.0,0.046875,698.5745336327964,34453.18560070358,0.030745936035121515,0.024224135780190278,22720.87383629514,1422266.8628235767,0.9713541666666666,0.028645833333333332,0.1328125,0.0
core_dr128,2.0,257,384,1375.0,0.0013749999999999685,1e-06,0.0005,4003.9369915052803,1827717.614529549,2808.298298297104,122285.12014497805,87.88413339247163,241.5358061339658,175.76826678494325,15970.05341636077,2.111623960861883,0.0625,0.033854166666666664,2808.298298297104,64.70758365032842,41.830872821321464,39804.07039341563,1.9805156625807285e-08,0.0,0.06749501444541821,0.00029491200000000004,11836.079387366755,0.0035341831912659915,0.0,0.046875,0.5490622788057105,0.0,0.953125,824.2944561761251,39804.07039341563,0.034746657501391734,0.02641683294087851,23722.985617914732,1506769.205926315,0.9713541666666666,0.028645833333333332,0.1328125,0.0
core_dr128,2.0,257,384,1400.0,0.0013999999999999664,1e-06,0.0005,4003.8219384780627,1860735.4748042924,2869.9517184738324,126362.30160397239,88.22423699965461,243.87805865027622,176.44847399930921,16317.757686210534,2.1575988019201207,0.0625,0.033854166666666664,2869.9517184738324,64.60060305022294,44.790351786404244,46023.3609416564,1.977605279535055e-08,0.0,0.06775621401573474,0.00029491200000000004,12110.134912175632,0.0036985840464396186,0.0,0.0,0.32257677062593215,0.0,0.953125,973.6241011412203,46023.3609416564,0.039219516986093675,0.028904939741159884,24824.989596033134,1592231.6861335756,0.9713541666666666,0.028645833333333332,0.125,0.0
core_dr128,2.0,257,384,1425.0,0.0014249999999999643,1e-06,0.0005,4003.704579936086,1894470.977031797,2934.7691136305407,130843.69960984869,88.55439437036426,246.87522757829322,177.10878874072853,16689.463821791443,2.206747265098579,0.0625,0.033854166666666664,2934.7691136305407,64.57312813066824,49.00644359613398,53256.02049021516,2.0358129404485226e-08,0.0,0.06800977487643975,0.00029491200000000004,12400.071111184036,0.003952109883622638,0.0,0.0,0.22627714654950135,0.0,0.953125,1151.0274136552907,53256.02049021516,0.04437344331620192,0.0313434196258013,25939.55590629182,1699113.278832404,0.9713541666666666,0.9713541666666666,0.125,0.0
core_dr128,2.0,257,384,1450.0,0.0014499999999999622,1e-06,0.0005,4003.584889278892,1928973.049794801,3002.858474879829,135575.10263747198,88.87530810417577,249.8636188722444,177.75061620835154,17067.845859258716,2.256778442568348,0.0625,0.033854166666666664,3002.858474879829,64.67433058529394,53.5516785144664,61652.50708915293,2.2071715767105842e-08,0.0,0.068256236624007,0.00029491200000000004,12707.099611431664,0.004214311695982127,0.0,0.0,0.17321998957100038,0.0,0.953125,1361.8163957130164,61652.50708915293,0.050155591847907376,0.034018495484672964,27151.83582804905,1812323.1557060033,0.9713541666666666,0.9713541666666666,0.125,0.0
core_dr128,2.0,257,384,1475.0,0.00147499999999996,1e-06,0.0005,4003.4628450691926,1964295.6613602745,3074.3112577592547,140557.80892383616,89.18763100438271,252.80234689108693,178.37526200876542,17466.05625354519,2.3094314042158106,0.0625,0.033854166666666664,3074.3112577592547,64.63216132472681,58.460150762678495,71366.04934140854,2.5453613724392456e-08,0.0,0.06849610061136592,0.00029491200000000004,13032.535603383409,0.004485708118648953,0.0,0.0,0.1397610718054569,0.0,0.953125,1612.3218804344506,71366.04934140854,0.05657554206049838,0.03676847593102873,28498.56707886835,1940957.5059700282,0.9713541666666666,0.9713541666666666,0.1171875,0.0
core_dr128,2.0,257,384,1500.0,0.0015,1.000000000041983e-06,0.0005,4003.3384305905515,2000498.443807226,3150.9310242701063,145788.05593456174,89.49196986189311,255.66830374057318,178.98393972378622,17921.035808962042,2.3695906100664477,0.0625,0.03125,3150.9310242701063,64.43414865564034,63.77094320215838,82685.78744803788,2.937010578803876e-08,0.0,0.0687298328568194,0.0002949120000123813,13377.806285437005,0.004766920812090023,0.0,0.0,0.1626972232491222,0.0,0.9557291666666666,1910.0659336054814,82685.78744803788,0.0636565026564084,0.03975658626499727,30005.825860638797,2079800.9893730888,0.9713541666666666,0.9739583333333333,0.1171875,0.0
core_dr128,2.0,257,384,1525.0,0.001524999999999998,1e-06,0.0005,4003.211633469684,2037647.4430188984,3236.8438326888154,151919.64037322983,89.78888897962048,258.79756009464387,179.57777795924096,18385.768033013563,2.4310393525413145,0.0625,0.03125,3236.8438326888154,64.58902400775754,69.52908838846815,95869.66922491929,3.391591131585467e-08,0.0,0.06895786673634853,0.00029491200000000004,13744.458936655341,0.005058699560958329,0.0,0.0,0.24540939178563334,0.0,0.04427083333333333,2263.9448762411484,95869.66922491929,0.0703493988758755,0.042757666508647194,32181.438824170385,2242163.2669203514,0.9713541666666666,0.9739583333333333,0.1171875,0.0
core_dr128,2.0,257,384,1550.0,0.0015499999999999958,1e-06,0.0005,4003.0824453994173,2075816.0193694232,3327.11106691042,158415.805914414,90.0789134464115,262.53062477355513,180.157826892823,18858.758574947988,2.4935800426423613,0.0625,0.03125,3327.11106691042,64.6356441230246,75.78675516074418,111114.51806334499,3.9204157130816727e-08,0.0,0.06918060552684403,0.00029491200000000004,14134.168019889952,0.0053619537459930556,0.0,0.0,0.49637205168959453,0.0,0.9557291666666666,2684.4861923080753,111114.51806334499,0.0774351303981236,0.04582202736691999,34667.54919254486,2424914.925164599,0.9713541666666666,0.9739583333333333,0.1171875,0.0
core_dr128,2.0,257,384,1575.0,0.0015749999999999937,1e-06,0.0005,4002.950862004465,2115085.9297546237,3421.764907431111,165236.4929716498,90.36253217094965,266.20543730554715,180.7250643418993,19416.130118016248,2.567277924218621,0.0625,0.03125,3421.764907431111,64.52205740720527,82.60472277670124,128643.81284871185,4.537104416730916e-08,0.0,0.06939842470728932,0.00029491200000000004,14548.740390620016,0.005677792067137224,0.0,0.0,1.0,0.0,0.04427083333333333,3184.228749830392,128643.81284871185,0.08526277835026055,0.04893807435251939,37346.05898894757,2628706.064771613,0.9713541666666666,0.9739583333333333,0.109375,0.0
core_dr128,2.0,257,384,1600.0,0.0015999999999999916,1e-06,0.0005,4002.816882900852,2155548.629271564,3520.7671868567136,172353.37265269656,90.64020068708325,269.78561653815825,181.2804013741665,19998.610715615905,2.644295824820538,0.0625,0.03125,3520.767186856709,64.43023574836297,90.05422437731158,148777.82221533172,5.258218211921985e-08,0.0,0.06961167412767993,0.00029491200000000004,15005.531206460586,0.006001401958934917,0.0,0.0,0.48728661916821514,0.0,0.9557291666666666,3781.300203157225,148777.82221533172,0.0939825299255924,0.05209279650036868,40234.07548350684,2856015.269103066,0.9739583333333333,0.9739583333333333,0.109375,0.0
core_dr128,2.0,257,384,1625.0,0.0016249999999999895,1e-06,0.0005,4002.6805120116396,2197306.8409851,3633.074741507286,180777.58912299597,90.91234374262365,273.22738813188795,181.8246874852473,20593.52414707894,2.7229576441497674,0.0625,0.028645833333333332,3633.074741507286,64.58856705116723,98.21926860216172,172021.5891830735,6.103761021721208e-08,0.0,0.06982067999433496,0.00029491200000000004,15497.879773203038,0.006337593918620403,0.0,0.0,0.24701292089751753,0.0,0.9557291666666666,4493.462267964627,172021.5891830735,0.10317459143787061,0.05540486715058834,43552.02385919297,3104810.065071094,0.9739583333333333,0.9739583333333333,0.109375,0.0
core_dr128,2.0,257,384,1650.0,0.0016499999999999874,1e-06,0.0005,4002.541758218074,2240476.455755673,3752.729374055088,189737.21515179452,91.17935768392957,277.918525007013,182.35871536785913,21268.59025188094,2.8122175686410182,0.0625,0.028645833333333332,3752.729374055088,64.57750653485395,107.19958553021206,198985.54922967032,7.098396804018024e-08,0.0,0.07002574670125791,0.00029491200000000004,16029.063686192238,0.006687825791256664,0.0,0.0,0.16632391404514416,0.0,0.04427083333333333,5341.156969580101,198985.54922967032,0.11327128363408491,0.058883523087822374,47153.67212429887,3379307.80624134,0.9739583333333333,0.9739583333333333,0.1015625,0.0
core_dr128,2.0,257,384,1675.0,0.0016749999999999853,1e-06,0.0005,4002.4006364479364,2285188.842351408,3877.5713493228573,199487.50611261008,91.44161264856677,282.6173295163827,182.88322529713355,22015.93221764021,2.9110340948423756,0.0625,0.028645833333333332,3877.5713493228573,64.43862909128424,117.11439532862005,230159.5267525399,8.272517897349219e-08,0.0,0.07022715851409927,0.00029491200000000004,16603.29431607853,0.00705368423272526,0.0,0.0,0.27880392477078647,0.0,0.041666666666666664,6350.557306359289,230159.5267525399,0.12426406462355452,0.062414713287816795,51105.34027353494,3687584.45931156,0.9739583333333333,0.9739583333333333,0.1015625,0.0
core_dr128,2.0,257,384,1700.0,0.0016999999999999832,1e-06,0.0005,4002.25716933469,2331593.6729316013,4007.488223253221,211375.3303229781,91.69945457804761,287.1810348273706,183.39890915609521,22782.467400326113,3.0123884244994676,0.0625,0.026041666666666664,4007.488223253221,64.44562955391267,128.10727189909812,265816.42935180943,9.663621968464962e-08,0.0,0.07042518111594057,0.00029491200000000004,17225.35229201574,0.007437135085967335,0.0,0.0,0.92114344669366,0.0,0.041666666666666664,7553.2071042369935,265816.42935180943,0.1361572177702012,0.06582069679566667,55474.15868165644,4038493.092484392,0.9739583333333333,0.9739583333333333,0.1015625,0.0
core_dr128,2.0,257,384,1725.0,0.001724999999999981,1e-06,0.0005,4002.1113896257903,2379862.403264597,4158.276914477202,224081.82403487831,91.95527352600386,291.5332747744303,183.91054705200773,23622.92156206326,3.123516615474214,0.0625,0.026041666666666664,4158.276914477202,64.56878319400015,140.35247987570983,306251.720229418,1.131875346305083e-07,0.0,0.07062165006797097,0.00029491200000000004,17900.67158269069,0.007840626494227494,0.0,0.0,0.7450949303643523,0.0,0.9583333333333333,8986.684183471138,306251.720229418,0.14913163561643192,0.06904096950892348,60260.079267050896,4435796.924749663,0.9739583333333333,0.9739583333333333,0.09375,0.0
core_dr128,2.0,257,384,1750.0,0.001749999999999979,1e-06,0.0005,4001.9633435826304,2430192.594911662,4320.23585301935,237501.3063223429,92.2089972394979,297.3183463417479,184.4179944789958,24609.13666738389,3.2539178979662005,0.0546875,0.028645833333333332,4320.235853019324,64.52685157566276,154.06331719614536,352106.3425968569,1.3297090817857018e-07,0.0,0.07081650987993439,0.00029491200000000004,18635.43250249555,0.008267225199925683,0.0,0.0,0.2708348885990997,0.0,0.041666666666666664,10695.645472432836,352106.3425968569,0.16324843681633447,0.07220938399360446,65517.59809171196,4876185.380947755,0.9739583333333333,0.9739583333333333,0.09375,0.0
core_dr128,2.0,257,384,1775.0,0.001774999999999977,1e-06,0.0005,4001.813095708561,2482813.3344235695,4512.966148280147,253198.3131936999,92.72141638740568,303.4778167834349,187.20445522960142,25625.74293368549,3.388337620600665,0.0546875,0.026041666666666664,4512.966148280127,64.40562700411635,169.50322033274188,404304.87482536305,1.5673816528376355e-07,0.0,0.07188651080816694,0.00029491200000000004,19436.660967170777,0.008720799350209325,0.0,0.0,0.23065109933731204,0.0,0.0390625,12734.068762688868,404304.87482536305,0.17857038600710293,0.07548389799581959,71311.20141153948,5356173.77427639,0.9739583333333333,0.9739583333333333,0.09375,0.0
core_dr128,2.0,257,384,1800.0,0.0017999999999999748,1e-06,0.0005,4001.660735281228,2537992.10218163,4720.58638083602,270701.60495780734,94.46455400342245,309.41398727952907,190.80975464541643,26717.26410098857,3.532662889312906,0.0546875,0.026041666666666664,4720.586380836009,64.44665863087813,187.0007234807863,463695.2489911383,1.8545519867433404e-07,0.0,0.07327094578383991,0.00029491200000000004,20312.327614659167,0.009206267594159424,0.0,0.0,0.6714631788502334,0.0,0.9609375,15168.105190416361,463695.2489911383,0.19518405759987836,0.07796933606644828,77711.80380679725,5947148.871396834,0.9739583333333333,0.9739583333333333,0.0859375,0.0
core_dr128,2.0,257,384,1825.0,0.0018249999999999727,1e-06,0.0005,4001.506385373562,2596043.586410428,4939.069862731789,288903.7520356865,96.30721120347886,314.97693136543023,194.90587450446867,28065.836398327057,3.7109764804933314,0.0546875,0.026041666666666664,4939.069862731789,64.54201833790152,206.96988125110238,531090.5344545282,2.2037197914767203e-07,0.0,0.07484385580971596,0.00029491200000000004,21271.43349639722,0.009729945153257171,0.0,0.0,0.8179876636823211,0.0,0.0390625,18077.622475299344,531090.5344545282,0.21317760746575587,0.0800249861362739,84800.75693786587,6636558.906116378,0.9739583333333333,0.9739583333333333,0.0859375,0.0
core_dr128,2.0,257,384,1850.0,0.0018499999999999706,1e-06,0.0005,4001.3502153630598,2657341.1513565136,5190.4710169839,311574.21127206617,98.42884704957794,323.07047356780157,199.30445616897276,29464.30973254794,3.895888185180676,0.0546875,0.0234375,5190.4710169839,64.50783715623547,229.93860287209463,607778.5970743913,2.6312350733675675e-07,0.0,0.07653291116888554,0.00029491200000000004,22324.05626645974,0.01030003688073303,0.0,0.0,0.8148228033316116,0.0,0.7630208333333333,21556.720907093724,607778.5970743913,0.23178594454396992,0.08191143896858864,93002.70967467746,7419947.747560166,0.9739583333333333,0.9739583333333333,0.0859375,0.0
core_dr128,2.0,257,384,1875.0,0.0018749999999999685,1e-06,0.0005,4001.192458443316,2722331.9944098173,5461.483202682869,338564.2888970412,100.60216245595439,331.37267996169265,203.81026588772465,30971.146941091894,4.095128192194048,0.0546875,0.0234375,5461.483202682869,64.42074176954037,256.58867397227186,695211.3179589864,3.158758954503709e-07,0.0,0.07826314210088627,0.00029491200000000004,23481.307164936363,0.010927359033717885,0.0,0.0,0.3836126679138971,0.0,0.03645833333333333,25727.068889141257,695211.3179589864,0.25138429398036166,0.08317986588464092,102341.59215671237,8357927.853876913,0.9765625,0.9739583333333333,0.078125,0.0
core_dr128,2.0,257,384,1900.0,0.0018999999999999664,1e-06,0.0005,4001.0334364988485,2791557.53521662,5744.5831420703535,369180.9121629982,102.91560506506349,339.2121549370108,208.97354560413336,32911.76731189516,4.35172473367629,0.0546875,0.020833333333333332,5744.5831420703535,64.42782393226541,287.8131791900505,793309.1713030068,3.8153325699790085e-07,0.0,0.08024584151198721,0.00029491200000000004,24755.104927665736,0.011626417259431492,0.0,0.0,1.0,0.0,0.03645833333333333,30812.344793762662,793309.1713030068,0.2729580267099376,0.08262615653965079,112883.0874297967,9601186.894398412,0.9765625,0.9739583333333333,0.078125,0.0026041666666666665
core_dr128,2.0,257,384,1925.0,0.0019249999999999643,1e-06,0.0005,4000.8735959659743,2865681.395454731,6078.260280763233,405982.21931458084,105.56776776918926,347.73527177097407,214.49457940762426,34971.2424032189,4.624036718881187,0.0546875,0.020833333333333332,6078.260280763233,64.52551667045212,324.79992610546105,900194.7673097495,4.6404910126195484e-07,0.0,0.08236591849252772,0.00029491200000000004,26157.58879734264,0.012417043811716225,0.0,0.0,0.3152688381735856,0.0,0.03645833333333333,36959.04136708134,900194.7673097495,0.29612181741233967,0.08056675350558395,124810.26116227405,11173278.407542614,0.9765625,0.9739583333333333,0.078125,0.0026041666666666665
core_dr128,2.0,257,384,1950.0,0.0019499999999999622,1e-06,0.0005,4000.7135603390698,2945528.684469053,6489.020175132844,444501.7526589741,108.24121539141096,359.7593433523413,220.2605065313651,37279.175419697145,4.929200798837675,0.046875,0.020833333333333332,6489.020175129478,64.51472840266013,369.1552211150247,1016321.7671418013,5.688975199902835e-07,0.0,0.0845800345080442,0.00029491200000000004,27767.84729852147,0.013294340650406876,0.0,0.0,0.4797764515208084,0.0,0.033854166666666664,44388.32942757179,1016321.7671418013,0.31878583885013384,0.07959831680822034,139241.84834458545,12768131.386376789,0.9765625,0.9739583333333333,0.0703125,0.9973958333333333
core_dr128,2.0,257,384,1975.0,0.0019749999999999646,1e-06,0.0005,4000.5542092542446,3032142.6312870844,6977.043207185359,496756.3486193679,111.34848844506708,371.1859312067071,227.03576866579036,40292.51130438796,5.327636050764845,0.046875,0.020833333333333332,6977.043207180383,64.46107906208056,423.095757676032,1147683.7748304615,7.038071726648852e-07,0.0,0.08718173516766349,0.00029491200000000004,29812.55157026818,0.014191866693422579,0.0,0.0,0.968807248077451,0.0,0.033854166666666664,53362.59277718465,1147683.7748304615,0.3417007857096806,0.0763044895427329,156167.60337953432,15040842.048851172,0.9765625,0.9739583333333333,0.0703125,0.9973958333333333
core_dr128,2.0,257,384,2000.0,0.001999999999999968,1e-06,0.0005,4000.396801712331,3126868.7169597065,7511.050486323889,553974.9029937946,114.56275737282638,381.2766939313877,233.7817443544156,43605.92507794223,5.765748794290118,0.046875,0.018229166666666664,7511.05048631564,64.38792367731462,489.7613539183603,1297497.1816344056,9.490848402859129e-07,0.0,0.08977218983209559,0.00029491200000000004,32179.119375032045,0.01521984949962207,0.0,0.0,1.0,0.0,0.234375,64254.526587839355,1297497.1816344056,0.36564218899382617,0.07047829339810248,175730.61457884524,18409883.654608168,0.9765625,0.9739583333333333,0.0703125,0.9947916666666666
core_dr128,2.0,257,384,2025.0,0.0020249999999999713,1e-06,0.0005,4000.2431712555776,3231484.1968225795,8145.043394546987,638438.7679414869,118.18229616289302,399.5303014820363,242.0460437907314,47636.054531995156,6.298628534807145,0.046875,0.018229166666666664,8145.043394536088,64.5097773723056,573.7325751611224,1453999.021951573,1.3643795292252527e-06,0.0,0.09294568081564086,0.00029491200000000004,34938.55746445421,0.01642118670024733,0.0,0.0,1.0,0.0,0.03125,77693.99412032397,1453999.021951573,0.3874191099607972,0.06571944466873902,200542.49293016497,22124335.183909446,0.9791666666666666,0.9739583333333333,0.0625,0.9947916666666666
core_dr128,2.0,257,384,2050.0,0.0020499999999999746,1e-06,0.0005,4000.096043996559,3348406.3309749463,8835.079809566672,731264.5181317319,121.93510516008821,416.9427499859413,250.25641785132214,52916.455419169695,6.996824135386106,0.046875,0.015625,8835.079809551664,64.53393964215292,681.876890684789,1607573.595239872,2.0443092147305865e-06,0.0,0.0960984644549077,0.00029491200000000004,38178.85659668686,0.01786006579212123,0.0,0.0,0.34422367063107706,0.0,0.03125,94668.4668463986,1607573.595239872,0.4110678570734556,0.061276087270321127,230298.87941221797,26234925.67578634,0.9791666666666666,0.9713541666666666,0.0625,0.9947916666666666
core_dr128,2.0,257,384,2075.0,0.002074999999999978,1e-06,0.0005,3999.959592150074,3481044.421740398,9688.359468341429,866448.3516401474,126.22266874053794,432.44896485236984,260.0932612853792,58619.35614400446,7.750884344392087,0.0390625,0.018229166666666664,9688.359468341429,64.51607920250176,824.7832987084512,1773023.7344120387,2.94825683786747e-06,0.0,0.0998758123335856,0.00029491200000000004,42004.76603633498,0.019635469413042245,0.0,0.0,1.0,0.0,0.028645833333333332,115534.74692943535,1773023.7344120387,0.4304825090929974,0.051322622675332066,268384.30014929204,34546631.524040036,0.9791666666666666,0.9739583333333333,0.0625,0.9947916666666666
core_dr128,2.0,257,384,2100.0,0.0020996004439508688,9.653926926811653e-07,0.0005,3999.842153107192,3631781.5939780152,10941.411484805449,1005344.7982075388,131.1934090072993,462.5005430995819,270.19834383856744,67390.65568137995,8.910660444579957,0.0390625,0.015625,10941.411484805449,64.46445365782269,1015.8761505002749,1993181.9742859732,3.922337740039126e-06,0.0,0.1001654425790615,0.00028470588978398787,46448.179981133624,0.02187117236698843,0.0,0.0,0.3601026652577867,0.0,0.028645833333333332,140958.086470688,1993181.9742859732,0.44663876906038924,0.04443373207987062,315597.5169088586,44857406.32146731,0.9791666666666666,0.9739583333333333,0.0546875,0.0026041666666666665
core_dr128,2.0,257,384,2125.0,0.002123264692109144,9.311764510490661e-07,0.0005,3999.7545511913704,3802662.8452223036,12354.434108309351,1242468.9010395322,136.62018360299672,489.28401136635284,279.992989581612,77273.47554586116,10.217406181907355,0.0390625,0.013020833333333332,12354.434108285872,64.47109966815177,1272.9024284794104,2247481.3258129936,6.2903134253687774e-06,0.0,0.10011758528917386,0.0002746151095317822,51419.1680601924,0.02475540691341647,0.0,0.0,1.0,0.0,0.026041666666666664,172398.3417383986,2247481.3258129936,0.45700324958645067,0.039957593150938144,377236.57740815746,56246664.24034167,0.9817708333333333,0.9713541666666666,0.0546875,0.0026041666666666665
core_dr128,2.0,257,384,2150.0,0.002146076348680471,8.96531931955659e-07,0.0005,3999.7082818502804,4001737.463228168,13917.295050453882,1572553.0736523685,142.93213144069918,517.8469163667388,290.81965582398334,92448.42560280634,12.223898415195698,0.0390625,0.013020833333333332,13917.295050392686,64.53635856502689,1631.0632291253823,2501191.8742162473,1.5695739693825822e-05,0.0,0.10011997742843735,0.0002643980251169073,58693.87120356291,0.027789327840866143,0.0,0.0,0.5423700961085053,0.0,0.0234375,212092.30600087863,2501191.8742162473,0.4634784345712449,0.03186681890765088,457609.86958774296,78488909.77993846,0.9817708333333333,0.028645833333333332,0.046875,0.9973958333333333
core_dr128,2.0,257,384,2175.0,0.0021681176036881474,8.622157112060694e-07,0.0005,3999.722614922564,4242569.824512073,15990.768757773192,1941268.732294645,149.75650083280527,568.6898231432248,302.67924001533936,112616.93512402885,14.890658935624154,0.03125,0.013020833333333332,15990.768757773192,64.56554648084361,2152.999178401471,2726633.928746447,3.9669284189076964e-05,0.0,0.10021432173970114,0.0002542777598232044,68496.79290241939,0.031432116558634156,0.0,0.0,0.8675811511162604,0.0,0.0234375,259770.15181365644,2726633.928746447,0.4545770309465144,0.026023500998269434,571454.6361323325,104775830.46676804,0.9817708333333333,0.028645833333333332,0.046875,0.9973958333333333
core_dr128,2.0,257,384,2200.0,0.0021891338102625487,8.210085848750027e-07,0.0005,3999.8294386927055,4544532.561246092,19466.292500092553,2592169.1825929694,156.53208953437252,607.2618936173214,317.9746198099356,139331.7882802413,18.42300304023266,0.03125,0.010416666666666666,19466.292500092553,64.55621863758913,2941.6390022278356,5136230.302980974,9.768600953738198e-05,0.0,0.10024699877234773,0.00024212528378265681,81006.42278243956,0.036313651451172574,0.0,0.0,1.0,0.0,0.020833333333333332,316744.41575027653,5136230.302980974,0.4355351534332593,0.03419682079714621,727253.3875932334,150196134.70646378,0.984375,0.0078125,0.0390625,0.9973958333333333
core_dr128,2.0,257,384,2204.0,0.002191729,1.4416816315841047e-07,0.0005,3999.8519731021142,4589009.350929953,19944.28306163811,2674806.1647393014,157.472773813941,609.9782398940206,320.4018043313888,144674.77724437192,19.129474285201724,0.03125,0.010416666666666666,19944.28306163811,64.56252670291998,3069.572017446957,5717524.475295939,0.0001089861400992111,0.0,0.017737628007589157,4.251692133337315e-05,82814.3487316304,0.03706570255589723,0.0,0.0,1.0,0.0,0.020833333333333332,325294.3442828206,5717524.475295939,0.4314051028512185,0.03646761761153271,754034.5307297094,156783602.81719634,0.984375,0.0078125,0.0390625,0.9973958333333333
