bundle,label,run_id,nr,nz,run_key_extra,step,time,dt,viscosity,max_abs_u_r,max_abs_u_z,dr,dz,advective_cfl_r,advective_cfl_z,viscous_number,first_derivative_coefficient_r,heun_max_amplification,heun_argmax_theta_r,heun_argmax_theta_z,heun_passes,predictor_stage,predictor_max_amplification,predictor_argmax_theta_r,predictor_argmax_theta_z,row_verdict
outputs/hou_early_time_v1,hou_early_time_v1,hou_early_time_v1/nr65/nz128,65,128,,25.0,2.5000000000000008e-05,1e-06,0.0005,9.225910273506415,7.795430905919612,0.015625,0.0078125,0.0005904582575044106,0.0009978151559577103,3.2768e-05,0.096,1.0,0.0,0.0,True,euler,1.0,0.0,0.0,stability-verified-in-model
outputs/hou_early_time_v1,hou_early_time_v1,hou_early_time_v1/nr65/nz128,65,128,,50.0,4.9999999999999955e-05,1e-06,0.0005,18.412722466270765,15.551305176880664,0.015625,0.0078125,0.001178414237841329,0.001990567062640725,3.2768e-05,0.096,1.0,0.0,0.0,True,euler,1.0,0.0,0.0,stability-verified-in-model
outputs/hou_early_time_v1,hou_early_time_v1,hou_early_time_v1/nr65/nz128,65,128,,75.0,7.499999999999989e-05,1e-06,0.0005,27.522285452455396,23.228966619808453,0.015625,0.0078125,0.0017614262689571454,0.002973307727335482,3.2768e-05,0.096,1.0,0.0,0.0,True,euler,1.0000004125063924,-0.8377580409572782,-0.4363323129985824,stability-verified-in-model
outputs/hou_early_time_v1,hou_early_time_v1,hou_early_time_v1/nr65/nz128,65,128,,100.0,9.999999999999982e-05,1e-06,0.0005,36.51769037533579,30.791357947681107,0.015625,0.0078125,0.0023371321840214903,0.003941293817303181,3.2768e-05,0.096,1.0,0.0,0.0,True,euler,1.0000051005114907,-1.2566370614359172,-0.9075712110370514,stability-verified-in-model
outputs/hou_early_time_v1,hou_early_time_v1,hou_early_time_v1/nr65/nz128,65,128,,125.0,0.00012499999999999976,1e-06,0.0005,45.363842242443134,38.203731725105044,0.015625,0.0078125,0.0029032859035163605,0.004890077660813445,3.2768e-05,0.096,1.0,0.0,0.0,True,euler,1.0000137829169577,-1.3788101090755203,-1.1431906600562858,stability-verified-in-model
outputs/hou_early_time_v1,hou_early_time_v1,hou_early_time_v1/nr65/nz128,65,128,,150.0,0.0001499999999999997,1e-06,0.0005,54.02797727222034,45.43426362234549,0.015625,0.0078125,0.0034577905454221017,0.005815585743660223,3.2768e-05,0.096,1.0,0.0,0.0,True,euler,1.0000253078827093,-1.4398966328953218,-1.265363707695889,stability-verified-in-model
outputs/hou_early_time_v1,hou_early_time_v1,hou_early_time_v1/nr65/nz128,65,128,,175.0,0.00017499999999999962,1e-06,0.0005,62.48011234598607,52.45454696145376,0.015625,0.0078125,0.003998727190143108,0.00671418201106608,3.2768e-05,0.096,1.0,0.0,0.0,True,euler,1.0000390225433773,-1.4748032179352084,-1.3439035240356338,stability-verified-in-model
outputs/hou_early_time_v1,hou_early_time_v1,hou_early_time_v1/nr65/nz128,65,128,,200.0,0.00019999999999999955,1e-06,0.0005,70.69341619070508,59.23995570455905,0.015625,0.0078125,0.004524378636205125,0.007582714330183558,3.2768e-05,0.096,1.0,0.0,0.0,True,euler,1.0000544940810183,-1.4922565104551517,-1.3962634015954636,stability-verified-in-model
outputs/hou_early_time_v1,hou_early_time_v1,hou_early_time_v1/nr65/nz128,65,128,,225.0,0.00022499999999999948,1e-06,0.0005,78.64449547831052,65.76987143486232,0.015625,0.0078125,0.0050332477106118725,0.008418543543662378,3.2768e-05,0.096,1.0,0.0,0.0,True,euler,1.0000713816157965,-1.509709802975095,-1.4224433403753787,stability-verified-in-model
outputs/hou_early_time_v1,hou_early_time_v1,hou_early_time_v1/nr65/nz128,65,128,,250.0,0.00024999999999999957,1e-06,0.0005,86.31359262600371,72.02777773834657,0.015625,0.0078125,0.005524069928064237,0.00921955555050836,3.2768e-05,0.096,1.0,0.0,0.0,True,euler,1.0000893825989399,-1.5184364492350666,-1.4486232791552935,stability-verified-in-model
outputs/hou_early_time_v1,hou_early_time_v1,hou_early_time_v1/nr65/nz128,65,128,,275.0,0.0002750000000000002,1e-06,0.0005,93.6846954962329,78.0012320855469,0.015625,0.0078125,0.005995820511758906,0.009984157706950002,3.2768e-05,0.096,1.0,0.0,0.0,True,euler,1.0001082197821478,-1.5271630954950384,-1.4660765716752369,stability-verified-in-model
outputs/hou_early_time_v1,hou_early_time_v1,hou_early_time_v1/nr65/nz128,65,128,,300.0,0.0003000000000000008,1e-06,0.0005,100.74556224786802,83.71090134218882,0.015625,0.0078125,0.006447715983863553,0.010714995371800169,3.2768e-05,0.096,1.0,0.0,0.0,True,euler,1.00012770119041,-1.53588974175501,-1.4835298641951802,stability-verified-in-model
outputs/hou_early_time_v1,hou_early_time_v1,hou_early_time_v1/nr65/nz128,65,128,,325.0,0.0003250000000000014,1e-06,0.0005,107.48766715981937,89.18256112661135,0.015625,0.0078125,0.006879210698228439,0.011415367824206251,3.2768e-05,0.096,1.0,0.0,0.0,True,euler,1.0001476759392867,-1.53588974175501,-1.4922565104551517,stability-verified-in-model
outputs/hou_early_time_v1,hou_early_time_v1,hou_early_time_v1/nr65/nz128,65,128,,350.0,0.000350000000000002,1e-06,0.0005,113.9060752697037,94.36893311545775,0.015625,0.0078125,0.0072899888172610365,0.012079223438778592,3.2768e-05,0.096,1.0,0.0,0.0,True,euler,1.0001678403849745,-1.5446163880149817,-1.5009831567151235,stability-verified-in-model
outputs/hou_early_time_v1,hou_early_time_v1,hou_early_time_v1/nr65/nz128,65,128,,375.0,0.0003750000000000026,1e-06,0.0005,119.99925512792055,99.27084321217947,0.015625,0.0078125,0.007679952328186915,0.012706667931158972,3.2768e-05,0.096,1.0,0.0,0.0,True,euler,1.0001880056886574,-1.5446163880149817,-1.509709802975095,stability-verified-in-model
outputs/hou_early_time_v1,hou_early_time_v1,hou_early_time_v1/nr65/nz128,65,128,,400.0,0.0004000000000000032,1e-06,0.0005,125.76883988564059,103.89166601656945,0.015625,0.0078125,0.008049205752680998,0.013298133250120888,3.2768e-05,0.096,1.0,0.0,0.0,True,euler,1.0002080034042353,-1.5446163880149817,-1.509709802975095,stability-verified-in-model
outputs/hou_early_time_v1,hou_early_time_v1,hou_early_time_v1/nr65/nz128,65,128,,425.0,0.0004250000000000038,1e-06,0.0005,131.2193473642811,108.23698204042742,0.015625,0.0078125,0.00839803823131399,0.013854333701174708,3.2768e-05,0.096,1.0,0.0,0.0,True,euler,1.0002276932440322,-1.5446163880149817,-1.5184364492350666,stability-verified-in-model
outputs/hou_early_time_v1,hou_early_time_v1,hou_early_time_v1/nr65/nz128,65,128,,450.0,0.00045000000000000443,1e-06,0.0005,136.35786975918836,112.35202351366847,0.015625,0.0078125,0.008726903664588054,0.014381059009749564,3.2768e-05,0.096,1.0,0.0,0.0,True,euler,1.0002470635195944,-1.5533430342749532,-1.5184364492350666,stability-verified-in-model
outputs/hou_early_time_v1,hou_early_time_v1,hou_early_time_v1/nr65/nz128,65,128,,475.0,0.00047500000000000504,1e-06,0.0005,141.19374328165645,116.29307154102077,0.015625,0.0078125,0.009036399570026013,0.014885513157250656,3.2768e-05,0.096,1.0,0.0,0.0,True,euler,1.0002661750245987,-1.5533430342749532,-1.5271630954950384,stability-verified-in-model
outputs/hou_early_time_v1,hou_early_time_v1,hou_early_time_v1/nr65/nz128,65,128,,500.0,0.0005,9.999999999943865e-07,0.0005,145.73820740986838,119.99326391379307,0.015625,0.0078125,0.009327245274179217,0.015359137780879294,3.2767999999816054e-05,0.096,1.0,0.0,0.0,True,euler,1.000284730309637,-1.5533430342749532,-1.5271630954950384,stability-verified-in-model
outputs/hou_early_time_v1,hou_early_time_v1,hou_early_time_v1/nr65/nz128,65,128,,525.0,0.0005250000000000006,1e-06,0.0005,150.0040625648994,123.46245218416789,0.015625,0.0078125,0.009600260004153562,0.01580319387957349,3.2768e-05,0.096,1.0,0.0,0.0,True,euler,1.0003026651383113,-1.5533430342749532,-1.5271630954950384,stability-verified-in-model
outputs/hou_early_time_v1,hou_early_time_v1,hou_early_time_v1/nr65/nz128,65,128,,550.0,0.0005500000000000012,1e-06,0.0005,154.0185900803354,126.71117229647078,0.015625,0.0078125,0.009857189765141465,0.016219030053948258,3.2768e-05,0.096,1.0,0.0,0.0,True,euler,1.0003199603231914,-1.5533430342749532,-1.53588974175501,stability-verified-in-model
outputs/hou_early_time_v1,hou_early_time_v1,hou_early_time_v1/nr65/nz128,65,128,,575.0,0.0005750000000000018,1e-06,0.0005,157.96248391870387,129.75042965089366,0.015625,0.0078125,0.010109598970797048,0.016608054995314387,3.2768e-05,0.096,1.0,0.0,0.0,True,euler,1.000336875947114,-1.5533430342749532,-1.53588974175501,stability-verified-in-model
outputs/hou_early_time_v1,hou_early_time_v1,hou_early_time_v1/nr65/nz128,65,128,,600.0,0.0006000000000000024,1e-06,0.0005,161.65974821686666,132.66349444681836,0.015625,0.0078125,0.010346223885879465,0.01698092728919275,3.2768e-05,0.096,1.0,0.0,0.0,True,euler,1.0003533297965586,-1.5533430342749532,-1.53588974175501,stability-verified-in-model
outputs/hou_early_time_v1,hou_early_time_v1,hou_early_time_v1/nr65/nz128,65,128,,625.0,0.000625000000000003,1e-06,0.0005,165.12219225838322,135.4456200443255,0.015625,0.0078125,0.010567820304536527,0.017337039365673663,3.2768e-05,0.096,1.0,0.0,0.0,True,euler,1.0003692677078777,-1.5533430342749532,-1.53588974175501,stability-verified-in-model
outputs/hou_early_time_v1,hou_early_time_v1,hou_early_time_v1/nr65/nz128,65,128,,650.0,0.0006500000000000037,1e-06,0.0005,168.36202204309677,138.05456795189662,0.015625,0.0078125,0.010775169410758192,0.017670984697842767,3.2768e-05,0.096,1.0,0.0,0.0,True,euler,1.0003845032645156,-1.5533430342749532,-1.53588974175501,stability-verified-in-model
outputs/hou_early_time_v1,hou_early_time_v1,hou_early_time_v1/nr65/nz128,65,128,,675.0,0.0006750000000000043,1e-06,0.0005,171.39163784827258,140.50063948198226,0.015625,0.0078125,0.010969064822289445,0.01798408185369373,3.2768e-05,0.096,1.0,0.0,0.0,True,euler,1.000399039078259,-1.562069680534925,-1.53588974175501,stability-verified-in-model
outputs/hou_early_time_v1,hou_early_time_v1,hou_early_time_v1/nr65/nz128,65,128,,700.0,0.0007000000000000049,1e-06,0.0005,174.22344666427423,142.7939717492951,0.015625,0.0078125,0.01115030058651355,0.018277628383909773,3.2768e-05,0.096,1.0,0.0,0.0,True,euler,1.0004128850807241,-1.562069680534925,-1.5446163880149817,stability-verified-in-model
outputs/hou_early_time_v1,hou_early_time_v1,hou_early_time_v1/nr65/nz128,65,128,,725.0,0.0007250000000000055,1e-06,0.0005,176.86969102662306,144.94446249346132,0.015625,0.0078125,0.011319660225703874,0.01855289119916305,3.2768e-05,0.096,1.0,0.0,0.0,True,euler,1.000426059464764,-1.562069680534925,-1.5446163880149817,stability-verified-in-model
outputs/hou_early_time_v1,hou_early_time_v1,hou_early_time_v1/nr65/nz128,65,128,,750.0,0.0007500000000000061,1e-06,0.0005,179.34229528796914,146.9760466406685,0.015625,0.0078125,0.011477906898430024,0.018812933970005566,3.2768e-05,0.096,1.0,0.0,0.0,True,euler,1.00043863373285,-1.562069680534925,-1.5446163880149817,stability-verified-in-model
outputs/hou_early_time_v1,hou_early_time_v1,hou_early_time_v1/nr65/nz128,65,128,,775.0,0.0007750000000000067,1e-06,0.0005,181.652729905105,148.97980158605623,0.015625,0.0078125,0.011625774713926718,0.019069414603015197,3.2768e-05,0.096,1.0,0.0,0.0,True,euler,1.0004509548860598,-1.562069680534925,-1.5446163880149817,stability-verified-in-model
outputs/hou_early_time_v1,hou_early_time_v1,hou_early_time_v1/nr65/nz128,65,128,,800.0,0.0008000000000000073,1e-06,0.0005,183.81189387190645,150.86713831204708,0.015625,0.0078125,0.011763961207802012,0.019310993703942025,3.2768e-05,0.096,1.0,0.0,0.0,True,euler,1.0004626755672017,-1.562069680534925,-1.5446163880149817,stability-verified-in-model
outputs/hou_early_time_v1,hou_early_time_v1,hou_early_time_v1/nr65/nz128,65,128,,825.0,0.0008250000000000079,1e-06,0.0005,185.83001502255982,152.6459885363364,0.015625,0.0078125,0.011893120961443827,0.019538686532651058,3.2768e-05,0.096,1.0,0.0,0.0,True,euler,1.0004738202626906,-1.562069680534925,-1.5446163880149817,stability-verified-in-model
outputs/hou_early_time_v1,hou_early_time_v1,hou_early_time_v1/nr65/nz128,65,128,,850.0,0.0008500000000000085,1e-06,0.0005,187.71656757218238,154.32392055028185,0.015625,0.0078125,0.012013860324619673,0.019753461830436077,3.2768e-05,0.096,1.0,0.0,0.0,True,euler,1.0004844144830867,-1.562069680534925,-1.5446163880149817,stability-verified-in-model
outputs/hou_early_time_v1,hou_early_time_v1,hou_early_time_v1/nr65/nz128,65,128,,875.0,0.0008750000000000091,1e-06,0.0005,189.4802059623205,155.90812724686853,0.015625,0.0078125,0.01212673318158851,0.01995624028759917,3.2768e-05,0.096,1.0,0.0,0.0,True,euler,1.0004944840604848,-1.562069680534925,-1.5446163880149817,stability-verified-in-model
outputs/hou_early_time_v1,hou_early_time_v1,hou_early_time_v1/nr65/nz128,65,128,,900.0,0.0009000000000000097,1e-06,0.0005,191.12871384167678,157.4054200202308,0.015625,0.0078125,0.012232237685867314,0.02014789376258954,3.2768e-05,0.096,1.0,0.0,0.0,True,euler,1.0005040545450157,-1.562069680534925,-1.5446163880149817,stability-verified-in-model
outputs/hou_early_time_v1,hou_early_time_v1,hou_early_time_v1/nr65/nz128,65,128,,925.0,0.0009250000000000103,1e-06,0.0005,192.66896683909602,158.8222276119907,0.015625,0.0078125,0.012330813877702145,0.02032924513433481,3.2768e-05,0.096,1.0,0.0,0.0,True,euler,1.0005131506943221,-1.562069680534925,-1.5446163880149817,stability-verified-in-model
outputs/hou_early_time_v1,hou_early_time_v1,hou_early_time_v1/nr65/nz128,65,128,,950.0,0.000950000000000011,1e-06,0.0005,194.13364170268187,160.16459908519633,0.015625,0.0078125,0.012424553068971639,0.02050106868290513,3.2768e-05,0.096,1.0,0.0,0.0,True,euler,1.0005218523485266,-1.562069680534925,-1.5446163880149817,stability-verified-in-model
outputs/hou_early_time_v1,hou_early_time_v1,hou_early_time_v1/nr65/nz128,65,128,,975.0,0.0009750000000000116,1e-06,0.0005,195.77466898083003,161.48338199981333,0.015625,0.0078125,0.012529578814773122,0.020669872895976105,3.2768e-05,0.096,1.0,0.0,0.0,True,euler,1.000530898675822,-1.562069680534925,-1.5446163880149817,stability-verified-in-model
outputs/hou_early_time_v1,hou_early_time_v1,hou_early_time_v1/nr65/nz128,65,128,,1000.0,0.001,9.99999999990375e-07,0.0005,197.3616200641912,162.76820438343108,0.015625,0.0078125,0.01263114368398666,0.020834330160878645,3.276799999968461e-05,0.096,1.0,0.0,0.0,True,euler,1.0005397587135938,-1.562069680534925,-1.5446163880149817,stability-verified-in-model
outputs/hou_early_time_v1,hou_early_time_v1,hou_early_time_v1/nr65/nz128,65,128,,1025.0,0.001024999999999998,1e-06,0.0005,198.8976310933422,163.9911294557224,0.015625,0.0078125,0.0127294483899739,0.020990864570332463,3.2768e-05,0.096,1.0,0.0,0.0,True,euler,1.0005483125320518,-1.562069680534925,-1.5446163880149817,stability-verified-in-model
outputs/hou_early_time_v1,hou_early_time_v1,hou_early_time_v1/nr65/nz128,65,128,,1050.0,0.0010499999999999958,1e-06,0.0005,200.38485121482796,165.15663476603092,0.015625,0.0078125,0.01282463047774899,0.021140049250051956,3.2768e-05,0.096,1.0,0.0,0.0,True,euler,1.0005565757143393,-1.562069680534925,-1.5446163880149817,stability-verified-in-model
outputs/hou_early_time_v1,hou_early_time_v1,hou_early_time_v1/nr65/nz128,65,128,,1075.0,0.0010749999999999937,1e-06,0.0005,201.82446552256238,166.26890163870922,0.015625,0.0078125,0.012916765793443991,0.02128241940975478,3.2768e-05,0.096,1.0,0.0,0.0,True,euler,1.0005645614766234,-1.562069680534925,-1.5446163880149817,stability-verified-in-model
outputs/hou_early_time_v1,hou_early_time_v1,hou_early_time_v1/nr65/nz128,65,128,,1100.0,0.0010999999999999916,1e-06,0.0005,203.21671675940908,167.33182766503558,0.015625,0.0078125,0.013005869872602181,0.021418473941124554,3.2768e-05,0.096,1.0,0.0,0.0,True,euler,1.00057228058699,-1.562069680534925,-1.5446163880149817,stability-verified-in-model
outputs/hou_early_time_v1,hou_early_time_v1,hou_early_time_v1/nr65/nz128,65,128,,1125.0,0.0011249999999999895,1e-06,0.0005,204.5609246526862,168.34903990604778,0.015625,0.0078125,0.013091899177771916,0.021548677107974114,3.2768e-05,0.096,1.0,0.0,0.0,True,euler,1.0005797413041178,-1.562069680534925,-1.5446163880149817,stability-verified-in-model
outputs/hou_early_time_v1,hou_early_time_v1,hou_early_time_v1/nr65/nz128,65,128,,1150.0,0.0011499999999999874,1e-06,0.0005,205.85550197392473,169.3239085408111,0.015625,0.0078125,0.013174752126331183,0.02167346029322382,3.2768e-05,0.096,1.0,0.0,0.0,True,euler,1.0005869501737068,-1.562069680534925,-1.5533430342749532,stability-verified-in-model
outputs/hou_early_time_v1,hou_early_time_v1,hou_early_time_v1/nr65/nz128,65,128,,1175.0,0.0011749999999999853,1e-06,0.0005,207.09796663577725,170.25956073359114,0.015625,0.0078125,0.013254269864689744,0.021793223773899667,3.2768e-05,0.096,1.0,0.0,0.0,True,euler,1.0005939102361232,-1.562069680534925,-1.5533430342749532,stability-verified-in-model
outputs/hou_early_time_v1,hou_early_time_v1,hou_early_time_v1/nr65/nz128,65,128,,1200.0,0.0011999999999999832,1e-06,0.0005,208.2849493690088,171.1588945290641,0.015625,0.0078125,0.013330236759616563,0.021908338499720202,3.2768e-05,0.096,1.0,0.0,0.0,True,euler,1.000600621139397,-1.562069680534925,-1.5533430342749532,stability-verified-in-model
outputs/hou_early_time_v1,hou_early_time_v1,hou_early_time_v1/nr65/nz128,65,128,,1225.0,0.001224999999999981,1e-06,0.0005,209.41219676117504,172.02459261669594,0.015625,0.0078125,0.013402380592715202,0.02201914785493708,3.2768e-05,0.096,1.0,0.0,0.0,True,euler,1.0006070807099496,-1.562069680534925,-1.5533430342749532,stability-verified-in-model
outputs/hou_early_time_v1,hou_early_time_v1,hou_early_time_v1/nr65/nz128,65,128,,1250.0,0.001249999999999979,1e-06,0.0005,210.47456968680575,172.8591358333185,0.015625,0.0078125,0.013470372459955568,0.02212596938666477,3.2768e-05,0.096,1.0,0.0,0.0,True,euler,1.0006132840896154,-1.562069680534925,-1.5533430342749532,stability-verified-in-model
outputs/hou_early_time_v1,hou_early_time_v1,hou_early_time_v1/nr65/nz128,65,128,,1275.0,0.0012749999999999769,1e-06,0.0005,211.53725344640577,173.66481629655453,0.015625,0.0078125,0.013538384220569969,0.022229096485958978,3.2768e-05,0.096,1.0,0.0,0.0,True,euler,1.0006193866225037,-1.562069680534925,-1.5533430342749532,stability-verified-in-model
outputs/hou_early_time_v1,hou_early_time_v1,hou_early_time_v1/nr65/nz128,65,128,,1300.0,0.0012999999999999748,1e-06,0.0005,213.2747058752529,174.44375008130146,0.015625,0.0078125,0.013649581176016185,0.022328800010406585,3.2768e-05,0.096,1.0,0.0,0.0,True,euler,1.0006269473035474,-1.562069680534925,-1.5533430342749532,stability-verified-in-model
outputs/hou_early_time_v1,hou_early_time_v1,hou_early_time_v1/nr65/nz128,65,128,,1325.0,0.0013249999999999727,1e-06,0.0005,214.98345604122125,175.19788936780608,0.015625,0.0078125,0.013758941186638158,0.02242532983907918,3.2768e-05,0.096,1.0,0.0,0.0,True,euler,1.0006343711750956,-1.562069680534925,-1.5533430342749532,stability-verified-in-model
outputs/hou_early_time_v1,hou_early_time_v1,hou_early_time_v1/nr65/nz128,65,128,,1350.0,0.0013499999999999706,1e-06,0.0005,216.65635396604148,175.92903400427346,0.015625,0.0078125,0.013866006653826654,0.022518916352547002,3.2768e-05,0.096,1.0,0.0,0.0,True,euler,1.0006416468847088,-1.562069680534925,-1.5533430342749532,stability-verified-in-model
outputs/hou_early_time_v1,hou_early_time_v1,hou_early_time_v1/nr65/nz128,65,128,,1375.0,0.0013749999999999685,1e-06,0.0005,218.28515278951278,176.63884244118773,0.015625,0.0078125,0.013970249778528817,0.02260977183247203,3.2768e-05,0.096,1.0,0.0,0.0,True,euler,1.0006487597499818,-1.562069680534925,-1.5533430342749532,stability-verified-in-model
outputs/hou_early_time_v1,hou_early_time_v1,hou_early_time_v1/nr65/nz128,65,128,,1400.0,0.0013999999999999664,1e-06,0.0005,219.86042026874026,177.32884201021142,0.015625,0.0078125,0.014071066897199376,0.02269809177730706,3.2768e-05,0.096,1.0,0.0,0.0,True,euler,1.0006556915274896,-1.562069680534925,-1.5533430342749532,stability-verified-in-model
outputs/hou_early_time_v1,hou_early_time_v1,hou_early_time_v1/nr65/nz128,65,128,,1425.0,0.0014249999999999643,1e-06,0.0005,221.37143925368645,178.0004385386644,0.015625,0.0078125,0.014167772112235933,0.022784056132949045,3.2768e-05,0.096,1.0,0.0,0.0,True,euler,1.0006624201564727,-1.562069680534925,-1.5533430342749532,stability-verified-in-model
outputs/hou_early_time_v1,hou_early_time_v1,hou_early_time_v1/nr65/nz128,65,128,,1450.0,0.0014499999999999622,1e-06,0.0005,222.80609767311856,178.6549253108314,0.015625,0.0078125,0.014259590251079587,0.022867830439786418,3.2768e-05,0.096,1.0,0.0,0.0,True,euler,1.0006689194795075,-1.562069680534925,-1.5533430342749532,stability-verified-in-model
outputs/hou_early_time_v1,hou_early_time_v1,hou_early_time_v1/nr65/nz128,65,128,,1475.0,0.00147499999999996,1e-06,0.0005,224.15076914095857,179.29349140756563,0.015625,0.0078125,0.014345649225021347,0.0229495669001684,3.2768e-05,0.096,1.0,0.0,0.0,True,euler,1.0006751589445269,-1.562069680534925,-1.5533430342749532,stability-verified-in-model
outputs/hou_early_time_v1,hou_early_time_v1,hou_early_time_v1/nr65/nz128,65,128,,1500.0,0.0015,1.000000000041983e-06,0.0005,225.3901861126648,179.917229471904,0.015625,0.0078125,0.014424971911816149,0.023029405373370553,3.27680000013757e-05,0.096,1.0,0.0,0.0,True,euler,1.0006811032954683,-1.562069680534925,-1.5533430342749532,stability-verified-in-model
outputs/hou_early_time_v1,hou_early_time_v1,hou_early_time_v1/nr65/nz128,65,128,,1525.0,0.001524999999999998,1e-06,0.0005,226.507308610518,180.52714295547617,0.015625,0.0078125,0.014496467751073152,0.02310747429830095,3.2768e-05,0.096,1.0,0.0,0.0,True,euler,1.000686712261991,-1.562069680534925,-1.5533430342749532,stability-verified-in-model
outputs/hou_early_time_v1,hou_early_time_v1,hou_early_time_v1/nr65/nz128,65,128,,1550.0,0.0015499999999999958,1e-06,0.0005,228.85514682842307,181.1241528935924,0.015625,0.0078125,0.014646729397019076,0.023183891570379825,3.2768e-05,0.096,1.0,0.0,0.0,True,euler,1.0006952558840339,-1.562069680534925,-1.5533430342749532,stability-verified-in-model
outputs/hou_early_time_v1,hou_early_time_v1,hou_early_time_v1/nr65/nz128,65,128,,1575.0,0.0015749999999999937,1e-06,0.0005,231.26500622622348,181.70910423337259,0.015625,0.0078125,0.014800960398478303,0.02325876534187169,3.2768e-05,0.096,1.0,0.0,0.0,True,euler,1.0007039430400844,-1.562069680534925,-1.5533430342749532,stability-verified-in-model
outputs/hou_early_time_v1,hou_early_time_v1,hou_early_time_v1/nr65/nz128,65,128,,1600.0,0.0015999999999999916,1e-06,0.0005,233.6136783826619,182.28277170136406,0.015625,0.0078125,0.014951275416490361,0.0233321947777746,3.2768e-05,0.096,1.0,0.0,0.0,True,euler,1.0007124774878822,-1.562069680534925,-1.5533430342749532,stability-verified-in-model
outputs/hou_early_time_v1,hou_early_time_v1,hou_early_time_v1/nr65/nz128,65,128,,1625.0,0.0016249999999999895,1e-06,0.0005,235.879952023459,182.845865152926,0.015625,0.0078125,0.015096316929501375,0.023404270739574528,3.2768e-05,0.096,1.0,0.0,0.0,True,euler,1.0007208069025084,-1.562069680534925,-1.5533430342749532,stability-verified-in-model
outputs/hou_early_time_v1,hou_early_time_v1,hou_early_time_v1/nr65/nz128,65,128,,1650.0,0.0016499999999999874,1e-06,0.0005,238.03908164719246,183.39903430986865,0.015625,0.0078125,0.015234501225420317,0.023475076391663185,3.2768e-05,0.096,1.0,0.0,0.0,True,euler,1.0007288689307967,-1.562069680534925,-1.5533430342749532,stability-verified-in-model
outputs/hou_early_time_v1,hou_early_time_v1,hou_early_time_v1/nr65/nz128,65,128,,1675.0,0.0016749999999999853,1e-06,0.0005,240.06231296270562,183.94287278386474,0.015625,0.0078125,0.01536398802961316,0.023544687716334688,3.2768e-05,0.096,1.0,0.0,0.0,True,euler,1.0007365898894145,-1.562069680534925,-1.5533430342749532,stability-verified-in-model
outputs/hou_early_time_v1,hou_early_time_v1,hou_early_time_v1/nr65/nz128,65,128,,1700.0,0.0016999999999999832,1e-06,0.0005,241.91637438814598,184.47792131822408,0.015625,0.0078125,0.015482647960841343,0.023613173928732682,3.2768e-05,0.096,1.0,0.0,0.0,True,euler,1.0007438833956792,-1.562069680534925,-1.5533430342749532,stability-verified-in-model
outputs/hou_early_time_v1,hou_early_time_v1,hou_early_time_v1/nr65/nz128,65,128,,1725.0,0.001724999999999981,1e-06,0.0005,243.56294541619673,185.0046702682505,0.015625,0.0078125,0.01558802850663659,0.023680597794336063,3.2768e-05,0.096,1.0,0.0,0.0,True,euler,1.0007506489786373,-1.562069680534925,-1.5533430342749532,stability-verified-in-model
outputs/hou_early_time_v1,hou_early_time_v1,hou_early_time_v1/nr65/nz128,65,128,,1750.0,0.001749999999999979,1e-06,0.0005,244.95812009199935,185.52356147228372,0.015625,0.0078125,0.015677319685887956,0.023747015868452313,3.2768e-05,0.096,1.0,0.0,0.0,True,euler,1.0007567707455234,-1.562069680534925,-1.5533430342749532,stability-verified-in-model
outputs/hou_early_time_v1,hou_early_time_v1,hou_early_time_v1/nr65/nz128,65,128,,1775.0,0.001774999999999977,1e-06,0.0005,246.87166055906977,186.0349898109531,0.015625,0.0078125,0.015799786275780464,0.023812478695801997,3.2768e-05,0.096,1.0,0.0,0.0,True,euler,1.0007641915363088,-1.562069680534925,-1.5533430342749532,stability-verified-in-model
outputs/hou_early_time_v1,hou_early_time_v1,hou_early_time_v1/nr65/nz128,65,128,,1800.0,0.0017999999999999748,1e-06,0.0005,250.61386189587697,186.53930485882645,0.015625,0.0078125,0.016039287161336124,0.023877031021929784,3.2768e-05,0.096,1.0,0.0,0.0,True,euler,1.000776272517605,-1.562069680534925,-1.5533430342749532,stability-verified-in-model
outputs/hou_early_time_v1,hou_early_time_v1,hou_early_time_v1/nr65/nz128,65,128,,1825.0,0.0018249999999999727,1e-06,0.0005,254.24946999161165,187.03681303707714,0.015625,0.0078125,0.016271966079463143,0.023940712068745873,3.2768e-05,0.096,1.0,0.0,0.0,True,euler,1.0007881365664688,-1.562069680534925,-1.5533430342749532,stability-verified-in-model
outputs/hou_early_time_v1,hou_early_time_v1,hou_early_time_v1/nr65/nz128,65,128,,1850.0,0.0018499999999999706,1e-06,0.0005,257.72062175574945,187.5277805250059,0.015625,0.0078125,0.016494119792367964,0.024003555907200755,3.2768e-05,0.096,1.0,0.0,0.0,True,euler,1.0007996283749057,-1.562069680534925,-1.5533430342749532,stability-verified-in-model
outputs/hou_early_time_v1,hou_early_time_v1,hou_early_time_v1/nr65/nz128,65,128,,1875.0,0.0018749999999999685,1e-06,0.0005,260.9556134796129,188.01243686833803,0.015625,0.0078125,0.016701159262695227,0.024065591919147266,3.2768e-05,0.096,1.0,0.0,0.0,True,euler,1.000810552506269,-1.562069680534925,-1.5533430342749532,stability-verified-in-model
outputs/hou_early_time_v1,hou_early_time_v1,hou_early_time_v1/nr65/nz128,65,128,,1900.0,0.0018999999999999664,1e-06,0.0005,263.866504135034,188.4909787854091,0.015625,0.0078125,0.016887456264642175,0.024126845284532364,3.2768e-05,0.096,1.0,0.0,0.0,True,euler,1.0008206665045372,-1.562069680534925,-1.5533430342749532,stability-verified-in-model
outputs/hou_early_time_v1,hou_early_time_v1,hou_early_time_v1/nr65/nz128,65,128,,1925.0,0.0019249999999999643,1e-06,0.0005,266.3466012287863,188.9635732477722,0.015625,0.0078125,0.017046182478642324,0.024187337375714837,3.2768e-05,0.096,1.0,0.0,0.0,True,euler,1.0008296739570488,-1.562069680534925,-1.5533430342749532,stability-verified-in-model
outputs/hou_early_time_v1,hou_early_time_v1,hou_early_time_v1/nr65/nz128,65,128,,1950.0,0.0019499999999999622,1e-06,0.0005,268.2679229234196,189.4303586852497,0.015625,0.0078125,0.017169147067098853,0.02424708591171196,3.2768e-05,0.096,1.0,0.0,0.0,True,euler,1.0008372180268004,-1.562069680534925,-1.5533430342749532,stability-verified-in-model
outputs/hou_early_time_v1,hou_early_time_v1,hou_early_time_v1/nr65/nz128,65,128,,1975.0,0.0019749999999999646,1e-06,0.0005,269.47880712479133,189.89144332012748,0.015625,0.0078125,0.017246643655986646,0.024306104744976315,3.2768e-05,0.096,1.0,0.0,0.0,True,euler,1.0008428762955266,-1.562069680534925,-1.5533430342749532,stability-verified-in-model
outputs/hou_early_time_v1,hou_early_time_v1,hou_early_time_v1/nr65/nz128,65,128,,2000.0,0.001999999999999968,1e-06,0.0005,271.32291286952307,190.34690026120305,0.015625,0.0078125,0.017364666423649474,0.024364403233433987,3.2768e-05,0.096,1.0,0.0,0.0,True,euler,1.0008502120195841,-1.562069680534925,-1.5533430342749532,stability-verified-in-model
outputs/hou_early_time_v1,hou_early_time_v1,hou_early_time_v1/nr65/nz128,65,128,,2025.0,0.0020249999999999713,1e-06,0.0005,277.41083973814193,190.7967599926888,0.015625,0.0078125,0.017754293743241084,0.024421985279064164,3.2768e-05,0.096,1.0,0.0,0.0,True,euler,1.0008689573319596,-1.562069680534925,-1.5533430342749532,stability-verified-in-model
outputs/hou_early_time_v1,hou_early_time_v1,hou_early_time_v1/nr65/nz128,65,128,,2050.0,0.0020499999999999746,1e-06,0.0005,283.180399970075,191.2410019599204,0.015625,0.0078125,0.0181235455980848,0.02447884825086981,3.2768e-05,0.096,1.0,0.0,0.0,True,euler,1.000887003989017,-1.562069680534925,-1.5533430342749532,stability-verified-in-model
outputs/hou_early_time_v1,hou_early_time_v1,hou_early_time_v1/nr65/nz128,65,128,,2075.0,0.002074999999999978,1e-06,0.0005,288.4095777744658,191.67954760757908,0.015625,0.0078125,0.01845821297756581,0.02453498209377012,3.2768e-05,0.096,1.0,0.0,0.0,True,euler,1.000903714216581,-1.562069680534925,-1.5533430342749532,stability-verified-in-model
outputs/hou_early_time_v1,hou_early_time_v1,hou_early_time_v1/nr65/nz128,65,128,,2100.0,0.0020999999999999812,1e-06,0.0005,292.8023091589216,192.11225701156602,0.015625,0.0078125,0.018739347786170982,0.02459036889748045,3.2768e-05,0.096,1.0,0.0,0.0,True,euler,1.0009182255040545,-1.562069680534925,-1.5533430342749532,stability-verified-in-model
outputs/hou_early_time_v1,hou_early_time_v1,hou_early_time_v1/nr65/nz128,65,128,,2125.0,0.0021249999999999845,1e-06,0.0005,295.9709688751667,192.53892997559768,0.015625,0.0078125,0.018942142008010667,0.0246449830368765,3.2768e-05,0.096,1.0,0.0,0.0,True,euler,1.0009294014750156,-1.562069680534925,-1.5533430342749532,stability-verified-in-model
outputs/hou_early_time_v1,hou_early_time_v1,hou_early_time_v1/nr65/nz128,65,128,,2150.0,0.002149999999999988,1e-06,0.0005,297.41898357752416,192.98953550308957,0.015625,0.0078125,0.019034814948961545,0.024702660544395464,3.2768e-05,0.096,1.0,0.0,0.0,True,euler,1.0009359597170542,-1.562069680534925,-1.5533430342749532,stability-verified-in-model
outputs/hou_early_time_v1,hou_early_time_v1,hou_early_time_v1/nr65/nz128,65,128,,2175.0,0.002174999999999991,1e-06,0.0005,296.527499985168,193.46270887021683,0.015625,0.0078125,0.018977759999050752,0.024763226735387753,3.2768e-05,0.096,1.0,0.0,0.0,True,euler,1.0009361128500431,-1.562069680534925,-1.5533430342749532,stability-verified-in-model
outputs/hou_early_time_v1,hou_early_time_v1,hou_early_time_v1/nr65/nz128,65,128,,2192.0,0.002191729,7.290000000065994e-07,0.0005,294.2597519676433,193.77616883191416,0.015625,0.0078125,0.01372898298792665,0.01808164186620726,2.388787200021625e-05,0.096,1.0,0.0,0.0,True,euler,1.0004911802346008,-1.562069680534925,-1.5533430342749532,stability-verified-in-model
outputs/hou_early_time_v1,hou_early_time_v1,hou_early_time_v1/nr129/nz256,129,256,,25.0,2.5000000000000008e-05,1e-06,0.0005,9.50075613771455,7.786845805124054,0.0078125,0.00390625,0.0012160967856274622,0.0019934325261117577,0.000131072,0.192,1.0,0.0,0.0,True,euler,1.0,0.0,0.0,stability-verified-in-model
outputs/hou_early_time_v1,hou_early_time_v1,hou_early_time_v1/nr129/nz256,129,256,,50.0,4.9999999999999955e-05,1e-06,0.0005,18.95869613686559,15.532995964423847,0.0078125,0.00390625,0.0024267131055187956,0.003976446966892505,0.000131072,0.192,1.0,0.0,0.0,True,euler,1.0,0.0,0.0,stability-verified-in-model
outputs/hou_early_time_v1,hou_early_time_v1,hou_early_time_v1/nr129/nz256,129,256,,75.0,7.499999999999989e-05,1e-06,0.0005,28.332104200278046,23.198686676703574,0.0078125,0.00390625,0.0036265093376355896,0.005938863789236115,0.000131072,0.192,1.0,0.0,0.0,True,euler,1.0000020970067607,-0.8813912722571364,-0.4625122517784973,stability-verified-in-model
outputs/hou_early_time_v1,hou_early_time_v1,hou_early_time_v1/nr129/nz256,129,256,,100.0,9.999999999999982e-05,1e-06,0.0005,37.58076289771134,30.745809917462353,0.0078125,0.00390625,0.004810337650907051,0.007870927338870362,0.000131072,0.192,1.0,0.0,0.0,True,euler,1.0000218246550285,-1.265363707695889,-0.9162978572970231,stability-verified-in-model
outputs/hou_early_time_v1,hou_early_time_v1,hou_early_time_v1/nr129/nz256,129,256,,125.0,0.00012499999999999976,1e-06,0.0005,46.66663877126896,38.13864968844033,0.0078125,0.00390625,0.005973329762722426,0.009763494320240724,0.000131072,0.192,1.0,0.0,0.0,True,euler,1.0000574946393326,-1.387536755335492,-1.1431906600562858,stability-verified-in-model
outputs/hou_early_time_v1,hou_early_time_v1,hou_early_time_v1/nr129/nz256,129,256,,150.0,0.0001499999999999997,1e-06,0.0005,55.57405878133868,45.351246065257804,0.0078125,0.00390625,0.007113479524011351,0.011609918992705998,0.000131072,0.192,1.0,0.0,0.0,True,euler,1.0001046261632176,-1.4486232791552935,-1.265363707695889,stability-verified-in-model
outputs/hou_early_time_v1,hou_early_time_v1,hou_early_time_v1/nr129/nz256,129,256,,175.0,0.00017499999999999962,1e-06,0.0005,64.26986510975624,52.35877276061394,0.0078125,0.00390625,0.008226542734048799,0.013403845826717168,0.000131072,0.192,1.0,0.0,0.0,True,euler,1.0001606615647398,-1.4748032179352084,-1.3439035240356338,stability-verified-in-model
outputs/hou_early_time_v1,hou_early_time_v1,hou_early_time_v1/nr129/nz256,129,256,,200.0,0.00019999999999999955,1e-06,0.0005,72.72140113115645,59.13171889506111,0.0078125,0.00390625,0.009308339344788025,0.015137720037135644,0.000131072,0.192,1.0,0.0,0.0,True,euler,1.000223834397014,-1.5009831567151235,-1.3962634015954636,stability-verified-in-model
outputs/hou_early_time_v1,hou_early_time_v1,hou_early_time_v1/nr129/nz256,129,256,,225.0,0.00022499999999999948,1e-06,0.0005,80.9051482788748,65.64938669318545,0.0078125,0.00390625,0.010355858979695974,0.016806242993455473,0.000131072,0.192,1.0,0.0,0.0,True,euler,1.0002927622948785,-1.509709802975095,-1.4311699866353502,stability-verified-in-model
outputs/hou_early_time_v1,hou_early_time_v1,hou_early_time_v1/nr129/nz256,129,256,,250.0,0.00024999999999999957,1e-06,0.0005,88.80142060854791,71.89530538493075,0.0078125,0.00390625,0.011366581837894133,0.018405198178542272,0.000131072,0.192,1.0,0.0,0.0,True,euler,1.0003662300940341,-1.5184364492350666,-1.4486232791552935,stability-verified-in-model
outputs/hou_early_time_v1,hou_early_time_v1,hou_early_time_v1/nr129/nz256,129,256,,275.0,0.0002750000000000002,1e-06,0.0005,96.3944675668434,77.89188576597704,0.0078125,0.00390625,0.012338491848555955,0.01994032275609012,0.000131072,0.192,1.0,0.0,0.0,True,euler,1.0004434025645415,-1.5271630954950384,-1.4660765716752369,stability-verified-in-model
outputs/hou_early_time_v1,hou_early_time_v1,hou_early_time_v1/nr129/nz256,129,256,,300.0,0.0003000000000000008,1e-06,0.0005,103.67248584306043,83.6028689373567,0.0078125,0.00390625,0.013270078187911734,0.021402334447963314,0.000131072,0.192,1.0,0.0,0.0,True,euler,1.0005230674056667,-1.53588974175501,-1.4835298641951802,stability-verified-in-model
outputs/hou_early_time_v1,hou_early_time_v1,hou_early_time_v1/nr129/nz256,129,256,,325.0,0.0003250000000000014,1e-06,0.0005,110.6275473035787,89.02307620585907,0.0078125,0.00390625,0.014160326054858072,0.02278990750869992,0.000131072,0.192,1.0,0.0,0.0,True,euler,1.000604268287672,-1.53588974175501,-1.4922565104551517,stability-verified-in-model
outputs/hou_early_time_v1,hou_early_time_v1,hou_early_time_v1/nr129/nz256,129,256,,350.0,0.000350000000000002,1e-06,0.0005,117.25545212612366,94.18355480517248,0.0078125,0.00390625,0.015008697872143827,0.024110990030124152,0.000131072,0.192,1.0,0.0,0.0,True,euler,1.0006864857901128,-1.5446163880149817,-1.5009831567151235,stability-verified-in-model
outputs/hou_early_time_v1,hou_early_time_v1,hou_early_time_v1/nr129/nz256,129,256,,375.0,0.0003750000000000026,1e-06,0.0005,123.55551770546214,99.07334027057408,0.0078125,0.00390625,0.015815106266299152,0.025362775109266964,0.000131072,0.192,1.0,0.0,0.0,True,euler,1.0007688670285646,-1.5446163880149817,-1.509709802975095,stability-verified-in-model
outputs/hou_early_time_v1,hou_early_time_v1,hou_early_time_v1/nr129/nz256,129,256,,400.0,0.0004000000000000032,1e-06,0.0005,129.53031473709166,103.68153008673679,0.0078125,0.00390625,0.016579880286347732,0.026542471702204615,0.000131072,0.192,1.0,0.0,0.0,True,euler,1.0008505996428154,-1.5446163880149817,-1.509709802975095,stability-verified-in-model
outputs/hou_early_time_v1,hou_early_time_v1,hou_early_time_v1/nr129/nz256,129,256,,425.0,0.0004250000000000038,1e-06,0.0005,135.21461127765545,108.056048226261,0.0078125,0.00390625,0.0173074702435399,0.027662348345922814,0.000131072,0.192,1.0,0.0,0.0,True,euler,1.0009317888419949,-1.5533430342749532,-1.5184364492350666,stability-verified-in-model
outputs/hou_early_time_v1,hou_early_time_v1,hou_early_time_v1/nr129/nz256,129,256,,450.0,0.00045000000000000443,1e-06,0.0005,140.67072708494814,112.18125134774462,0.0078125,0.00390625,0.01800585306687336,0.028718400345022623,0.000131072,0.192,1.0,0.0,0.0,True,euler,1.0010120458827387,-1.5533430342749532,-1.5184364492350666,stability-verified-in-model
outputs/hou_early_time_v1,hou_early_time_v1,hou_early_time_v1/nr129/nz256,129,256,,475.0,0.00047500000000000504,1e-06,0.0005,145.82875674484728,116.05113717038904,0.0078125,0.00390625,0.018666080863340453,0.029709091115619594,0.000131072,0.192,1.0,0.0,0.0,True,euler,1.0010903951363597,-1.5533430342749532,-1.5271630954950384,stability-verified-in-model
outputs/hou_early_time_v1,hou_early_time_v1,hou_early_time_v1/nr129/nz256,129,256,,500.0,0.0005,9.999999999943865e-07,0.0005,150.69849987801337,119.7333066248527,0.0078125,0.00390625,0.01928940798427743,0.030651726495790226,0.00013107199999926421,0.192,1.0,0.0,0.0,True,euler,1.0011672284376163,-1.5533430342749532,-1.5271630954950384,stability-verified-in-model
outputs/hou_early_time_v1,hou_early_time_v1,hou_early_time_v1/nr129/nz256,129,256,,525.0,0.0005250000000000006,1e-06,0.0005,155.29131496563906,123.18824855299039,0.0078125,0.00390625,0.019877288315601798,0.03153619162956554,0.000131072,0.192,1.0,0.0,0.0,True,euler,1.0012416942728661,-1.5533430342749532,-1.5271630954950384,stability-verified-in-model
outputs/hou_early_time_v1,hou_early_time_v1,hou_early_time_v1/nr129/nz256,129,256,,550.0,0.0005500000000000012,1e-06,0.0005,159.61981485681028,126.42849682434468,0.0078125,0.00390625,0.020431336301671713,0.03236569518703224,0.000131072,0.192,1.0,0.0,0.0,True,euler,1.0013136487799685,-1.5533430342749532,-1.53588974175501,stability-verified-in-model
outputs/hou_early_time_v1,hou_early_time_v1,hou_early_time_v1/nr129/nz256,129,256,,575.0,0.0005750000000000018,1e-06,0.0005,163.69757007506797,129.5165409354296,0.0078125,0.00390625,0.0209532889696087,0.03315623447946997,0.000131072,0.192,1.0,0.0,0.0,True,euler,1.0013836832528715,-1.5533430342749532,-1.53588974175501,stability-verified-in-model
outputs/hou_early_time_v1,hou_early_time_v1,hou_early_time_v1/nr129/nz256,129,256,,600.0,0.0006000000000000024,1e-06,0.0005,167.53882470729758,132.40756844674064,0.0078125,0.00390625,0.02144496956253409,0.0338963375223656,0.000131072,0.192,1.0,0.0,0.0,True,euler,1.0014509701182912,-1.5533430342749532,-1.53588974175501,stability-verified-in-model
outputs/hou_early_time_v1,hou_early_time_v1,hou_early_time_v1/nr129/nz256,129,256,,625.0,0.000625000000000003,1e-06,0.0005,171.15822882370696,135.12352132929206,0.0078125,0.00390625,0.02190825328943449,0.03459162146029877,0.000131072,0.192,1.0,0.0,0.0,True,euler,1.0015156348337062,-1.5533430342749532,-1.53588974175501,stability-verified-in-model
outputs/hou_early_time_v1,hou_early_time_v1,hou_early_time_v1/nr129/nz256,129,256,,650.0,0.0006500000000000037,1e-06,0.0005,174.57059054474857,137.71657937809954,0.0078125,0.00390625,0.022345035589727814,0.03525544432079348,0.000131072,0.192,1.0,0.0,0.0,True,euler,1.0015783048917022,-1.562069680534925,-1.53588974175501,stability-verified-in-model
outputs/hou_early_time_v1,hou_early_time_v1,hou_early_time_v1/nr129/nz256,129,256,,675.0,0.0006750000000000043,1e-06,0.0005,177.79065005135362,140.14596041328858,0.0078125,0.00390625,0.022757203206573262,0.035877365865801876,0.000131072,0.192,1.0,0.0,0.0,True,euler,1.0016382863150322,-1.562069680534925,-1.53588974175501,stability-verified-in-model
outputs/hou_early_time_v1,hou_early_time_v1,hou_early_time_v1/nr129/nz256,129,256,,700.0,0.0007000000000000049,1e-06,0.0005,180.8328770425856,142.42382586843297,0.0078125,0.00390625,0.023146608261450957,0.03646049942231884,0.000131072,0.192,1.0,0.0,0.0,True,euler,1.0016956753378112,-1.562069680534925,-1.5446163880149817,stability-verified-in-model
outputs/hou_early_time_v1,hou_early_time_v1,hou_early_time_v1/nr129/nz256,129,256,,725.0,0.0007250000000000055,1e-06,0.0005,183.71129239513115,144.61564920555367,0.0078125,0.00390625,0.023515045426576786,0.03702160619662174,0.000131072,0.192,1.0,0.0,0.0,True,euler,1.0017514166359338,-1.562069680534925,-1.5446163880149817,stability-verified-in-model
outputs/hou_early_time_v1,hou_early_time_v1,hou_early_time_v1/nr129/nz256,129,256,,750.0,0.0007500000000000061,1e-06,0.0005,186.43931408767827,146.67338209577727,0.0078125,0.00390625,0.023864232203222816,0.03754838581651898,0.000131072,0.192,1.0,0.0,0.0,True,euler,1.0018047312949339,-1.562069680534925,-1.5446163880149817,stability-verified-in-model
outputs/hou_early_time_v1,hou_early_time_v1,hou_early_time_v1/nr129/nz256,129,256,,775.0,0.0007750000000000067,1e-06,0.0005,189.02962683482838,148.60597244320445,0.0078125,0.00390625,0.02419579223485803,0.03804312894546034,0.000131072,0.192,1.0,0.0,0.0,True,euler,1.0018557223827087,-1.562069680534925,-1.5446163880149817,stability-verified-in-model
outputs/hou_early_time_v1,hou_early_time_v1,hou_early_time_v1/nr129/nz256,129,256,,800.0,0.0008000000000000073,1e-06,0.0005,191.49407434192895,150.45099804565376,0.0078125,0.00390625,0.024511241515766904,0.03851545549968736,0.000131072,0.192,1.0,0.0,0.0,True,euler,1.001904967801877,-1.562069680534925,-1.5446163880149817,stability-verified-in-model
outputs/hou_early_time_v1,hou_early_time_v1,hou_early_time_v1/nr129/nz256,129,256,,825.0,0.0008250000000000079,1e-06,0.0005,193.8435726525968,152.2119345146864,0.0078125,0.00390625,0.02481197729953239,0.038966255235759716,0.000131072,0.192,1.0,0.0,0.0,True,euler,1.0019525225494754,-1.562069680534925,-1.5446163880149817,stability-verified-in-model
outputs/hou_early_time_v1,hou_early_time_v1,hou_early_time_v1/nr129/nz256,129,256,,850.0,0.0008500000000000085,1e-06,0.0005,196.08804271908102,153.87140244031588,0.0078125,0.00390625,0.02509926946804237,0.03939107902472086,0.000131072,0.192,1.0,0.0,0.0,True,euler,1.001998100793384,-1.562069680534925,-1.5446163880149817,stability-verified-in-model
outputs/hou_early_time_v1,hou_early_time_v1,hou_early_time_v1/nr129/nz256,129,256,,875.0,0.0008750000000000091,1e-06,0.0005,198.23636008197047,155.43662657997993,0.0078125,0.00390625,0.02537425409049222,0.03979177640447486,0.000131072,0.192,1.0,0.0,0.0,True,euler,1.0020418129445012,-1.562069680534925,-1.5446163880149817,stability-verified-in-model
outputs/hou_early_time_v1,hou_early_time_v1,hou_early_time_v1/nr129/nz256,129,256,,900.0,0.0009000000000000097,1e-06,0.0005,200.2963193961793,156.93602450789243,0.0078125,0.00390625,0.02563792888271095,0.04017562227402046,0.000131072,0.192,1.0,0.0,0.0,True,euler,1.00208412877983,-1.562069680534925,-1.5446163880149817,stability-verified-in-model
outputs/hou_early_time_v1,hou_early_time_v1,hou_early_time_v1/nr129/nz256,129,256,,925.0,0.0009250000000000103,1e-06,0.0005,202.27461147747456,158.37778042040992,0.0078125,0.00390625,0.025891150269116744,0.040544711787624935,0.000131072,0.192,1.0,0.0,0.0,True,euler,1.002125189560362,-1.562069680534925,-1.5446163880149817,stability-verified-in-model
outputs/hou_early_time_v1,hou_early_time_v1,hou_early_time_v1/nr129/nz256,129,256,,950.0,0.000950000000000011,1e-06,0.0005,204.1768105586355,159.74320634077384,0.0078125,0.00390625,0.026134631751505343,0.0408942608232381,0.000131072,0.192,1.0,0.0,0.0,True,euler,1.0021646762984942,-1.562069680534925,-1.5446163880149817,stability-verified-in-model
outputs/hou_early_time_v1,hou_early_time_v1,hou_early_time_v1/nr129/nz256,129,256,,975.0,0.0009750000000000116,1e-06,0.0005,206.007369525888,161.03789242883036,0.0078125,0.00390625,0.026368943299313663,0.04122570046178057,0.000131072,0.192,1.0,0.0,0.0,True,euler,1.0022026721714683,-1.562069680534925,-1.5446163880149817,stability-verified-in-model
outputs/hou_early_time_v1,hou_early_time_v1,hou_early_time_v1/nr129/nz256,129,256,,1000.0,0.001,9.99999999990375e-07,0.0005,207.76962104352003,162.26708559006892,0.0078125,0.00390625,0.02659451149331459,0.04154037391065781,0.00013107199999873843,0.192,1.0,0.0,0.0,True,euler,1.00223925147086,-1.562069680534925,-1.5446163880149817,stability-verified-in-model
outputs/hou_early_time_v1,hou_early_time_v1,hou_early_time_v1/nr129/nz256,129,256,,1025.0,0.001024999999999998,1e-06,0.0005,209.66463363247072,163.44928533951952,0.0078125,0.00390625,0.02683707310495625,0.041843017046916994,0.000131072,0.192,1.0,0.0,0.0,True,euler,1.0022764608718837,-1.562069680534925,-1.5446163880149817,stability-verified-in-model
outputs/hou_early_time_v1,hou_early_time_v1,hou_early_time_v1/nr129/nz256,129,256,,1050.0,0.0010499999999999958,1e-06,0.0005,211.54967209947193,164.59616847890405,0.0078125,0.00390625,0.027078358028732406,0.042136619130599434,0.000131072,0.192,1.0,0.0,0.0,True,euler,1.0023132529075272,-1.562069680534925,-1.5446163880149817,stability-verified-in-model
outputs/hou_early_time_v1,hou_early_time_v1,hou_early_time_v1/nr129/nz256,129,256,,1075.0,0.0010749999999999937,1e-06,0.0005,213.39416474968516,165.68961151126993,0.0078125,0.00390625,0.0273144530879597,0.0424165405468851,0.000131072,0.192,1.0,0.0,0.0,True,euler,1.0023490161254114,-1.562069680534925,-1.5446163880149817,stability-verified-in-model
outputs/hou_early_time_v1,hou_early_time_v1,hou_early_time_v1/nr129/nz256,129,256,,1100.0,0.0010999999999999916,1e-06,0.0005,215.19739962008506,166.73355315837333,0.0078125,0.00390625,0.027545267151370886,0.04268378960854357,0.000131072,0.192,1.0,0.0,0.0,True,euler,1.002383785749446,-1.562069680534925,-1.5446163880149817,stability-verified-in-model
outputs/hou_early_time_v1,hou_early_time_v1,hou_early_time_v1/nr129/nz256,129,256,,1125.0,0.0011249999999999895,1e-06,0.0005,216.95757374838706,167.73166336820424,0.0078125,0.00390625,0.027770569439793544,0.042939305822260285,0.000131072,0.192,1.0,0.0,0.0,True,euler,1.0024175914837776,-1.562069680534925,-1.5533430342749532,stability-verified-in-model
outputs/hou_early_time_v1,hou_early_time_v1,hou_early_time_v1/nr129/nz256,129,256,,1150.0,0.0011499999999999874,1e-06,0.0005,218.6717869104221,168.68735694997252,0.0078125,0.00390625,0.027989988724534027,0.04318396337919297,0.000131072,0.192,1.0,0.0,0.0,True,euler,1.0024504386639457,-1.562069680534925,-1.5533430342749532,stability-verified-in-model
outputs/hou_early_time_v1,hou_early_time_v1,hou_early_time_v1/nr129/nz256,129,256,,1175.0,0.0011749999999999853,1e-06,0.0005,220.5796829967254,169.60380742190858,0.0078125,0.00390625,0.028234199423580852,0.043418574700008594,0.000131072,0.192,1.0,0.0,0.0,True,euler,1.002484553656223,-1.562069680534925,-1.5533430342749532,stability-verified-in-model
outputs/hou_early_time_v1,hou_early_time_v1,hou_early_time_v1/nr129/nz256,129,256,,1200.0,0.0011999999999999832,1e-06,0.0005,222.5873404159544,170.48396088329017,0.0078125,0.00390625,0.02849117957324216,0.04364389398612228,0.000131072,0.192,1.0,0.0,0.0,True,euler,1.002519146471683,-1.562069680534925,-1.5533430342749532,stability-verified-in-model
outputs/hou_early_time_v1,hou_early_time_v1,hou_early_time_v1/nr129/nz256,129,256,,1225.0,0.001224999999999981,1e-06,0.0005,224.56473897313833,171.34890402144916,0.0078125,0.00390625,0.028744286588561704,0.043865319429490984,0.000131072,0.192,1.0,0.0,0.0,True,euler,1.002553407444068,-1.562069680534925,-1.5533430342749532,stability-verified-in-model
outputs/hou_early_time_v1,hou_early_time_v1,hou_early_time_v1/nr129/nz256,129,256,,1250.0,0.001249999999999979,1e-06,0.0005,226.50535392286298,172.18313890052542,0.0078125,0.00390625,0.02899268530212646,0.0440788835585345,0.000131072,0.192,1.0,0.0,0.0,True,euler,1.0025869755047558,-1.562069680534925,-1.5533430342749532,stability-verified-in-model
outputs/hou_early_time_v1,hou_early_time_v1,hou_early_time_v1/nr129/nz256,129,256,,1275.0,0.0012749999999999769,1e-06,0.0005,228.4013845369785,172.98696026453325,0.0078125,0.00390625,0.029235377220733248,0.04428466182772051,0.000131072,0.192,1.0,0.0,0.0,True,euler,1.0026197656538631,-1.562069680534925,-1.5533430342749532,stability-verified-in-model
outputs/hou_early_time_v1,hou_early_time_v1,hou_early_time_v1/nr129/nz256,129,256,,1300.0,0.0012999999999999748,1e-06,0.0005,230.46931270733313,173.76254778036665,0.0078125,0.00390625,0.029500072026538638,0.04448321223177386,0.000131072,0.192,1.0,0.0,0.0,True,euler,1.0026538456560163,-1.562069680534925,-1.5533430342749532,stability-verified-in-model
outputs/hou_early_time_v1,hou_early_time_v1,hou_early_time_v1/nr129/nz256,129,256,,1325.0,0.0013249999999999727,1e-06,0.0005,232.79735698041503,174.5119228800973,0.0078125,0.00390625,0.02979806169349312,0.044675052257304906,0.000131072,0.192,1.0,0.0,0.0,True,euler,1.0026901130732953,-1.562069680534925,-1.5533430342749532,stability-verified-in-model
outputs/hou_early_time_v1,hou_early_time_v1,hou_early_time_v1/nr129/nz256,129,256,,1350.0,0.0013499999999999706,1e-06,0.0005,235.0924092372004,175.23695970665722,0.0078125,0.00390625,0.03009182838236165,0.04486066168490425,0.000131072,0.192,1.0,0.0,0.0,True,euler,1.0027258368840906,-1.562069680534925,-1.5533430342749532,stability-verified-in-model
outputs/hou_early_time_v1,hou_early_time_v1,hou_early_time_v1/nr129/nz256,129,256,,1375.0,0.0013749999999999685,1e-06,0.0005,237.34247051914076,175.9393955298237,0.0078125,0.00390625,0.030379836226450015,0.045040485255634866,0.000131072,0.192,1.0,0.0,0.0,True,euler,1.0027609200713645,-1.562069680534925,-1.5533430342749532,stability-verified-in-model
outputs/hou_early_time_v1,hou_early_time_v1,hou_early_time_v1/nr129/nz256,129,256,,1400.0,0.0013999999999999664,1e-06,0.0005,239.53361829243224,176.62084060972,0.0078125,0.00390625,0.030660303141431325,0.04521493519608832,0.000131072,0.192,1.0,0.0,0.0,True,euler,1.0027952428757894,-1.562069680534925,-1.5533430342749532,stability-verified-in-model
outputs/hou_early_time_v1,hou_early_time_v1,hou_early_time_v1/nr129/nz256,129,256,,1425.0,0.0014249999999999643,1e-06,0.0005,242.05144237733123,177.2827874954628,0.0078125,0.00390625,0.030982584624298395,0.045384393598838474,0.000131072,0.192,1.0,0.0,0.0,True,euler,1.002832574827526,-1.562069680534925,-1.5533430342749532,stability-verified-in-model
outputs/hou_early_time_v1,hou_early_time_v1,hou_early_time_v1/nr129/nz256,129,256,,1450.0,0.0014499999999999622,1e-06,0.0005,244.84132023939378,177.9266197553879,0.0078125,0.00390625,0.031339688990642406,0.045549214657379294,0.000131072,0.192,1.0,0.0,0.0,True,euler,1.002872460749518,-1.562069680534925,-1.5533430342749532,stability-verified-in-model
outputs/hou_early_time_v1,hou_early_time_v1,hou_early_time_v1/nr129/nz256,129,256,,1475.0,0.00147499999999996,1e-06,0.0005,247.5824204135168,178.55362014260243,0.0078125,0.00390625,0.031690549812930145,0.04570972675650622,0.000131072,0.192,1.0,0.0,0.0,True,euler,1.0029118021059176,-1.562069680534925,-1.5533430342749532,stability-verified-in-model
outputs/hou_early_time_v1,hou_early_time_v1,hou_early_time_v1/nr129/nz256,129,256,,1500.0,0.0015,1.000000000041983e-06,0.0005,250.2540121868376,179.16497820559167,0.0078125,0.00390625,0.03203251356126003,0.045866234422557065,0.0001310720000055028,0.192,1.0,0.0,0.0,True,euler,1.0029504003392222,-1.562069680534925,-1.5533430342749532,stability-verified-in-model
outputs/hou_early_time_v1,hou_early_time_v1,hou_early_time_v1/nr129/nz256,129,256,,1525.0,0.001524999999999998,1e-06,0.0005,252.83188259877173,179.76179735833603,0.0078125,0.00390625,0.03236248097264278,0.046019020123734024,0.000131072,0.192,1.0,0.0,0.0,True,euler,1.0029880161316524,-1.562069680534925,-1.5533430342749532,stability-verified-in-model
outputs/hou_early_time_v1,hou_early_time_v1,hou_early_time_v1/nr129/nz256,129,256,,1550.0,0.0015499999999999958,1e-06,0.0005,256.18972570243767,180.3451014280528,0.0078125,0.00390625,0.03279228488991202,0.04616834596558152,0.000131072,0.192,1.0,0.0,0.0,True,euler,1.003033446479324,-1.562069680534925,-1.5533430342749532,stability-verified-in-model
outputs/hou_early_time_v1,hou_early_time_v1,hou_early_time_v1/nr129/nz256,129,256,,1575.0,0.0015749999999999937,1e-06,0.0005,259.60018964015256,180.91584070127718,0.0078125,0.00390625,0.03322882427393953,0.04631445521952696,0.000131072,0.192,1.0,0.0,0.0,True,euler,1.0030794881992806,-1.562069680534925,-1.5533430342749532,stability-verified-in-model
outputs/hou_early_time_v1,hou_early_time_v1,hou_early_time_v1/nr129/nz256,129,256,,1600.0,0.0015999999999999916,1e-06,0.0005,262.92369188989204,181.47489749074617,0.0078125,0.00390625,0.03365423256190618,0.046457573757631015,0.000131072,0.192,1.0,0.0,0.0,True,euler,1.0031247381258663,-1.562069680534925,-1.5533430342749532,stability-verified-in-model
outputs/hou_early_time_v1,hou_early_time_v1,hou_early_time_v1/nr129/nz256,129,256,,1625.0,0.0016249999999999895,1e-06,0.0005,266.12220358398406,182.0230912463764,0.0078125,0.00390625,0.03406364205874996,0.046597911359072354,0.000131072,0.192,1.0,0.0,0.0,True,euler,1.003168797758066,-1.562069680534925,-1.5533430342749532,stability-verified-in-model
outputs/hou_early_time_v1,hou_early_time_v1,hou_early_time_v1/nr129/nz256,129,256,,1650.0,0.0016499999999999874,1e-06,0.0005,269.73474664372606,182.56118323361375,0.0078125,0.00390625,0.034526047570396935,0.04673566290780512,0.000131072,0.192,1.0,0.0,0.0,True,euler,1.0032172393530054,-1.562069680534925,-1.5533430342749532,stability-verified-in-model
outputs/hou_early_time_v1,hou_early_time_v1,hou_early_time_v1/nr129/nz256,129,256,,1675.0,0.0016749999999999853,1e-06,0.0005,274.06718881575017,183.089880801708,0.0078125,0.00390625,0.03508060016841602,0.046871009485237244,0.000131072,0.192,1.0,0.0,0.0,True,euler,1.0032733652909727,-1.562069680534925,-1.5533430342749532,stability-verified-in-model
outputs/hou_early_time_v1,hou_early_time_v1,hou_early_time_v1/nr129/nz256,129,256,,1700.0,0.0016999999999999832,1e-06,0.0005,278.28240780035804,183.60984126333534,0.0078125,0.00390625,0.035620148198445827,0.047004119363413845,0.000131072,0.192,1.0,0.0,0.0,True,euler,1.0033285422440839,-1.562069680534925,-1.5533430342749532,stability-verified-in-model
outputs/hou_early_time_v1,hou_early_time_v1,hou_early_time_v1/nr129/nz256,129,256,,1725.0,0.001724999999999981,1e-06,0.0005,282.316440217459,184.12167540577644,0.0078125,0.00390625,0.03613650434783475,0.047135148903878765,0.000131072,0.192,1.0,0.0,0.0,True,euler,1.0033820690650292,-1.562069680534925,-1.5533430342749532,stability-verified-in-model
outputs/hou_early_time_v1,hou_early_time_v1,hou_early_time_v1/nr129/nz256,129,256,,1750.0,0.001749999999999979,1e-06,0.0005,286.42732681996745,184.6259506519853,0.0078125,0.00390625,0.03666269783295583,0.04726424336690824,0.000131072,0.192,1.0,0.0,0.0,True,euler,1.0034366716819363,-1.562069680534925,-1.5533430342749532,stability-verified-in-model
outputs/hou_early_time_v1,hou_early_time_v1,hou_early_time_v1/nr129/nz256,129,256,,1775.0,0.001774999999999977,1e-06,0.0005,292.05856588492793,185.1231938856833,0.0078125,0.00390625,0.037383496433270776,0.04739153763473492,0.000131072,0.192,1.0,0.0,0.0,True,euler,1.0035079711601567,-1.562069680534925,-1.5533430342749532,stability-verified-in-model
outputs/hou_early_time_v1,hou_early_time_v1,hou_early_time_v1/nr129/nz256,129,256,,1800.0,0.0017999999999999748,1e-06,0.0005,297.5112615842119,185.61389394701632,0.0078125,0.00390625,0.03808144148277912,0.04751715685043618,0.000131072,0.192,1.0,0.0,0.0,True,euler,1.0035778894712608,-1.562069680534925,-1.5533430342749532,stability-verified-in-model
outputs/hou_early_time_v1,hou_early_time_v1,hou_early_time_v1/nr129/nz256,129,256,,1825.0,0.0018249999999999727,1e-06,0.0005,302.66614349243673,187.6121654914283,0.0078125,0.00390625,0.0387412663670319,0.04802871436580564,0.000131072,0.192,1.0,0.0,0.0,True,euler,1.0036784889060901,-1.562069680534925,-1.5533430342749532,stability-verified-in-model
outputs/hou_early_time_v1,hou_early_time_v1,hou_early_time_v1/nr129/nz256,129,256,,1850.0,0.0018499999999999706,1e-06,0.0005,307.9370712476212,191.1336538333465,0.0078125,0.00390625,0.03941594511969551,0.048930215381336704,0.000131072,0.192,1.0,0.0,0.0,True,euler,1.0038159913882363,-1.562069680534925,-1.5533430342749532,stability-verified-in-model
outputs/hou_early_time_v1,hou_early_time_v1,hou_early_time_v1/nr129/nz256,129,256,,1875.0,0.0018749999999999685,1e-06,0.0005,315.4497474348945,194.67905015749693,0.0078125,0.00390625,0.040377567671666496,0.04983783684031921,0.000131072,0.192,1.0,0.0,0.0,True,euler,1.0039822441413908,-1.562069680534925,-1.5533430342749532,stability-verified-in-model
outputs/hou_early_time_v1,hou_early_time_v1,hou_early_time_v1/nr129/nz256,129,256,,1900.0,0.0018999999999999664,1e-06,0.0005,322.63011948327437,199.2413921007836,0.0078125,0.00390625,0.04129665529385912,0.0510057963778006,0.000131072,0.192,1.0,0.0,0.0,True,euler,1.0041719472647976,-1.5707963267948966,-1.5533430342749532,stability-verified-in-model
outputs/hou_early_time_v1,hou_early_time_v1,hou_early_time_v1/nr129/nz256,129,256,,1925.0,0.0019249999999999643,1e-06,0.0005,329.21842812411427,203.93352966964414,0.0078125,0.00390625,0.04213995879988663,0.0522069835954289,0.000131072,0.192,1.0,0.0,0.0,True,euler,1.004361955087476,-1.5707963267948966,-1.5533430342749532,stability-verified-in-model
outputs/hou_early_time_v1,hou_early_time_v1,hou_early_time_v1/nr129/nz256,129,256,,1950.0,0.0019499999999999622,1e-06,0.0005,337.4021635376479,208.6462201240823,0.0078125,0.00390625,0.04318747693281893,0.053413432351765065,0.000131072,0.192,1.0,0.0,0.0,True,euler,1.0045762299571566,-1.5707963267948966,-1.562069680534925,stability-verified-in-model
outputs/hou_early_time_v1,hou_early_time_v1,hou_early_time_v1/nr129/nz256,129,256,,1975.0,0.0019749999999999646,1e-06,0.0005,347.6698217502794,213.27910808789403,0.0078125,0.00390625,0.044501737184035765,0.05459945167050087,0.000131072,0.192,1.0,0.0,0.0,True,euler,1.0048197925615139,-1.5707963267948966,-1.562069680534925,stability-verified-in-model
outputs/hou_early_time_v1,hou_early_time_v1,hou_early_time_v1/nr129/nz256,129,256,,2000.0,0.001999999999999968,1e-06,0.0005,357.0961509200639,219.5552866957997,0.0078125,0.00390625,0.045708307317768176,0.05620615339412472,0.000131072,0.192,1.0,0.0,0.0,True,euler,1.00510120948141,-1.5707963267948966,-1.562069680534925,stability-verified-in-model
outputs/hou_early_time_v1,hou_early_time_v1,hou_early_time_v1/nr129/nz256,129,256,,2025.0,0.0020249999999999713,1e-06,0.0005,365.8781258613502,225.7328751577258,0.0078125,0.00390625,0.046832400110252824,0.057787616040377805,0.000131072,0.192,1.0,0.0,0.0,True,euler,1.0053792023800898,-1.5707963267948966,-1.562069680534925,stability-verified-in-model
outputs/hou_early_time_v1,hou_early_time_v1,hou_early_time_v1/nr129/nz256,129,256,,2050.0,0.0020499999999999746,1e-06,0.0005,381.0789997901093,231.5363925097146,0.0078125,0.00390625,0.04877811197313399,0.05927331648248694,0.000131072,0.192,1.0,0.0,0.0,True,euler,1.0057421365950068,-1.5707963267948966,-1.562069680534925,stability-verified-in-model
outputs/hou_early_time_v1,hou_early_time_v1,hou_early_time_v1/nr129/nz256,129,256,,2075.0,0.002074999999999978,1e-06,0.0005,394.82219174086094,239.05174078207574,0.0078125,0.00390625,0.0505372405428302,0.06119724564021139,0.000131072,0.192,1.0,0.0,0.0,True,euler,1.0061445609676074,-1.5707963267948966,-1.562069680534925,stability-verified-in-model
outputs/hou_early_time_v1,hou_early_time_v1,hou_early_time_v1/nr129/nz256,129,256,,2100.0,0.0020999999999999812,1e-06,0.0005,406.34748852989924,246.60062603746633,0.0078125,0.00390625,0.0520124785318271,0.06312976026559138,0.000131072,0.192,1.0,0.0,0.0,True,euler,1.0065287636154066,-1.5707963267948966,-1.562069680534925,stability-verified-in-model
outputs/hou_early_time_v1,hou_early_time_v1,hou_early_time_v1/nr129/nz256,129,256,,2125.0,0.0021249999999999845,1e-06,0.0005,429.9756035544041,253.3706425288591,0.0078125,0.00390625,0.05503687725496372,0.06486288448738793,0.000131072,0.192,1.0,0.0,0.0,True,euler,1.0070841895480138,-1.5707963267948966,-1.562069680534925,stability-verified-in-model
outputs/hou_early_time_v1,hou_early_time_v1,hou_early_time_v1/nr129/nz256,129,256,,2150.0,0.002149999999999988,1e-06,0.0005,449.8391837652282,262.4291158141572,0.0078125,0.00390625,0.05757941552194921,0.06718185364842424,0.000131072,0.192,1.0,0.0,0.0,True,euler,1.007674639533649,-1.5707963267948966,-1.562069680534925,stability-verified-in-model
outputs/hou_early_time_v1,hou_early_time_v1,hou_early_time_v1/nr129/nz256,129,256,,2175.0,0.002174999999999991,1e-06,0.0005,470.2463793666534,267.3203891826673,0.0078125,0.00390625,0.060191536558931634,0.06843401963076283,0.000131072,0.192,1.0,0.0,0.0,True,euler,1.0081604517531053,-1.5707963267948966,-1.562069680534925,stability-verified-in-model
outputs/hou_early_time_v1,hou_early_time_v1,hou_early_time_v1/nr129/nz256,129,256,,2192.0,0.002191729,7.290000000065994e-07,0.0005,495.54995850924274,273.2436657175743,0.0078125,0.00390625,0.04624075772883306,0.05099382587133821,9.5551488000865e-05,0.192,1.0,0.0,0.0,True,euler,1.0046586828299955,-1.5707963267948966,-1.562069680534925,stability-verified-in-model
outputs/hou_early_time_v1,hou_early_time_v1,hou_early_time_v1/nr193/nz384,193,384,,25.0,2.5000000000000008e-05,1e-06,0.0005,9.556066872129337,7.783713984652142,0.005208333333333333,0.0026041666666666665,0.0018347648394488325,0.0029889461701064226,0.00029491200000000004,0.28800000000000003,1.0,0.0,0.0,True,euler,1.0,0.0,0.0,stability-verified-in-model
outputs/hou_early_time_v1,hou_early_time_v1,hou_early_time_v1/nr193/nz384,193,384,,50.0,4.9999999999999955e-05,1e-06,0.0005,19.06993936074539,15.527163271883063,0.005208333333333333,0.0026041666666666665,0.0036614283572631154,0.005962430696403096,0.00029491200000000004,0.28800000000000003,1.0,0.0,0.0,True,euler,1.0,0.0,0.0,stability-verified-in-model
outputs/hou_early_time_v1,hou_early_time_v1,hou_early_time_v1/nr193/nz384,193,384,,75.0,7.499999999999989e-05,1e-06,0.0005,28.500506551091394,23.190999454291287,0.005208333333333333,0.0026041666666666665,0.0054720972578095484,0.008905343790447854,0.00029491200000000004,0.28800000000000003,1.0,0.0,0.0,True,euler,1.0000050324278735,-0.8901179185171081,-0.4625122517784973,stability-verified-in-model
outputs/hou_early_time_v1,hou_early_time_v1,hou_early_time_v1/nr193/nz384,193,384,,100.0,9.999999999999982e-05,1e-06,0.0005,37.808115871959004,30.737501372597073,0.005208333333333333,0.0026041666666666665,0.007259158247416128,0.011803200527077276,0.00029491200000000004,0.28800000000000003,1.0,0.0,0.0,True,euler,1.0000500334932334,-1.2740903539558606,-0.9162978572970231,stability-verified-in-model
outputs/hou_early_time_v1,hou_early_time_v1,hou_early_time_v1/nr193/nz384,193,384,,125.0,0.00012499999999999976,1e-06,0.0005,46.95524052806287,38.131299100265046,0.005208333333333333,0.0026041666666666665,0.009015406181388073,0.01464241885450178,0.00029491200000000004,0.28800000000000003,1.0,0.0,0.0,True,euler,1.0001309172585047,-1.387536755335492,-1.1431906600562858,stability-verified-in-model
outputs/hou_early_time_v1,hou_early_time_v1,hou_early_time_v1/nr193/nz384,193,384,,150.0,0.0001499999999999997,1e-06,0.0005,55.90707917919998,45.33999897200185,0.005208333333333333,0.0026041666666666665,0.010734159202406397,0.01741055960524871,0.00029491200000000004,0.28800000000000003,1.0,0.0,0.0,True,euler,1.000237518568455,-1.4486232791552935,-1.2740903539558606,stability-verified-in-model
outputs/hou_early_time_v1,hou_early_time_v1,hou_early_time_v1/nr193/nz384,193,384,,175.0,0.00017499999999999962,1e-06,0.0005,64.63207106000914,52.34075610083262,0.005208333333333333,0.0026041666666666665,0.012409357643521756,0.020098850342719726,0.00029491200000000004,0.28800000000000003,1.0,0.0,0.0,True,euler,1.00036403989664,-1.4748032179352084,-1.3439035240356338,stability-verified-in-model
outputs/hou_early_time_v1,hou_early_time_v1,hou_early_time_v1/nr193/nz384,193,384,,200.0,0.00019999999999999955,1e-06,0.0005,73.10626254424768,59.11137721922669,0.005208333333333333,0.0026041666666666665,0.014036402408495555,0.022698768852183047,0.00029491200000000004,0.28800000000000003,1.0,0.0,0.0,True,euler,1.0005066320329559,-1.5009831567151235,-1.3962634015954636,stability-verified-in-model
outputs/hou_early_time_v1,hou_early_time_v1,hou_early_time_v1/nr193/nz384,193,384,,225.0,0.00022499999999999948,1e-06,0.0005,81.33435803484537,65.62676579902096,0.005208333333333333,0.0026041666666666665,0.01561619674269031,0.025200678066824047,0.00029491200000000004,0.28800000000000003,1.0,0.0,0.0,True,euler,1.0006623322870172,-1.509709802975095,-1.4311699866353502,stability-verified-in-model
outputs/hou_early_time_v1,hou_early_time_v1,hou_early_time_v1/nr193/nz384,193,384,,250.0,0.00024999999999999957,1e-06,0.0005,89.27400835704324,71.8827454541991,0.005208333333333333,0.0026041666666666665,0.0171406096045523,0.027602974254412452,0.00029491200000000004,0.28800000000000003,1.0,0.0,0.0,True,euler,1.0008284730776649,-1.5184364492350666,-1.4486232791552935,stability-verified-in-model
outputs/hou_early_time_v1,hou_early_time_v1,hou_early_time_v1/nr193/nz384,193,384,,275.0,0.0002750000000000002,1e-06,0.0005,96.90952155266305,77.86655205390676,0.005208333333333333,0.0026041666666666665,0.018606628138111304,0.029900755988700196,0.00029491200000000004,0.28800000000000003,1.0,0.0,0.0,True,euler,1.0010025790666484,-1.5271630954950384,-1.4660765716752369,stability-verified-in-model
outputs/hou_early_time_v1,hou_early_time_v1,hou_early_time_v1/nr193/nz384,193,384,,300.0,0.0003000000000000008,1e-06,0.0005,104.22918624832077,83.5690632676592,0.005208333333333333,0.0026041666666666665,0.02001200375967759,0.032090520294781134,0.00029491200000000004,0.28800000000000003,1.0,0.0,0.0,True,euler,1.0011823549841474,-1.53588974175501,-1.4835298641951802,stability-verified-in-model
outputs/hou_early_time_v1,hou_early_time_v1,hou_early_time_v1/nr193/nz384,193,384,,325.0,0.0003250000000000014,1e-06,0.0005,111.22519605887146,89.00147697416764,0.005208333333333333,0.0026041666666666665,0.02135523764330332,0.03417656715808037,0.00029491200000000004,0.28800000000000003,1.0,0.0,0.0,True,euler,1.001366006026797,-1.53588974175501,-1.4922565104551517,stability-verified-in-model
outputs/hou_early_time_v1,hou_early_time_v1,hou_early_time_v1/nr193/nz384,193,384,,350.0,0.000350000000000002,1e-06,0.0005,117.89349852896574,94.14888846184903,0.005208333333333333,0.0026041666666666665,0.02263555171756142,0.036153173169350024,0.00029491200000000004,0.28800000000000003,1.0,0.0,0.0,True,euler,1.0015514167355264,-1.5446163880149817,-1.5009831567151235,stability-verified-in-model
outputs/hou_early_time_v1,hou_early_time_v1,hou_early_time_v1/nr193/nz384,193,384,,375.0,0.0003750000000000026,1e-06,0.0005,124.23357943120078,99.03642846048751,0.005208333333333333,0.0026041666666666665,0.023852847250790548,0.038029988528827205,0.00029491200000000004,0.28800000000000003,1.0,0.0,0.0,True,euler,1.0017374211222194,-1.5446163880149817,-1.509709802975095,stability-verified-in-model
outputs/hou_early_time_v1,hou_early_time_v1,hou_early_time_v1/nr193/nz384,193,384,,400.0,0.0004000000000000032,1e-06,0.0005,130.31329582648124,103.650022178155,0.005208333333333333,0.0026041666666666665,0.0250201527986844,0.03980160851641152,0.00029491200000000004,0.28800000000000003,1.0,0.0,0.0,True,euler,1.001922959171858,-1.5446163880149817,-1.509709802975095,stability-verified-in-model
outputs/hou_early_time_v1,hou_early_time_v1,hou_early_time_v1/nr193/nz384,193,384,,425.0,0.0004250000000000038,1e-06,0.0005,136.08457323032115,108.01850130488685,0.005208333333333333,0.0026041666666666665,0.02612823806022166,0.04147910450107655,0.00029491200000000004,0.28800000000000003,1.0,0.0,0.0,True,euler,1.0021068387327838,-1.5533430342749532,-1.5184364492350666,stability-verified-in-model
outputs/hou_early_time_v1,hou_early_time_v1,hou_early_time_v1/nr193/nz384,193,384,,450.0,0.00045000000000000443,1e-06,0.0005,141.54774670316036,112.13445612693434,0.005208333333333333,0.0026041666666666665,0.027177167367006788,0.04305963115274279,0.00029491200000000004,0.28800000000000003,1.0,0.0,0.0,True,euler,1.0022874914551,-1.5533430342749532,-1.5184364492350666,stability-verified-in-model
outputs/hou_early_time_v1,hou_early_time_v1,hou_early_time_v1/nr193/nz384,193,384,,475.0,0.00047500000000000504,1e-06,0.0005,146.71176827575198,116.02224125032396,0.005208333333333333,0.0026041666666666665,0.02816865950894438,0.0445525406401244,0.00029491200000000004,0.28800000000000003,1.0,0.0,0.0,True,euler,1.0024645454425125,-1.5533430342749532,-1.5271630954950384,stability-verified-in-model
outputs/hou_early_time_v1,hou_early_time_v1,hou_early_time_v1/nr193/nz384,193,384,,500.0,0.0005,9.999999999943865e-07,0.0005,151.58747100519523,119.68476176919327,0.005208333333333333,0.0026041666666666665,0.029104794432834105,0.045958948519112225,0.0002949119999983445,0.28800000000000003,1.0,0.0,0.0,True,euler,1.0026371104726495,-1.5533430342749532,-1.5271630954950384,stability-verified-in-model
outputs/hou_early_time_v1,hou_early_time_v1,hou_early_time_v1/nr193/nz384,193,384,,525.0,0.0005250000000000006,1e-06,0.0005,156.18724041618896,123.13704490877399,0.005208333333333333,0.0026041666666666665,0.02998795015990828,0.047284625244969215,0.00029491200000000004,0.28800000000000003,1.0,0.0,0.0,True,euler,1.002804804693454,-1.5533430342749532,-1.5271630954950384,stability-verified-in-model
outputs/hou_early_time_v1,hou_early_time_v1,hou_early_time_v1/nr193/nz384,193,384,,550.0,0.0005500000000000012,1e-06,0.0005,160.52469052012952,126.39304916946409,0.005208333333333333,0.0026041666666666665,0.030820740579864867,0.04853493088107421,0.00029491200000000004,0.28800000000000003,1.0,0.0,0.0,True,euler,1.0029674128228754,-1.5533430342749532,-1.53588974175501,stability-verified-in-model
outputs/hou_early_time_v1,hou_early_time_v1,hou_early_time_v1/nr193/nz384,193,384,,575.0,0.0005750000000000018,1e-06,0.0005,164.64637436342713,129.45741562624448,0.005208333333333333,0.0026041666666666665,0.03161210387777801,0.04971164760047788,0.00029491200000000004,0.28800000000000003,1.0,0.0,0.0,True,euler,1.0031250209644627,-1.5533430342749532,-1.53588974175501,stability-verified-in-model
outputs/hou_early_time_v1,hou_early_time_v1,hou_early_time_v1/nr193/nz384,193,384,,600.0,0.0006000000000000024,1e-06,0.0005,168.55738258832,132.352802724933,0.005208333333333333,0.0026041666666666665,0.032363017456957445,0.05082347624637428,0.00029491200000000004,0.28800000000000003,1.0,0.0,0.0,True,euler,1.0032777239326607,-1.5533430342749532,-1.53588974175501,stability-verified-in-model
outputs/hou_early_time_v1,hou_early_time_v1,hou_early_time_v1/nr193/nz384,193,384,,625.0,0.000625000000000003,1e-06,0.0005,172.24460900494503,135.0760840118744,0.005208333333333333,0.0026041666666666665,0.033070964928949446,0.05186921626055977,0.00029491200000000004,0.28800000000000003,1.0,0.0,0.0,True,euler,1.0034246232063355,-1.5533430342749532,-1.53588974175501,stability-verified-in-model
outputs/hou_early_time_v1,hou_early_time_v1,hou_early_time_v1/nr193/nz384,193,384,,650.0,0.0006500000000000037,1e-06,0.0005,175.72232117094148,137.65337583544198,0.005208333333333333,0.0026041666666666665,0.033738685664820765,0.05285889632080972,0.00029491200000000004,0.28800000000000003,1.0,0.0,0.0,True,euler,1.0035662641580747,-1.562069680534925,-1.53588974175501,stability-verified-in-model
outputs/hou_early_time_v1,hou_early_time_v1,hou_early_time_v1/nr193/nz384,193,384,,675.0,0.0006750000000000043,1e-06,0.0005,179.00476554652604,140.07961116920586,0.005208333333333333,0.0026041666666666665,0.034368914984933004,0.05379057068897505,0.00029491200000000004,0.28800000000000003,1.0,0.0,0.0,True,euler,1.003702228783665,-1.562069680534925,-1.53588974175501,stability-verified-in-model
outputs/hou_early_time_v1,hou_early_time_v1,hou_early_time_v1/nr193/nz384,193,384,,700.0,0.0007000000000000049,1e-06,0.0005,182.1059658600344,142.37667188439605,0.005208333333333333,0.0026041666666666665,0.0349643454451266,0.05467264200360808,0.00029491200000000004,0.28800000000000003,1.0,0.0,0.0,True,euler,1.0038330846757506,-1.562069680534925,-1.5446163880149817,stability-verified-in-model
outputs/hou_early_time_v1,hou_early_time_v1,hou_early_time_v1/nr193/nz384,193,384,,725.0,0.0007250000000000055,1e-06,0.0005,185.03954373868223,144.54594106521463,0.005208333333333333,0.0026041666666666665,0.03552759239782699,0.055505641369042416,0.00029491200000000004,0.28800000000000003,1.0,0.0,0.0,True,euler,1.0039587464118556,-1.562069680534925,-1.5446163880149817,stability-verified-in-model
outputs/hou_early_time_v1,hou_early_time_v1,hou_early_time_v1/nr193/nz384,193,384,,750.0,0.0007500000000000061,1e-06,0.0005,187.81856194806974,146.5954750596814,0.005208333333333333,0.0026041666666666665,0.03606116389402939,0.05629266242291765,0.00029491200000000004,0.28800000000000003,1.0,0.0,0.0,True,euler,1.004079370730806,-1.562069680534925,-1.5446163880149817,stability-verified-in-model
outputs/hou_early_time_v1,hou_early_time_v1,hou_early_time_v1/nr193/nz384,193,384,,775.0,0.0007750000000000067,1e-06,0.0005,190.45538999405204,148.5433682611461,0.005208333333333333,0.0026041666666666665,0.036567434878857996,0.057040653412280096,0.00029491200000000004,0.28800000000000003,1.0,0.0,0.0,True,euler,1.0041955302342267,-1.562069680534925,-1.5446163880149817,stability-verified-in-model
outputs/hou_early_time_v1,hou_early_time_v1,hou_early_time_v1/nr193/nz384,193,384,,800.0,0.0008000000000000073,1e-06,0.0005,192.96159131560603,150.37440559404482,0.005208333333333333,0.0026041666666666665,0.03704862553259636,0.05774377174811321,0.00029491200000000004,0.28800000000000003,1.0,0.0,0.0,True,euler,1.0043066362098276,-1.562069680534925,-1.5446163880149817,stability-verified-in-model
outputs/hou_early_time_v1,hou_early_time_v1,hou_early_time_v1/nr193/nz384,193,384,,825.0,0.0008250000000000079,1e-06,0.0005,195.3478308490655,152.13046269962683,0.005208333333333333,0.0026041666666666665,0.03750678352302058,0.0584180976766567,0.00029491200000000004,0.28800000000000003,1.0,0.0,0.0,True,euler,1.0044141741914419,-1.562069680534925,-1.5446163880149817,stability-verified-in-model
outputs/hou_early_time_v1,hou_early_time_v1,hou_early_time_v1/nr193/nz384,193,384,,850.0,0.0008500000000000085,1e-06,0.0005,197.62380138095776,153.78640632331633,0.005208333333333333,0.0026041666666666665,0.03794376986514389,0.05905398002815347,0.00029491200000000004,0.28800000000000003,1.0,0.0,0.0,True,euler,1.0045172179110706,-1.562069680534925,-1.5446163880149817,stability-verified-in-model
outputs/hou_early_time_v1,hou_early_time_v1,hou_early_time_v1/nr193/nz384,193,384,,875.0,0.0008750000000000091,1e-06,0.0005,199.79816683293302,155.35659326907637,0.005208333333333333,0.0026041666666666665,0.038361248031923145,0.059656931815325324,0.00029491200000000004,0.28800000000000003,1.0,0.0,0.0,True,euler,1.0046162780581869,-1.562069680534925,-1.5446163880149817,stability-verified-in-model
outputs/hou_early_time_v1,hou_early_time_v1,hou_early_time_v1/nr193/nz384,193,384,,900.0,0.0009000000000000097,1e-06,0.0005,201.94745841548004,156.86205503969694,0.005208333333333333,0.0026041666666666665,0.03877391201577217,0.060235029135243624,0.00029491200000000004,0.28800000000000003,1.0,0.0,0.0,True,euler,1.004713440139733,-1.562069680534925,-1.5446163880149817,stability-verified-in-model
outputs/hou_early_time_v1,hou_early_time_v1,hou_early_time_v1/nr193/nz384,193,384,,925.0,0.0009250000000000103,1e-06,0.0005,204.04080864089644,158.28557521194216,0.005208333333333333,0.0026041666666666665,0.03917583525905212,0.06078166088138579,0.00029491200000000004,0.28800000000000003,1.0,0.0,0.0,True,euler,1.0048073695108164,-1.562069680534925,-1.5446163880149817,stability-verified-in-model
outputs/hou_early_time_v1,hou_early_time_v1,hou_early_time_v1/nr193/nz384,193,384,,950.0,0.000950000000000011,1e-06,0.0005,206.0672649386968,159.6384873209144,0.005208333333333333,0.0026041666666666665,0.03956491486822979,0.06130117913123113,0.00029491200000000004,0.28800000000000003,1.0,0.0,0.0,True,euler,1.0048981733052944,-1.562069680534925,-1.5446163880149817,stability-verified-in-model
outputs/hou_early_time_v1,hou_early_time_v1,hou_early_time_v1/nr193/nz384,193,384,,975.0,0.0009750000000000116,1e-06,0.0005,208.0312788886817,160.94288237553786,0.005208333333333333,0.0026041666666666665,0.039942005546626885,0.06180206683220654,0.00029491200000000004,0.28800000000000003,1.0,0.0,0.0,True,euler,1.004986689344128,-1.562069680534925,-1.5446163880149817,stability-verified-in-model
outputs/hou_early_time_v1,hou_early_time_v1,hou_early_time_v1/nr193/nz384,193,384,,1000.0,0.001,9.99999999990375e-07,0.0005,209.9361509608731,162.18119061573356,0.005208333333333333,0.0026041666666666665,0.04030774098409968,0.06227757719584226,0.0002949119999971615,0.28800000000000003,1.0,0.0,0.0,True,euler,1.0050722140926887,-1.562069680534925,-1.5446163880149817,stability-verified-in-model
outputs/hou_early_time_v1,hou_early_time_v1,hou_early_time_v1/nr193/nz384,193,384,,1025.0,0.001024999999999998,1e-06,0.0005,211.78706864260093,163.35830201995904,0.005208333333333333,0.0026041666666666665,0.04066311717937938,0.06272958797566427,0.00029491200000000004,0.28800000000000003,1.0,0.0,0.0,True,euler,1.0051549517480949,-1.562069680534925,-1.5446163880149817,stability-verified-in-model
outputs/hou_early_time_v1,hou_early_time_v1,hou_early_time_v1/nr193/nz384,193,384,,1050.0,0.0010499999999999958,1e-06,0.0005,213.75334641002397,164.49022566378974,0.005208333333333333,0.0026041666666666665,0.041040642510724604,0.06316424665489526,0.00029491200000000004,0.28800000000000003,1.0,0.0,0.0,True,euler,1.0052388287404652,-1.562069680534925,-1.5446163880149817,stability-verified-in-model
outputs/hou_early_time_v1,hou_early_time_v1,hou_early_time_v1/nr193/nz384,193,384,,1075.0,0.0010749999999999937,1e-06,0.0005,215.68062835091996,165.58000554820075,0.005208333333333333,0.0026041666666666665,0.041410680643376635,0.06358272213050908,0.00029491200000000004,0.28800000000000003,1.0,0.0,0.0,True,euler,1.0053208821204824,-1.562069680534925,-1.5446163880149817,stability-verified-in-model
outputs/hou_early_time_v1,hou_early_time_v1,hou_early_time_v1/nr193/nz384,193,384,,1100.0,0.0010999999999999916,1e-06,0.0005,217.56799711742838,166.6202430478709,0.005208333333333333,0.0026041666666666665,0.04177305544654625,0.06398217333038243,0.00029491200000000004,0.28800000000000003,1.0,0.0,0.0,True,euler,1.005400741624736,-1.562069680534925,-1.5533430342749532,stability-verified-in-model
outputs/hou_early_time_v1,hou_early_time_v1,hou_early_time_v1/nr193/nz384,193,384,,1125.0,0.0011249999999999895,1e-06,0.0005,219.4134042997684,167.6146157310597,0.005208333333333333,0.0026041666666666665,0.04212737362555553,0.06436401244072693,0.00029491200000000004,0.28800000000000003,1.0,0.0,0.0,True,euler,1.0054784670031713,-1.562069680534925,-1.5533430342749532,stability-verified-in-model
outputs/hou_early_time_v1,hou_early_time_v1,hou_early_time_v1/nr193/nz384,193,384,,1150.0,0.0011499999999999874,1e-06,0.0005,221.43217992187778,168.56654635377072,0.005208333333333333,0.0026041666666666665,0.04251497854500053,0.06472955379984796,0.00029491200000000004,0.28800000000000003,1.0,0.0,0.0,True,euler,1.0055585378345036,-1.562069680534925,-1.5533430342749532,stability-verified-in-model
outputs/hou_early_time_v1,hou_early_time_v1,hou_early_time_v1/nr193/nz384,193,384,,1175.0,0.0011749999999999853,1e-06,0.0005,223.44134371991774,169.49051238526602,0.005208333333333333,0.0026041666666666665,0.04290073799422421,0.06508435675594215,0.00029491200000000004,0.28800000000000003,1.0,0.0,0.0,True,euler,1.00563781453904,-1.562069680534925,-1.5533430342749532,stability-verified-in-model
outputs/hou_early_time_v1,hou_early_time_v1,hou_early_time_v1/nr193/nz384,193,384,,1200.0,0.0011999999999999832,1e-06,0.0005,225.41615134395238,170.38194617879873,0.005208333333333333,0.0026041666666666665,0.043279901058038854,0.06542666733265871,0.00029491200000000004,0.28800000000000003,1.0,0.0,0.0,True,euler,1.0057155661517405,-1.562069680534925,-1.5533430342749532,stability-verified-in-model
outputs/hou_early_time_v1,hou_early_time_v1,hou_early_time_v1/nr193/nz384,193,384,,1225.0,0.001224999999999981,1e-06,0.0005,227.44518273009726,171.2386451642447,0.005208333333333333,0.0026041666666666665,0.04366947508417868,0.06575563974306997,0.00029491200000000004,0.28800000000000003,1.0,0.0,0.0,True,euler,1.0057935107665459,-1.562069680534925,-1.5533430342749532,stability-verified-in-model
outputs/hou_early_time_v1,hou_early_time_v1,hou_early_time_v1/nr193/nz384,193,384,,1250.0,0.001249999999999979,1e-06,0.0005,229.64580315550168,172.06315008951537,0.005208333333333333,0.0026041666666666665,0.04409199420585632,0.0660722496343739,0.00029491200000000004,0.28800000000000003,1.0,0.0,0.0,True,euler,1.0058742175178776,-1.562069680534925,-1.5533430342749532,stability-verified-in-model
outputs/hou_early_time_v1,hou_early_time_v1,hou_early_time_v1/nr193/nz384,193,384,,1275.0,0.0012749999999999769,1e-06,0.0005,231.81481584664274,172.8578186048715,0.005208333333333333,0.0026041666666666665,0.044508444642555406,0.06637740234427066,0.00029491200000000004,0.28800000000000003,1.0,0.0,0.0,True,euler,1.0059535282176024,-1.562069680534925,-1.5533430342749532,stability-verified-in-model
outputs/hou_early_time_v1,hou_early_time_v1,hou_early_time_v1/nr193/nz384,193,384,,1300.0,0.0012999999999999748,1e-06,0.0005,233.94297210340375,173.62483741318613,0.005208333333333333,0.0026041666666666665,0.04491705064385352,0.06667193756666348,0.00029491200000000004,0.28800000000000003,1.0,0.0,0.0,True,euler,1.0060313016157914,-1.562069680534925,-1.5533430342749532,stability-verified-in-model
outputs/hou_early_time_v1,hou_early_time_v1,hou_early_time_v1/nr193/nz384,193,384,,1325.0,0.0013249999999999727,1e-06,0.0005,236.3841910626431,174.36623395584482,0.005208333333333333,0.0026041666666666665,0.045385764684027476,0.06695663383904442,0.00029491200000000004,0.28800000000000003,1.0,0.0,0.0,True,euler,1.0061151741868155,-1.562069680534925,-1.5533430342749532,stability-verified-in-model
outputs/hou_early_time_v1,hou_early_time_v1,hou_early_time_v1/nr193/nz384,193,384,,1350.0,0.0013499999999999706,1e-06,0.0005,238.80859289285746,175.08388758618622,0.005208333333333333,0.0026041666666666665,0.04585124983542863,0.06723221283309551,0.00029491200000000004,0.28800000000000003,1.0,0.0,0.0,True,euler,1.0061982158215574,-1.562069680534925,-1.5533430342749532,stability-verified-in-model
outputs/hou_early_time_v1,hou_early_time_v1,hou_early_time_v1/nr193/nz384,193,384,,1375.0,0.0013749999999999685,1e-06,0.0005,241.18743481733526,175.78262212484336,0.005208333333333333,0.0026041666666666665,0.04630798748492837,0.06750052689593986,0.00029491200000000004,0.28800000000000003,1.0,0.0,0.0,True,euler,1.006279984634054,-1.562069680534925,-1.5533430342749532,stability-verified-in-model
outputs/hou_early_time_v1,hou_early_time_v1,hou_early_time_v1/nr193/nz384,193,384,,1400.0,0.0013999999999999664,1e-06,0.0005,243.8480015549089,176.46365262731877,0.005208333333333333,0.0026041666666666665,0.04681881629854251,0.0677620426088904,0.00029491200000000004,0.28800000000000003,1.0,0.0,0.0,True,euler,1.0063676544758455,-1.562069680534925,-1.5533430342749532,stability-verified-in-model
outputs/hou_early_time_v1,hou_early_time_v1,hou_early_time_v1/nr193/nz384,193,384,,1425.0,0.0014249999999999643,1e-06,0.0005,246.5920418416307,177.12474218859757,0.005208333333333333,0.0026041666666666665,0.0473456720335931,0.06801590100042146,0.00029491200000000004,0.28800000000000003,1.0,0.0,0.0,True,euler,1.0064568690038485,-1.562069680534925,-1.5533430342749532,stability-verified-in-model
outputs/hou_early_time_v1,hou_early_time_v1,hou_early_time_v1/nr193/nz384,193,384,,1450.0,0.0014499999999999622,1e-06,0.0005,249.28119236188658,177.76729306569737,0.005208333333333333,0.0026041666666666665,0.04786198893348222,0.06826264053722779,0.00029491200000000004,0.28800000000000003,1.0,0.0,0.0,True,euler,1.0065446431864629,-1.562069680534925,-1.5533430342749532,stability-verified-in-model
outputs/hou_early_time_v1,hou_early_time_v1,hou_early_time_v1/nr193/nz384,193,384,,1475.0,0.00147499999999996,1e-06,0.0005,252.24444483215814,178.39260755232877,0.005208333333333333,0.0026041666666666665,0.048430933407774365,0.06850276130009425,0.00029491200000000004,0.28800000000000003,1.0,0.0,0.0,True,euler,1.0066383333610347,-1.562069680534925,-1.5533430342749532,stability-verified-in-model
outputs/hou_early_time_v1,hou_early_time_v1,hou_early_time_v1/nr193/nz384,193,384,,1500.0,0.0015,1.000000000041983e-06,0.0005,255.3812651496772,179.00189551550324,0.005208333333333333,0.0026041666666666665,0.04903320291079658,0.06873672788083902,0.0002949120000123813,0.28800000000000003,1.0,0.0,0.0,True,euler,1.0067358441897893,-1.562069680534925,-1.5533430342749532,stability-verified-in-model
outputs/hou_early_time_v1,hou_early_time_v1,hou_early_time_v1/nr193/nz384,193,384,,1525.0,0.001524999999999998,1e-06,0.0005,258.4476319152155,179.59628140843807,0.005208333333333333,0.0026041666666666665,0.04962194532772138,0.06896497206084022,0.00029491200000000004,0.28800000000000003,1.0,0.0,0.0,True,euler,1.0068317719356776,-1.562069680534925,-1.5533430342749532,stability-verified-in-model
outputs/hou_early_time_v1,hou_early_time_v1,hou_early_time_v1/nr193/nz384,193,384,,1550.0,0.0015499999999999958,1e-06,0.0005,261.82489531139277,180.1768107768006,0.005208333333333333,0.0026041666666666665,0.05027037989978741,0.06918789533829144,0.00029491200000000004,0.28800000000000003,1.0,0.0,0.0,True,euler,1.0069348043812627,-1.562069680534925,-1.5533430342749532,stability-verified-in-model
outputs/hou_early_time_v1,hou_early_time_v1,hou_early_time_v1/nr193/nz384,193,384,,1575.0,0.0015749999999999937,1e-06,0.0005,265.44167304724795,180.74445627797343,0.005208333333333333,0.0026041666666666665,0.050964801225071604,0.0694058712107418,0.00029491200000000004,0.28800000000000003,1.0,0.0,0.0,True,euler,1.0070434863247852,-1.562069680534925,-1.5533430342749532,stability-verified-in-model
outputs/hou_early_time_v1,hou_early_time_v1,hou_early_time_v1/nr193/nz384,193,384,,1600.0,0.0015999999999999916,1e-06,0.0005,268.9624130724379,181.3001232348313,0.005208333333333333,0.0026041666666666665,0.05164078330990809,0.06961924732217523,0.00029491200000000004,0.28800000000000003,1.0,0.0,0.0,True,euler,1.0071502080447254,-1.562069680534925,-1.5533430342749532,stability-verified-in-model
outputs/hou_early_time_v1,hou_early_time_v1,hou_early_time_v1/nr193/nz384,193,384,,1625.0,0.0016249999999999895,1e-06,0.0005,272.9189356376443,181.84465474642366,0.005208333333333333,0.0026041666666666665,0.05240043564242771,0.06982834742262668,0.00029491200000000004,0.28800000000000003,1.0,0.0,0.0,True,euler,1.0072673378315131,-1.562069680534925,-1.5533430342749532,stability-verified-in-model
outputs/hou_early_time_v1,hou_early_time_v1,hou_early_time_v1/nr193/nz384,193,384,,1650.0,0.0016499999999999874,1e-06,0.0005,277.12107184495227,182.37883637813093,0.005208333333333333,0.0026041666666666665,0.053207245794230834,0.07003347316920228,0.00029491200000000004,0.28800000000000003,1.0,0.0,0.0,True,euler,1.0073906691699641,-1.562069680534925,-1.5533430342749532,stability-verified-in-model
outputs/hou_early_time_v1,hou_early_time_v1,hou_early_time_v1/nr193/nz384,193,384,,1675.0,0.0016749999999999853,1e-06,0.0005,281.1835790367913,182.9034004532995,0.005208333333333333,0.0026041666666666665,0.05398724717506393,0.07023490577406702,0.00029491200000000004,0.28800000000000003,1.0,0.0,0.0,True,euler,1.0075112393509482,-1.562069680534925,-1.5533430342749532,stability-verified-in-model
outputs/hou_early_time_v1,hou_early_time_v1,hou_early_time_v1/nr193/nz384,193,384,,1700.0,0.0016999999999999832,1e-06,0.0005,285.9799518123385,183.41902996713114,0.005208333333333333,0.0026041666666666665,0.054908150747969,0.07043290750737836,0.00029491200000000004,0.28800000000000003,1.0,0.0,0.0,True,euler,1.0076498468531596,-1.562069680534925,-1.5533430342749532,stability-verified-in-model
outputs/hou_early_time_v1,hou_early_time_v1,hou_early_time_v1/nr193/nz384,193,384,,1725.0,0.001724999999999981,1e-06,0.0005,290.8921631695251,183.93247259281026,0.005208333333333333,0.0026041666666666665,0.05585129532854881,0.07063006947563914,0.00029491200000000004,0.28800000000000003,1.0,0.0,0.0,True,euler,1.0077923639352822,-1.562069680534925,-1.5533430342749532,stability-verified-in-model
outputs/hou_early_time_v1,hou_early_time_v1,hou_early_time_v1/nr193/nz384,193,384,,1750.0,0.001749999999999979,1e-06,0.0005,295.66445137893015,184.43960807190822,0.005208333333333333,0.0026041666666666665,0.056767574664754586,0.07082480949961277,0.00029491200000000004,0.28800000000000003,1.0,0.0,0.0,True,euler,1.0079324418925326,-1.562069680534925,-1.5533430342749532,stability-verified-in-model
outputs/hou_early_time_v1,hou_early_time_v1,hou_early_time_v1/nr193/nz384,193,384,,1775.0,0.001774999999999977,1e-06,0.0005,301.6491730040394,187.6319582377927,0.005208333333333333,0.0026041666666666665,0.05791664121677557,0.0720506719633124,0.00029491200000000004,0.28800000000000003,1.0,0.0,0.0,True,euler,1.0082359022714709,-1.562069680534925,-1.5533430342749532,stability-verified-in-model
outputs/hou_early_time_v1,hou_early_time_v1,hou_early_time_v1/nr193/nz384,193,384,,1800.0,0.0017999999999999748,1e-06,0.0005,307.4051670188682,191.47700178993477,0.005208333333333333,0.0026041666666666665,0.059021792067622696,0.07352716868733496,0.00029491200000000004,0.28800000000000003,1.0,0.0,0.0,True,euler,1.0085720131901734,-1.562069680534925,-1.5533430342749532,stability-verified-in-model
outputs/hou_early_time_v1,hou_early_time_v1,hou_early_time_v1/nr193/nz384,193,384,,1825.0,0.0018249999999999727,1e-06,0.0005,313.7151230918922,195.61488802465905,0.005208333333333333,0.0026041666666666665,0.060233303633643306,0.07511611700146907,0.00029491200000000004,0.28800000000000003,1.0,0.0,0.0,True,euler,1.0089439532624285,-1.562069680534925,-1.5533430342749532,stability-verified-in-model
outputs/hou_early_time_v1,hou_early_time_v1,hou_early_time_v1/nr193/nz384,193,384,,1850.0,0.0018499999999999706,1e-06,0.0005,320.8401972630182,199.83368967544789,0.005208333333333333,0.0026041666666666665,0.06160131787449949,0.07673613683537199,0.00029491200000000004,0.28800000000000003,1.0,0.0,0.0,True,euler,1.009349225328083,-1.5707963267948966,-1.5533430342749532,stability-verified-in-model
outputs/hou_early_time_v1,hou_early_time_v1,hou_early_time_v1/nr193/nz384,193,384,,1875.0,0.0018749999999999685,1e-06,0.0005,327.53139001760553,204.5118585839687,0.005208333333333333,0.0026041666666666665,0.06288602688338026,0.07853255369624397,0.00029491200000000004,0.28800000000000003,1.0,0.0,0.0,True,euler,1.0097762195392346,-1.5707963267948966,-1.5533430342749532,stability-verified-in-model
outputs/hou_early_time_v1,hou_early_time_v1,hou_early_time_v1/nr193/nz384,193,384,,1900.0,0.0018999999999999664,1e-06,0.0005,336.40358167784575,209.6139178144575,0.005208333333333333,0.0026041666666666665,0.06458948768214638,0.08049174444075168,0.00029491200000000004,0.28800000000000003,1.0,0.0,0.0,True,euler,1.0102958424215986,-1.5707963267948966,-1.562069680534925,stability-verified-in-model
outputs/hou_early_time_v1,hou_early_time_v1,hou_early_time_v1/nr193/nz384,193,384,,1925.0,0.0019249999999999643,1e-06,0.0005,344.80628657085634,214.72668556847992,0.005208333333333333,0.0026041666666666665,0.06620280702160442,0.08245504725829629,0.00029491200000000004,0.28800000000000003,1.0,0.0,0.0,True,euler,1.0108158261162323,-1.5707963267948966,-1.562069680534925,stability-verified-in-model
outputs/hou_early_time_v1,hou_early_time_v1,hou_early_time_v1/nr193/nz384,193,384,,1950.0,0.0019499999999999622,1e-06,0.0005,354.891935819156,220.7790007405773,0.005208333333333333,0.0026041666666666665,0.06813925167727795,0.08477913628438168,0.00029491200000000004,0.28800000000000003,1.0,0.0,0.0,True,euler,1.0114513964687695,-1.5707963267948966,-1.562069680534925,stability-verified-in-model
outputs/hou_early_time_v1,hou_early_time_v1,hou_early_time_v1/nr193/nz384,193,384,,1975.0,0.0019749999999999646,1e-06,0.0005,365.5705799988274,226.86294179943877,0.005208333333333333,0.0026041666666666665,0.07018955135977485,0.08711536965098449,0.00029491200000000004,0.28800000000000003,1.0,0.0,0.0,True,euler,1.012124083803473,-1.5707963267948966,-1.562069680534925,stability-verified-in-model
outputs/hou_early_time_v1,hou_early_time_v1,hou_early_time_v1/nr193/nz384,193,384,,2000.0,0.001999999999999968,1e-06,0.0005,377.60291751023635,233.65683732234237,0.005208333333333333,0.0026041666666666665,0.07249976016196538,0.08972422553177947,0.00029491200000000004,0.28800000000000003,1.0,0.0,0.0,True,euler,1.0129005003011786,-1.5707963267948966,-1.562069680534925,stability-verified-in-model
outputs/hou_early_time_v1,hou_early_time_v1,hou_early_time_v1/nr193/nz384,193,384,,2025.0,0.0020249999999999713,1e-06,0.0005,391.35343008903226,241.16919512812325,0.005208333333333333,0.0026041666666666665,0.0751398585770942,0.09260897092919933,0.00029491200000000004,0.28800000000000003,1.0,0.0,0.0,True,euler,1.013800280216301,-1.5707963267948966,-1.562069680534925,stability-verified-in-model
outputs/hou_early_time_v1,hou_early_time_v1,hou_early_time_v1/nr193/nz384,193,384,,2050.0,0.0020499999999999746,1e-06,0.0005,406.7221330729934,250.0429592615034,0.005208333333333333,0.0026041666666666665,0.07809064955001474,0.09601649635641729,0.00029491200000000004,0.28800000000000003,1.0,0.0,0.0,True,euler,1.0148720361527026,-1.5707963267948966,-1.562069680534925,stability-verified-in-model
outputs/hou_early_time_v1,hou_early_time_v1,hou_early_time_v1/nr193/nz384,193,384,,2075.0,0.002074999999999978,1e-06,0.0005,424.6135451698275,260.017967580465,0.005208333333333333,0.0026041666666666665,0.08152580067260688,0.09984689955089857,0.00029491200000000004,0.28800000000000003,1.0,0.0,0.0,True,euler,1.0161440377034137,-1.5707963267948966,-1.562069680534925,stability-verified-in-model
outputs/hou_early_time_v1,hou_early_time_v1,hou_early_time_v1/nr193/nz384,193,384,,2100.0,0.0020995593140998208,9.644746425678028e-07,0.0005,445.6946971002875,270.39629228258565,0.005208333333333333,0.0026041666666666665,0.08253335686659168,0.10014350106274789,0.00028443514578895587,0.28800000000000003,1.0,0.0,0.0,True,euler,1.0163837355952365,-1.5707963267948966,-1.562069680534925,stability-verified-in-model
outputs/hou_early_time_v1,hou_early_time_v1,hou_early_time_v1/nr193/nz384,193,384,,2125.0,0.00212313211759698,9.231774696902442e-07,0.0005,467.67570711134306,282.54958075009836,0.005208333333333333,0.0026041666666666665,0.08289555377791594,0.10016386829526341,0.0002722561139412893,0.28800000000000003,1.0000030583316142,-1.3962634015954636,-1.0471975511965976,False,euler,1.0164596065719462,-1.5707963267948966,-1.562069680534925,stability-unverified
outputs/hou_early_time_v1,hou_early_time_v1,hou_early_time_v1/nr193/nz384,193,384,,2150.0,0.0021457428845708367,8.856498897062454e-07,0.0005,497.1780411016012,294.5899086412445,0.005208333333333333,0.0026041666666666665,0.08454253003507206,0.1001869517171294,0.0002611887802730483,0.28800000000000003,1.0000111883170348,-1.4224433403753787,-1.090830782496456,False,euler,1.0167681579898038,-1.5707963267948966,-1.562069680534925,stability-unverified
outputs/hou_early_time_v1,hou_early_time_v1,hou_early_time_v1/nr193/nz384,193,384,,2175.0,0.002167410545876286,8.518970201661294e-07,0.0005,523.1609563089653,306.0401970300077,0.005208333333333333,0.0026041666666666665,0.08557041787139906,0.10011445704995277,0.00025123465401123354,0.28800000000000003,1.0000175547912458,-1.4311699866353502,-1.1257373675363425,False,euler,1.016947946701236,-1.5707963267948966,-1.562069680534925,stability-unverified
outputs/hou_early_time_v1,hou_early_time_v1,hou_early_time_v1/nr193/nz384,193,384,,2200.0,0.002188217498580685,8.13991584460473e-07,0.0005,567.6055494104572,320.6509752817509,0.005208333333333333,0.0026041666666666665,0.08870901897852967,0.10022676304450114,0.00024005588615640702,0.28800000000000003,1.0000311709330856,-1.457349925415265,-1.1780972450961724,False,euler,1.0175531164118816,-1.5707963267948966,-1.562069680534925,stability-unverified
outputs/hou_early_time_v1,hou_early_time_v1,hou_early_time_v1/nr193/nz384,193,384,,2205.0,0.002191729,2.7586570871878865e-07,0.0005,574.0855086334117,324.35199071737577,0.005208333333333333,0.0026041666666666665,0.03040713709523374,0.03435939524874195,8.135610788967541e-05,0.28800000000000003,1.0,0.0,0.0,True,euler,1.0020457856466145,-1.562069680534925,-1.5533430342749532,stability-verified-in-model
outputs/hou_early_time_v2_hires,hou_early_time_v2_hires,hou_early_time_v2_hires/nr129/nz256,129,256,,25.0,2.5000000000000008e-05,1e-06,0.0005,9.50075613771455,7.786845805124054,0.0078125,0.00390625,0.0012160967856274622,0.0019934325261117577,0.000131072,0.192,1.0,0.0,0.0,True,euler,1.0,0.0,0.0,stability-verified-in-model
outputs/hou_early_time_v2_hires,hou_early_time_v2_hires,hou_early_time_v2_hires/nr129/nz256,129,256,,50.0,4.9999999999999955e-05,1e-06,0.0005,18.95869613686559,15.532995964423847,0.0078125,0.00390625,0.0024267131055187956,0.003976446966892505,0.000131072,0.192,1.0,0.0,0.0,True,euler,1.0,0.0,0.0,stability-verified-in-model
outputs/hou_early_time_v2_hires,hou_early_time_v2_hires,hou_early_time_v2_hires/nr129/nz256,129,256,,75.0,7.499999999999989e-05,1e-06,0.0005,28.332104200278046,23.198686676703574,0.0078125,0.00390625,0.0036265093376355896,0.005938863789236115,0.000131072,0.192,1.0,0.0,0.0,True,euler,1.0000020970067607,-0.8813912722571364,-0.4625122517784973,stability-verified-in-model
outputs/hou_early_time_v2_hires,hou_early_time_v2_hires,hou_early_time_v2_hires/nr129/nz256,129,256,,100.0,9.999999999999982e-05,1e-06,0.0005,37.58076289771134,30.745809917462353,0.0078125,0.00390625,0.004810337650907051,0.007870927338870362,0.000131072,0.192,1.0,0.0,0.0,True,euler,1.0000218246550285,-1.265363707695889,-0.9162978572970231,stability-verified-in-model
outputs/hou_early_time_v2_hires,hou_early_time_v2_hires,hou_early_time_v2_hires/nr129/nz256,129,256,,125.0,0.00012499999999999976,1e-06,0.0005,46.66663877126896,38.13864968844033,0.0078125,0.00390625,0.005973329762722426,0.009763494320240724,0.000131072,0.192,1.0,0.0,0.0,True,euler,1.0000574946393326,-1.387536755335492,-1.1431906600562858,stability-verified-in-model
outputs/hou_early_time_v2_hires,hou_early_time_v2_hires,hou_early_time_v2_hires/nr129/nz256,129,256,,150.0,0.0001499999999999997,1e-06,0.0005,55.57405878133868,45.351246065257804,0.0078125,0.00390625,0.007113479524011351,0.011609918992705998,0.000131072,0.192,1.0,0.0,0.0,True,euler,1.0001046261632176,-1.4486232791552935,-1.265363707695889,stability-verified-in-model
outputs/hou_early_time_v2_hires,hou_early_time_v2_hires,hou_early_time_v2_hires/nr129/nz256,129,256,,175.0,0.00017499999999999962,1e-06,0.0005,64.26986510975624,52.35877276061394,0.0078125,0.00390625,0.008226542734048799,0.013403845826717168,0.000131072,0.192,1.0,0.0,0.0,True,euler,1.0001606615647398,-1.4748032179352084,-1.3439035240356338,stability-verified-in-model
outputs/hou_early_time_v2_hires,hou_early_time_v2_hires,hou_early_time_v2_hires/nr129/nz256,129,256,,200.0,0.00019999999999999955,1e-06,0.0005,72.72140113115645,59.13171889506111,0.0078125,0.00390625,0.009308339344788025,0.015137720037135644,0.000131072,0.192,1.0,0.0,0.0,True,euler,1.000223834397014,-1.5009831567151235,-1.3962634015954636,stability-verified-in-model
outputs/hou_early_time_v2_hires,hou_early_time_v2_hires,hou_early_time_v2_hires/nr129/nz256,129,256,,225.0,0.00022499999999999948,1e-06,0.0005,80.9051482788748,65.64938669318545,0.0078125,0.00390625,0.010355858979695974,0.016806242993455473,0.000131072,0.192,1.0,0.0,0.0,True,euler,1.0002927622948785,-1.509709802975095,-1.4311699866353502,stability-verified-in-model
outputs/hou_early_time_v2_hires,hou_early_time_v2_hires,hou_early_time_v2_hires/nr129/nz256,129,256,,250.0,0.00024999999999999957,1e-06,0.0005,88.80142060854791,71.89530538493075,0.0078125,0.00390625,0.011366581837894133,0.018405198178542272,0.000131072,0.192,1.0,0.0,0.0,True,euler,1.0003662300940341,-1.5184364492350666,-1.4486232791552935,stability-verified-in-model
outputs/hou_early_time_v2_hires,hou_early_time_v2_hires,hou_early_time_v2_hires/nr129/nz256,129,256,,275.0,0.0002750000000000002,1e-06,0.0005,96.3944675668434,77.89188576597704,0.0078125,0.00390625,0.012338491848555955,0.01994032275609012,0.000131072,0.192,1.0,0.0,0.0,True,euler,1.0004434025645415,-1.5271630954950384,-1.4660765716752369,stability-verified-in-model
outputs/hou_early_time_v2_hires,hou_early_time_v2_hires,hou_early_time_v2_hires/nr129/nz256,129,256,,300.0,0.0003000000000000008,1e-06,0.0005,103.67248584306043,83.6028689373567,0.0078125,0.00390625,0.013270078187911734,0.021402334447963314,0.000131072,0.192,1.0,0.0,0.0,True,euler,1.0005230674056667,-1.53588974175501,-1.4835298641951802,stability-verified-in-model
outputs/hou_early_time_v2_hires,hou_early_time_v2_hires,hou_early_time_v2_hires/nr129/nz256,129,256,,325.0,0.0003250000000000014,1e-06,0.0005,110.6275473035787,89.02307620585907,0.0078125,0.00390625,0.014160326054858072,0.02278990750869992,0.000131072,0.192,1.0,0.0,0.0,True,euler,1.000604268287672,-1.53588974175501,-1.4922565104551517,stability-verified-in-model
outputs/hou_early_time_v2_hires,hou_early_time_v2_hires,hou_early_time_v2_hires/nr129/nz256,129,256,,350.0,0.000350000000000002,1e-06,0.0005,117.25545212612366,94.18355480517248,0.0078125,0.00390625,0.015008697872143827,0.024110990030124152,0.000131072,0.192,1.0,0.0,0.0,True,euler,1.0006864857901128,-1.5446163880149817,-1.5009831567151235,stability-verified-in-model
outputs/hou_early_time_v2_hires,hou_early_time_v2_hires,hou_early_time_v2_hires/nr129/nz256,129,256,,375.0,0.0003750000000000026,1e-06,0.0005,123.55551770546214,99.07334027057408,0.0078125,0.00390625,0.015815106266299152,0.025362775109266964,0.000131072,0.192,1.0,0.0,0.0,True,euler,1.0007688670285646,-1.5446163880149817,-1.509709802975095,stability-verified-in-model
outputs/hou_early_time_v2_hires,hou_early_time_v2_hires,hou_early_time_v2_hires/nr129/nz256,129,256,,400.0,0.0004000000000000032,1e-06,0.0005,129.53031473709166,103.68153008673679,0.0078125,0.00390625,0.016579880286347732,0.026542471702204615,0.000131072,0.192,1.0,0.0,0.0,True,euler,1.0008505996428154,-1.5446163880149817,-1.509709802975095,stability-verified-in-model
outputs/hou_early_time_v2_hires,hou_early_time_v2_hires,hou_early_time_v2_hires/nr129/nz256,129,256,,425.0,0.0004250000000000038,1e-06,0.0005,135.21461127765545,108.056048226261,0.0078125,0.00390625,0.0173074702435399,0.027662348345922814,0.000131072,0.192,1.0,0.0,0.0,True,euler,1.0009317888419949,-1.5533430342749532,-1.5184364492350666,stability-verified-in-model
outputs/hou_early_time_v2_hires,hou_early_time_v2_hires,hou_early_time_v2_hires/nr129/nz256,129,256,,450.0,0.00045000000000000443,1e-06,0.0005,140.67072708494814,112.18125134774462,0.0078125,0.00390625,0.01800585306687336,0.028718400345022623,0.000131072,0.192,1.0,0.0,0.0,True,euler,1.0010120458827387,-1.5533430342749532,-1.5184364492350666,stability-verified-in-model
outputs/hou_early_time_v2_hires,hou_early_time_v2_hires,hou_early_time_v2_hires/nr129/nz256,129,256,,475.0,0.00047500000000000504,1e-06,0.0005,145.82875674484728,116.05113717038904,0.0078125,0.00390625,0.018666080863340453,0.029709091115619594,0.000131072,0.192,1.0,0.0,0.0,True,euler,1.0010903951363597,-1.5533430342749532,-1.5271630954950384,stability-verified-in-model
outputs/hou_early_time_v2_hires,hou_early_time_v2_hires,hou_early_time_v2_hires/nr129/nz256,129,256,,500.0,0.0005,9.999999999943865e-07,0.0005,150.69849987801337,119.7333066248527,0.0078125,0.00390625,0.01928940798427743,0.030651726495790226,0.00013107199999926421,0.192,1.0,0.0,0.0,True,euler,1.0011672284376163,-1.5533430342749532,-1.5271630954950384,stability-verified-in-model
outputs/hou_early_time_v2_hires,hou_early_time_v2_hires,hou_early_time_v2_hires/nr129/nz256,129,256,,525.0,0.0005250000000000006,1e-06,0.0005,155.29131496563906,123.18824855299039,0.0078125,0.00390625,0.019877288315601798,0.03153619162956554,0.000131072,0.192,1.0,0.0,0.0,True,euler,1.0012416942728661,-1.5533430342749532,-1.5271630954950384,stability-verified-in-model
outputs/hou_early_time_v2_hires,hou_early_time_v2_hires,hou_early_time_v2_hires/nr129/nz256,129,256,,550.0,0.0005500000000000012,1e-06,0.0005,159.61981485681028,126.42849682434468,0.0078125,0.00390625,0.020431336301671713,0.03236569518703224,0.000131072,0.192,1.0,0.0,0.0,True,euler,1.0013136487799685,-1.5533430342749532,-1.53588974175501,stability-verified-in-model
outputs/hou_early_time_v2_hires,hou_early_time_v2_hires,hou_early_time_v2_hires/nr129/nz256,129,256,,575.0,0.0005750000000000018,1e-06,0.0005,163.69757007506797,129.5165409354296,0.0078125,0.00390625,0.0209532889696087,0.03315623447946997,0.000131072,0.192,1.0,0.0,0.0,True,euler,1.0013836832528715,-1.5533430342749532,-1.53588974175501,stability-verified-in-model
outputs/hou_early_time_v2_hires,hou_early_time_v2_hires,hou_early_time_v2_hires/nr129/nz256,129,256,,600.0,0.0006000000000000024,1e-06,0.0005,167.53882470729758,132.40756844674064,0.0078125,0.00390625,0.02144496956253409,0.0338963375223656,0.000131072,0.192,1.0,0.0,0.0,True,euler,1.0014509701182912,-1.5533430342749532,-1.53588974175501,stability-verified-in-model
outputs/hou_early_time_v2_hires,hou_early_time_v2_hires,hou_early_time_v2_hires/nr129/nz256,129,256,,625.0,0.000625000000000003,1e-06,0.0005,171.15822882370696,135.12352132929206,0.0078125,0.00390625,0.02190825328943449,0.03459162146029877,0.000131072,0.192,1.0,0.0,0.0,True,euler,1.0015156348337062,-1.5533430342749532,-1.53588974175501,stability-verified-in-model
outputs/hou_early_time_v2_hires,hou_early_time_v2_hires,hou_early_time_v2_hires/nr129/nz256,129,256,,650.0,0.0006500000000000037,1e-06,0.0005,174.57059054474857,137.71657937809954,0.0078125,0.00390625,0.022345035589727814,0.03525544432079348,0.000131072,0.192,1.0,0.0,0.0,True,euler,1.0015783048917022,-1.562069680534925,-1.53588974175501,stability-verified-in-model
outputs/hou_early_time_v2_hires,hou_early_time_v2_hires,hou_early_time_v2_hires/nr129/nz256,129,256,,675.0,0.0006750000000000043,1e-06,0.0005,177.79065005135362,140.14596041328858,0.0078125,0.00390625,0.022757203206573262,0.035877365865801876,0.000131072,0.192,1.0,0.0,0.0,True,euler,1.0016382863150322,-1.562069680534925,-1.53588974175501,stability-verified-in-model
outputs/hou_early_time_v2_hires,hou_early_time_v2_hires,hou_early_time_v2_hires/nr129/nz256,129,256,,700.0,0.0007000000000000049,1e-06,0.0005,180.8328770425856,142.42382586843297,0.0078125,0.00390625,0.023146608261450957,0.03646049942231884,0.000131072,0.192,1.0,0.0,0.0,True,euler,1.0016956753378112,-1.562069680534925,-1.5446163880149817,stability-verified-in-model
outputs/hou_early_time_v2_hires,hou_early_time_v2_hires,hou_early_time_v2_hires/nr129/nz256,129,256,,725.0,0.0007250000000000055,1e-06,0.0005,183.71129239513115,144.61564920555367,0.0078125,0.00390625,0.023515045426576786,0.03702160619662174,0.000131072,0.192,1.0,0.0,0.0,True,euler,1.0017514166359338,-1.562069680534925,-1.5446163880149817,stability-verified-in-model
outputs/hou_early_time_v2_hires,hou_early_time_v2_hires,hou_early_time_v2_hires/nr129/nz256,129,256,,750.0,0.0007500000000000061,1e-06,0.0005,186.43931408767827,146.67338209577727,0.0078125,0.00390625,0.023864232203222816,0.03754838581651898,0.000131072,0.192,1.0,0.0,0.0,True,euler,1.0018047312949339,-1.562069680534925,-1.5446163880149817,stability-verified-in-model
outputs/hou_early_time_v2_hires,hou_early_time_v2_hires,hou_early_time_v2_hires/nr129/nz256,129,256,,775.0,0.0007750000000000067,1e-06,0.0005,189.02962683482838,148.60597244320445,0.0078125,0.00390625,0.02419579223485803,0.03804312894546034,0.000131072,0.192,1.0,0.0,0.0,True,euler,1.0018557223827087,-1.562069680534925,-1.5446163880149817,stability-verified-in-model
outputs/hou_early_time_v2_hires,hou_early_time_v2_hires,hou_early_time_v2_hires/nr129/nz256,129,256,,800.0,0.0008000000000000073,1e-06,0.0005,191.49407434192895,150.45099804565376,0.0078125,0.00390625,0.024511241515766904,0.03851545549968736,0.000131072,0.192,1.0,0.0,0.0,True,euler,1.001904967801877,-1.562069680534925,-1.5446163880149817,stability-verified-in-model
outputs/hou_early_time_v2_hires,hou_early_time_v2_hires,hou_early_time_v2_hires/nr129/nz256,129,256,,825.0,0.0008250000000000079,1e-06,0.0005,193.8435726525968,152.2119345146864,0.0078125,0.00390625,0.02481197729953239,0.038966255235759716,0.000131072,0.192,1.0,0.0,0.0,True,euler,1.0019525225494754,-1.562069680534925,-1.5446163880149817,stability-verified-in-model
outputs/hou_early_time_v2_hires,hou_early_time_v2_hires,hou_early_time_v2_hires/nr129/nz256,129,256,,850.0,0.0008500000000000085,1e-06,0.0005,196.08804271908102,153.87140244031588,0.0078125,0.00390625,0.02509926946804237,0.03939107902472086,0.000131072,0.192,1.0,0.0,0.0,True,euler,1.001998100793384,-1.562069680534925,-1.5446163880149817,stability-verified-in-model
outputs/hou_early_time_v2_hires,hou_early_time_v2_hires,hou_early_time_v2_hires/nr129/nz256,129,256,,875.0,0.0008750000000000091,1e-06,0.0005,198.23636008197047,155.43662657997993,0.0078125,0.00390625,0.02537425409049222,0.03979177640447486,0.000131072,0.192,1.0,0.0,0.0,True,euler,1.0020418129445012,-1.562069680534925,-1.5446163880149817,stability-verified-in-model
outputs/hou_early_time_v2_hires,hou_early_time_v2_hires,hou_early_time_v2_hires/nr129/nz256,129,256,,900.0,0.0009000000000000097,1e-06,0.0005,200.2963193961793,156.93602450789243,0.0078125,0.00390625,0.02563792888271095,0.04017562227402046,0.000131072,0.192,1.0,0.0,0.0,True,euler,1.00208412877983,-1.562069680534925,-1.5446163880149817,stability-verified-in-model
outputs/hou_early_time_v2_hires,hou_early_time_v2_hires,hou_early_time_v2_hires/nr129/nz256,129,256,,925.0,0.0009250000000000103,1e-06,0.0005,202.27461147747456,158.37778042040992,0.0078125,0.00390625,0.025891150269116744,0.040544711787624935,0.000131072,0.192,1.0,0.0,0.0,True,euler,1.002125189560362,-1.562069680534925,-1.5446163880149817,stability-verified-in-model
outputs/hou_early_time_v2_hires,hou_early_time_v2_hires,hou_early_time_v2_hires/nr129/nz256,129,256,,950.0,0.000950000000000011,1e-06,0.0005,204.1768105586355,159.74320634077384,0.0078125,0.00390625,0.026134631751505343,0.0408942608232381,0.000131072,0.192,1.0,0.0,0.0,True,euler,1.0021646762984942,-1.562069680534925,-1.5446163880149817,stability-verified-in-model
outputs/hou_early_time_v2_hires,hou_early_time_v2_hires,hou_early_time_v2_hires/nr129/nz256,129,256,,975.0,0.0009750000000000116,1e-06,0.0005,206.007369525888,161.03789242883036,0.0078125,0.00390625,0.026368943299313663,0.04122570046178057,0.000131072,0.192,1.0,0.0,0.0,True,euler,1.0022026721714683,-1.562069680534925,-1.5446163880149817,stability-verified-in-model
outputs/hou_early_time_v2_hires,hou_early_time_v2_hires,hou_early_time_v2_hires/nr129/nz256,129,256,,1000.0,0.001,9.99999999990375e-07,0.0005,207.76962104352003,162.26708559006892,0.0078125,0.00390625,0.02659451149331459,0.04154037391065781,0.00013107199999873843,0.192,1.0,0.0,0.0,True,euler,1.00223925147086,-1.562069680534925,-1.5446163880149817,stability-verified-in-model
outputs/hou_early_time_v2_hires,hou_early_time_v2_hires,hou_early_time_v2_hires/nr129/nz256,129,256,,1025.0,0.001024999999999998,1e-06,0.0005,209.66463363247072,163.44928533951952,0.0078125,0.00390625,0.02683707310495625,0.041843017046916994,0.000131072,0.192,1.0,0.0,0.0,True,euler,1.0022764608718837,-1.562069680534925,-1.5446163880149817,stability-verified-in-model
outputs/hou_early_time_v2_hires,hou_early_time_v2_hires,hou_early_time_v2_hires/nr129/nz256,129,256,,1050.0,0.0010499999999999958,1e-06,0.0005,211.54967209947193,164.59616847890405,0.0078125,0.00390625,0.027078358028732406,0.042136619130599434,0.000131072,0.192,1.0,0.0,0.0,True,euler,1.0023132529075272,-1.562069680534925,-1.5446163880149817,stability-verified-in-model
outputs/hou_early_time_v2_hires,hou_early_time_v2_hires,hou_early_time_v2_hires/nr129/nz256,129,256,,1075.0,0.0010749999999999937,1e-06,0.0005,213.39416474968516,165.68961151126993,0.0078125,0.00390625,0.0273144530879597,0.0424165405468851,0.000131072,0.192,1.0,0.0,0.0,True,euler,1.0023490161254114,-1.562069680534925,-1.5446163880149817,stability-verified-in-model
outputs/hou_early_time_v2_hires,hou_early_time_v2_hires,hou_early_time_v2_hires/nr129/nz256,129,256,,1100.0,0.0010999999999999916,1e-06,0.0005,215.19739962008506,166.73355315837333,0.0078125,0.00390625,0.027545267151370886,0.04268378960854357,0.000131072,0.192,1.0,0.0,0.0,True,euler,1.002383785749446,-1.562069680534925,-1.5446163880149817,stability-verified-in-model
outputs/hou_early_time_v2_hires,hou_early_time_v2_hires,hou_early_time_v2_hires/nr129/nz256,129,256,,1125.0,0.0011249999999999895,1e-06,0.0005,216.95757374838706,167.73166336820424,0.0078125,0.00390625,0.027770569439793544,0.042939305822260285,0.000131072,0.192,1.0,0.0,0.0,True,euler,1.0024175914837776,-1.562069680534925,-1.5533430342749532,stability-verified-in-model
outputs/hou_early_time_v2_hires,hou_early_time_v2_hires,hou_early_time_v2_hires/nr129/nz256,129,256,,1150.0,0.0011499999999999874,1e-06,0.0005,218.6717869104221,168.68735694997252,0.0078125,0.00390625,0.027989988724534027,0.04318396337919297,0.000131072,0.192,1.0,0.0,0.0,True,euler,1.0024504386639457,-1.562069680534925,-1.5533430342749532,stability-verified-in-model
outputs/hou_early_time_v2_hires,hou_early_time_v2_hires,hou_early_time_v2_hires/nr129/nz256,129,256,,1175.0,0.0011749999999999853,1e-06,0.0005,220.5796829967254,169.60380742190858,0.0078125,0.00390625,0.028234199423580852,0.043418574700008594,0.000131072,0.192,1.0,0.0,0.0,True,euler,1.002484553656223,-1.562069680534925,-1.5533430342749532,stability-verified-in-model
outputs/hou_early_time_v2_hires,hou_early_time_v2_hires,hou_early_time_v2_hires/nr129/nz256,129,256,,1200.0,0.0011999999999999832,1e-06,0.0005,222.5873404159544,170.48396088329017,0.0078125,0.00390625,0.02849117957324216,0.04364389398612228,0.000131072,0.192,1.0,0.0,0.0,True,euler,1.002519146471683,-1.562069680534925,-1.5533430342749532,stability-verified-in-model
outputs/hou_early_time_v2_hires,hou_early_time_v2_hires,hou_early_time_v2_hires/nr129/nz256,129,256,,1225.0,0.001224999999999981,1e-06,0.0005,224.56473897313833,171.34890402144916,0.0078125,0.00390625,0.028744286588561704,0.043865319429490984,0.000131072,0.192,1.0,0.0,0.0,True,euler,1.002553407444068,-1.562069680534925,-1.5533430342749532,stability-verified-in-model
outputs/hou_early_time_v2_hires,hou_early_time_v2_hires,hou_early_time_v2_hires/nr129/nz256,129,256,,1250.0,0.001249999999999979,1e-06,0.0005,226.50535392286298,172.18313890052542,0.0078125,0.00390625,0.02899268530212646,0.0440788835585345,0.000131072,0.192,1.0,0.0,0.0,True,euler,1.0025869755047558,-1.562069680534925,-1.5533430342749532,stability-verified-in-model
outputs/hou_early_time_v2_hires,hou_early_time_v2_hires,hou_early_time_v2_hires/nr129/nz256,129,256,,1275.0,0.0012749999999999769,1e-06,0.0005,228.4013845369785,172.98696026453325,0.0078125,0.00390625,0.029235377220733248,0.04428466182772051,0.000131072,0.192,1.0,0.0,0.0,True,euler,1.0026197656538631,-1.562069680534925,-1.5533430342749532,stability-verified-in-model
outputs/hou_early_time_v2_hires,hou_early_time_v2_hires,hou_early_time_v2_hires/nr129/nz256,129,256,,1300.0,0.0012999999999999748,1e-06,0.0005,230.46931270733313,173.76254778036665,0.0078125,0.00390625,0.029500072026538638,0.04448321223177386,0.000131072,0.192,1.0,0.0,0.0,True,euler,1.0026538456560163,-1.562069680534925,-1.5533430342749532,stability-verified-in-model
outputs/hou_early_time_v2_hires,hou_early_time_v2_hires,hou_early_time_v2_hires/nr129/nz256,129,256,,1325.0,0.0013249999999999727,1e-06,0.0005,232.79735698041503,174.5119228800973,0.0078125,0.00390625,0.02979806169349312,0.044675052257304906,0.000131072,0.192,1.0,0.0,0.0,True,euler,1.0026901130732953,-1.562069680534925,-1.5533430342749532,stability-verified-in-model
outputs/hou_early_time_v2_hires,hou_early_time_v2_hires,hou_early_time_v2_hires/nr129/nz256,129,256,,1350.0,0.0013499999999999706,1e-06,0.0005,235.0924092372004,175.23695970665722,0.0078125,0.00390625,0.03009182838236165,0.04486066168490425,0.000131072,0.192,1.0,0.0,0.0,True,euler,1.0027258368840906,-1.562069680534925,-1.5533430342749532,stability-verified-in-model
outputs/hou_early_time_v2_hires,hou_early_time_v2_hires,hou_early_time_v2_hires/nr129/nz256,129,256,,1375.0,0.0013749999999999685,1e-06,0.0005,237.34247051914076,175.9393955298237,0.0078125,0.00390625,0.030379836226450015,0.045040485255634866,0.000131072,0.192,1.0,0.0,0.0,True,euler,1.0027609200713645,-1.562069680534925,-1.5533430342749532,stability-verified-in-model
outputs/hou_early_time_v2_hires,hou_early_time_v2_hires,hou_early_time_v2_hires/nr129/nz256,129,256,,1400.0,0.0013999999999999664,1e-06,0.0005,239.53361829243224,176.62084060972,0.0078125,0.00390625,0.030660303141431325,0.04521493519608832,0.000131072,0.192,1.0,0.0,0.0,True,euler,1.0027952428757894,-1.562069680534925,-1.5533430342749532,stability-verified-in-model
outputs/hou_early_time_v2_hires,hou_early_time_v2_hires,hou_early_time_v2_hires/nr129/nz256,129,256,,1425.0,0.0014249999999999643,1e-06,0.0005,242.05144237733123,177.2827874954628,0.0078125,0.00390625,0.030982584624298395,0.045384393598838474,0.000131072,0.192,1.0,0.0,0.0,True,euler,1.002832574827526,-1.562069680534925,-1.5533430342749532,stability-verified-in-model
outputs/hou_early_time_v2_hires,hou_early_time_v2_hires,hou_early_time_v2_hires/nr129/nz256,129,256,,1450.0,0.0014499999999999622,1e-06,0.0005,244.84132023939378,177.9266197553879,0.0078125,0.00390625,0.031339688990642406,0.045549214657379294,0.000131072,0.192,1.0,0.0,0.0,True,euler,1.002872460749518,-1.562069680534925,-1.5533430342749532,stability-verified-in-model
outputs/hou_early_time_v2_hires,hou_early_time_v2_hires,hou_early_time_v2_hires/nr129/nz256,129,256,,1475.0,0.00147499999999996,1e-06,0.0005,247.5824204135168,178.55362014260243,0.0078125,0.00390625,0.031690549812930145,0.04570972675650622,0.000131072,0.192,1.0,0.0,0.0,True,euler,1.0029118021059176,-1.562069680534925,-1.5533430342749532,stability-verified-in-model
outputs/hou_early_time_v2_hires,hou_early_time_v2_hires,hou_early_time_v2_hires/nr129/nz256,129,256,,1500.0,0.0015,1.000000000041983e-06,0.0005,250.2540121868376,179.16497820559167,0.0078125,0.00390625,0.03203251356126003,0.045866234422557065,0.0001310720000055028,0.192,1.0,0.0,0.0,True,euler,1.0029504003392222,-1.562069680534925,-1.5533430342749532,stability-verified-in-model
outputs/hou_early_time_v2_hires,hou_early_time_v2_hires,hou_early_time_v2_hires/nr129/nz256,129,256,,1525.0,0.001524999999999998,1e-06,0.0005,252.83188259877173,179.76179735833603,0.0078125,0.00390625,0.03236248097264278,0.046019020123734024,0.000131072,0.192,1.0,0.0,0.0,True,euler,1.0029880161316524,-1.562069680534925,-1.5533430342749532,stability-verified-in-model
outputs/hou_early_time_v2_hires,hou_early_time_v2_hires,hou_early_time_v2_hires/nr129/nz256,129,256,,1550.0,0.0015499999999999958,1e-06,0.0005,256.18972570243767,180.3451014280528,0.0078125,0.00390625,0.03279228488991202,0.04616834596558152,0.000131072,0.192,1.0,0.0,0.0,True,euler,1.003033446479324,-1.562069680534925,-1.5533430342749532,stability-verified-in-model
outputs/hou_early_time_v2_hires,hou_early_time_v2_hires,hou_early_time_v2_hires/nr129/nz256,129,256,,1575.0,0.0015749999999999937,1e-06,0.0005,259.60018964015256,180.91584070127718,0.0078125,0.00390625,0.03322882427393953,0.04631445521952696,0.000131072,0.192,1.0,0.0,0.0,True,euler,1.0030794881992806,-1.562069680534925,-1.5533430342749532,stability-verified-in-model
outputs/hou_early_time_v2_hires,hou_early_time_v2_hires,hou_early_time_v2_hires/nr129/nz256,129,256,,1600.0,0.0015999999999999916,1e-06,0.0005,262.92369188989204,181.47489749074617,0.0078125,0.00390625,0.03365423256190618,0.046457573757631015,0.000131072,0.192,1.0,0.0,0.0,True,euler,1.0031247381258663,-1.562069680534925,-1.5533430342749532,stability-verified-in-model
outputs/hou_early_time_v2_hires,hou_early_time_v2_hires,hou_early_time_v2_hires/nr129/nz256,129,256,,1625.0,0.0016249999999999895,1e-06,0.0005,266.12220358398406,182.0230912463764,0.0078125,0.00390625,0.03406364205874996,0.046597911359072354,0.000131072,0.192,1.0,0.0,0.0,True,euler,1.003168797758066,-1.562069680534925,-1.5533430342749532,stability-verified-in-model
outputs/hou_early_time_v2_hires,hou_early_time_v2_hires,hou_early_time_v2_hires/nr129/nz256,129,256,,1650.0,0.0016499999999999874,1e-06,0.0005,269.73474664372606,182.56118323361375,0.0078125,0.00390625,0.034526047570396935,0.04673566290780512,0.000131072,0.192,1.0,0.0,0.0,True,euler,1.0032172393530054,-1.562069680534925,-1.5533430342749532,stability-verified-in-model
outputs/hou_early_time_v2_hires,hou_early_time_v2_hires,hou_early_time_v2_hires/nr129/nz256,129,256,,1675.0,0.0016749999999999853,1e-06,0.0005,274.06718881575017,183.089880801708,0.0078125,0.00390625,0.03508060016841602,0.046871009485237244,0.000131072,0.192,1.0,0.0,0.0,True,euler,1.0032733652909727,-1.562069680534925,-1.5533430342749532,stability-verified-in-model
outputs/hou_early_time_v2_hires,hou_early_time_v2_hires,hou_early_time_v2_hires/nr129/nz256,129,256,,1700.0,0.0016999999999999832,1e-06,0.0005,278.28240780035804,183.60984126333534,0.0078125,0.00390625,0.035620148198445827,0.047004119363413845,0.000131072,0.192,1.0,0.0,0.0,True,euler,1.0033285422440839,-1.562069680534925,-1.5533430342749532,stability-verified-in-model
outputs/hou_early_time_v2_hires,hou_early_time_v2_hires,hou_early_time_v2_hires/nr129/nz256,129,256,,1725.0,0.001724999999999981,1e-06,0.0005,282.316440217459,184.12167540577644,0.0078125,0.00390625,0.03613650434783475,0.047135148903878765,0.000131072,0.192,1.0,0.0,0.0,True,euler,1.0033820690650292,-1.562069680534925,-1.5533430342749532,stability-verified-in-model
outputs/hou_early_time_v2_hires,hou_early_time_v2_hires,hou_early_time_v2_hires/nr129/nz256,129,256,,1750.0,0.001749999999999979,1e-06,0.0005,286.42732681996745,184.6259506519853,0.0078125,0.00390625,0.03666269783295583,0.04726424336690824,0.000131072,0.192,1.0,0.0,0.0,True,euler,1.0034366716819363,-1.562069680534925,-1.5533430342749532,stability-verified-in-model
outputs/hou_early_time_v2_hires,hou_early_time_v2_hires,hou_early_time_v2_hires/nr129/nz256,129,256,,1775.0,0.001774999999999977,1e-06,0.0005,292.05856588492793,185.1231938856833,0.0078125,0.00390625,0.037383496433270776,0.04739153763473492,0.000131072,0.192,1.0,0.0,0.0,True,euler,1.0035079711601567,-1.562069680534925,-1.5533430342749532,stability-verified-in-model
outputs/hou_early_time_v2_hires,hou_early_time_v2_hires,hou_early_time_v2_hires/nr129/nz256,129,256,,1800.0,0.0017999999999999748,1e-06,0.0005,297.5112615842119,185.61389394701632,0.0078125,0.00390625,0.03808144148277912,0.04751715685043618,0.000131072,0.192,1.0,0.0,0.0,True,euler,1.0035778894712608,-1.562069680534925,-1.5533430342749532,stability-verified-in-model
outputs/hou_early_time_v2_hires,hou_early_time_v2_hires,hou_early_time_v2_hires/nr129/nz256,129,256,,1825.0,0.0018249999999999727,1e-06,0.0005,302.66614349243673,187.6121654914283,0.0078125,0.00390625,0.0387412663670319,0.04802871436580564,0.000131072,0.192,1.0,0.0,0.0,True,euler,1.0036784889060901,-1.562069680534925,-1.5533430342749532,stability-verified-in-model
outputs/hou_early_time_v2_hires,hou_early_time_v2_hires,hou_early_time_v2_hires/nr129/nz256,129,256,,1850.0,0.0018499999999999706,1e-06,0.0005,307.9370712476212,191.1336538333465,0.0078125,0.00390625,0.03941594511969551,0.048930215381336704,0.000131072,0.192,1.0,0.0,0.0,True,euler,1.0038159913882363,-1.562069680534925,-1.5533430342749532,stability-verified-in-model
outputs/hou_early_time_v2_hires,hou_early_time_v2_hires,hou_early_time_v2_hires/nr129/nz256,129,256,,1875.0,0.0018749999999999685,1e-06,0.0005,315.4497474348945,194.67905015749693,0.0078125,0.00390625,0.040377567671666496,0.04983783684031921,0.000131072,0.192,1.0,0.0,0.0,True,euler,1.0039822441413908,-1.562069680534925,-1.5533430342749532,stability-verified-in-model
outputs/hou_early_time_v2_hires,hou_early_time_v2_hires,hou_early_time_v2_hires/nr129/nz256,129,256,,1900.0,0.0018999999999999664,1e-06,0.0005,322.63011948327437,199.2413921007836,0.0078125,0.00390625,0.04129665529385912,0.0510057963778006,0.000131072,0.192,1.0,0.0,0.0,True,euler,1.0041719472647976,-1.5707963267948966,-1.5533430342749532,stability-verified-in-model
outputs/hou_early_time_v2_hires,hou_early_time_v2_hires,hou_early_time_v2_hires/nr129/nz256,129,256,,1925.0,0.0019249999999999643,1e-06,0.0005,329.21842812411427,203.93352966964414,0.0078125,0.00390625,0.04213995879988663,0.0522069835954289,0.000131072,0.192,1.0,0.0,0.0,True,euler,1.004361955087476,-1.5707963267948966,-1.5533430342749532,stability-verified-in-model
outputs/hou_early_time_v2_hires,hou_early_time_v2_hires,hou_early_time_v2_hires/nr129/nz256,129,256,,1950.0,0.0019499999999999622,1e-06,0.0005,337.4021635376479,208.6462201240823,0.0078125,0.00390625,0.04318747693281893,0.053413432351765065,0.000131072,0.192,1.0,0.0,0.0,True,euler,1.0045762299571566,-1.5707963267948966,-1.562069680534925,stability-verified-in-model
outputs/hou_early_time_v2_hires,hou_early_time_v2_hires,hou_early_time_v2_hires/nr129/nz256,129,256,,1975.0,0.0019749999999999646,1e-06,0.0005,347.6698217502794,213.27910808789403,0.0078125,0.00390625,0.044501737184035765,0.05459945167050087,0.000131072,0.192,1.0,0.0,0.0,True,euler,1.0048197925615139,-1.5707963267948966,-1.562069680534925,stability-verified-in-model
outputs/hou_early_time_v2_hires,hou_early_time_v2_hires,hou_early_time_v2_hires/nr129/nz256,129,256,,2000.0,0.001999999999999968,1e-06,0.0005,357.0961509200639,219.5552866957997,0.0078125,0.00390625,0.045708307317768176,0.05620615339412472,0.000131072,0.192,1.0,0.0,0.0,True,euler,1.00510120948141,-1.5707963267948966,-1.562069680534925,stability-verified-in-model
outputs/hou_early_time_v2_hires,hou_early_time_v2_hires,hou_early_time_v2_hires/nr129/nz256,129,256,,2025.0,0.0020249999999999713,1e-06,0.0005,365.8781258613502,225.7328751577258,0.0078125,0.00390625,0.046832400110252824,0.057787616040377805,0.000131072,0.192,1.0,0.0,0.0,True,euler,1.0053792023800898,-1.5707963267948966,-1.562069680534925,stability-verified-in-model
outputs/hou_early_time_v2_hires,hou_early_time_v2_hires,hou_early_time_v2_hires/nr129/nz256,129,256,,2050.0,0.0020499999999999746,1e-06,0.0005,381.0789997901093,231.5363925097146,0.0078125,0.00390625,0.04877811197313399,0.05927331648248694,0.000131072,0.192,1.0,0.0,0.0,True,euler,1.0057421365950068,-1.5707963267948966,-1.562069680534925,stability-verified-in-model
outputs/hou_early_time_v2_hires,hou_early_time_v2_hires,hou_early_time_v2_hires/nr129/nz256,129,256,,2075.0,0.002074999999999978,1e-06,0.0005,394.82219174086094,239.05174078207574,0.0078125,0.00390625,0.0505372405428302,0.06119724564021139,0.000131072,0.192,1.0,0.0,0.0,True,euler,1.0061445609676074,-1.5707963267948966,-1.562069680534925,stability-verified-in-model
outputs/hou_early_time_v2_hires,hou_early_time_v2_hires,hou_early_time_v2_hires/nr129/nz256,129,256,,2100.0,0.0020999999999999812,1e-06,0.0005,406.34748852989924,246.60062603746633,0.0078125,0.00390625,0.0520124785318271,0.06312976026559138,0.000131072,0.192,1.0,0.0,0.0,True,euler,1.0065287636154066,-1.5707963267948966,-1.562069680534925,stability-verified-in-model
outputs/hou_early_time_v2_hires,hou_early_time_v2_hires,hou_early_time_v2_hires/nr129/nz256,129,256,,2125.0,0.0021249999999999845,1e-06,0.0005,429.9756035544041,253.3706425288591,0.0078125,0.00390625,0.05503687725496372,0.06486288448738793,0.000131072,0.192,1.0,0.0,0.0,True,euler,1.0070841895480138,-1.5707963267948966,-1.562069680534925,stability-verified-in-model
outputs/hou_early_time_v2_hires,hou_early_time_v2_hires,hou_early_time_v2_hires/nr129/nz256,129,256,,2150.0,0.002149999999999988,1e-06,0.0005,449.8391837652282,262.4291158141572,0.0078125,0.00390625,0.05757941552194921,0.06718185364842424,0.000131072,0.192,1.0,0.0,0.0,True,euler,1.007674639533649,-1.5707963267948966,-1.562069680534925,stability-verified-in-model
outputs/hou_early_time_v2_hires,hou_early_time_v2_hires,hou_early_time_v2_hires/nr129/nz256,129,256,,2175.0,0.002174999999999991,1e-06,0.0005,470.2463793666534,267.3203891826673,0.0078125,0.00390625,0.060191536558931634,0.06843401963076283,0.000131072,0.192,1.0,0.0,0.0,True,euler,1.0081604517531053,-1.5707963267948966,-1.562069680534925,stability-verified-in-model
outputs/hou_early_time_v2_hires,hou_early_time_v2_hires,hou_early_time_v2_hires/nr129/nz256,129,256,,2192.0,0.002191729,7.290000000065994e-07,0.0005,495.54995850924274,273.2436657175743,0.0078125,0.00390625,0.04624075772883306,0.05099382587133821,9.5551488000865e-05,0.192,1.0,0.0,0.0,True,euler,1.0046586828299955,-1.5707963267948966,-1.562069680534925,stability-verified-in-model
outputs/hou_early_time_v2_hires,hou_early_time_v2_hires,hou_early_time_v2_hires/nr257/nz512,257,512,,25.0,2.5000000000000008e-05,1e-06,0.0005,9.572893444527459,7.783346522802295,0.00390625,0.001953125,0.0024506607217990293,0.0039850734196747745,0.000524288,0.384,1.0,0.0,0.0,True,euler,1.0,0.0,0.0,stability-verified-in-model
outputs/hou_early_time_v2_hires,hou_early_time_v2_hires,hou_early_time_v2_hires/nr257/nz512,257,512,,50.0,4.9999999999999955e-05,1e-06,0.0005,19.103954294793056,15.526020789641967,0.00390625,0.001953125,0.004890612299467022,0.007949322644296687,0.000524288,0.384,1.0,0.0,0.0,True,euler,1.0,0.0,0.0,stability-verified-in-model
outputs/hou_early_time_v2_hires,hou_early_time_v2_hires,hou_early_time_v2_hires/nr257/nz512,257,512,,75.0,7.499999999999989e-05,1e-06,0.0005,28.552422669174028,23.188279908844486,0.00390625,0.001953125,0.007309420203308551,0.011872399313328376,0.000524288,0.384,1.0,0.0,0.0,True,euler,1.0000092683732826,-0.8988445647770797,-0.47123889803846897,stability-verified-in-model
outputs/hou_early_time_v2_hires,hou_early_time_v2_hires,hou_early_time_v2_hires/nr257/nz512,257,512,,100.0,9.999999999999982e-05,1e-06,0.0005,37.87897386616614,30.732620859275706,0.00390625,0.001953125,0.009697017309738532,0.01573510187994916,0.000524288,0.384,1.0,0.0,0.0,True,euler,1.0000897999919585,-1.2740903539558606,-0.9162978572970231,stability-verified-in-model
outputs/hou_early_time_v2_hires,hou_early_time_v2_hires,hou_early_time_v2_hires/nr257/nz512,257,512,,125.0,0.00012499999999999976,1e-06,0.0005,47.04637530889803,38.12671379691635,0.00390625,0.001953125,0.012043872079077894,0.01952087746402117,0.000524288,0.384,1.0,0.0,0.0,True,euler,1.0002340736415085,-1.387536755335492,-1.1431906600562858,stability-verified-in-model
outputs/hou_early_time_v2_hires,hou_early_time_v2_hires,hou_early_time_v2_hires/nr257/nz512,257,512,,150.0,0.0001499999999999997,1e-06,0.0005,56.020076983491215,45.336647112027016,0.00390625,0.001953125,0.01434113970777375,0.023212363321357832,0.000524288,0.384,1.0,0.0,0.0,True,euler,1.000424106999864,-1.4486232791552935,-1.2740903539558606,stability-verified-in-model
outputs/hou_early_time_v2_hires,hou_early_time_v2_hires,hou_early_time_v2_hires/nr257/nz512,257,512,,175.0,0.00017499999999999962,1e-06,0.0005,64.76871890502676,52.33442493223063,0.00390625,0.001953125,0.016580792039686848,0.026795225565302082,0.000524288,0.384,1.0,0.0,0.0,True,euler,1.0006494995535948,-1.4748032179352084,-1.3439035240356338,stability-verified-in-model
outputs/hou_early_time_v2_hires,hou_early_time_v2_hires,hou_early_time_v2_hires/nr257/nz512,257,512,,200.0,0.00019999999999999955,1e-06,0.0005,73.26454333834428,59.104230687321405,0.00390625,0.001953125,0.018755723094616136,0.030261366111908557,0.000524288,0.384,1.0,0.0,0.0,True,euler,1.0009034955719431,-1.5009831567151235,-1.3962634015954636,stability-verified-in-model
outputs/hou_early_time_v2_hires,hou_early_time_v2_hires,hou_early_time_v2_hires/nr257/nz512,257,512,,225.0,0.00022499999999999948,1e-06,0.0005,81.48538855351993,65.61882047554487,0.00390625,0.001953125,0.0208602594697011,0.03359683608347897,0.000524288,0.384,1.0,0.0,0.0,True,euler,1.0011803914324982,-1.509709802975095,-1.4311699866353502,stability-verified-in-model
outputs/hou_early_time_v2_hires,hou_early_time_v2_hires,hou_early_time_v2_hires/nr257/nz512,257,512,,250.0,0.00024999999999999957,1e-06,0.0005,89.44032273772505,71.8756331312635,0.00390625,0.001953125,0.022896722620857613,0.03680032416320691,0.000524288,0.384,1.0,0.0,0.0,True,euler,1.0014761543837996,-1.5271630954950384,-1.4486232791552935,stability-verified-in-model
outputs/hou_early_time_v2_hires,hou_early_time_v2_hires,hou_early_time_v2_hires/nr257/nz512,257,512,,275.0,0.0002750000000000002,1e-06,0.0005,97.09080543830447,77.85449150878658,0.00390625,0.001953125,0.024855246192205943,0.03986149965249873,0.000524288,0.384,1.0,0.0,0.0,True,euler,1.0017858616390012,-1.5271630954950384,-1.4660765716752369,stability-verified-in-model
outputs/hou_early_time_v2_hires,hou_early_time_v2_hires,hou_early_time_v2_hires/nr257/nz512,257,512,,300.0,0.0003000000000000008,1e-06,0.0005,104.42515828127526,83.56249968695016,0.00390625,0.001953125,0.026732840520006466,0.04278399983971848,0.000524288,0.384,1.0,0.0,0.0,True,euler,1.0021059613564283,-1.53588974175501,-1.4835298641951802,stability-verified-in-model
outputs/hou_early_time_v2_hires,hou_early_time_v2_hires,hou_early_time_v2_hires/nr257/nz512,257,512,,325.0,0.0003250000000000014,1e-06,0.0005,111.43561834027882,88.98957657217883,0.00390625,0.001953125,0.028527518295111378,0.04556266320495556,0.000524288,0.384,1.0,0.0,0.0,True,euler,1.0024325269654546,-1.53588974175501,-1.4922565104551517,stability-verified-in-model
outputs/hou_early_time_v2_hires,hou_early_time_v2_hires,hou_early_time_v2_hires/nr257/nz512,257,512,,350.0,0.000350000000000002,1e-06,0.0005,118.11818559670414,94.1388611588039,0.00390625,0.001953125,0.030238255512756256,0.0481990969133076,0.000524288,0.384,1.0,0.0,0.0,True,euler,1.002762449035906,-1.5446163880149817,-1.5009831567151235,stability-verified-in-model
outputs/hou_early_time_v2_hires,hou_early_time_v2_hires,hou_early_time_v2_hires/nr257/nz512,257,512,,375.0,0.0003750000000000026,1e-06,0.0005,124.51006214907571,99.02347901154744,0.00390625,0.001953125,0.03187457591016338,0.050700021253912285,0.000524288,0.384,1.0,0.0,0.0,True,euler,1.0030939867472095,-1.5446163880149817,-1.509709802975095,stability-verified-in-model
outputs/hou_early_time_v2_hires,hou_early_time_v2_hires,hou_early_time_v2_hires/nr257/nz512,257,512,,400.0,0.0004000000000000032,1e-06,0.0005,130.59443204223834,103.64085587099083,0.00390625,0.001953125,0.03343217460281301,0.0530641182059473,0.000524288,0.384,1.0,0.0,0.0,True,euler,1.003423977765282,-1.5446163880149817,-1.509709802975095,stability-verified-in-model
outputs/hou_early_time_v2_hires,hou_early_time_v2_hires,hou_early_time_v2_hires/nr257/nz512,257,512,,425.0,0.0004250000000000038,1e-06,0.0005,136.36259003557566,107.99993295274169,0.00390625,0.001953125,0.03490882304910737,0.05529596567180374,0.000524288,0.384,1.0,0.0,0.0,True,euler,1.0037502030500163,-1.5533430342749532,-1.5184364492350666,stability-verified-in-model
outputs/hou_early_time_v2_hires,hou_early_time_v2_hires,hou_early_time_v2_hires/nr257/nz512,257,512,,450.0,0.00045000000000000443,1e-06,0.0005,141.82174827496337,112.1218781047074,0.00390625,0.001953125,0.03630636755839062,0.05740640158961019,0.000524288,0.384,1.0,0.0,0.0,True,euler,1.004071306157946,-1.5533430342749532,-1.5184364492350666,stability-verified-in-model
outputs/hou_early_time_v2_hires,hou_early_time_v2_hires,hou_early_time_v2_hires/nr257/nz512,257,512,,475.0,0.00047500000000000504,1e-06,0.0005,146.98134302912396,116.00762625448823,0.00390625,0.001953125,0.03762722381545573,0.05939590464229797,0.000524288,0.384,1.0,0.0,0.0,True,euler,1.004385571127606,-1.5533430342749532,-1.5271630954950384,stability-verified-in-model
outputs/hou_early_time_v2_hires,hou_early_time_v2_hires,hou_early_time_v2_hires/nr257/nz512,257,512,,500.0,0.0005,9.999999999943865e-07,0.0005,151.88598971035483,119.66773614475102,0.00390625,0.001953125,0.03888281336563257,0.06126988090576858,0.0005242879999970569,0.384,1.0,0.0,0.0,True,euler,1.0046926296076342,-1.5533430342749532,-1.5271630954950384,stability-verified-in-model
outputs/hou_early_time_v2_hires,hou_early_time_v2_hires,hou_early_time_v2_hires/nr257/nz512,257,512,,525.0,0.0005250000000000006,1e-06,0.0005,156.53471931712005,123.11908734202439,0.00390625,0.001953125,0.04007288814518273,0.06303697271911649,0.000524288,0.384,1.0,0.0,0.0,True,euler,1.004991630950163,-1.5533430342749532,-1.5271630954950384,stability-verified-in-model
outputs/hou_early_time_v2_hires,hou_early_time_v2_hires,hou_early_time_v2_hires/nr257/nz512,257,512,,550.0,0.0005500000000000012,1e-06,0.0005,160.92023840967184,126.37560077563647,0.00390625,0.001953125,0.04119558103287599,0.06470430759712587,0.000524288,0.384,1.0,0.0,0.0,True,euler,1.0052816795304667,-1.5533430342749532,-1.53588974175501,stability-verified-in-model
outputs/hou_early_time_v2_hires,hou_early_time_v2_hires,hou_early_time_v2_hires/nr257/nz512,257,512,,575.0,0.0005750000000000018,1e-06,0.0005,165.05633786542353,129.4411997716957,0.00390625,0.001953125,0.042254422493548424,0.06627389428310819,0.000524288,0.384,1.0,0.0,0.0,True,euler,1.0055619812694676,-1.5533430342749532,-1.53588974175501,stability-verified-in-model
outputs/hou_early_time_v2_hires,hou_early_time_v2_hires,hou_early_time_v2_hires/nr257/nz512,257,512,,600.0,0.0006000000000000024,1e-06,0.0005,168.95746681144064,132.3282834448664,0.00390625,0.001953125,0.0432531115037288,0.0677520811237716,0.000524288,0.384,1.0,0.0,0.0,True,euler,1.0058323302903822,-1.5533430342749532,-1.53588974175501,stability-verified-in-model
outputs/hou_early_time_v2_hires,hou_early_time_v2_hires,hou_early_time_v2_hires/nr257/nz512,257,512,,625.0,0.000625000000000003,1e-06,0.0005,172.63846264944135,135.0593818554629,0.00390625,0.001953125,0.044195446438256986,0.069150403509997,0.000524288,0.384,1.0,0.0,0.0,True,euler,1.006093345590648,-1.562069680534925,-1.53588974175501,stability-verified-in-model
outputs/hou_early_time_v2_hires,hou_early_time_v2_hires,hou_early_time_v2_hires/nr257/nz512,257,512,,650.0,0.0006500000000000037,1e-06,0.0005,176.11430120497982,137.63120430260358,0.00390625,0.001953125,0.045085261108474835,0.07046717660293303,0.000524288,0.384,1.0,0.0,0.0,True,euler,1.0063443503042637,-1.562069680534925,-1.53588974175501,stability-verified-in-model
outputs/hou_early_time_v2_hires,hou_early_time_v2_hires,hou_early_time_v2_hires/nr257/nz512,257,512,,675.0,0.0006750000000000043,1e-06,0.0005,179.39986925619957,140.05633459470468,0.00390625,0.001953125,0.045926366529587086,0.0717088433124888,0.000524288,0.384,1.0,0.0,0.0,True,euler,1.0065856476513826,-1.562069680534925,-1.53588974175501,stability-verified-in-model
outputs/hou_early_time_v2_hires,hou_early_time_v2_hires,hou_early_time_v2_hires/nr257/nz512,257,512,,700.0,0.0007000000000000049,1e-06,0.0005,182.50976089412896,142.3547248226722,0.00390625,0.001953125,0.04672249878889701,0.07288561910920817,0.000524288,0.384,1.0,0.0,0.0,True,euler,1.00681817244395,-1.562069680534925,-1.5446163880149817,stability-verified-in-model
outputs/hou_early_time_v2_hires,hou_early_time_v2_hires,hou_early_time_v2_hires/nr257/nz512,257,512,,725.0,0.0007250000000000055,1e-06,0.0005,185.45809840672445,144.52015874520797,0.00390625,0.001953125,0.04747727319212146,0.07399432127754647,0.000524288,0.384,1.0,0.0,0.0,True,euler,1.0070413328479277,-1.562069680534925,-1.5446163880149817,stability-verified-in-model
outputs/hou_early_time_v2_hires,hou_early_time_v2_hires,hou_early_time_v2_hires/nr257/nz512,257,512,,750.0,0.0007500000000000061,1e-06,0.0005,188.25837767863058,146.57341446777053,0.00390625,0.001953125,0.048194144685729426,0.07504558820749851,0.000524288,0.384,1.0,0.0,0.0,True,euler,1.007256216435275,-1.562069680534925,-1.5446163880149817,stability-verified-in-model
outputs/hou_early_time_v2_hires,hou_early_time_v2_hires,hou_early_time_v2_hires/nr257/nz512,257,512,,775.0,0.0007750000000000067,1e-06,0.0005,190.92333747292724,148.51566243801759,0.00390625,0.001953125,0.04887637439306937,0.076040019168265,0.000524288,0.384,1.0,0.0,0.0,True,euler,1.0074628056319257,-1.562069680534925,-1.5446163880149817,stability-verified-in-model
outputs/hou_early_time_v2_hires,hou_early_time_v2_hires,hou_early_time_v2_hires/nr257/nz512,257,512,,800.0,0.0008000000000000073,1e-06,0.0005,193.46485142252186,150.35459058540036,0.00390625,0.001953125,0.049527001964165596,0.07698155037972498,0.000524288,0.384,1.0,0.0,0.0,True,euler,1.0076615251841705,-1.562069680534925,-1.5446163880149817,stability-verified-in-model
outputs/hou_early_time_v2_hires,hou_early_time_v2_hires,hou_early_time_v2_hires/nr257/nz512,257,512,,825.0,0.0008250000000000079,1e-06,0.0005,195.89384111621587,152.10186082738667,0.00390625,0.001953125,0.05014882332575126,0.07787615274362197,0.000524288,0.384,1.0,0.0,0.0,True,euler,1.0078530933721834,-1.562069680534925,-1.5446163880149817,stability-verified-in-model
outputs/hou_early_time_v2_hires,hou_early_time_v2_hires,hou_early_time_v2_hires/nr257/nz512,257,512,,850.0,0.0008500000000000085,1e-06,0.0005,198.2202083224203,153.7565629553197,0.00390625,0.001953125,0.05074437333053959,0.0787233602331237,0.000524288,0.384,1.0,0.0,0.0,True,euler,1.0080374384918567,-1.562069680534925,-1.5446163880149817,stability-verified-in-model
outputs/hou_early_time_v2_hires,hou_early_time_v2_hires,hou_early_time_v2_hires/nr257/nz512,257,512,,875.0,0.0008750000000000091,1e-06,0.0005,200.45278415212096,155.33253416949194,0.00390625,0.001953125,0.05131591274294296,0.07953025749477986,0.000524288,0.384,1.0,0.0,0.0,True,euler,1.0082154615167511,-1.562069680534925,-1.5446163880149817,stability-verified-in-model
outputs/hou_early_time_v2_hires,hou_early_time_v2_hires,hou_early_time_v2_hires/nr257/nz512,257,512,,900.0,0.0009000000000000097,1e-06,0.0005,202.59929281801976,156.8290312897919,0.00390625,0.001953125,0.05186541896141306,0.08029646402037345,0.000524288,0.384,1.0,0.0,0.0,True,euler,1.0083871115460383,-1.562069680534925,-1.5446163880149817,stability-verified-in-model
outputs/hou_early_time_v2_hires,hou_early_time_v2_hires,hou_early_time_v2_hires/nr257/nz512,257,512,,925.0,0.0009250000000000103,1e-06,0.0005,204.66632759142362,158.25326361571797,0.00390625,0.001953125,0.05239457986340444,0.08102567097124759,0.000524288,0.384,1.0,0.0,0.0,True,euler,1.008552858225942,-1.562069680534925,-1.5446163880149817,stability-verified-in-model
outputs/hou_early_time_v2_hires,hou_early_time_v2_hires,hou_early_time_v2_hires/nr257/nz512,257,512,,950.0,0.000950000000000011,1e-06,0.0005,206.69093541826857,159.61378726615177,0.00390625,0.001953125,0.05291287946707675,0.0817222590802697,0.000524288,0.384,1.0,0.0,0.0,True,euler,1.0087143411023873,-1.562069680534925,-1.5446163880149817,stability-verified-in-model
outputs/hou_early_time_v2_hires,hou_early_time_v2_hires,hou_early_time_v2_hires/nr257/nz512,257,512,,975.0,0.0009750000000000116,1e-06,0.0005,208.7127253166809,160.90346554161104,0.00390625,0.001953125,0.053430457681070305,0.08238257435730485,0.000524288,0.384,1.0,0.0,0.0,True,euler,1.008872278880327,-1.562069680534925,-1.5446163880149817,stability-verified-in-model
outputs/hou_early_time_v2_hires,hou_early_time_v2_hires,hou_early_time_v2_hires/nr257/nz512,257,512,,1000.0,0.001,9.99999999990375e-07,0.0005,210.67995693220732,162.1455705427973,0.00390625,0.001953125,0.053934068974125955,0.08301853211711314,0.0005242879999949537,0.384,1.0,0.0,0.0,True,euler,1.009026362615675,-1.562069680534925,-1.5446163880149817,stability-verified-in-model
outputs/hou_early_time_v2_hires,hou_early_time_v2_hires,hou_early_time_v2_hires/nr257/nz512,257,512,,1025.0,0.001024999999999998,1e-06,0.0005,212.59479829661834,163.32744374419696,0.00390625,0.001953125,0.05442426836393429,0.08362365119702883,0.000524288,0.384,1.0,0.0,0.0,True,euler,1.009175653535681,-1.562069680534925,-1.5446163880149817,stability-verified-in-model
outputs/hou_early_time_v2_hires,hou_early_time_v2_hires,hou_early_time_v2_hires/nr257/nz512,257,512,,1050.0,0.0010499999999999958,1e-06,0.0005,214.53554893471517,164.45297623811882,0.00390625,0.001953125,0.05492110052728708,0.08419992383391683,0.000524288,0.384,1.0,0.0,0.0,True,euler,1.009323048284801,-1.562069680534925,-1.5446163880149817,stability-verified-in-model
outputs/hou_early_time_v2_hires,hou_early_time_v2_hires,hou_early_time_v2_hires/nr257/nz512,257,512,,1075.0,0.0010749999999999937,1e-06,0.0005,216.49245041448688,165.54146006050516,0.00390625,0.001953125,0.05542206730610864,0.08475722755097864,0.000524288,0.384,1.0,0.0,0.0,True,euler,1.0094695016344988,-1.562069680534925,-1.5446163880149817,stability-verified-in-model
outputs/hou_early_time_v2_hires,hou_early_time_v2_hires,hou_early_time_v2_hires/nr257/nz512,257,512,,1100.0,0.0010999999999999916,1e-06,0.0005,218.40992733586978,166.58038619303568,0.00390625,0.001953125,0.05591294139798266,0.08528915773083426,0.000524288,0.384,1.0,0.0,0.0,True,euler,1.009612088075622,-1.562069680534925,-1.5533430342749532,stability-verified-in-model
outputs/hou_early_time_v2_hires,hou_early_time_v2_hires,hou_early_time_v2_hires/nr257/nz512,257,512,,1125.0,0.0011249999999999895,1e-06,0.0005,220.37210395247226,167.57343483530303,0.00390625,0.001953125,0.05641525861183289,0.08579759863567515,0.000524288,0.384,1.0,0.0,0.0,True,euler,1.0097540160986551,-1.562069680534925,-1.5533430342749532,stability-verified-in-model
outputs/hou_early_time_v2_hires,hou_early_time_v2_hires,hou_early_time_v2_hires/nr257/nz512,257,512,,1150.0,0.0011499999999999874,1e-06,0.0005,222.38541261212202,168.53016324563103,0.00390625,0.001953125,0.056930665628703234,0.08628744358176309,0.000524288,0.384,1.0,0.0,0.0,True,euler,1.0098961546129919,-1.562069680534925,-1.5533430342749532,stability-verified-in-model
outputs/hou_early_time_v2_hires,hou_early_time_v2_hires,hou_early_time_v2_hires/nr257/nz512,257,512,,1175.0,0.0011749999999999853,1e-06,0.0005,224.36453984374904,169.45377316467864,0.00390625,0.001953125,0.05743732219999975,0.08676033186031545,0.000524288,0.384,1.0,0.0,0.0,True,euler,1.0100356013372274,-1.562069680534925,-1.5533430342749532,stability-verified-in-model
outputs/hou_early_time_v2_hires,hou_early_time_v2_hires,hou_early_time_v2_hires/nr257/nz512,257,512,,1200.0,0.0011999999999999832,1e-06,0.0005,226.46056240443224,170.34019257422344,0.00390625,0.001953125,0.05797390397553465,0.0872141785980024,0.000524288,0.384,1.0,0.0,0.0,True,euler,1.0101775438237004,-1.562069680534925,-1.5533430342749532,stability-verified-in-model
outputs/hou_early_time_v2_hires,hou_early_time_v2_hires,hou_early_time_v2_hires/nr257/nz512,257,512,,1225.0,0.001224999999999981,1e-06,0.0005,228.5791240569326,171.1921623146618,0.00390625,0.001953125,0.05851625575857475,0.08765038710510684,0.000524288,0.384,1.0,0.0,0.0,True,euler,1.010318719417659,-1.562069680534925,-1.5533430342749532,stability-verified-in-model
outputs/hou_early_time_v2_hires,hou_early_time_v2_hires,hou_early_time_v2_hires/nr257/nz512,257,512,,1250.0,0.001249999999999979,1e-06,0.0005,230.69971502468005,172.01222663341426,0.00390625,0.001953125,0.05905912704631809,0.08807026003630809,0.000524288,0.384,1.0,0.0,0.0,True,euler,1.010458518807328,-1.562069680534925,-1.5533430342749532,stability-verified-in-model
outputs/hou_early_time_v2_hires,hou_early_time_v2_hires,hou_early_time_v2_hires/nr257/nz512,257,512,,1275.0,0.0012749999999999769,1e-06,0.0005,232.9927761583373,172.80739303356486,0.00390625,0.001953125,0.059646150696534346,0.08847738523318521,0.000524288,0.384,1.0,0.0,0.0,True,euler,1.010603820934314,-1.562069680534925,-1.5533430342749532,stability-verified-in-model
outputs/hou_early_time_v2_hires,hou_early_time_v2_hires,hou_early_time_v2_hires/nr257/nz512,257,512,,1300.0,0.0012999999999999748,1e-06,0.0005,235.25211059050537,173.57825529475454,0.00390625,0.001953125,0.06022454031116937,0.08887206671091433,0.000524288,0.384,1.0,0.0,0.0,True,euler,1.0107469690142528,-1.562069680534925,-1.5533430342749532,stability-verified-in-model
outputs/hou_early_time_v2_hires,hou_early_time_v2_hires,hou_early_time_v2_hires/nr257/nz512,257,512,,1325.0,0.0013249999999999727,1e-06,0.0005,237.663060199173,174.32295065634057,0.00390625,0.001953125,0.06084174341098829,0.08925335073604637,0.000524288,0.384,1.0,0.0,0.0,True,euler,1.0108948088825147,-1.562069680534925,-1.5533430342749532,stability-verified-in-model
outputs/hou_early_time_v2_hires,hou_early_time_v2_hires,hou_early_time_v2_hires/nr257/nz512,257,512,,1350.0,0.0013499999999999706,1e-06,0.0005,240.13388752343803,175.04336664188193,0.00390625,0.001953125,0.061474275206000135,0.08962220372064354,0.000524288,0.384,1.0,0.0,0.0,True,euler,1.0110440465293502,-1.562069680534925,-1.5533430342749532,stability-verified-in-model
outputs/hou_early_time_v2_hires,hou_early_time_v2_hires,hou_early_time_v2_hires/nr257/nz512,257,512,,1375.0,0.0013749999999999685,1e-06,0.0005,242.64590314745,175.7412543961333,0.00390625,0.001953125,0.0621173512057472,0.08997952225082023,0.000524288,0.384,1.0,0.0,0.0,True,euler,1.0111941048392379,-1.562069680534925,-1.5533430342749532,stability-verified-in-model
outputs/hou_early_time_v2_hires,hou_early_time_v2_hires,hou_early_time_v2_hires/nr257/nz512,257,512,,1400.0,0.0013999999999999664,1e-06,0.0005,245.36601622257353,176.41823857716554,0.00390625,0.001953125,0.06281370015297882,0.09032613815150875,0.000524288,0.384,1.0,0.0,0.0,True,euler,1.0113515788522125,-1.562069680534925,-1.5533430342749532,stability-verified-in-model
outputs/hou_early_time_v2_hires,hou_early_time_v2_hires,hou_early_time_v2_hires/nr257/nz512,257,512,,1425.0,0.0014249999999999643,1e-06,0.0005,248.03793192652185,177.0758266882438,0.00390625,0.001953125,0.06349771057318959,0.09066282326438083,0.000524288,0.384,1.0,0.0,0.0,True,euler,1.0115067078442408,-1.562069680534925,-1.5533430342749532,stability-verified-in-model
outputs/hou_early_time_v2_hires,hou_early_time_v2_hires,hou_early_time_v2_hires/nr257/nz512,257,512,,1450.0,0.0014499999999999622,1e-06,0.0005,251.01160269985172,177.7154178457787,0.00390625,0.001953125,0.06425897029116204,0.09099029393703868,0.000524288,0.384,1.0,0.0,0.0,True,euler,1.0116732862331916,-1.562069680534925,-1.5533430342749532,stability-verified-in-model
outputs/hou_early_time_v2_hires,hou_early_time_v2_hires,hou_early_time_v2_hires/nr257/nz512,257,512,,1475.0,0.00147499999999996,1e-06,0.0005,253.97193502498823,178.3383109869431,0.00390625,0.001953125,0.06501681536639699,0.09130921522531486,0.000524288,0.384,1.0,0.0,0.0,True,euler,1.0118391592704628,-1.562069680534925,-1.5533430342749532,stability-verified-in-model
outputs/hou_early_time_v2_hires,hou_early_time_v2_hires,hou_early_time_v2_hires/nr257/nz512,257,512,,1500.0,0.0015,1.000000000041983e-06,0.0005,257.14242849046707,178.94571252652366,0.00390625,0.001953125,0.06582846169632324,0.0916202048174266,0.0005242880000220112,0.384,1.0,0.0,0.0,True,euler,1.0120132895606213,-1.562069680534925,-1.5533430342749532,stability-verified-in-model
outputs/hou_early_time_v2_hires,hou_early_time_v2_hires,hou_early_time_v2_hires/nr257/nz512,257,512,,1525.0,0.001524999999999998,1e-06,0.0005,260.4393557568729,179.53874347729902,0.00390625,0.001953125,0.06667247507375945,0.0919238366603771,0.000524288,0.384,1.0,0.0,0.0,True,euler,1.0121925551625366,-1.562069680534925,-1.5533430342749532,stability-verified-in-model
outputs/hou_early_time_v2_hires,hou_early_time_v2_hires,hou_early_time_v2_hires/nr257/nz512,257,512,,1550.0,0.0015499999999999958,1e-06,0.0005,263.84416170672455,180.11844605192442,0.00390625,0.001953125,0.06754410539692147,0.0922206443785853,0.000524288,0.384,1.0,0.0,0.0,True,euler,1.0123763726525594,-1.562069680534925,-1.5533430342749532,stability-verified-in-model
outputs/hou_early_time_v2_hires,hou_early_time_v2_hires,hou_early_time_v2_hires/nr257/nz512,257,512,,1575.0,0.0015749999999999937,1e-06,0.0005,267.5346118269447,180.68578976689335,0.00390625,0.001953125,0.06848886062769784,0.09251112436064939,0.000524288,0.384,1.0,0.0,0.0,True,euler,1.0125721286669203,-1.562069680534925,-1.5533430342749532,stability-verified-in-model
outputs/hou_early_time_v2_hires,hou_early_time_v2_hires,hou_early_time_v2_hires/nr257/nz512,257,512,,1600.0,0.0015999999999999916,1e-06,0.0005,271.22288412481373,181.24167707088588,0.00390625,0.001953125,0.06943305833595231,0.09279573866029357,0.000524288,0.384,1.0,0.0,0.0,True,euler,1.0127683239356624,-1.562069680534925,-1.5533430342749532,stability-verified-in-model
outputs/hou_early_time_v2_hires,hou_early_time_v2_hires,hou_early_time_v2_hires/nr257/nz512,257,512,,1625.0,0.0016249999999999895,1e-06,0.0005,275.3750225719842,181.78694852065303,0.00390625,0.001953125,0.07049600577842795,0.09307491764257435,0.000524288,0.384,1.0,0.0,0.0,True,euler,1.0129842713714594,-1.562069680534925,-1.5533430342749532,stability-verified-in-model
outputs/hou_early_time_v2_hires,hou_early_time_v2_hires,hou_early_time_v2_hires/nr257/nz512,257,512,,1650.0,0.0016499999999999874,1e-06,0.0005,279.41371666600315,182.32238752763809,0.00390625,0.001953125,0.0715299114664968,0.0933490624141507,0.000524288,0.384,1.0,0.0,0.0,True,euler,1.013196402173473,-1.562069680534925,-1.5533430342749532,stability-verified-in-model
outputs/hou_early_time_v2_hires,hou_early_time_v2_hires,hou_early_time_v2_hires/nr257/nz512,257,512,,1675.0,0.0016749999999999853,1e-06,0.0005,284.1099476925852,182.84872469785915,0.00390625,0.001953125,0.0727321466093018,0.09361854704530388,0.000524288,0.384,1.0,0.0,0.0,True,euler,1.0134370415593832,-1.562069680534925,-1.5533430342749532,stability-verified-in-model
outputs/hou_early_time_v2_hires,hou_early_time_v2_hires,hou_early_time_v2_hires/nr257/nz512,257,512,,1700.0,0.0016999999999999832,1e-06,0.0005,288.65987170009123,183.366641786167,0.00390625,0.001953125,0.07389692715522335,0.09388372059451751,0.000524288,0.384,1.0,0.0,0.0,True,euler,1.0136728435087565,-1.562069680534925,-1.5533430342749532,stability-verified-in-model
outputs/hou_early_time_v2_hires,hou_early_time_v2_hires,hou_early_time_v2_hires/nr257/nz512,257,512,,1725.0,0.001724999999999981,1e-06,0.0005,293.93319873171856,183.87677528390566,0.00390625,0.001953125,0.07524689887531995,0.09414490894535969,0.000524288,0.384,1.0,0.0,0.0,True,euler,1.0139408775518928,-1.562069680534925,-1.5533430342749532,stability-verified-in-model
outputs/hou_early_time_v2_hires,hou_early_time_v2_hires,hou_early_time_v2_hires/nr257/nz512,257,512,,1750.0,0.001749999999999979,1e-06,0.0005,299.08689510896005,186.30214499636048,0.00390625,0.001953125,0.07656624514789377,0.09538669823813656,0.000524288,0.384,1.0,0.0,0.0,True,euler,1.0143720552105404,-1.562069680534925,-1.5533430342749532,stability-verified-in-model
outputs/hou_early_time_v2_hires,hou_early_time_v2_hires,hou_early_time_v2_hires/nr257/nz512,257,512,,1775.0,0.001774999999999977,1e-06,0.0005,305.10011864539786,190.0603003430424,0.00390625,0.001953125,0.07810563037322185,0.0973108737756377,0.000524288,0.384,1.0,0.0,0.0,True,euler,1.0149651413967609,-1.562069680534925,-1.5533430342749532,stability-verified-in-model
outputs/hou_early_time_v2_hires,hou_early_time_v2_hires,hou_early_time_v2_hires/nr257/nz512,257,512,,1800.0,0.0017999999999999748,1e-06,0.0005,310.95704631925986,193.90477200207377,0.00390625,0.001953125,0.07960500385773052,0.09927924326506177,0.000524288,0.384,1.0,0.0,0.0,True,euler,1.0155704272948383,-1.562069680534925,-1.5533430342749532,stability-verified-in-model
outputs/hou_early_time_v2_hires,hou_early_time_v2_hires,hou_early_time_v2_hires/nr257/nz512,257,512,,1825.0,0.001824881220095458,9.86005504321076e-07,0.0005,317.91828129371333,198.25888933310304,0.00390625,0.001953125,0.08024810887165376,0.10008799035546759,0.0005169508538494883,0.384,1.0,0.0,0.0,True,euler,1.0158314501723729,-1.562069680534925,-1.5533430342749532,stability-verified-in-model
outputs/hou_early_time_v2_hires,hou_early_time_v2_hires,hou_early_time_v2_hires/nr257/nz512,257,512,,1850.0,0.001849254134882869,9.648590678057864e-07,0.0005,324.5913383706141,202.5985564475498,0.00390625,0.001953125,0.08017533341647444,0.10008527580814382,0.0005058640309417602,0.384,1.0,0.0,0.0,True,euler,1.0158243892575822,-1.562069680534925,-1.5533430342749532,stability-verified-in-model
outputs/hou_early_time_v2_hires,hou_early_time_v2_hires,hou_early_time_v2_hires/nr257/nz512,257,512,,1875.0,0.0018730962108462973,9.431100639686777e-07,0.0005,332.3393442715055,207.28691789306453,0.00390625,0.001953125,0.08023874054021324,0.10009312173772704,0.0004944612892180101,0.384,1.0,0.0,0.0,True,euler,1.0158435764484026,-1.5707963267948966,-1.5533430342749532,stability-verified-in-model
outputs/hou_early_time_v2_hires,hou_early_time_v2_hires,hou_early_time_v2_hires/nr257/nz512,257,512,,1900.0,0.0018963923382739592,9.212532173012444e-07,0.0005,339.9162825032158,212.21794036816334,0.00390625,0.001953125,0.08016613603050657,0.10009930769060563,0.00048300200679243484,0.384,1.0,0.0,0.0,True,euler,1.015838351173514,-1.5707963267948966,-1.5533430342749532,stability-verified-in-model
outputs/hou_early_time_v2_hires,hou_early_time_v2_hires,hou_early_time_v2_hires/nr257/nz512,257,512,,1925.0,0.0019191316417538583,8.98988233115464e-07,0.0005,348.53898292543727,217.46716987199483,0.00390625,0.001953125,0.08021310577459193,0.10009621852356869,0.0004713287427636404,0.384,1.0,0.0,0.0,True,euler,1.0158528398368942,-1.5707963267948966,-1.562069680534925,stability-verified-in-model
outputs/hou_early_time_v2_hires,hou_early_time_v2_hires,hou_early_time_v2_hires/nr257/nz512,257,512,,1950.0,0.0019413242380518368,8.768209834149174e-07,0.0005,357.2359540822913,222.98637386944873,0.00390625,0.001953125,0.08018738702581783,0.10010579539166027,0.00045970671975264024,0.384,1.0,0.0,0.0,True,euler,1.0158566849478265,-1.5707963267948966,-1.562069680534925,stability-verified-in-model
outputs/hou_early_time_v2_hires,hou_early_time_v2_hires,hou_early_time_v2_hires/nr257/nz512,257,512,,1975.0,0.001962949977217398,8.543979887465796e-07,0.0005,366.8900333657746,228.82782944756215,0.00390625,0.001953125,0.08024834728931414,0.10010113907161214,0.00044795061272396674,0.384,1.0,0.0,0.0,True,euler,1.015873472582018,-1.5707963267948966,-1.562069680534925,stability-verified-in-model
outputs/hou_early_time_v2_hires,hou_early_time_v2_hires,hou_early_time_v2_hires/nr257/nz512,257,512,,2000.0,0.0019840274015108838,8.321552648825167e-07,0.0005,377.01093824046325,234.9681365644396,0.00390625,0.001953125,0.0803152991168253,0.10011134562392708,0.00043628901951472493,0.384,1.0,0.0,0.0,True,euler,1.0158939134158687,-1.5707963267948966,-1.562069680534925,stability-verified-in-model
outputs/hou_early_time_v2_hires,hou_early_time_v2_hires,hou_early_time_v2_hires/nr257/nz512,257,512,,2025.0,0.002004538637739258,8.099678979777534e-07,0.0005,387.8902019484905,241.38771888084335,0.00390625,0.001953125,0.0804297245487066,0.10010434726889551,0.0004246564492949604,0.384,1.0,0.0,0.0,True,euler,1.0159197235031088,-1.5707963267948966,-1.562069680534925,stability-verified-in-model
outputs/hou_early_time_v2_hires,hou_early_time_v2_hires,hou_early_time_v2_hires/nr257/nz512,257,512,,2050.0,0.00202450484466644,7.876859052951298e-07,0.0005,399.8757654644835,248.24226114186501,0.00390625,0.001953125,0.08063398510732152,0.10011490826242046,0.000412974267915373,0.384,1.0,0.0,0.0,True,euler,1.015964681105405,-1.5707963267948966,-1.562069680534925,stability-verified-in-model
outputs/hou_early_time_v2_hires,hou_early_time_v2_hires,hou_early_time_v2_hires/nr257/nz512,257,512,,2075.0,0.0020439138318459945,7.66329759679662e-07,0.0005,412.2142479996425,255.13287153553665,0.00390625,0.001953125,0.08086836367516126,0.10010414701066746,0.00040177749704293066,0.384,1.0,0.0,0.0,True,euler,1.0160109684780658,-1.5707963267948966,-1.562069680534925,stability-verified-in-model
outputs/hou_early_time_v2_hires,hou_early_time_v2_hires,hou_early_time_v2_hires/nr257/nz512,257,512,,2100.0,0.0020627851439477146,7.441734364766276e-07,0.0005,426.7355097290348,262.75555129299255,0.00390625,0.001953125,0.08129669906986525,0.10011427919821672,0.0003901612026634581,0.384,1.0,0.0,0.0,True,euler,1.01609589555375,-1.5707963267948966,-1.562069680534925,stability-verified-in-model
outputs/hou_early_time_v2_hires,hou_early_time_v2_hires,hou_early_time_v2_hires/nr257/nz512,257,512,,2125.0,0.0020811093951488145,7.217935046039636e-07,0.0005,440.7913188029029,270.9490467784113,0.00390625,0.001953125,0.08144903956422407,0.10013146216616589,0.00037842767294180284,0.384,1.0,0.0,0.0,True,euler,1.0161329586151813,-1.5707963267948966,-1.562069680534925,stability-verified-in-model
outputs/hou_early_time_v2_hires,hou_early_time_v2_hires,hou_early_time_v2_hires/nr257/nz512,257,512,,2150.0,0.0020988564475458026,6.986997260867906e-07,0.0005,458.83992368303404,279.94797747836634,0.00390625,0.001953125,0.08207138022272507,0.10014698249353503,0.0003663198819905913,0.384,1.0,0.0,0.0,True,euler,1.0162541641166614,-1.5707963267948966,-1.562069680534925,stability-verified-in-model
outputs/hou_early_time_v2_hires,hou_early_time_v2_hires,hou_early_time_v2_hires/nr257/nz512,257,512,,2175.0,0.002116004991241273,6.747382665219643e-07,0.0005,475.62514583095907,289.8427461361295,0.00390625,0.001953125,0.08215615652153288,0.1001308119510312,0.00035375717627826765,0.384,1.0,0.0,0.0,True,euler,1.0162737198147964,-1.5707963267948966,-1.562069680534925,stability-verified-in-model
outputs/hou_early_time_v2_hires,hou_early_time_v2_hires,hou_early_time_v2_hires/nr257/nz512,257,512,,2200.0,0.0021325752049628274,6.511161985891714e-07,0.0005,497.84589063859187,300.40287882442476,0.00390625,0.001953125,0.08298381409173512,0.10014575641876632,0.0003413724095259195,0.384,1.0,0.0,0.0,True,euler,1.0164323874349013,-1.5707963267948966,-1.562069680534925,stability-verified-in-model
outputs/hou_early_time_v2_hires,hou_early_time_v2_hires,hou_early_time_v2_hires/nr257/nz512,257,512,,2225.0,0.002148563950488773,6.290114705723784e-07,0.0005,519.7804389875862,311.01234474724146,0.00390625,0.001953125,0.08369865172539853,0.10016273015584046,0.0003297831658834511,0.384,1.0,0.0,0.0,True,euler,1.0165712160761242,-1.5707963267948966,-1.562069680534925,stability-verified-in-model
outputs/hou_early_time_v2_hires,hou_early_time_v2_hires,hou_early_time_v2_hires/nr257/nz512,257,512,,2250.0,0.002163981983573492,6.063923964248401e-07,0.0005,546.4564463980661,322.4966120044544,0.00390625,0.001953125,0.08482996072272013,0.10012646061684376,0.0003179242567367866,0.384,1.0,0.0,0.0,True,euler,1.0167767352776094,-1.5707963267948966,-1.562069680534925,stability-verified-in-model
outputs/hou_early_time_v2_hires,hou_early_time_v2_hires,hou_early_time_v2_hires/nr257/nz512,257,512,,2275.0,0.002178864784443813,5.83899134088331e-07,0.0005,576.7847815171971,335.03847967455414,0.00390625,0.001953125,0.08621673842770394,0.10016188322214044,0.0003061313092129029,0.384,1.0,0.0,0.0,True,euler,1.0170432691820976,-1.5707963267948966,-1.562069680534925,stability-verified-in-model
outputs/hou_early_time_v2_hires,hou_early_time_v2_hires,hou_early_time_v2_hires/nr257/nz512,257,512,,2298.0,0.002191729,2.845274699706142e-07,0.0005,605.8948042017175,349.6939183744701,0.00390625,0.001953125,0.04413279122121097,0.05094273323990961,0.00014917433817595338,0.384,1.0,0.0,0.0,True,euler,1.004419906493561,-1.562069680534925,-1.5533430342749532,stability-verified-in-model
outputs/hou_time_refinement_v1,hou_time_refinement_v1,hou_time_refinement_v1/nr65/nz128/level_index=0/requested_dt=6e-07,65,128,level_index=0;requested_dt=6e-07,25.0,1.4999514098001637e-05,5.999805639200657e-07,0.0005,5.537892626526097,4.679650055410156,0.015625,0.0078125,0.00021264818822348168,0.00035938548213677467,1.9660163118532714e-05,0.096,1.0,0.0,0.0,True,euler,1.0,0.0,0.0,stability-verified-in-model
outputs/hou_time_refinement_v1,hou_time_refinement_v1,hou_time_refinement_v1/nr65/nz128/level_index=0/requested_dt=6e-07,65,128,level_index=0;requested_dt=6e-07,50.0,2.9999028196003263e-05,5.999805639200657e-07,0.0005,11.067273558564429,9.350716342266406,0.015625,0.0078125,0.00042496953796640756,0.0007181117522034652,1.9660163118532714e-05,0.096,1.0,0.0,0.0,True,euler,1.0,0.0,0.0,stability-verified-in-model
outputs/hou_time_refinement_v1,hou_time_refinement_v1,hou_time_refinement_v1/nr65/nz128/level_index=0/requested_dt=6e-07,65,128,level_index=0;requested_dt=6e-07,75.0,4.499854229400489e-05,5.999805639200657e-07,0.0005,16.579793988214362,14.004708987163546,0.015625,0.0078125,0.0006366434653905516,0.001075526809043814,1.9660163118532714e-05,0.096,1.0,0.0,0.0,True,euler,1.0,0.0,0.0,stability-verified-in-model
outputs/hou_time_refinement_v1,hou_time_refinement_v1,hou_time_refinement_v1/nr65/nz128/level_index=0/requested_dt=6e-07,65,128,level_index=0;requested_dt=6e-07,100.0,5.999805639200652e-05,5.999805639200657e-07,0.0005,22.067203505933144,18.633265513923938,0.015625,0.0078125,0.0008473531650322316,0.0014309884352916987,1.9660163118532714e-05,0.096,1.0,0.0,0.0,True,euler,1.0,0.0,0.0,stability-verified-in-model
outputs/hou_time_refinement_v1,hou_time_refinement_v1,hou_time_refinement_v1/nr65/nz128/level_index=0/requested_dt=6e-07,65,128,level_index=0;requested_dt=6e-07,125.0,7.49975704900083e-05,5.999805639200657e-07,0.0005,27.52139767658013,23.22821187710405,0.015625,0.0078125,0.0010567874366632277,0.001783868884592596,1.9660163118532714e-05,0.096,1.0,0.0,0.0,True,euler,1.0,0.0,0.0,stability-verified-in-model
outputs/hou_time_refinement_v1,hou_time_refinement_v1,hou_time_refinement_v1/nr65/nz128/level_index=0/requested_dt=6e-07,65,128,level_index=0;requested_dt=6e-07,150.0,8.99970845880101e-05,5.999805639200657e-07,0.0005,32.934464000486535,27.781620508372182,0.015625,0.0078125,0.001264642450138689,0.0021335593394209798,1.9660163118532714e-05,0.096,1.0,0.0,0.0,True,euler,1.0000000411607364,-0.5672320068981571,-0.2617993877991494,stability-verified-in-model
outputs/hou_time_refinement_v1,hou_time_refinement_v1,hou_time_refinement_v1/nr65/nz128/level_index=0/requested_dt=6e-07,65,128,level_index=0;requested_dt=6e-07,175.0,0.0001049965986860119,5.999805639200657e-07,0.0005,38.29872577184089,32.28586451167413,0.015625,0.0078125,0.0014706234295045794,0.002479474073134218,1.9660163118532714e-05,0.096,1.0,0.0,0.0,True,euler,1.0000006410907447,-1.0035643198967394,-0.5846852994181004,stability-verified-in-model
outputs/hou_time_refinement_v1,hou_time_refinement_v1,hou_time_refinement_v1/nr65/nz128/level_index=0/requested_dt=6e-07,65,128,level_index=0;requested_dt=6e-07,200.0,0.00011999611278401369,5.999805639200657e-07,0.0005,43.60678338595447,36.733667247564775,0.015625,0.0078125,0.0016744462391452873,0.002821054257925883,1.9660163118532714e-05,0.096,1.0,0.0,0.0,True,euler,1.0000018885943192,-1.1780972450961724,-0.7941248096574199,stability-verified-in-model
outputs/hou_time_refinement_v1,hou_time_refinement_v1,hou_time_refinement_v1/nr65/nz128/level_index=0/requested_dt=6e-07,65,128,level_index=0;requested_dt=6e-07,225.0,0.00013499562688201549,5.999805639200657e-07,0.0005,48.85155269365771,41.11814666910685,0.015625,0.0078125,0.0018758388565447395,0.0031577713697124735,1.9660163118532714e-05,0.096,1.0,0.0,0.0,True,euler,1.0000036799387146,-1.2828170002158321,-0.9512044423369096,stability-verified-in-model
outputs/hou_time_refinement_v1,hou_time_refinement_v1,hou_time_refinement_v1/nr65/nz128/level_index=0/requested_dt=6e-07,65,128,level_index=0;requested_dt=6e-07,250.0,0.00014999514098001728,5.999805639200657e-07,0.0005,54.02630005377594,45.43285390640665,0.015625,0.0078125,0.0020745427182578663,0.003489130151329769,1.9660163118532714e-05,0.096,1.0,0.0,0.0,True,euler,1.0000059170110975,-1.3439035240356338,-1.064650843716541,stability-verified-in-model
outputs/hou_time_refinement_v1,hou_time_refinement_v1,hou_time_refinement_v1/nr65/nz128/level_index=0/requested_dt=6e-07,65,128,level_index=0;requested_dt=6e-07,275.0,0.00016499465507801908,5.999805639200657e-07,0.0005,59.12467379181212,49.67180573895977,0.015625,0.0078125,0.0022703139278848873,0.0038146711063281966,1.9660163118532714e-05,0.096,1.0,0.0,0.0,True,euler,1.0000085223447148,-1.387536755335492,-1.1431906600562858,stability-verified-in-model
outputs/hou_time_refinement_v1,hou_time_refinement_v1,hou_time_refinement_v1/nr65/nz128/level_index=0/requested_dt=6e-07,65,128,level_index=0;requested_dt=6e-07,300.0,0.00017999416917602087,5.999805639200657e-07,0.0005,64.14073183304599,53.82951073928261,0.015625,0.0078125,0.002462924317147945,0.00413397250673869,1.9660163118532714e-05,0.096,1.0,0.0,0.0,True,euler,1.0000114374554068,-1.413716694115407,-1.213003830136059,stability-verified-in-model
outputs/hou_time_refinement_v1,hou_time_refinement_v1,hou_time_refinement_v1/nr65/nz128/level_index=0/requested_dt=6e-07,65,128,level_index=0;requested_dt=6e-07,325.0,0.00019499368327402267,5.999805639200657e-07,0.0005,69.06896533966953,57.90098901282369,0.015625,0.0078125,0.0026521623535277054,0.004446651909048766,1.9660163118532714e-05,0.096,1.0,0.0,0.0,True,euler,1.0000146152794667,-1.4398966328953218,-1.2566370614359172,stability-verified-in-model
outputs/hou_time_refinement_v1,hou_time_refinement_v1,hou_time_refinement_v1/nr65/nz128/level_index=0/requested_dt=6e-07,65,128,level_index=0;requested_dt=6e-07,350.0,0.00020999319737202447,5.999805639200657e-07,0.0005,73.90431824281922,61.88178559336539,0.015625,0.0078125,0.002837833890269099,0.00475236718293606,1.9660163118532714e-05,0.096,1.0,0.0,0.0,True,euler,1.000018018031409,-1.457349925415265,-1.3002702927357754,stability-verified-in-model
outputs/hou_time_refinement_v1,hou_time_refinement_v1,hou_time_refinement_v1/nr65/nz128/level_index=0/requested_dt=6e-07,65,128,level_index=0;requested_dt=6e-07,375.0,0.00022499271147002626,5.999805639200657e-07,0.0005,78.64220262005549,65.76797767618021,0.015625,0.0078125,0.0030197627568574054,0.0050508170667567225,1.9660163118532714e-05,0.096,1.0,0.0,0.0,True,euler,1.0000216128459105,-1.4660765716752369,-1.3264502315156905,stability-verified-in-model
outputs/hou_time_refinement_v1,hou_time_refinement_v1,hou_time_refinement_v1/nr65/nz128/level_index=0/requested_dt=6e-07,65,128,level_index=0;requested_dt=6e-07,400.0,0.00023999222556802806,5.999805639200657e-07,0.0005,83.27850992577186,69.55617598001965,0.015625,0.0078125,0.0031977911902519927,0.005341741272142786,1.9660163118532714e-05,0.096,1.0,0.0,0.0,True,euler,1.0000253710321705,-1.4835298641951802,-1.3526301702956054,stability-verified-in-model
outputs/hou_time_refinement_v1,hou_time_refinement_v1,hou_time_refinement_v1/nr65/nz128/level_index=0/requested_dt=6e-07,65,128,level_index=0;requested_dt=6e-07,425.0,0.00025499173966602937,5.999805639200657e-07,0.0005,87.80961813516436,73.24352062135833,0.015625,0.0078125,0.0033717801092058583,0.005624920167154372,1.9660163118532714e-05,0.096,1.0,0.0,0.0,True,euler,1.0000292666500155,-1.4922565104551517,-1.3788101090755203,stability-verified-in-model
outputs/hou_time_refinement_v1,hou_time_refinement_v1,hou_time_refinement_v1/nr65/nz128/level_index=0/requested_dt=6e-07,65,128,level_index=0;requested_dt=6e-07,450.0,0.0002699912537640305,5.999805639200657e-07,0.0005,92.23239491095575,76.82767195883487,0.015625,0.0078125,0.0035416092358638994,0.005900174073155528,1.9660163118532714e-05,0.096,1.0,0.0,0.0,True,euler,1.000033275343757,-1.5009831567151235,-1.3962634015954636,stability-verified-in-model
outputs/hou_time_refinement_v1,hou_time_refinement_v1,hou_time_refinement_v1/nr65/nz128/level_index=0/requested_dt=6e-07,65,128,level_index=0;requested_dt=6e-07,475.0,0.0002849907678620316,5.999805639200657e-07,0.0005,96.54419694545005,80.30679692199512,0.015625,0.0078125,0.0037071770704986246,0.006167362214895722,1.9660163118532714e-05,0.096,1.0,0.0,0.0,True,euler,1.0000373748749498,-1.5009831567151235,-1.413716694115407,stability-verified-in-model
outputs/hou_time_refinement_v1,hou_time_refinement_v1,hou_time_refinement_v1/nr65/nz128/level_index=0/requested_dt=6e-07,65,128,level_index=0;requested_dt=6e-07,500.0,0.0002999902819600327,5.999805639200657e-07,0.0005,100.74286566831117,83.7086931353391,0.015625,0.0078125,0.003868400726694193,0.0064286193807811184,1.9660163118532714e-05,0.096,1.0,0.0,0.0,True,euler,1.0000415681469041,-1.509709802975095,-1.4224433403753787,stability-verified-in-model
outputs/hou_time_refinement_v1,hou_time_refinement_v1,hou_time_refinement_v1/nr65/nz128/level_index=0/requested_dt=6e-07,65,128,level_index=0;requested_dt=6e-07,525.0,0.00031498979605803384,5.999805639200657e-07,0.0005,104.82671954252282,87.02583751094255,0.015625,0.0078125,0.0040252156355208586,0.006683367816375209,1.9660163118532714e-05,0.096,1.0,0.0,0.0,True,euler,1.0000458312624987,-1.509709802975095,-1.4311699866353502,stability-verified-in-model
outputs/hou_time_refinement_v1,hou_time_refinement_v1,hou_time_refinement_v1/nr65/nz128/level_index=0/requested_dt=6e-07,65,128,level_index=0;requested_dt=6e-07,550.0,0.00032998931015603496,5.999805639200657e-07,0.0005,108.79454319727645,90.24039241739422,0.015625,0.0078125,0.004177575128251384,0.006930237635962394,1.9660163118532714e-05,0.096,1.0,0.0,0.0,True,euler,1.0000501352562985,-1.5184364492350666,-1.4398966328953218,stability-verified-in-model
outputs/hou_time_refinement_v1,hou_time_refinement_v1,hou_time_refinement_v1/nr65/nz128/level_index=0/requested_dt=6e-07,65,128,level_index=0;requested_dt=6e-07,575.0,0.0003449888242540361,5.999805639200657e-07,0.0005,112.6455736671746,93.35217664814144,0.015625,0.0078125,0.004325449907963566,0.007169214923330239,1.9660163118532714e-05,0.096,1.0,0.0,0.0,True,euler,1.0000544627083314,-1.5184364492350666,-1.4486232791552935,stability-verified-in-model
outputs/hou_time_refinement_v1,hou_time_refinement_v1,hou_time_refinement_v1/nr65/nz128/level_index=0/requested_dt=6e-07,65,128,level_index=0;requested_dt=6e-07,600.0,0.0003599883383520372,5.999805639200657e-07,0.0005,116.37948402236769,96.36137404622609,0.015625,0.0078125,0.004468827420957853,0.00740031379716699,1.9660163118532714e-05,0.096,1.0,0.0,0.0,True,euler,1.0000587987479006,-1.5271630954950384,-1.457349925415265,stability-verified-in-model
outputs/hou_time_refinement_v1,hou_time_refinement_v1,hou_time_refinement_v1/nr65/nz128/level_index=0/requested_dt=6e-07,65,128,level_index=0;requested_dt=6e-07,625.0,0.0003749878524500383,5.999805639200657e-07,0.0005,119.9963646843901,99.26850769834515,0.015625,0.0078125,0.0046077111393086866,0.007623574429229633,1.9660163118532714e-05,0.096,1.0,0.0,0.0,True,euler,1.0000631288539692,-1.5271630954950384,-1.4660765716752369,stability-verified-in-model
outputs/hou_time_refinement_v1,hou_time_refinement_v1,hou_time_refinement_v1/nr65/nz128/level_index=0/requested_dt=6e-07,65,128,level_index=0;requested_dt=6e-07,650.0,0.00038998736654803943,5.999805639200657e-07,0.0005,123.49670272790576,102.07441340978423,0.015625,0.0078125,0.004742119766077287,0.00783906100728477,1.9660163118532714e-05,0.096,1.0,0.0,0.0,True,euler,1.0000674387915078,-1.5271630954950384,-1.4748032179352084,stability-verified-in-model
outputs/hou_time_refinement_v1,hou_time_refinement_v1,hou_time_refinement_v1/nr65/nz128/level_index=0/requested_dt=6e-07,65,128,level_index=0;requested_dt=6e-07,675.0,0.00040498688064604055,5.999805639200657e-07,0.0005,126.88135946974054,104.78021285107499,0.015625,0.0078125,0.004872086374758368,0.008046859672838719,1.9660163118532714e-05,0.096,1.0,0.0,0.0,True,euler,1.0000717187248607,-1.53588974175501,-1.4748032179352084,stability-verified-in-model
outputs/hou_time_refinement_v1,hou_time_refinement_v1,hou_time_refinement_v1/nr65/nz128/level_index=0/requested_dt=6e-07,65,128,level_index=0;requested_dt=6e-07,700.0,0.00041998639474404167,5.999805639200657e-07,0.0005,130.15154664389325,107.38728672607792,0.015625,0.0078125,0.0049976574944301955,0.008247076460513026,1.9660163118532714e-05,0.096,1.0,0.0,0.0,True,euler,1.0000759568701991,-1.53588974175501,-1.4835298641951802,stability-verified-in-model
outputs/hou_time_refinement_v1,hou_time_refinement_v1,hou_time_refinement_v1/nr65/nz128/level_index=0/requested_dt=6e-07,65,128,level_index=0;requested_dt=6e-07,725.0,0.0004349859088420428,5.999805639200657e-07,0.0005,133.30880145511856,109.89724826836033,0.015625,0.0078125,0.005118892151843207,0.00843983526263223,1.9660163118532714e-05,0.096,1.0,0.0,0.0,True,euler,1.0000801440244598,-1.53588974175501,-1.4835298641951802,stability-verified-in-model
outputs/hou_time_refinement_v1,hou_time_refinement_v1,hou_time_refinement_v1/nr65/nz128/level_index=0/requested_dt=6e-07,65,128,level_index=0;requested_dt=6e-07,750.0,0.0004499854229400439,5.999805639200657e-07,0.0005,136.35496079458076,112.34963792972812,0.015625,0.0078125,0.0052358608813331846,0.008628172687525566,1.9660163118532714e-05,0.096,1.0,0.0,0.0,True,euler,1.0000843100920636,-1.53588974175501,-1.4922565104551517,stability-verified-in-model
outputs/hou_time_refinement_v1,hou_time_refinement_v1,hou_time_refinement_v1/nr65/nz128/level_index=0/requested_dt=6e-07,65,128,level_index=0;requested_dt=6e-07,775.0,0.000464984937038045,5.999805639200657e-07,0.0005,139.29213488938976,114.74370421387157,0.015625,0.0078125,0.005348644712996219,0.008812031022146033,1.9660163118532714e-05,0.096,1.0,0.0,0.0,True,euler,1.0000884496643725,-1.53588974175501,-1.4922565104551517,stability-verified-in-model
outputs/hou_time_refinement_v1,hou_time_refinement_v1,hou_time_refinement_v1/nr65/nz128/level_index=0/requested_dt=6e-07,65,128,level_index=0;requested_dt=6e-07,800.0,0.00047998445113604614,5.999805639200657e-07,0.0005,142.12268064393425,117.04971598102426,0.015625,0.0078125,0.005457334149029061,0.008989126988925244,1.9660163118532714e-05,0.096,1.0,0.0,0.0,True,euler,1.0000925205788547,-1.53588974175501,-1.4922565104551517,stability-verified-in-model
outputs/hou_time_refinement_v1,hou_time_refinement_v1,hou_time_refinement_v1/nr65/nz128/level_index=0/requested_dt=6e-07,65,128,level_index=0;requested_dt=6e-07,825.0,0.0004949839652340479,5.999805639200657e-07,0.0005,144.84917491517473,119.26969196997,0.015625,0.0078125,0.005562028137533617,0.009159615621979537,1.9660163118532714e-05,0.096,1.0,0.0,0.0,True,euler,1.0000965191730087,-1.5446163880149817,-1.5009831567151235,stability-verified-in-model
outputs/hou_time_refinement_v1,hou_time_refinement_v1,hou_time_refinement_v1/nr65/nz128/level_index=0/requested_dt=6e-07,65,128,level_index=0;requested_dt=6e-07,850.0,0.0005099834793320504,5.999805639200657e-07,0.0005,147.47438794679306,121.40576394951034,0.015625,0.0078125,0.00566283305242134,0.009323660635849421,1.9660163118532714e-05,0.096,1.0,0.0,0.0,True,euler,1.0001004409502299,-1.5446163880149817,-1.5009831567151235,stability-verified-in-model
outputs/hou_time_refinement_v1,hou_time_refinement_v1,hou_time_refinement_v1/nr65/nz128/level_index=0/requested_dt=6e-07,65,128,level_index=0;requested_dt=6e-07,875.0,0.0005249829934300529,5.999805639200657e-07,0.0005,150.00125716863334,123.4601580142207,0.015625,0.0078125,0.005759861687344348,0.009481432989060167,1.9660163118532714e-05,0.096,1.0,0.0,0.0,True,euler,1.0001042798943778,-1.5446163880149817,-1.5009831567151235,stability-verified-in-model
outputs/hou_time_refinement_v1,hou_time_refinement_v1,hou_time_refinement_v1/nr65/nz128/level_index=0/requested_dt=6e-07,65,128,level_index=0;requested_dt=6e-07,900.0,0.0005399825075280553,5.999805639200657e-07,0.0005,152.4328615485072,125.43517706259732,0.015625,0.0078125,0.005853232270836649,0.009633109538487094,1.9660163118532714e-05,0.096,1.0,0.0,0.0,True,euler,1.0001080329065706,-1.5446163880149817,-1.5009831567151235,stability-verified-in-model
outputs/hou_time_refinement_v1,hou_time_refinement_v1,hou_time_refinement_v1/nr65/nz128/level_index=0/requested_dt=6e-07,65,128,level_index=0;requested_dt=6e-07,925.0,0.0005549820216260578,5.999805639200657e-07,0.0005,154.82476069401292,127.33318448465758,0.015625,0.0078125,0.005945078222718918,0.009778871786603855,1.9660163118532714e-05,0.096,1.0,0.0,0.0,True,euler,1.000111731217454,-1.5446163880149817,-1.509709802975095,stability-verified-in-model
outputs/hou_time_refinement_v1,hou_time_refinement_v1,hou_time_refinement_v1/nr65/nz128/level_index=0/requested_dt=6e-07,65,128,level_index=0;requested_dt=6e-07,950.0,0.0005699815357240603,5.999805639200657e-07,0.0005,157.19095220550253,129.1565890667959,0.015625,0.0078125,0.006035937033432928,0.009918904722212915,1.9660163118532714e-05,0.096,1.0,0.0,0.0,True,euler,1.0001153794989417,-1.5446163880149817,-1.509709802975095,stability-verified-in-model
outputs/hou_time_refinement_v1,hou_time_refinement_v1,hou_time_refinement_v1/nr65/nz128/level_index=0/requested_dt=6e-07,65,128,level_index=0;requested_dt=6e-07,975.0,0.0005849810498220628,5.999805639200657e-07,0.0005,159.46752086508948,130.90783110532215,0.015625,0.0078125,0.006123354438116559,0.010053395753999859,1.9660163118532714e-05,0.096,1.0,0.0,0.0,True,euler,1.0001189359334273,-1.5446163880149817,-1.509709802975095,stability-verified-in-model
outputs/hou_time_refinement_v1,hou_time_refinement_v1,hou_time_refinement_v1/nr65/nz128/level_index=0/requested_dt=6e-07,65,128,level_index=0;requested_dt=6e-07,1000.0,0.0005999805639200652,5.999805639200657e-07,0.0005,161.6569737767939,132.6612557949854,0.015625,0.0078125,0.006207426706445573,0.010188054407964086,1.9660163118532714e-05,0.096,1.0,0.0,0.0,True,euler,1.000122489441594,-1.5446163880149817,-1.509709802975095,stability-verified-in-model
outputs/hou_time_refinement_v1,hou_time_refinement_v1,hou_time_refinement_v1/nr65/nz128/level_index=0/requested_dt=6e-07,65,128,level_index=0;requested_dt=6e-07,1025.0,0.0006149800780180677,5.999805639200657e-07,0.0005,163.76188587432335,134.35192406246708,0.015625,0.0078125,0.006288252712671358,0.01031789352483134,1.9660163118532714e-05,0.096,1.0,0.0,0.0,True,euler,1.0001259570049479,-1.5446163880149817,-1.509709802975095,stability-verified-in-model
outputs/hou_time_refinement_v1,hou_time_refinement_v1,hou_time_refinement_v1/nr65/nz128/level_index=0/requested_dt=6e-07,65,128,level_index=0;requested_dt=6e-07,1050.0,0.0006299795921160702,5.999805639200657e-07,0.0005,165.78488334160653,135.97875737333797,0.015625,0.0078125,0.006365933298990041,0.010442830275840654,1.9660163118532714e-05,0.096,1.0,0.0,0.0,True,euler,1.0001293349623606,-1.5446163880149817,-1.5184364492350666,stability-verified-in-model
outputs/hou_time_refinement_v1,hou_time_refinement_v1,hou_time_refinement_v1/nr65/nz128/level_index=0/requested_dt=6e-07,65,128,level_index=0;requested_dt=6e-07,1075.0,0.0006449791062140726,5.999805639200657e-07,0.0005,167.72862763739357,137.54399436303805,0.015625,0.0078125,0.0064405706621070155,0.0105630365826245,1.9660163118532714e-05,0.096,1.0,0.0,0.0,True,euler,1.000132622865788,-1.5446163880149817,-1.5184364492350666,stability-verified-in-model
outputs/hou_time_refinement_v1,hou_time_refinement_v1,hou_time_refinement_v1/nr65/nz128/level_index=0/requested_dt=6e-07,65,128,level_index=0;requested_dt=6e-07,1100.0,0.0006599786203120751,5.999805639200657e-07,0.0005,169.59580018253178,139.04986150608747,0.015625,0.0078125,0.006512267765247373,0.010678683432886962,1.9660163118532714e-05,0.096,1.0,0.0,0.0,True,euler,1.000135819928848,-1.5446163880149817,-1.5184364492350666,stability-verified-in-model
outputs/hou_time_refinement_v1,hou_time_refinement_v1,hou_time_refinement_v1/nr65/nz128/level_index=0/requested_dt=6e-07,65,128,level_index=0;requested_dt=6e-07,1125.0,0.0006749781344100776,5.999805639200657e-07,0.0005,171.38908776058187,140.49856597456022,0.015625,0.0078125,0.006581127777557731,0.010789940331952281,1.9660163118532714e-05,0.096,1.0,0.0,0.0,True,euler,1.0001389269928236,-1.5533430342749532,-1.5184364492350666,stability-verified-in-model
outputs/hou_time_refinement_v1,hou_time_refinement_v1,hou_time_refinement_v1/nr65/nz128/level_index=0/requested_dt=6e-07,65,128,level_index=0;requested_dt=6e-07,1150.0,0.0006899776485080801,5.999805639200657e-07,0.0005,173.11116867439824,141.89228930194338,0.015625,0.0078125,0.006647253542536133,0.010896974816165004,1.9660163118532714e-05,0.096,1.0,0.0,0.0,True,euler,1.0001419446955475,-1.5533430342749532,-1.5184364492350666,stability-verified-in-model
outputs/hou_time_refinement_v1,hou_time_refinement_v1,hou_time_refinement_v1/nr65/nz128/level_index=0/requested_dt=6e-07,65,128,level_index=0;requested_dt=6e-07,1175.0,0.0007049771626060825,5.999805639200657e-07,0.0005,174.7646996932096,143.23318180196662,0.015625,0.0078125,0.0067107470768161806,0.01099995202426998,1.9660163118532714e-05,0.096,1.0,0.0,0.0,True,euler,1.0001448740225334,-1.5533430342749532,-1.5184364492350666,stability-verified-in-model
outputs/hou_time_refinement_v1,hou_time_refinement_v1,hou_time_refinement_v1/nr65/nz128/level_index=0/requested_dt=6e-07,65,128,level_index=0;requested_dt=6e-07,1200.0,0.000719976676704085,5.999805639200657e-07,0.0005,176.3523038166942,144.52335769176656,0.015625,0.0078125,0.006771709100322747,0.011099034322883516,1.9660163118532714e-05,0.096,1.0,0.0,0.0,True,euler,1.0001477163335022,-1.5533430342749532,-1.5184364492350666,stability-verified-in-model
outputs/hou_time_refinement_v1,hou_time_refinement_v1,hou_time_refinement_v1/nr65/nz128/level_index=0/requested_dt=6e-07,65,128,level_index=0;requested_dt=6e-07,1225.0,0.0007349761908020875,5.999805639200657e-07,0.0005,177.876558874626,145.76489086923723,0.015625,0.0078125,0.006830238598512568,0.01119438098220439,1.9660163118532714e-05,0.096,1.0,0.0,0.0,True,euler,1.0001504731964115,-1.5533430342749532,-1.5184364492350666,stability-verified-in-model
outputs/hou_time_refinement_v1,hou_time_refinement_v1,hou_time_refinement_v1/nr65/nz128/level_index=0/requested_dt=6e-07,65,128,level_index=0;requested_dt=6e-07,1250.0,0.00074997570490009,5.999805639200657e-07,0.0005,179.33998697296585,146.97403980318722,0.015625,0.0078125,0.0068864324171172666,0.011287240612188986,1.9660163118532714e-05,0.096,1.0,0.0,0.0,True,euler,1.0001531663211567,-1.5533430342749532,-1.5271630954950384,stability-verified-in-model
outputs/hou_time_refinement_v1,hou_time_refinement_v1,hou_time_refinement_v1/nr65/nz128/level_index=0/requested_dt=6e-07,65,128,level_index=0;requested_dt=6e-07,1275.0,0.0007649752189980924,5.999805639200657e-07,0.0005,180.74504478987237,148.1907518000346,0.015625,0.0078125,0.00694038488952225,0.011380681066588577,1.9660163118532714e-05,0.096,1.0,0.0,0.0,True,euler,1.000155852465408,-1.5533430342749532,-1.5271630954950384,stability-verified-in-model
outputs/hou_time_refinement_v1,hou_time_refinement_v1,hou_time_refinement_v1/nr65/nz128/level_index=0/requested_dt=6e-07,65,128,level_index=0;requested_dt=6e-07,1300.0,0.0007799747330960949,5.999805639200657e-07,0.0005,182.09411471809221,149.3643821299621,0.015625,0.0078125,0.006992187496645511,0.011470812956148076,1.9660163118532714e-05,0.096,1.0,0.0,0.0,True,euler,1.000158459626577,-1.5533430342749532,-1.5271630954950384,stability-verified-in-model
outputs/hou_time_refinement_v1,hou_time_refinement_v1,hou_time_refinement_v1/nr65/nz128/level_index=0/requested_dt=6e-07,65,128,level_index=0;requested_dt=6e-07,1325.0,0.0007949742471940974,5.999805639200657e-07,0.0005,183.38949684363635,150.49668960058395,0.015625,0.0078125,0.007041928558928771,0.011557771352916664,1.9660163118532714e-05,0.096,1.0,0.0,0.0,True,euler,1.000160989634276,-1.5533430342749532,-1.5271630954950384,stability-verified-in-model
outputs/hou_time_refinement_v1,hou_time_refinement_v1,hou_time_refinement_v1/nr65/nz128/level_index=0/requested_dt=6e-07,65,128,level_index=0;requested_dt=6e-07,1350.0,0.0008099737612920999,5.999805639200657e-07,0.0005,184.63340174461732,151.58938769933025,0.015625,0.0078125,0.007089692959821795,0.011641687848466128,1.9660163118532714e-05,0.096,1.0,0.0,0.0,True,euler,1.0001634443951148,-1.5533430342749532,-1.5271630954950384,stability-verified-in-model
outputs/hou_time_refinement_v1,hou_time_refinement_v1,hou_time_refinement_v1/nr65/nz128/level_index=0/requested_dt=6e-07,65,128,level_index=0;requested_dt=6e-07,1375.0,0.0008249732753901023,5.999805639200657e-07,0.0005,185.8279440886701,152.64414313684557,0.015625,0.0078125,0.00713556189993131,0.011722690442027499,1.9660163118532714e-05,0.096,1.0,0.0,0.0,True,euler,1.000165825870152,-1.5533430342749532,-1.5271630954950384,stability-verified-in-model
outputs/hou_time_refinement_v1,hou_time_refinement_v1,hou_time_refinement_v1/nr65/nz128/level_index=0/requested_dt=6e-07,65,128,level_index=0;requested_dt=6e-07,1400.0,0.0008399727894881048,5.999805639200657e-07,0.0005,186.97513700253432,153.66257472218223,0.015625,0.0078125,0.0071796126808199735,0.011800903454108688,1.9660163118532714e-05,0.096,1.0,0.0,0.0,True,euler,1.0001681360541,-1.5533430342749532,-1.5271630954950384,stability-verified-in-model
outputs/hou_time_refinement_v1,hou_time_refinement_v1,hou_time_refinement_v1/nr65/nz128/level_index=0/requested_dt=6e-07,65,128,level_index=0;requested_dt=6e-07,1425.0,0.0008549723035861073,5.999805639200657e-07,0.0005,188.0768871831759,154.64625253945974,0.015625,0.0078125,0.007221918517279517,0.011876447463263993,1.9660163118532714e-05,0.096,1.0,0.0,0.0,True,euler,1.0001703769562518,-1.5533430342749532,-1.5271630954950384,stability-verified-in-model
outputs/hou_time_refinement_v1,hou_time_refinement_v1,hou_time_refinement_v1/nr65/nz128/level_index=0/requested_dt=6e-07,65,128,level_index=0;requested_dt=6e-07,1450.0,0.0008699718176841097,5.999805639200657e-07,0.0005,189.13499071626913,155.59669739761546,0.015625,0.0078125,0.007262548376765667,0.011949439263836306,1.9660163118532714e-05,0.096,1.0,0.0,0.0,True,euler,1.0001725505830732,-1.5533430342749532,-1.5271630954950384,stability-verified-in-model
outputs/hou_time_refinement_v1,hou_time_refinement_v1,hou_time_refinement_v1/nr65/nz128/level_index=0/requested_dt=6e-07,65,128,level_index=0;requested_dt=6e-07,1475.0,0.0008849713317821122,5.999805639200657e-07,0.0005,190.15112956495906,156.5153805267832,0.015625,0.0078125,0.007301566844570983,0.01201999184263975,1.9660163118532714e-05,0.096,1.0,0.0,0.0,True,euler,1.0001746589224019,-1.5533430342749532,-1.5271630954950384,stability-verified-in-model
outputs/hou_time_refinement_v1,hou_time_refinement_v1,hou_time_refinement_v1/nr65/nz128/level_index=0/requested_dt=6e-07,65,128,level_index=0;requested_dt=6e-07,1500.0,0.0008999708458801147,5.999805639200657e-07,0.0005,191.12686868955277,157.40372349666927,0.015625,0.0078125,0.00733903401322459,0.012088214372691164,1.9660163118532714e-05,0.096,1.0,0.0,0.0,True,euler,1.0001767039291884,-1.5533430342749532,-1.5271630954950384,stability-verified-in-model
outputs/hou_time_refinement_v1,hou_time_refinement_v1,hou_time_refinement_v1/nr65/nz128/level_index=0/requested_dt=6e-07,65,128,level_index=0;requested_dt=6e-07,1525.0,0.0009149703599781172,5.999805639200657e-07,0.0005,192.06365375714097,158.263098334044,0.015625,0.0078125,0.007375005394544492,0.012154212222233157,1.9660163118532714e-05,0.096,1.0,0.0,0.0,True,euler,1.0001786875127023,-1.5533430342749532,-1.5271630954950384,stability-verified-in-model
outputs/hou_time_refinement_v1,hou_time_refinement_v1,hou_time_refinement_v1/nr65/nz128/level_index=0/requested_dt=6e-07,65,128,level_index=0;requested_dt=6e-07,1550.0,0.0009299698740761196,5.999805639200657e-07,0.0005,192.96280939908362,159.0948278181225,0.015625,0.0078125,0.0074095318527271905,0.01221808697741861,1.9660163118532714e-05,0.096,1.0,0.0,0.0,True,euler,1.0001806115251275,-1.5533430342749532,-1.5271630954950384,stability-verified-in-model
outputs/hou_time_refinement_v1,hou_time_refinement_v1,hou_time_refinement_v1/nr65/nz128/level_index=0/requested_dt=6e-07,65,128,level_index=0;requested_dt=6e-07,1575.0,0.0009449693881741221,5.999805639200657e-07,0.0005,193.82553797379217,159.9001859341538,0.015625,0.0078125,0.007442659556840059,0.01227993647714521,1.9660163118532714e-05,0.096,1.0,0.0,0.0,True,euler,1.0001824777514694,-1.5533430342749532,-1.5271630954950384,stability-verified-in-model
outputs/hou_time_refinement_v1,hou_time_refinement_v1,hou_time_refinement_v1/nr65/nz128/level_index=0/requested_dt=6e-07,65,128,level_index=0;requested_dt=6e-07,1600.0,0.0009599689022721246,5.999805639200657e-07,0.0005,194.79474042644318,160.6803984669935,0.015625,0.0078125,0.007479875725422093,0.012339854858640335,1.9660163118532714e-05,0.096,1.0,0.0,0.0,True,euler,1.0001843957332428,-1.5533430342749532,-1.5271630954950384,stability-verified-in-model
outputs/hou_time_refinement_v1,hou_time_refinement_v1,hou_time_refinement_v1/nr65/nz128/level_index=0/requested_dt=6e-07,65,128,level_index=0;requested_dt=6e-07,1625.0,0.0009749684163701271,5.999805639200657e-07,0.0005,195.77263375934297,161.4817191002477,0.015625,0.0078125,0.007517425612995014,0.012401394289734175,1.9660163118532714e-05,0.096,1.0,0.0,0.0,True,euler,1.0001863620102225,-1.5533430342749532,-1.5271630954950384,stability-verified-in-model
outputs/hou_time_refinement_v1,hou_time_refinement_v1,hou_time_refinement_v1/nr65/nz128/level_index=0/requested_dt=6e-07,65,128,level_index=0;requested_dt=6e-07,1650.0,0.000989967930468127,5.999805639200657e-07,0.0005,196.7310786321226,162.2603257075531,0.015625,0.0078125,0.007554228703891437,0.01246118934014352,1.9660163118532714e-05,0.096,1.0,0.0,0.0,True,euler,1.0001882882904904,-1.5533430342749532,-1.5271630954950384,stability-verified-in-model
outputs/hou_time_refinement_v1,hou_time_refinement_v1,hou_time_refinement_v1/nr65/nz128/level_index=0/requested_dt=6e-07,65,128,level_index=0;requested_dt=6e-07,1675.0,0.0010049674445661268,5.999805639200657e-07,0.0005,197.67079550446186,163.01597898815152,0.015625,0.0078125,0.007590312662866881,0.01251922163216547,1.9660163118532714e-05,0.096,1.0,0.0,0.0,True,euler,1.000190174545871,-1.5533430342749532,-1.53588974175501,stability-verified-in-model
outputs/hou_time_refinement_v1,hou_time_refinement_v1,hou_time_refinement_v1/nr65/nz128/level_index=0/requested_dt=6e-07,65,128,level_index=0;requested_dt=6e-07,1700.0,0.0010199669586641266,5.999805639200657e-07,0.0005,198.5923757287893,163.7496854941533,0.015625,0.0078125,0.007625700197119013,0.012575568466497985,1.9660163118532714e-05,0.096,1.0,0.0,0.0,True,euler,1.0001920218662543,-1.5533430342749532,-1.53588974175501,stability-verified-in-model
outputs/hou_time_refinement_v1,hou_time_refinement_v1,hou_time_refinement_v1/nr65/nz128/level_index=0/requested_dt=6e-07,65,128,level_index=0;requested_dt=6e-07,1725.0,0.0010349664727621263,5.999805639200657e-07,0.0005,199.49628335797672,164.46241217005516,0.015625,0.0078125,0.00766040912570087,0.012630304102072828,1.9660163118532714e-05,0.096,1.0,0.0,0.0,True,euler,1.0001938311679772,-1.5533430342749532,-1.53588974175501,stability-verified-in-model
outputs/hou_time_refinement_v1,hou_time_refinement_v1,hou_time_refinement_v1/nr65/nz128/level_index=0/requested_dt=6e-07,65,128,level_index=0;requested_dt=6e-07,1750.0,0.001049965986860126,5.999805639200657e-07,0.0005,200.38285694289374,165.15508724829698,0.015625,0.0078125,0.007694452448544719,0.012683499824832111,1.9660163118532714e-05,0.096,1.0,0.0,0.0,True,euler,1.0001956035533603,-1.5533430342749532,-1.53588974175501,stability-verified-in-model
outputs/hou_time_refinement_v1,hou_time_refinement_v1,hou_time_refinement_v1/nr65/nz128/level_index=0/requested_dt=6e-07,65,128,level_index=0;requested_dt=6e-07,1775.0,0.0010649655009581259,5.999805639200657e-07,0.0005,201.25231128233696,165.82860119512196,0.015625,0.0078125,0.0077278384136571605,0.012735224020367994,1.9660163118532714e-05,0.096,1.0,0.0,0.0,True,euler,1.0001973400125788,-1.5533430342749532,-1.53588974175501,stability-verified-in-model
outputs/hou_time_refinement_v1,hou_time_refinement_v1,hou_time_refinement_v1/nr65/nz128/level_index=0/requested_dt=6e-07,65,128,level_index=0;requested_dt=6e-07,1800.0,0.0010799650150561256,5.999805639200657e-07,0.0005,202.10473909139978,166.48380769765615,0.015625,0.0078125,0.00776057058118245,0.012785542249727937,1.9660163118532714e-05,0.096,1.0,0.0,0.0,True,euler,1.000199041421536,-1.5533430342749532,-1.53588974175501,stability-verified-in-model
outputs/hou_time_refinement_v1,hou_time_refinement_v1,hou_time_refinement_v1/nr65/nz128/level_index=0/requested_dt=6e-07,65,128,level_index=0;requested_dt=6e-07,1825.0,0.0010949645291541254,5.999805639200657e-07,0.0005,202.94011255793026,167.1215246838532,0.015625,0.0078125,0.007792647883168551,0.012834517327743926,1.9660163118532714e-05,0.096,1.0,0.0,0.0,True,euler,1.0002007085400717,-1.5533430342749532,-1.53588974175501,stability-verified-in-model
outputs/hou_time_refinement_v1,hou_time_refinement_v1,hou_time_refinement_v1/nr65/nz128/level_index=0/requested_dt=6e-07,65,128,level_index=0;requested_dt=6e-07,1850.0,0.0011099640432521251,5.999805639200657e-07,0.0005,203.75828476035434,167.74253536766415,0.015625,0.0078125,0.007824064678009774,0.012882209403298905,1.9660163118532714e-05,0.096,1.0,0.0,0.0,True,euler,1.000202342010435,-1.5533430342749532,-1.53588974175501,stability-verified-in-model
outputs/hou_time_refinement_v1,hou_time_refinement_v1,hou_time_refinement_v1/nr65/nz128/level_index=0/requested_dt=6e-07,65,128,level_index=0;requested_dt=6e-07,1875.0,0.001124963557350125,5.999805639200657e-07,0.0005,204.55899092383353,168.34758931246077,0.015625,0.0078125,0.00785481079868168,0.012928676040995051,1.9660163118532714e-05,0.096,1.0,0.0,0.0,True,euler,1.000203942355978,-1.5533430342749532,-1.53588974175501,stability-verified-in-model
outputs/hou_time_refinement_v1,hou_time_refinement_v1,hou_time_refinement_v1/nr65/nz128/level_index=0/requested_dt=6e-07,65,128,level_index=0;requested_dt=6e-07,1900.0,0.0011399630714481247,5.999805639200657e-07,0.0005,205.34184949547526,168.93740350638825,0.015625,0.0078125,0.007884871594027808,0.012973972303738177,1.9660163118532714e-05,0.096,1.0,0.0,0.0,True,euler,1.000205509980019,-1.5533430342749532,-1.53588974175501,stability-verified-in-model
outputs/hou_time_refinement_v1,hou_time_refinement_v1,hou_time_refinement_v1/nr65/nz128/level_index=0/requested_dt=6e-07,65,128,level_index=0;requested_dt=6e-07,1925.0,0.0011549625855461244,5.999805639200657e-07,0.0005,206.10636302315078,169.51266344393517,0.015625,0.0078125,0.007914227962505202,0.01301815083579962,1.9660163118532714e-05,0.096,1.0,0.0,0.0,True,euler,1.000207045164832,-1.5533430342749532,-1.53588974175501,stability-verified-in-model
outputs/hou_time_refinement_v1,hou_time_refinement_v1,hou_time_refinement_v1/nr65/nz128/level_index=0/requested_dt=6e-07,65,128,level_index=0;requested_dt=6e-07,1950.0,0.0011699620996441242,5.999805639200657e-07,0.0005,206.85191882638668,170.07402420858412,0.015625,0.0078125,0.007942856377945801,0.013061261945961114,1.9660163118532714e-05,0.096,1.0,0.0,0.0,True,euler,1.0002085480707315,-1.5533430342749532,-1.53588974175501,stability-verified-in-model
outputs/hou_time_refinement_v1,hou_time_refinement_v1,hou_time_refinement_v1/nr65/nz128/level_index=0/requested_dt=6e-07,65,128,level_index=0;requested_dt=6e-07,1975.0,0.001184961613742124,5.999805639200657e-07,0.0005,207.57778945180172,170.622111551946,0.015625,0.0078125,0.007970728907044651,0.013103353690389622,1.9660163118532714e-05,0.096,1.0,0.0,0.0,True,euler,1.0002100187352185,-1.5533430342749532,-1.53588974175501,stability-verified-in-model
outputs/hou_time_refinement_v1,hou_time_refinement_v1,hou_time_refinement_v1/nr65/nz128/level_index=0/requested_dt=6e-07,65,128,level_index=0;requested_dt=6e-07,2000.0,0.0011999611278401237,5.999805639200657e-07,0.0005,208.28313290966028,171.1575229652806,0.015625,0.0078125,0.007997813218443261,0.013144471954927444,1.9660163118532714e-05,0.096,1.0,0.0,0.0,True,euler,1.0002114570721654,-1.5533430342749532,-1.53588974175501,stability-verified-in-model
outputs/hou_time_refinement_v1,hou_time_refinement_v1,hou_time_refinement_v1/nr65/nz128/level_index=0/requested_dt=6e-07,65,128,level_index=0;requested_dt=6e-07,2025.0,0.0012149606419381235,5.999805639200657e-07,0.0005,208.9669926923108,171.68082873975786,0.015625,0.0078125,0.008024072583437625,0.01318466053651765,1.9660163118532714e-05,0.096,1.0,0.0,0.0,True,euler,1.0002128628710212,-1.5533430342749532,-1.53588974175501,stability-verified-in-model
outputs/hou_time_refinement_v1,hou_time_refinement_v1,hou_time_refinement_v1/nr65/nz128/level_index=0/requested_dt=6e-07,65,128,level_index=0;requested_dt=6e-07,2050.0,0.0012299601560361233,5.999805639200657e-07,0.0005,209.62829757958053,172.1925730122283,0.015625,0.0078125,0.008049465868505605,0.013223961223516649,1.9660163118532714e-05,0.096,1.0,0.0,0.0,True,euler,1.0002142357960275,-1.5533430342749532,-1.53588974175501,stability-verified-in-model
outputs/hou_time_refinement_v1,hou_time_refinement_v1,hou_time_refinement_v1/nr65/nz128/level_index=0/requested_dt=6e-07,65,128,level_index=0;requested_dt=6e-07,2075.0,0.001244959670134123,5.999805639200657e-07,0.0005,210.265861240613,172.69327479363477,0.015625,0.0078125,0.008073947520018,0.013262413874673645,1.9660163118532714e-05,0.096,1.0,0.0,0.0,True,euler,1.000215575385435,-1.5533430342749532,-1.53588974175501,stability-verified-in-model
outputs/hou_time_refinement_v1,hou_time_refinement_v1,hou_time_refinement_v1/nr65/nz128/level_index=0/requested_dt=6e-07,65,128,level_index=0;requested_dt=6e-07,2100.0,0.0012599591842321228,5.999805639200657e-07,0.0005,210.87838164617546,173.1834289775269,0.015625,0.0078125,0.008097467541671883,0.013300056496582046,1.9660163118532714e-05,0.096,1.0,0.0,0.0,True,euler,1.000216881050727,-1.5533430342749532,-1.53588974175501,stability-verified-in-model
outputs/hou_time_refinement_v1,hou_time_refinement_v1,hou_time_refinement_v1/nr65/nz128/level_index=0/requested_dt=6e-07,65,128,level_index=0;requested_dt=6e-07,2125.0,0.0012749586983301225,5.999805639200657e-07,0.0005,211.53433206386313,173.66350732642755,0.015625,0.0078125,0.008122655221768386,0.013336925319429947,1.9660163118532714e-05,0.096,1.0,0.0,0.0,True,euler,1.0002182096279795,-1.5533430342749532,-1.53588974175501,stability-verified-in-model
outputs/hou_time_refinement_v1,hou_time_refinement_v1,hou_time_refinement_v1/nr65/nz128/level_index=0/requested_dt=6e-07,65,128,level_index=0;requested_dt=6e-07,2150.0,0.0012899582124281223,5.999805639200657e-07,0.0005,212.57987136986523,174.1339594340578,0.015625,0.0078125,0.008162802630562993,0.01337305487089662,1.9660163118532714e-05,0.096,1.0,0.0,0.0,True,euler,1.0002198480113358,-1.5533430342749532,-1.53588974175501,stability-verified-in-model
outputs/hou_time_refinement_v1,hou_time_refinement_v1,hou_time_refinement_v1/nr65/nz128/level_index=0/requested_dt=6e-07,65,128,level_index=0;requested_dt=6e-07,2175.0,0.001304957726526122,5.999805639200657e-07,0.0005,213.61602663243173,174.59521366167394,0.015625,0.0078125,0.00820258970376257,0.013408478048060862,1.9660163118532714e-05,0.096,1.0,0.0,0.0,True,euler,1.0002214691729954,-1.5533430342749532,-1.53588974175501,stability-verified-in-model
outputs/hou_time_refinement_v1,hou_time_refinement_v1,hou_time_refinement_v1/nr65/nz128/level_index=0/requested_dt=6e-07,65,128,level_index=0;requested_dt=6e-07,2200.0,0.0013199572406241218,5.999805639200657e-07,0.0005,214.64138916509566,175.0476780469939,0.015625,0.0078125,0.008241962349559064,0.013443226187204288,1.9660163118532714e-05,0.096,1.0,0.0,0.0,True,euler,1.0002230723791588,-1.5533430342749532,-1.53588974175501,stability-verified-in-model
outputs/hou_time_refinement_v1,hou_time_refinement_v1,hou_time_refinement_v1/nr65/nz128/level_index=0/requested_dt=6e-07,65,128,level_index=0;requested_dt=6e-07,2225.0,0.0013349567547221216,5.999805639200657e-07,0.0005,215.65441644568602,175.49174118442673,0.015625,0.0078125,0.008280861337019866,0.01347732913141076,1.9660163118532714e-05,0.096,1.0,0.0,0.0,True,euler,1.0002246567485924,-1.5533430342749532,-1.53588974175501,stability-verified-in-model
outputs/hou_time_refinement_v1,hou_time_refinement_v1,hou_time_refinement_v1/nr65/nz128/level_index=0/requested_dt=6e-07,65,128,level_index=0;requested_dt=6e-07,2250.0,0.0013499562688201214,5.999805639200657e-07,0.0005,216.65342610755988,175.92777307556307,0.015625,0.0078125,0.008319222065358596,0.013510815295881943,1.9660163118532714e-05,0.096,1.0,0.0,0.0,True,euler,1.0002262212468895,-1.5533430342749532,-1.53588974175501,stability-verified-in-model
outputs/hou_time_refinement_v1,hou_time_refinement_v1,hou_time_refinement_v1/nr65/nz128/level_index=0/requested_dt=6e-07,65,128,level_index=0;requested_dt=6e-07,2275.0,0.0013649557829181211,5.999805639200657e-07,0.0005,217.63658940760445,176.35612594915312,0.015625,0.0078125,0.008356974313114517,0.01354371173090957,1.9660163118532714e-05,0.096,1.0,0.0,0.0,True,euler,1.0002277646802937,-1.5533430342749532,-1.53588974175501,stability-verified-in-model
outputs/hou_time_refinement_v1,hou_time_refinement_v1,hou_time_refinement_v1/nr65/nz128/level_index=0/requested_dt=6e-07,65,128,level_index=0;requested_dt=6e-07,2300.0,0.0013799552970161209,5.999805639200657e-07,0.0005,218.60192417195594,176.77713505009177,0.015625,0.0078125,0.0083940419672769,0.013576044182467542,1.9660163118532714e-05,0.096,1.0,0.0,0.0,True,euler,1.0002292856890826,-1.5533430342749532,-1.53588974175501,stability-verified-in-model
outputs/hou_time_refinement_v1,hou_time_refinement_v1,hou_time_refinement_v1/nr65/nz128/level_index=0/requested_dt=6e-07,65,128,level_index=0;requested_dt=6e-07,2325.0,0.0013949548111141206,5.999805639200657e-07,0.0005,219.54728722477705,177.1911193972576,0.015625,0.0078125,0.008430342732559512,0.013607837150412071,1.9660163118532714e-05,0.096,1.0,0.0,0.0,True,euler,1.0002307827405261,-1.5533430342749532,-1.53588974175501,stability-verified-in-model
outputs/hou_time_refinement_v1,hou_time_refinement_v1,hou_time_refinement_v1/nr65/nz128/level_index=0/requested_dt=6e-07,65,128,level_index=0;requested_dt=6e-07,2350.0,0.0014099543252121204,5.999805639200657e-07,0.0005,220.4703663114995,177.5983825103969,0.015625,0.0078125,0.008465787821263164,0.013639113944304572,1.9660163118532714e-05,0.096,1.0,0.0,0.0,True,euler,1.000232254121433,-1.5533430342749532,-1.53588974175501,stability-verified-in-model
outputs/hou_time_refinement_v1,hou_time_refinement_v1,hou_time_refinement_v1/nr65/nz128/level_index=0/requested_dt=6e-07,65,128,level_index=0;requested_dt=6e-07,2375.0,0.0014249538393101202,5.999805639200657e-07,0.0005,221.36867153598075,177.99921310660446,0.015625,0.0078125,0.008500281624473185,0.013669896736899646,1.9660163118532714e-05,0.096,1.0,0.0,0.0,True,euler,1.000233698017152,-1.562069680534925,-1.53588974175501,stability-verified-in-model
outputs/hou_time_refinement_v1,hou_time_refinement_v1,hou_time_refinement_v1/nr65/nz128/level_index=0/requested_dt=6e-07,65,128,level_index=0;requested_dt=6e-07,2400.0,0.00143995335340812,5.999805639200657e-07,0.0005,222.23952634131905,178.3938857672996,0.015625,0.0078125,0.008533721365733946,0.013700206615367192,1.9660163118532714e-05,0.096,1.0,0.0,0.0,True,euler,1.0002351123028375,-1.562069680534925,-1.53588974175501,stability-verified-in-model
outputs/hou_time_refinement_v1,hou_time_refinement_v1,hou_time_refinement_v1/nr65/nz128/level_index=0/requested_dt=6e-07,65,128,level_index=0;requested_dt=6e-07,2425.0,0.0014549528675061197,5.999805639200657e-07,0.0005,223.0800580768557,178.7826615769084,0.015625,0.0078125,0.008565996738833464,0.0137300636303416,1.9660163118532714e-05,0.096,1.0,0.0,0.0,True,euler,1.0002364946116116,-1.562069680534925,-1.53588974175501,stability-verified-in-model
outputs/hou_time_refinement_v1,hou_time_refinement_v1,hou_time_refinement_v1/nr65/nz128/level_index=0/requested_dt=6e-07,65,128,level_index=0;requested_dt=6e-07,2450.0,0.0014699523816041195,5.999805639200657e-07,0.0005,223.88718820935105,179.16578873470377,0.015625,0.0078125,0.008596989531924757,0.013759486842909558,1.9660163118532714e-05,0.096,1.0,0.0,0.0,True,euler,1.0002378424265854,-1.562069680534925,-1.53588974175501,stability-verified-in-model
outputs/hou_time_refinement_v1,hou_time_refinement_v1,hou_time_refinement_v1/nr65/nz128/level_index=0/requested_dt=6e-07,65,128,level_index=0;requested_dt=6e-07,2475.0,0.0014849518957021192,5.999805639200657e-07,0.0005,224.65762225457019,179.54350314139677,0.015625,0.0078125,0.008626573240911239,0.013788494369658793,1.9660163118532714e-05,0.096,1.0,0.0,0.0,True,euler,1.0002391530085053,-1.562069680534925,-1.53588974175501,stability-verified-in-model
outputs/hou_time_refinement_v1,hou_time_refinement_v1,hou_time_refinement_v1/nr65/nz128/level_index=0/requested_dt=6e-07,65,128,level_index=0;requested_dt=6e-07,2500.0,0.001499951409800119,5.999805639200657e-07,0.0005,225.3878395266127,179.91602896207127,0.015625,0.0078125,0.00865461267583375,0.013817103425910067,1.9660163118532714e-05,0.096,1.0,0.0,0.0,True,euler,1.0002404233870197,-1.562069680534925,-1.53588974175501,stability-verified-in-model
outputs/hou_time_refinement_v1,hou_time_refinement_v1,hou_time_refinement_v1/nr65/nz128/level_index=0/requested_dt=6e-07,65,128,level_index=0;requested_dt=6e-07,2525.0,0.0015149509238981188,5.999805639200657e-07,0.0005,226.07408282623607,180.2835791668933,0.015625,0.0078125,0.008680963564914991,0.013845330367242299,1.9660163118532714e-05,0.096,1.0,0.0,0.0,True,euler,1.0002416503521188,-1.562069680534925,-1.53588974175501,stability-verified-in-model
outputs/hou_time_refinement_v1,hou_time_refinement_v1,hou_time_refinement_v1/nr65/nz128/level_index=0/requested_dt=6e-07,65,128,level_index=0;requested_dt=6e-07,2550.0,0.0015299504379961185,5.999805639200657e-07,0.0005,226.89052208743135,180.64635605068764,0.015625,0.0078125,0.008712313816968652,0.013873190729394757,1.9660163118532714e-05,0.096,1.0,0.0,0.0,True,euler,1.0002429848664984,-1.562069680534925,-1.53588974175501,stability-verified-in-model
outputs/hou_time_refinement_v1,hou_time_refinement_v1,hou_time_refinement_v1/nr65/nz128/level_index=0/requested_dt=6e-07,65,128,level_index=0;requested_dt=6e-07,2575.0,0.0015449499520941183,5.999805639200657e-07,0.0005,228.36252003573313,181.00455173195712,0.015625,0.0078125,0.008768836707151773,0.013900699266590507,1.9660163118532714e-05,0.096,1.0,0.0,0.0,True,euler,1.0002448849689565,-1.562069680534925,-1.53588974175501,stability-verified-in-model
outputs/hou_time_refinement_v1,hou_time_refinement_v1,hou_time_refinement_v1/nr65/nz128/level_index=0/requested_dt=6e-07,65,128,level_index=0;requested_dt=6e-07,2600.0,0.001559949466192118,5.999805639200657e-07,0.0005,229.82025673724561,181.3583486312564,0.015625,0.0078125,0.00882481198319788,0.013927869988274316,1.9660163118532714e-05,0.096,1.0,0.0,0.0,True,euler,1.0002467719925456,-1.562069680534925,-1.53588974175501,stability-verified-in-model
outputs/hou_time_refinement_v1,hou_time_refinement_v1,hou_time_refinement_v1/nr65/nz128/level_index=0/requested_dt=6e-07,65,128,level_index=0;requested_dt=6e-07,2625.0,0.0015749489802901178,5.999805639200657e-07,0.0005,231.2600715208431,181.7079199280615,0.015625,0.0078125,0.00888009907988929,0.013954716194199102,1.9660163118532714e-05,0.096,1.0,0.0,0.0,True,euler,1.0002486428118649,-1.562069680534925,-1.53588974175501,stability-verified-in-model
outputs/hou_time_refinement_v1,hou_time_refinement_v1,hou_time_refinement_v1/nr65/nz128/level_index=0/requested_dt=6e-07,65,128,level_index=0;requested_dt=6e-07,2650.0,0.0015899484943881176,5.999805639200657e-07,0.0005,232.6779340301976,182.05342999448538,0.015625,0.0078125,0.008934543236556403,0.013981250507734213,1.9660163118532714e-05,0.096,1.0,0.0,0.0,True,euler,1.0002504939219607,-1.562069680534925,-1.53588974175501,stability-verified-in-model
outputs/hou_time_refinement_v1,hou_time_refinement_v1,hou_time_refinement_v1/nr65/nz128/level_index=0/requested_dt=6e-07,65,128,level_index=0;requested_dt=6e-07,2675.0,0.0016049480084861173,5.999805639200657e-07,0.0005,234.06941299696777,182.39503480346895,0.015625,0.0078125,0.008987974298007007,0.014007484907213479,1.9660163118532714e-05,0.096,1.0,0.0,0.0,True,euler,1.000252321493447,-1.562069680534925,-1.5446163880149817,stability-verified-in-model
outputs/hou_time_refinement_v1,hou_time_refinement_v1,hou_time_refinement_v1/nr65/nz128/level_index=0/requested_dt=6e-07,65,128,level_index=0;requested_dt=6e-07,2700.0,0.001619947522584117,5.999805639200657e-07,0.0005,235.42964305318947,182.73288230854027,0.015625,0.0078125,0.009040205440163353,0.014033430755099774,1.9660163118532714e-05,0.096,1.0,0.0,0.0,True,euler,1.000254121444412,-1.562069680534925,-1.5446163880149817,stability-verified-in-model
outputs/hou_time_refinement_v1,hou_time_refinement_v1,hou_time_refinement_v1/nr65/nz128/level_index=0/requested_dt=6e-07,65,128,level_index=0;requested_dt=6e-07,2725.0,0.0016349470366821169,5.999805639200657e-07,0.0005,236.75328962213507,183.06711279202221,0.015625,0.0078125,0.00909103182191483,0.014059098824726498,1.9660163118532714e-05,0.096,1.0,0.0,0.0,True,euler,1.0002558885640027,-1.562069680534925,-1.5446163880149817,stability-verified-in-model
outputs/hou_time_refinement_v1,hou_time_refinement_v1,hou_time_refinement_v1/nr65/nz128/level_index=0/requested_dt=6e-07,65,128,level_index=0;requested_dt=6e-07,2750.0,0.0016499465507801166,5.999805639200657e-07,0.0005,238.0345119738214,183.39785917877242,0.015625,0.0078125,0.009140229166495423,0.014084499324392022,1.9660163118532714e-05,0.096,1.0,0.0,0.0,True,euler,1.0002576174964772,-1.562069680534925,-1.5446163880149817,stability-verified-in-model
outputs/hou_time_refinement_v1,hou_time_refinement_v1,hou_time_refinement_v1/nr65/nz128/level_index=0/requested_dt=6e-07,65,128,level_index=0;requested_dt=6e-07,2775.0,0.0016649460648781164,5.999805639200657e-07,0.0005,239.2669245927936,183.72524731327496,0.015625,0.0078125,0.009187552278054664,0.014109641918639648,1.9660163118532714e-05,0.096,1.0,0.0,0.0,True,euler,1.000259302332459,-1.562069680534925,-1.5446163880149817,stability-verified-in-model
outputs/hou_time_refinement_v1,hou_time_refinement_v1,hou_time_refinement_v1/nr65/nz128/level_index=0/requested_dt=6e-07,65,128,level_index=0;requested_dt=6e-07,2800.0,0.0016799455789761161,5.999805639200657e-07,0.0005,240.44355708470704,184.0493961992035,0.015625,0.0078125,0.009232733502120258,0.014134535746655451,1.9660163118532714e-05,0.096,1.0,0.0,0.0,True,euler,1.0002609365701733,-1.562069680534925,-1.5446163880149817,stability-verified-in-model
outputs/hou_time_refinement_v1,hou_time_refinement_v1,hou_time_refinement_v1/nr65/nz128/level_index=0/requested_dt=6e-07,65,128,level_index=0;requested_dt=6e-07,2825.0,0.001694945093074116,5.999805639200657e-07,0.0005,241.55681294761047,184.3704182024378,0.015625,0.0078125,0.009275481142466634,0.014159189437859453,1.9660163118532714e-05,0.096,1.0,0.0,0.0,True,euler,1.000262513076278,-1.562069680534925,-1.5446163880149817,stability-verified-in-model
outputs/hou_time_refinement_v1,hou_time_refinement_v1,hou_time_refinement_v1/nr65/nz128/level_index=0/requested_dt=6e-07,65,128,level_index=0;requested_dt=6e-07,2850.0,0.0017099446071721157,5.999805639200657e-07,0.0005,242.59842765683896,184.68841922083487,0.015625,0.0078125,0.009315477851626976,0.014183611124943617,1.9660163118532714e-05,0.096,1.0,0.0,0.0,True,euler,1.000264024046963,-1.562069680534925,-1.5446163880149817,stability-verified-in-model
outputs/hou_time_refinement_v1,hou_time_refinement_v1,hou_time_refinement_v1/nr65/nz128/level_index=0/requested_dt=6e-07,65,128,level_index=0;requested_dt=6e-07,2875.0,0.0017249441212701154,5.999805639200657e-07,0.0005,243.55942666220722,185.00349882665898,0.015625,0.0078125,0.009352379018037694,0.01420780845481012,1.9660163118532714e-05,0.096,1.0,0.0,0.0,True,euler,1.0002654609702002,-1.562069680534925,-1.5446163880149817,stability-verified-in-model
outputs/hou_time_refinement_v1,hou_time_refinement_v1,hou_time_refinement_v1/nr65/nz128/level_index=0/requested_dt=6e-07,65,128,level_index=0;requested_dt=6e-07,2900.0,0.0017399436353681152,5.999805639200657e-07,0.0005,244.43008407593953,185.3157503901736,0.015625,0.0078125,0.009385811179706322,0.014231788598062912,1.9660163118532714e-05,0.096,1.0,0.0,0.0,True,euler,1.0002668145902425,-1.562069680534925,-1.5446163880149817,stability-verified-in-model
outputs/hou_time_refinement_v1,hou_time_refinement_v1,hou_time_refinement_v1/nr65/nz128/level_index=0/requested_dt=6e-07,65,128,level_index=0;requested_dt=6e-07,2925.0,0.001754943149466115,5.999805639200657e-07,0.0005,245.1998830425288,185.6252611951424,0.015625,0.0078125,0.009415370502463397,0.01425555825787789,1.9660163118532714e-05,0.096,1.0,0.0,0.0,True,euler,1.000268074875749,-1.562069680534925,-1.5446163880149817,stability-verified-in-model
outputs/hou_time_refinement_v1,hou_time_refinement_v1,hou_time_refinement_v1/nr65/nz128/level_index=0/requested_dt=6e-07,65,128,level_index=0;requested_dt=6e-07,2950.0,0.0017699426635641147,5.999805639200657e-07,0.0005,246.10585522765447,185.93211255847143,0.015625,0.0078125,0.009450158707425164,0.014279123679191146,1.9660163118532714e-05,0.096,1.0,0.0,0.0,True,euler,1.0002694571774189,-1.562069680534925,-1.5446163880149817,stability-verified-in-model
outputs/hou_time_refinement_v1,hou_time_refinement_v1,hou_time_refinement_v1/nr65/nz128/level_index=0/requested_dt=6e-07,65,128,level_index=0;requested_dt=6e-07,2975.0,0.0017849421776621145,5.999805639200657e-07,0.0005,248.36931836835603,186.23637996650683,0.015625,0.0078125,0.00953707287648567,0.014302490659166259,1.9660163118532714e-05,0.096,1.0,0.0,0.0,True,euler,1.0002720789984514,-1.562069680534925,-1.5446163880149817,stability-verified-in-model
outputs/hou_time_refinement_v1,hou_time_refinement_v1,hou_time_refinement_v1/nr65/nz128/level_index=0/requested_dt=6e-07,65,128,level_index=0;requested_dt=6e-07,3000.0,0.0017999416917601142,5.999805639200657e-07,0.0005,250.60508834739812,186.53813323925303,0.015625,0.0078125,0.009622923662586227,0.014325664559805874,1.9660163118532714e-05,0.096,1.0,0.0,0.0,True,euler,1.000274682890235,-1.562069680534925,-1.5446163880149817,stability-verified-in-model
outputs/hou_time_refinement_v1,hou_time_refinement_v1,hou_time_refinement_v1/nr65/nz128/level_index=0/requested_dt=6e-07,65,128,level_index=0;requested_dt=6e-07,3025.0,0.001814941205858114,5.999805639200657e-07,0.0005,252.80275280705717,186.8374367306916,0.015625,0.0078125,0.00970731124414228,0.014348650323335672,1.9660163118532714e-05,0.096,1.0,0.0,0.0,True,euler,1.0002772589464533,-1.562069680534925,-1.5446163880149817,stability-verified-in-model
outputs/hou_time_refinement_v1,hou_time_refinement_v1,hou_time_refinement_v1/nr65/nz128/level_index=0/requested_dt=6e-07,65,128,level_index=0;requested_dt=6e-07,3050.0,0.0018299407199561138,5.999805639200657e-07,0.0005,254.9503975486212,187.13434956844512,0.015625,0.0078125,0.009789778130743467,0.014371452490609971,1.9660163118532714e-05,0.096,1.0,0.0,0.0,True,euler,1.0002797956958867,-1.562069680534925,-1.5446163880149817,stability-verified-in-model
outputs/hou_time_refinement_v1,hou_time_refinement_v1,hou_time_refinement_v1/nr65/nz128/level_index=0/requested_dt=6e-07,65,128,level_index=0;requested_dt=6e-07,3075.0,0.0018449402340541135,5.999805639200657e-07,0.0005,257.03443647604394,187.42892592940376,0.015625,0.0078125,0.009869802633201481,0.014394075222279154,1.9660163118532714e-05,0.096,1.0,0.0,0.0,True,euler,1.0002822799220308,-1.562069680534925,-1.5446163880149817,stability-verified-in-model
outputs/hou_time_refinement_v1,hou_time_refinement_v1,hou_time_refinement_v1/nr65/nz128/level_index=0/requested_dt=6e-07,65,128,level_index=0;requested_dt=6e-07,3100.0,0.0018599397481521133,5.999805639200657e-07,0.0005,259.03943253987836,187.72121534012766,0.015625,0.0078125,0.009946791988019843,0.014416522321859825,1.9660163118532714e-05,0.096,1.0,0.0,0.0,True,euler,1.0002846964746444,-1.562069680534925,-1.5446163880149817,stability-verified-in-model
outputs/hou_time_refinement_v1,hou_time_refinement_v1,hou_time_refinement_v1/nr65/nz128/level_index=0/requested_dt=6e-07,65,128,level_index=0;requested_dt=6e-07,3125.0,0.001874939262250113,5.999805639200657e-07,0.0005,260.9479108705905,188.01126298265822,0.015625,0.0078125,0.010020075181945594,0.014438797259220358,1.9660163118532714e-05,0.096,1.0,0.0,0.0,True,euler,1.0002870280756384,-1.562069680534925,-1.5446163880149817,stability-verified-in-model
outputs/hou_time_refinement_v1,hou_time_refinement_v1,hou_time_refinement_v1/nr65/nz128/level_index=0/requested_dt=6e-07,65,128,level_index=0;requested_dt=6e-07,3150.0,0.0018899387763481128,5.999805639200657e-07,0.0005,262.7401655880565,188.29910997889846,0.015625,0.0078125,0.01008889553369431,0.014460903192420604,1.9660163118532714e-05,0.096,1.0,0.0,0.0,True,euler,1.0002892551224387,-1.562069680534925,-1.5446163880149817,stability-verified-in-model
outputs/hou_time_refinement_v1,hou_time_refinement_v1,hou_time_refinement_v1/nr65/nz128/level_index=0/requested_dt=6e-07,65,128,level_index=0;requested_dt=6e-07,3175.0,0.0019049382904461126,5.999805639200657e-07,0.0005,264.3940622417244,188.58479362122728,0.015625,0.0078125,0.010152403107898032,0.014482842985422482,1.9660163118532714e-05,0.096,1.0,0.0,0.0,True,euler,1.0002913554929347,-1.562069680534925,-1.5446163880149817,stability-verified-in-model
outputs/hou_time_refinement_v1,hou_time_refinement_v1,hou_time_refinement_v1/nr65/nz128/level_index=0/requested_dt=6e-07,65,128,level_index=0;requested_dt=6e-07,3200.0,0.0019199378045441124,5.999805639200657e-07,0.0005,265.88483859329494,188.86834751479157,0.015625,0.0078125,0.010209647065408048,0.014504619219017675,1.9660163118532714e-05,0.096,1.0,0.0,0.0,True,euler,1.0002933043574604,-1.562069680534925,-1.5446163880149817,stability-verified-in-model
outputs/hou_time_refinement_v1,hou_time_refinement_v1,hou_time_refinement_v1/nr65/nz128/level_index=0/requested_dt=6e-07,65,128,level_index=0;requested_dt=6e-07,3225.0,0.0019349373186421121,5.999805639200657e-07,0.0005,267.18490764885655,189.14980159909325,0.015625,0.0078125,0.010259568099973864,0.014526234192485441,1.9660163118532714e-05,0.096,1.0,0.0,0.0,True,euler,1.000295074005138,-1.562069680534925,-1.5446163880149817,stability-verified-in-model
outputs/hou_time_refinement_v1,hou_time_refinement_v1,hou_time_refinement_v1/nr65/nz128/level_index=0/requested_dt=6e-07,65,128,level_index=0;requested_dt=6e-07,3250.0,0.0019499368327401119,5.999805639200657e-07,0.0005,268.2636686453287,189.42918202377865,0.015625,0.0078125,0.010300991180357759,0.014547689914053566,1.9660163118532714e-05,0.096,1.0,0.0,0.0,True,euler,1.000296633694469,-1.562069680534925,-1.5446163880149817,stability-verified-in-model
outputs/hou_time_refinement_v1,hou_time_refinement_v1,hou_time_refinement_v1/nr65/nz128/level_index=0/requested_dt=6e-07,65,128,level_index=0;requested_dt=6e-07,3275.0,0.0019649363468381116,5.999805639200657e-07,0.0005,269.0873342582222,189.70651086600117,0.015625,0.0078125,0.010332618915327704,0.014568988079192506,1.9660163118532714e-05,0.096,1.0,0.0,0.0,True,euler,1.0002979495414435,-1.562069680534925,-1.5446163880149817,stability-verified-in-model
outputs/hou_time_refinement_v1,hou_time_refinement_v1,hou_time_refinement_v1/nr65/nz128/level_index=0/requested_dt=6e-07,65,128,level_index=0;requested_dt=6e-07,3300.0,0.0019799358609361114,5.999805639200657e-07,0.0005,269.61878574958524,189.98180569360622,0.015625,0.0078125,0.01035302599151869,0.014590130037069082,1.9660163118532714e-05,0.096,1.0,0.0,0.0,True,euler,1.0002989844627332,-1.562069680534925,-1.5446163880149817,stability-verified-in-model
outputs/hou_time_refinement_v1,hou_time_refinement_v1,hou_time_refinement_v1/nr65/nz128/level_index=0/requested_dt=6e-07,65,128,level_index=0;requested_dt=6e-07,3325.0,0.001994935375034111,5.999805639200657e-07,0.0005,270.0660553951608,190.25507899798637,0.015625,0.0078125,0.010370200589546002,0.014611116746991169,1.9660163118532714e-05,0.096,1.0,0.0,0.0,True,euler,1.0002999365080854,-1.562069680534925,-1.5446163880149817,stability-verified-in-model
outputs/hou_time_refinement_v1,hou_time_refinement_v1,hou_time_refinement_v1/nr65/nz128/level_index=0/requested_dt=6e-07,65,128,level_index=0;requested_dt=6e-07,3350.0,0.002009934889132111,5.999805639200657e-07,0.0005,273.76844070477546,190.52633754022156,0.015625,0.0078125,0.010512367580004367,0.014631948728192885,1.9660163118532714e-05,0.096,1.0,0.0,0.0,True,euler,1.0003040198931348,-1.562069680534925,-1.5446163880149817,stability-verified-in-model
outputs/hou_time_refinement_v1,hou_time_refinement_v1,hou_time_refinement_v1/nr65/nz128/level_index=0/requested_dt=6e-07,65,128,level_index=0;requested_dt=6e-07,3375.0,0.0020249344032301107,5.999805639200657e-07,0.0005,277.3948752544294,190.79558167086535,0.015625,0.0078125,0.010651618155756085,0.01465262600759587,1.9660163118532714e-05,0.096,1.0,0.0,0.0,True,euler,1.0003080521343386,-1.562069680534925,-1.5446163880149817,stability-verified-in-model
outputs/hou_time_refinement_v1,hou_time_refinement_v1,hou_time_refinement_v1/nr65/nz128/level_index=0/requested_dt=6e-07,65,128,level_index=0;requested_dt=6e-07,3400.0,0.0020399339173281105,5.999805639200657e-07,0.0005,280.9079972554143,191.0628046940833,0.015625,0.0078125,0.010786517670589421,0.0146731480709767,1.9660163118532714e-05,0.096,1.0,0.0,0.0,True,euler,1.0003119952350685,-1.562069680534925,-1.5446163880149817,stability-verified-in-model
outputs/hou_time_refinement_v1,hou_time_refinement_v1,hou_time_refinement_v1/nr65/nz128/level_index=0/requested_dt=6e-07,65,128,level_index=0;requested_dt=6e-07,3425.0,0.0020549334314261102,5.999805639200657e-07,0.0005,284.2629319288609,191.32799234778707,0.015625,0.0078125,0.010915342988815949,0.014693513823042471,1.9660163118532714e-05,0.096,1.0,0.0,0.0,True,euler,1.0003158029577925,-1.562069680534925,-1.5446163880149817,stability-verified-in-model
outputs/hou_time_refinement_v1,hou_time_refinement_v1,hou_time_refinement_v1/nr65/nz128/level_index=0/requested_dt=6e-07,65,128,level_index=0;requested_dt=6e-07,3450.0,0.00206993294552411,5.999805639200657e-07,0.0005,287.40609764186763,191.59112246095177,0.015625,0.0078125,0.011036036642382925,0.014713721561113627,1.9660163118532714e-05,0.096,1.0,0.0,0.0,True,euler,1.0003194195140401,-1.562069680534925,-1.5446163880149817,stability-verified-in-model
outputs/hou_time_refinement_v1,hou_time_refinement_v1,hou_time_refinement_v1/nr65/nz128/level_index=0/requested_dt=6e-07,65,128,level_index=0;requested_dt=6e-07,3475.0,0.0020849324596221097,5.999805639200657e-07,0.0005,290.27390629517356,191.8521648270723,0.015625,0.0078125,0.011146156927376546,0.014733768965405725,1.9660163118532714e-05,0.096,1.0,0.0,0.0,True,euler,1.0003227781764406,-1.562069680534925,-1.5446163880149817,stability-verified-in-model
outputs/hou_time_refinement_v1,hou_time_refinement_v1,hou_time_refinement_v1/nr65/nz128/level_index=0/requested_dt=6e-07,65,128,level_index=0;requested_dt=6e-07,3500.0,0.0020999319737201095,5.999805639200657e-07,0.0005,292.79138407283097,192.11108130033418,0.015625,0.0078125,0.011242824942525034,0.014753653106415115,1.9660163118532714e-05,0.096,1.0,0.0,0.0,True,euler,1.0003257998688029,-1.562069680534925,-1.5446163880149817,stability-verified-in-model
outputs/hou_time_refinement_v1,hou_time_refinement_v1,hou_time_refinement_v1/nr65/nz128/level_index=0/requested_dt=6e-07,65,128,level_index=0;requested_dt=6e-07,3525.0,0.0021149314878181093,5.999805639200657e-07,0.0005,294.87076044179844,192.36782608212906,0.015625,0.0078125,0.011322670408538165,0.014773370466922613,1.9660163118532714e-05,0.096,1.0,0.0,0.0,True,euler,1.0003283918255739,-1.562069680534925,-1.5446163880149817,stability-verified-in-model
outputs/hou_time_refinement_v1,hou_time_refinement_v1,hou_time_refinement_v1/nr65/nz128/level_index=0/requested_dt=6e-07,65,128,level_index=0;requested_dt=6e-07,3550.0,0.002129931001916109,5.999805639200657e-07,0.0005,296.41010377131096,192.62234612529485,0.015625,0.0078125,0.011381779277588246,0.014792916973038143,1.9660163118532714e-05,0.096,1.0,0.0,0.0,True,euler,1.0003304464595757,-1.562069680534925,-1.5446163880149817,stability-verified-in-model
outputs/hou_time_refinement_v1,hou_time_refinement_v1,hou_time_refinement_v1/nr65/nz128/level_index=0/requested_dt=6e-07,65,128,level_index=0;requested_dt=6e-07,3575.0,0.002144930516014109,5.999805639200657e-07,0.0005,297.292122609232,192.8929202539486,0.015625,0.0078125,0.011415647703813142,0.0148136963929795,1.9660163118532714e-05,0.096,1.0,0.0,0.0,True,euler,1.0003318775497794,-1.562069680534925,-1.5446163880149817,stability-verified-in-model
outputs/hou_time_refinement_v1,hou_time_refinement_v1,hou_time_refinement_v1/nr65/nz128/level_index=0/requested_dt=6e-07,65,128,level_index=0;requested_dt=6e-07,3600.0,0.0021599300301121086,5.999805639200657e-07,0.0005,297.38330316362,193.17812720631113,0.015625,0.0078125,0.011419148923681318,0.014835599577377886,1.9660163118532714e-05,0.096,1.0,0.0,0.0,True,euler,1.000332543745111,-1.562069680534925,-1.5446163880149817,stability-verified-in-model
outputs/hou_time_refinement_v1,hou_time_refinement_v1,hou_time_refinement_v1/nr65/nz128/level_index=0/requested_dt=6e-07,65,128,level_index=0;requested_dt=6e-07,3625.0,0.0021749295442101083,5.999805639200657e-07,0.0005,296.53361480074204,193.4613739648459,0.015625,0.0078125,0.011386521947481904,0.014857352223766907,1.9660163118532714e-05,0.096,1.0,0.0,0.0,True,euler,1.0003322582532579,-1.562069680534925,-1.5446163880149817,stability-verified-in-model
outputs/hou_time_refinement_v1,hou_time_refinement_v1,hou_time_refinement_v1/nr65/nz128/level_index=0/requested_dt=6e-07,65,128,level_index=0;requested_dt=6e-07,3650.0,0.002189929058308108,5.999805639200657e-07,0.0005,294.57708216224154,193.74256030693817,0.015625,0.0078125,0.011311393527912269,0.014878946635299085,1.9660163118532714e-05,0.096,1.0,0.0,0.0,True,euler,1.0003308551911827,-1.562069680534925,-1.5446163880149817,stability-verified-in-model
outputs/hou_time_refinement_v1,hou_time_refinement_v1,hou_time_refinement_v1/nr65/nz128/level_index=0/requested_dt=6e-07,65,128,level_index=0;requested_dt=6e-07,3653.0,0.002191729,5.999805640518295e-07,0.0005,294.25949401265416,193.77615914122967,0.015625,0.0078125,0.011299198540500365,0.014881526945453064,1.966016312285035e-05,0.096,1.0,0.0,0.0,True,euler,1.0003306035157,-1.562069680534925,-1.5446163880149817,stability-verified-in-model
outputs/hou_time_refinement_v1,hou_time_refinement_v1,hou_time_refinement_v1/nr65/nz128/level_index=1/requested_dt=3e-07,65,128,level_index=1;requested_dt=3e-07,25.0,7.499757049000818e-06,2.9999028196003285e-07,0.0005,2.769485626736438,2.3403635195866546,0.015625,0.0078125,5.3172401539131025e-05,8.986704795261124e-05,9.830081559266357e-06,0.096,1.0,0.0,0.0,True,euler,1.0,0.0,0.0,stability-verified-in-model
outputs/hou_time_refinement_v1,hou_time_refinement_v1,hou_time_refinement_v1/nr65/nz128/level_index=1/requested_dt=3e-07,65,128,level_index=1;requested_dt=3e-07,50.0,1.4999514098001632e-05,2.9999028196003285e-07,0.0005,5.537891967642214,4.679648855509083,0.015625,0.0078125,0.00010632408146158008,0.00017969269499367872,9.830081559266357e-06,0.096,1.0,0.0,0.0,True,euler,1.0,0.0,0.0,stability-verified-in-model
outputs/hou_time_refinement_v1,hou_time_refinement_v1,hou_time_refinement_v1/nr65/nz128/level_index=1/requested_dt=3e-07,65,128,level_index=1;requested_dt=3e-07,75.0,2.2499271147002447e-05,2.9999028196003285e-07,0.0005,8.304169608715059,7.0167872453409,0.015625,0.0078125,0.00015943489167119144,0.0002694359019754725,9.830081559266357e-06,0.096,1.0,0.0,0.0,True,euler,1.0,0.0,0.0,stability-verified-in-model
outputs/hou_time_refinement_v1,hou_time_refinement_v1,hou_time_refinement_v1/nr65/nz128/level_index=1/requested_dt=3e-07,65,128,level_index=1;requested_dt=3e-07,100.0,2.999902819600326e-05,2.9999028196003285e-07,0.0005,11.06727224816865,9.35071395497858,0.015625,0.0078125,0.00021248474382441982,0.0003590557844328497,9.830081559266357e-06,0.096,1.0,0.0,0.0,True,euler,1.0,0.0,0.0,stability-verified-in-model
outputs/hou_time_refinement_v1,hou_time_refinement_v1,hou_time_refinement_v1/nr65/nz128/level_index=1/requested_dt=3e-07,65,128,level_index=1;requested_dt=3e-07,125.0,3.749878524500415e-05,2.9999028196003285e-07,0.0005,13.826158226063008,11.68037026576166,0.015625,0.0078125,0.0002654536386982828,0.00044851168888619826,9.830081559266357e-06,0.096,1.0,0.0,0.0,True,euler,1.0,0.0,0.0,stability-verified-in-model
outputs/hou_time_refinement_v1,hou_time_refinement_v1,hou_time_refinement_v1/nr65/nz128/level_index=1/requested_dt=3e-07,65,128,level_index=1;requested_dt=3e-07,150.0,4.499854229400505e-05,2.9999028196003285e-07,0.0005,16.579792040936,14.00470543733929,0.015625,0.0078125,0.0003183216953087423,0.0005377632682130711,9.830081559266357e-06,0.096,1.0,0.0,0.0,True,euler,1.0,0.0,0.0,stability-verified-in-model
outputs/hou_time_refinement_v1,hou_time_refinement_v1,hou_time_refinement_v1/nr65/nz128/level_index=1/requested_dt=3e-07,65,128,level_index=1;requested_dt=3e-07,175.0,5.249829934300595e-05,2.9999028196003285e-07,0.0005,19.327145849238185,16.322678638485545,0.015625,0.0078125,0.0003710691796989211,0.0006267705557890923,9.830081559266357e-06,0.096,1.0,0.0,0.0,True,euler,1.0,0.0,0.0,stability-verified-in-model
outputs/hou_time_refinement_v1,hou_time_refinement_v1,hou_time_refinement_v1/nr65/nz128/level_index=1/requested_dt=3e-07,65,128,level_index=1;requested_dt=3e-07,200.0,5.9998056392006845e-05,2.9999028196003285e-07,0.0005,22.067200943456193,18.63326083829183,0.015625,0.0078125,0.00042367653331815207,0.0007154940381073925,9.830081559266357e-06,0.096,1.0,0.0,0.0,True,euler,1.0,0.0,0.0,stability-verified-in-model
outputs/hou_time_refinement_v1,hou_time_refinement_v1,hou_time_refinement_v1/nr65/nz128/level_index=1/requested_dt=3e-07,65,128,level_index=1;requested_dt=3e-07,225.0,6.749781344100774e-05,2.9999028196003285e-07,0.0005,24.798949204911843,20.935436650441876,0.015625,0.0078125,0.0004761244009148183,0.0008038947255964754,9.830081559266357e-06,0.096,1.0,0.0,0.0,True,euler,1.0,0.0,0.0,stability-verified-in-model
outputs/hou_time_refinement_v1,hou_time_refinement_v1,hou_time_refinement_v1/nr65/nz128/level_index=1/requested_dt=3e-07,65,128,level_index=1;requested_dt=3e-07,250.0,7.499757049000864e-05,2.9999028196003285e-07,0.0005,27.52139452734504,23.22820612360086,0.015625,0.0078125,0.0005283936578682588,0.0008919342213689322,9.830081559266357e-06,0.096,1.0,0.0,0.0,True,euler,1.0,0.0,0.0,stability-verified-in-model
outputs/hou_time_refinement_v1,hou_time_refinement_v1,hou_time_refinement_v1/nr65/nz128/level_index=1/requested_dt=3e-07,65,128,level_index=1;requested_dt=3e-07,275.0,8.249732753900954e-05,2.9999028196003285e-07,0.0005,30.23355420752673,25.510586471321204,0.015625,0.0078125,0.0005804654368876724,0.0009795747876476732,9.830081559266357e-06,0.096,1.0,0.0,0.0,True,euler,1.0,0.0,0.0,stability-verified-in-model
outputs/hou_time_refinement_v1,hou_time_refinement_v1,hou_time_refinement_v1/nr65/nz128/level_index=1/requested_dt=3e-07,65,128,level_index=1;requested_dt=3e-07,300.0,8.999708458801044e-05,2.9999028196003285e-07,0.0005,32.9344602993024,27.781613735280246,0.015625,0.0078125,0.000632321154008911,0.0010667794096321846,9.830081559266357e-06,0.096,1.0,0.0,0.0,True,euler,1.0,0.0,0.0,stability-verified-in-model
outputs/hou_time_refinement_v1,hou_time_refinement_v1,hou_time_refinement_v1/nr65/nz128/level_index=1/requested_dt=3e-07,65,128,level_index=1;requested_dt=3e-07,325.0,9.749684163701133e-05,2.9999028196003285e-07,0.0005,35.623160927637095,30.040344376113723,0.015625,0.0078125,0.0006839425338233266,0.001153511856584556,9.830081559266357e-06,0.096,1.0,0.0,0.0,True,euler,1.0,0.0,0.0,stability-verified-in-model
outputs/hou_time_refinement_v1,hou_time_refinement_v1,hou_time_refinement_v1/nr65/nz128/level_index=1/requested_dt=3e-07,65,128,level_index=1;requested_dt=3e-07,350.0,0.00010499659868601223,2.9999028196003285e-07,0.0005,38.29872155941601,32.28585678659104,0.015625,0.0078125,0.0007353116338763518,0.0012397367399335278,9.830081559266357e-06,0.096,1.0,0.0,0.0,True,euler,1.0,0.0,0.0,stability-verified-in-model
outputs/hou_time_refinement_v1,hou_time_refinement_v1,hou_time_refinement_v1/nr65/nz128/level_index=1/requested_dt=3e-07,65,128,level_index=1;requested_dt=3e-07,375.0,0.00011249635573501313,2.9999028196003285e-07,0.0005,40.960226227951516,34.51725272238683,0.015625,0.0078125,0.0007864108681772741,0.0013254195682143406,9.830081559266357e-06,0.096,1.0,0.0,0.0,True,euler,1.0,0.0,0.0,stability-verified-in-model
outputs/hou_time_refinement_v1,hou_time_refinement_v1,hou_time_refinement_v1/nr65/nz128/level_index=1/requested_dt=3e-07,65,128,level_index=1;requested_dt=3e-07,400.0,0.00011999611278401403,2.9999028196003285e-07,0.0005,43.60677870835453,36.733658646234495,0.015625,0.0078125,0.0008372230297656341,0.001410526798682558,9.830081559266357e-06,0.096,1.0,0.0,0.0,True,euler,1.0,0.0,0.0,stability-verified-in-model
outputs/hou_time_refinement_v1,hou_time_refinement_v1,hou_time_refinement_v1/nr65/nz128/level_index=1/requested_dt=3e-07,65,128,level_index=1;requested_dt=3e-07,425.0,0.00012749586983301468,2.9999028196003285e-07,0.0005,46.237503641145096,38.93422698179637,0.015625,0.0078125,0.0008877313122838505,0.0014950258854611216,9.830081559266357e-06,0.096,1.0,0.0,0.0,True,euler,1.0000000146289532,-0.5235987755982988,-0.23561944901923448,stability-verified-in-model
outputs/hou_time_refinement_v1,hou_time_refinement_v1,hou_time_refinement_v1/nr65/nz128/level_index=1/requested_dt=3e-07,65,128,level_index=1;requested_dt=3e-07,450.0,0.00013499562688201524,2.9999028196003285e-07,0.0005,48.851547601702144,41.11813727414412,0.015625,0.0078125,0.00093791933050999,0.0015788853241013544,9.830081559266357e-06,0.096,1.0,0.0,0.0,True,euler,1.0000000715853867,-0.7504915783575618,-0.3752457891787809,stability-verified-in-model
outputs/hou_time_refinement_v1,hou_time_refinement_v1,hou_time_refinement_v1/nr65/nz128/level_index=1/requested_dt=3e-07,65,128,level_index=1;requested_dt=3e-07,475.0,0.0001424953839310158,2.9999028196003285e-07,0.0005,51.44808011338351,43.28459725431142,0.015625,0.0078125,0.0009877711398090419,0.0016620746924604604,9.830081559266357e-06,0.096,1.0,0.0,0.0,True,euler,1.0000001696483423,-0.8901179185171081,-0.4799655442984406,stability-verified-in-model
outputs/hou_time_refinement_v1,hou_time_refinement_v1,hou_time_refinement_v1/nr65/nz128/level_index=1/requested_dt=3e-07,65,128,level_index=1;requested_dt=3e-07,500.0,0.00014999514098001636,2.9999028196003285e-07,0.0005,54.026294602383615,45.43284380594868,0.015625,0.0078125,0.0010372712544655912,0.0017445646878198626,9.830081559266357e-06,0.096,1.0,0.0,0.0,True,euler,1.0000003067035264,-0.9948376736367679,-0.5759586531581288,stability-verified-in-model
outputs/hou_time_refinement_v1,hou_time_refinement_v1,hou_time_refinement_v1/nr65/nz128/level_index=1/requested_dt=3e-07,65,128,level_index=1;requested_dt=3e-07,525.0,0.00015749489802901692,2.9999028196003285e-07,0.0005,56.5854092926359,47.562143832674764,0.015625,0.0078125,0.0010864046648653893,0.0018263271601904308,9.830081559266357e-06,0.096,1.0,0.0,0.0,True,euler,1.0000004805381082,-1.0733774899765127,-0.6544984694978736,stability-verified-in-model
outputs/hou_time_refinement_v1,hou_time_refinement_v1,hou_time_refinement_v1/nr65/nz128/level_index=1/requested_dt=3e-07,65,128,level_index=1;requested_dt=3e-07,550.0,0.00016499465507801748,2.9999028196003285e-07,0.0005,59.12466803930823,49.671795025278826,0.015625,0.0078125,0.0011351568534979468,0.001907335141772077,9.830081559266357e-06,0.096,1.0,0.0,0.0,True,euler,1.0000006885820043,-1.1344640137963142,-0.7330382858376184,stability-verified-in-model
outputs/hou_time_refinement_v1,hou_time_refinement_v1,hou_time_refinement_v1/nr65/nz128/level_index=1/requested_dt=3e-07,65,128,level_index=1;requested_dt=3e-07,575.0,0.00017249441212701804,2.9999028196003285e-07,0.0005,61.64334109968156,51.76112652846897,0.015625,0.0078125,0.001183513809756925,0.001987562872556076,9.830081559266357e-06,0.096,1.0,0.0,0.0,True,euler,1.000000928399077,-1.1780972450961724,-0.7941248096574199,stability-verified-in-model
outputs/hou_time_refinement_v1,hou_time_refinement_v1,hou_time_refinement_v1/nr65/nz128/level_index=1/requested_dt=3e-07,65,128,level_index=1;requested_dt=3e-07,600.0,0.0001799941691760186,2.9999028196003285e-07,0.0005,64.14072584044199,53.82949950739312,0.015625,0.0078125,0.0012314620435197028,0.00206698582207876,9.830081559266357e-06,0.096,1.0,0.0,0.0,True,euler,1.000001197232502,-1.2217304763960306,-0.8552113334772214,stability-verified-in-model
outputs/hou_time_refinement_v1,hou_time_refinement_v1,hou_time_refinement_v1/nr65/nz128/level_index=1/requested_dt=3e-07,65,128,level_index=1;requested_dt=3e-07,625.0,0.00018749392622501916,2.9999028196003285e-07,0.0005,66.61614738065556,55.876307614665556,0.015625,0.0078125,0.0012789885974920938,0.0021455807073547583,9.830081559266357e-06,0.096,1.0,0.0,0.0,True,euler,1.000001492793761,-1.2479104151759457,-0.8988445647770797,stability-verified-in-model
outputs/hou_time_refinement_v1,hou_time_refinement_v1,hou_time_refinement_v1/nr65/nz128/level_index=1/requested_dt=3e-07,65,128,level_index=1;requested_dt=3e-07,650.0,0.00019499368327401972,2.9999028196003285e-07,0.0005,69.06895916992812,57.90097735911482,0.015625,0.0078125,0.001326081058308655,0.0022233255070364588,9.830081559266357e-06,0.096,1.0,0.0,0.0,True,euler,1.0000018126864312,-1.2828170002158321,-0.9512044423369096,stability-verified-in-model
outputs/hou_time_refinement_v1,hou_time_refinement_v1,hou_time_refinement_v1/nr65/nz128/level_index=1/requested_dt=3e-07,65,128,level_index=1;requested_dt=3e-07,675.0,0.00020249344032302027,2.9999028196003285e-07,0.0005,71.49854350148354,59.902968377927564,0.015625,0.0078125,0.00137272756638347,0.00230019947186399,9.830081559266357e-06,0.096,1.0,0.0,0.0,True,euler,1.0000021548592055,-1.3002702927357754,-0.9861110273767962,stability-verified-in-model
outputs/hou_time_refinement_v1,hou_time_refinement_v1,hou_time_refinement_v1/nr65/nz128/level_index=1/requested_dt=3e-07,65,128,level_index=1;requested_dt=3e-07,700.0,0.00020999319737202083,2.9999028196003285e-07,0.0005,73.90431196011531,61.88177361428761,0.015625,0.0078125,0.001418916824510542,0.002376183131486344,9.830081559266357e-06,0.096,1.0,0.0,0.0,True,euler,1.0000025171851346,-1.3264502315156905,-1.0297442586766545,stability-verified-in-model
outputs/hou_time_refinement_v1,hou_time_refinement_v1,hou_time_refinement_v1/nr65/nz128/level_index=1/requested_dt=3e-07,65,128,level_index=1;requested_dt=3e-07,725.0,0.0002174929544210214,2.9999028196003285e-07,0.0005,76.28570580518459,63.836919403007634,0.015625,0.0078125,0.0014646381052171161,0.0024512582977495234,9.830081559266357e-06,0.096,1.0,0.0,0.0,True,euler,1.0000028981052274,-1.3439035240356338,-1.0559241974565694,stability-verified-in-model
outputs/hou_time_refinement_v1,hou_time_refinement_v1,hou_time_refinement_v1/nr65/nz128/level_index=1/requested_dt=3e-07,65,128,level_index=1;requested_dt=3e-07,750.0,0.00022499271147002195,2.9999028196003285e-07,0.0005,78.64219628904448,65.76796546701065,0.015625,0.0078125,0.001509881256877229,0.0025254080645614376,9.830081559266357e-06,0.096,1.0,0.0,0.0,True,euler,1.0000032958258043,-1.3526301702956054,-1.090830782496456,stability-verified-in-model
outputs/hou_time_refinement_v1,hou_time_refinement_v1,hou_time_refinement_v1/nr65/nz128/level_index=1/requested_dt=3e-07,65,128,level_index=1;requested_dt=3e-07,775.0,0.0002324924685190225,2.9999028196003285e-07,0.0005,80.97328491147155,67.67450482784751,0.015625,0.0078125,0.0015546367085966352,0.0025986168044558823,9.830081559266357e-06,0.096,1.0,0.0,0.0,True,euler,1.0000037088848301,-1.3700834628155487,-1.117010721276371,stability-verified-in-model
outputs/hou_time_refinement_v1,hou_time_refinement_v1,hou_time_refinement_v1/nr65/nz128/level_index=1/requested_dt=3e-07,65,128,level_index=1;requested_dt=3e-07,800.0,0.00023999222556802307,2.9999028196003285e-07,0.0005,83.27850361087454,69.55616363372673,0.015625,0.0078125,0.0015988954738838954,0.0026708701619891024,9.830081559266357e-06,0.096,1.0,0.0,0.0,True,euler,1.0000041357599139,-1.3788101090755203,-1.1431906600562858,stability-verified-in-model
outputs/hou_time_refinement_v1,hou_time_refinement_v1,hou_time_refinement_v1/nr65/nz128/level_index=1/requested_dt=3e-07,65,128,level_index=1;requested_dt=3e-07,825.0,0.00024749198261702395,2.9999028196003285e-07,0.0005,85.55741489323186,71.41260090878954,0.015625,0.0078125,0.001642649153125897,0.0027421550441122655,9.830081559266357e-06,0.096,1.0,0.0,0.0,True,euler,1.0000045753638227,-1.3962634015954636,-1.160643952576229,stability-verified-in-model
outputs/hou_time_refinement_v1,hou_time_refinement_v1,hou_time_refinement_v1/nr65/nz128/level_index=1/requested_dt=3e-07,65,128,level_index=1;requested_dt=3e-07,850.0,0.0002549917396660252,2.9999028196003285e-07,0.0005,87.80961189987764,73.24350822758186,0.015625,0.0078125,0.0016858899348893024,0.002812459607671586,9.830081559266357e-06,0.096,1.0,0.0,0.0,True,euler,1.0000050263201996,-1.4049900478554354,-1.1780972450961724,stability-verified-in-model
outputs/hou_time_refinement_v1,hou_time_refinement_v1,hou_time_refinement_v1/nr65/nz128/level_index=1/requested_dt=3e-07,65,128,level_index=1;requested_dt=3e-07,875.0,0.00026249149671502643,2.9999028196003285e-07,0.0005,90.03471841541679,75.04860931885713,0.015625,0.0078125,0.001728610596072515,0.0028817732441948542,9.830081559266357e-06,0.096,1.0,0.0,0.0,True,euler,1.0000054876771183,-1.413716694115407,-1.2042771838760873,stability-verified-in-model
outputs/hou_time_refinement_v1,hou_time_refinement_v1,hou_time_refinement_v1/nr65/nz128/level_index=1/requested_dt=3e-07,65,128,level_index=1;requested_dt=3e-07,900.0,0.00026999125376402766,2.9999028196003285e-07,0.0005,92.23238881719666,76.82765960299342,0.015625,0.0078125,0.0017708045009355653,0.002950086562128822,9.830081559266357e-06,0.096,1.0,0.0,0.0,True,euler,1.0000059582575007,-1.4224433403753787,-1.2217304763960306,stability-verified-in-model
outputs/hou_time_refinement_v1,hou_time_refinement_v1,hou_time_refinement_v1/nr65/nz128/level_index=1/requested_dt=3e-07,65,128,level_index=1;requested_dt=3e-07,925.0,0.0002774910108130289,2.9999028196003285e-07,0.0005,94.40230796789857,78.58044566741972,0.015625,0.0078125,0.0018124655990379357,0.0030173913666962284,9.830081559266357e-06,0.096,1.0,0.0,0.0,True,euler,1.0000064372458126,-1.4224433403753787,-1.2304571226560024,stability-verified-in-model
outputs/hou_time_refinement_v1,hou_time_refinement_v1,hou_time_refinement_v1/nr65/nz128/level_index=1/requested_dt=3e-07,65,128,level_index=1;requested_dt=3e-07,950.0,0.00028499076786203014,2.9999028196003285e-07,0.0005,96.5441910529402,80.30678468452727,0.015625,0.0078125,0.0018535884221167881,0.003083680637544318,9.830081559266357e-06,0.096,1.0,0.0,0.0,True,euler,1.0000069236630926,-1.4311699866353502,-1.2479104151759457,stability-verified-in-model
outputs/hou_time_refinement_v1,hou_time_refinement_v1,hou_time_refinement_v1/nr65/nz128/level_index=1/requested_dt=3e-07,65,128,level_index=1;requested_dt=3e-07,975.0,0.0002924905249110314,2.9999028196003285e-07,0.0005,98.65778336449095,82.0118014170479,0.015625,0.0078125,0.0018941680799401906,0.0031491511591872543,9.830081559266357e-06,0.096,1.0,0.0,0.0,True,euler,1.0000074173177909,-1.4398966328953218,-1.265363707695889,stability-verified-in-model
outputs/hou_time_refinement_v1,hou_time_refinement_v1,hou_time_refinement_v1/nr65/nz128/level_index=1/requested_dt=3e-07,65,128,level_index=1;requested_dt=3e-07,1000.0,0.0002999902819600326,2.9999028196003285e-07,0.0005,100.74286003400675,83.70868219380289,0.015625,0.0078125,0.001934200255171956,0.0032143092702491788,9.830081559266357e-06,0.096,1.0,0.0,0.0,True,euler,1.000007920313665,-1.4486232791552935,-1.2740903539558606,stability-verified-in-model
outputs/hou_time_refinement_v1,hou_time_refinement_v1,hou_time_refinement_v1/nr65/nz128/level_index=1/requested_dt=3e-07,65,128,level_index=1;requested_dt=3e-07,1025.0,0.00030749003900903385,2.9999028196003285e-07,0.0005,102.79922571528179,85.38005189362137,0.015625,0.0078125,0.0019736811972864286,0.003278487787690203,9.830081559266357e-06,0.096,1.0,0.0,0.0,True,euler,1.0000084286955624,-1.4486232791552935,-1.2828170002158321,stability-verified-in-model
outputs/hou_time_refinement_v1,hou_time_refinement_v1,hou_time_refinement_v1/nr65/nz128/level_index=1/requested_dt=3e-07,65,128,level_index=1;requested_dt=3e-07,1050.0,0.0003149897960580351,2.9999028196003285e-07,0.0005,104.82671422009449,87.02582677915503,0.015625,0.0078125,0.0020126077155731155,0.0033416834961003125,9.830081559266357e-06,0.096,1.0,0.0,0.0,True,euler,1.0000089415697422,-1.457349925415265,-1.3002702927357754,stability-verified-in-model
outputs/hou_time_refinement_v1,hou_time_refinement_v1,hou_time_refinement_v1/nr65/nz128/level_index=1/requested_dt=3e-07,65,128,level_index=1;requested_dt=3e-07,1075.0,0.0003224895531070363,2.9999028196003285e-07,0.0005,106.82518810859533,88.64594821891205,0.015625,0.0078125,0.002050977171272388,0.003403894144103155,9.830081559266357e-06,0.096,1.0,0.0,0.0,True,euler,1.0000094586791841,-1.457349925415265,-1.3089969389957472,stability-verified-in-model
outputs/hou_time_refinement_v1,hou_time_refinement_v1,hou_time_refinement_v1/nr65/nz128/level_index=1/requested_dt=3e-07,65,128,level_index=1;requested_dt=3e-07,1100.0,0.00032998931015603756,2.9999028196003285e-07,0.0005,108.7945382366429,90.24038195065836,0.015625,0.0078125,0.002088787468884613,0.0034651184160715597,9.830081559266357e-06,0.096,1.0,0.0,0.0,True,euler,1.000009978994775,-1.4660765716752369,-1.3177235852557188,stability-verified-in-model
outputs/hou_time_refinement_v1,hou_time_refinement_v1,hou_time_refinement_v1/nr65/nz128/level_index=1/requested_dt=3e-07,65,128,level_index=1;requested_dt=3e-07,1125.0,0.0003374890672050388,2.9999028196003285e-07,0.0005,110.73468326234381,91.80911731974733,0.015625,0.0078125,0.002126037046696029,0.0035253559028803503,9.830081559266357e-06,0.096,1.0,0.0,0.0,True,euler,1.0000105020679124,-1.4660765716752369,-1.3264502315156905,stability-verified-in-model
outputs/hou_time_refinement_v1,hou_time_refinement_v1,hou_time_refinement_v1/nr65/nz128/level_index=1/requested_dt=3e-07,65,128,level_index=1;requested_dt=3e-07,1150.0,0.00034498882425404003,2.9999028196003285e-07,0.0005,112.64556911409157,93.35216649605294,0.015625,0.0078125,0.0021627248665654205,0.0035846070718375494,9.830081559266357e-06,0.096,1.0,0.0,0.0,True,euler,1.0000110270561513,-1.4748032179352084,-1.335176877775662,stability-verified-in-model
outputs/hou_time_refinement_v1,hou_time_refinement_v1,hou_time_refinement_v1/nr65/nz128/level_index=1/requested_dt=3e-07,65,128,level_index=1;requested_dt=3e-07,1175.0,0.00035248858130304127,2.9999028196003285e-07,0.0005,114.52716842242812,94.86956367306445,0.015625,0.0078125,0.0021988504030162163,0.00364287323593061,9.830081559266357e-06,0.096,1.0,0.0,0.0,True,euler,1.000011553753305,-1.4748032179352084,-1.3439035240356338,stability-verified-in-model
outputs/hou_time_refinement_v1,hou_time_refinement_v1,hou_time_refinement_v1/nr65/nz128/level_index=1/requested_dt=3e-07,65,128,level_index=1;requested_dt=3e-07,1200.0,0.0003599883383520425,2.9999028196003285e-07,0.0005,116.379479918075,96.3613642525703,0.015625,0.0078125,0.0022344136316790595,0.003700156522519295,9.830081559266357e-06,0.096,1.0,0.0,0.0,True,euler,1.0000120814853128,-1.4748032179352084,-1.3439035240356338,stability-verified-in-model
outputs/hou_time_refinement_v1,hou_time_refinement_v1,hou_time_refinement_v1/nr65/nz128/level_index=1/requested_dt=3e-07,65,128,level_index=1;requested_dt=3e-07,1225.0,0.00036748809540104374,2.9999028196003285e-07,0.0005,118.20252779849046,97.82764401821754,0.015625,0.0078125,0.0022694150171300976,0.0037564598416013825,9.830081559266357e-06,0.096,1.0,0.0,0.0,True,euler,1.0000126096751518,-1.4835298641951802,-1.3526301702956054,stability-verified-in-model
outputs/hou_time_refinement_v1,hou_time_refinement_v1,hou_time_refinement_v1/nr65/nz128/level_index=1/requested_dt=3e-07,65,128,level_index=1;requested_dt=3e-07,1250.0,0.000374987852450045,2.9999028196003285e-07,0.0005,119.99636106531602,99.26849830108347,0.015625,0.0078125,0.0023038555001703718,0.0038117868537716573,9.830081559266357e-06,0.096,1.0,0.0,0.0,True,euler,1.0000131379257622,-1.4835298641951802,-1.361356816555577,stability-verified-in-model
outputs/hou_time_refinement_v1,hou_time_refinement_v1,hou_time_refinement_v1/nr65/nz128/level_index=1/requested_dt=3e-07,65,128,level_index=1;requested_dt=3e-07,1275.0,0.0003824876094990462,2.9999028196003285e-07,0.0005,121.761052835069,100.6840411402387,0.015625,0.0078125,0.0023377364845915396,0.0038661419379885766,9.830081559266357e-06,0.096,1.0,0.0,0.0,True,euler,1.000013665447256,-1.4835298641951802,-1.3700834628155487,stability-verified-in-model
outputs/hou_time_refinement_v1,hou_time_refinement_v1,hou_time_refinement_v1/nr65/nz128/level_index=1/requested_dt=3e-07,65,128,level_index=1;requested_dt=3e-07,1300.0,0.00038998736654804745,2.9999028196003285e-07,0.0005,123.49669962543014,102.07440444112048,0.015625,0.0078125,0.0023710598234730415,0.0039195301592568526,9.830081559266357e-06,0.096,1.0,0.0,0.0,True,euler,1.0000141923675312,-1.4835298641951802,-1.3700834628155487,stability-verified-in-model
outputs/hou_time_refinement_v1,hou_time_refinement_v1,hou_time_refinement_v1/nr65/nz128/level_index=1/requested_dt=3e-07,65,128,level_index=1;requested_dt=3e-07,1325.0,0.0003974871235970487,2.9999028196003285e-07,0.0005,125.20342061945519,103.43973713436617,0.015625,0.0078125,0.002403827805055421,0.003971957236327704,9.830081559266357e-06,0.096,1.0,0.0,0.0,True,euler,1.0000147179374306,-1.4922565104551517,-1.3788101090755203,stability-verified-in-model
outputs/hou_time_refinement_v1,hou_time_refinement_v1,hou_time_refinement_v1/nr65/nz128/level_index=1/requested_dt=3e-07,65,128,level_index=1;requested_dt=3e-07,1350.0,0.00040498688064604993,2.9999028196003285e-07,0.0005,126.88135691001523,104.78020433759065,0.015625,0.0078125,0.00243604313823405,0.004023429509512151,9.830081559266357e-06,0.096,1.0,0.0,0.0,True,euler,1.0000152417645027,-1.4922565104551517,-1.3788101090755203,stability-verified-in-model
outputs/hou_time_refinement_v1,hou_time_refinement_v1,hou_time_refinement_v1/nr65/nz128/level_index=1/requested_dt=3e-07,65,128,level_index=1;requested_dt=3e-07,1375.0,0.00041248663769505116,2.9999028196003285e-07,0.0005,128.53067072674253,106.09598652241996,0.015625,0.0078125,0.002467708937716968,0.004073953908696142,9.830081559266357e-06,0.096,1.0,0.0,0.0,True,euler,1.0000157635968794,-1.4922565104551517,-1.387536755335492,stability-verified-in-model
outputs/hou_time_refinement_v1,hou_time_refinement_v1,hou_time_refinement_v1/nr65/nz128/level_index=1/requested_dt=3e-07,65,128,level_index=1;requested_dt=3e-07,1400.0,0.0004199863947440524,2.9999028196003285e-07,0.0005,130.15154464771922,107.38727868892522,0.015625,0.0078125,0.002498828708889798,0.004123537921639847,9.830081559266357e-06,0.096,1.0,0.0,0.0,True,euler,1.0000162827460988,-1.4922565104551517,-1.387536755335492,stability-verified-in-model
outputs/hou_time_refinement_v1,hou_time_refinement_v1,hou_time_refinement_v1/nr65/nz128/level_index=1/requested_dt=3e-07,65,128,level_index=1;requested_dt=3e-07,1425.0,0.00042748615179305364,2.9999028196003285e-07,0.0005,131.74418079810823,108.65428954943036,0.015625,0.0078125,0.0025294063324299543,0.004172189562636885,9.830081559266357e-06,0.096,1.0,0.0,0.0,True,euler,1.0000167995090024,-1.5009831567151235,-1.3962634015954636,stability-verified-in-model
outputs/hou_time_refinement_v1,hou_time_refinement_v1,hou_time_refinement_v1/nr65/nz128/level_index=1/requested_dt=3e-07,65,128,level_index=1;requested_dt=3e-07,1450.0,0.0004349859088420549,2.9999028196003285e-07,0.0005,133.3088000378781,109.89724072350357,0.015625,0.0078125,0.002559446048711468,0.004219917341603,9.830081559266357e-06,0.096,1.0,0.0,0.0,True,euler,1.0000173130676187,-1.5009831567151235,-1.3962634015954636,stability-verified-in-model
outputs/hou_time_refinement_v1,hou_time_refinement_v1,hou_time_refinement_v1/nr65/nz128/level_index=1/requested_dt=3e-07,65,128,level_index=1;requested_dt=3e-07,1475.0,0.0004424856658910561,2.9999028196003285e-07,0.0005,134.8456411407226,111.11898246930186,0.015625,0.0078125,0.0025889524420407537,0.00426683070490596,9.830081559266357e-06,0.096,1.0,0.0,0.0,True,euler,1.0000178240374828,-1.5009831567151235,-1.4049900478554354,stability-verified-in-model
outputs/hou_time_refinement_v1,hou_time_refinement_v1,hou_time_refinement_v1/nr65/nz128/level_index=1/requested_dt=3e-07,65,128,level_index=1;requested_dt=3e-07,1500.0,0.00044998542294005735,2.9999028196003285e-07,0.0005,136.35495996622294,112.34963136187572,0.015625,0.0078125,0.0026179304247626375,0.00431408609156542,9.830081559266357e-06,0.096,1.0,0.0,0.0,True,euler,1.0000183398355196,-1.5009831567151235,-1.4049900478554354,stability-verified-in-model
outputs/hou_time_refinement_v1,hou_time_refinement_v1,hou_time_refinement_v1/nr65/nz128/level_index=1/requested_dt=3e-07,65,128,level_index=1;requested_dt=3e-07,1525.0,0.0004574851799890586,2.9999028196003285e-07,0.0005,137.83702862724064,113.55779275841202,0.015625,0.0078125,0.0026463852212748186,0.004360477986349439,9.830081559266357e-06,0.096,1.0,0.0,0.0,True,euler,1.0000188519482947,-1.5009831567151235,-1.413716694115407,stability-verified-in-model
outputs/hou_time_refinement_v1,hou_time_refinement_v1,hou_time_refinement_v1/nr65/nz128/level_index=1/requested_dt=3e-07,65,128,level_index=1;requested_dt=3e-07,1550.0,0.0004649849370380598,2.9999028196003285e-07,0.0005,139.29213465446702,114.74369808503877,0.015625,0.0078125,0.002674322351987739,0.0044060152757334605,9.830081559266357e-06,0.096,1.0,0.0,0.0,True,euler,1.0000193607913932,-1.509709802975095,-1.413716694115407,stability-verified-in-model
outputs/hou_time_refinement_v1,hou_time_refinement_v1,hou_time_refinement_v1/nr65/nz128/level_index=1/requested_dt=3e-07,65,128,level_index=1;requested_dt=3e-07,1575.0,0.00047248469408706106,2.9999028196003285e-07,0.0005,140.72058015999238,115.90758770925987,0.015625,0.0078125,0.002701747617265633,0.004450707189530638,9.830081559266357e-06,0.096,1.0,0.0,0.0,True,euler,1.000019865590149,-1.509709802975095,-1.413716694115407,stability-verified-in-model
outputs/hou_time_refinement_v1,hou_time_refinement_v1,hou_time_refinement_v1/nr65/nz128/level_index=1/requested_dt=3e-07,65,128,level_index=1;requested_dt=3e-07,1600.0,0.0004799844511360623,2.9999028196003285e-07,0.0005,142.12268100168717,117.04971029450166,0.015625,0.0078125,0.002728667081383164,0.004494563276107227,9.830081559266357e-06,0.096,1.0,0.0,0.0,True,euler,1.000020366344908,-1.509709802975095,-1.4224433403753787,stability-verified-in-model
outputs/hou_time_refinement_v1,hou_time_refinement_v1,hou_time_refinement_v1/nr65/nz128/level_index=1/requested_dt=3e-07,65,128,level_index=1;requested_dt=3e-07,1625.0,0.00048748420818506353,2.9999028196003285e-07,0.0005,143.49876595011997,118.17032217128104,0.015625,0.0078125,0.002755087056530768,0.0045375933782362265,9.830081559266357e-06,0.096,1.0,0.0,0.0,True,euler,1.000020862967212,-1.509709802975095,-1.4224433403753787,stability-verified-in-model
outputs/hou_time_refinement_v1,hou_time_refinement_v1,hou_time_refinement_v1/nr65/nz128/level_index=1/requested_dt=3e-07,65,128,level_index=1;requested_dt=3e-07,1650.0,0.0004949839652340635,2.9999028196003285e-07,0.0005,144.84917585966264,119.26968672562614,0.015625,0.0078125,0.002781014086900389,0.004579807609613488,9.830081559266357e-06,0.096,1.0,0.0,0.0,True,euler,1.000021354848083,-1.509709802975095,-1.4224433403753787,stability-verified-in-model
outputs/hou_time_refinement_v1,hou_time_refinement_v1,hou_time_refinement_v1/nr65/nz128/level_index=1/requested_dt=3e-07,65,128,level_index=1;requested_dt=3e-07,1675.0,0.0005024837222830634,2.9999028196003285e-07,0.0005,146.1742628453605,120.3480738052751,0.015625,0.0078125,0.0028064549328818975,0.004621216332056489,9.830081559266357e-06,0.096,1.0,0.0,0.0,True,euler,1.000021842086876,-1.509709802975095,-1.4311699866353502,stability-verified-in-model
outputs/hou_time_refinement_v1,hou_time_refinement_v1,hou_time_refinement_v1/nr65/nz128/level_index=1/requested_dt=3e-07,65,128,level_index=1;requested_dt=3e-07,1700.0,0.0005099834793320633,2.9999028196003285e-07,0.0005,147.4743894670674,121.40575914408058,0.015625,0.0078125,0.0028314165553989918,0.004661830133402185,9.830081559266357e-06,0.096,1.0,0.0,0.0,True,euler,1.0000223248380875,-1.509709802975095,-1.4311699866353502,stability-verified-in-model
outputs/hou_time_refinement_v1,hou_time_refinement_v1,hou_time_refinement_v1/nr65/nz128/level_index=1/requested_dt=3e-07,65,128,level_index=1;requested_dt=3e-07,1725.0,0.0005174832363810632,2.9999028196003285e-07,0.0005,148.7499279222705,122.4430238049539,0.015625,0.0078125,0.0028559061004119353,0.004701659806116753,9.830081559266357e-06,0.096,1.0,0.0,0.0,True,euler,1.0000228024626994,-1.509709802975095,-1.4311699866353502,stability-verified-in-model
outputs/hou_time_refinement_v1,hou_time_refinement_v1,hou_time_refinement_v1/nr65/nz128/level_index=1/requested_dt=3e-07,65,128,level_index=1;requested_dt=3e-07,1750.0,0.000524982993430063,2.9999028196003285e-07,0.0005,150.00125924894985,123.4601536415971,0.015625,0.0078125,0.002879930883612957,0.004740716326626777,9.830081559266357e-06,0.096,1.0,0.0,0.0,True,euler,1.0000232749486475,-1.5184364492350666,-1.4311699866353502,stability-verified-in-model
outputs/hou_time_refinement_v1,hou_time_refinement_v1,hou_time_refinement_v1/nr65/nz128/level_index=1/requested_dt=3e-07,65,128,level_index=1;requested_dt=3e-07,1775.0,0.0005324827504790629,2.9999028196003285e-07,0.0005,151.2287725397389,124.4574387791886,0.015625,0.0078125,0.002903498375338621,0.0047790108353782165,9.830081559266357e-06,0.096,1.0,0.0,0.0,True,euler,1.0000237426518248,-1.5184364492350666,-1.4398966328953218,stability-verified-in-model
outputs/hou_time_refinement_v1,hou_time_refinement_v1,hou_time_refinement_v1/nr65/nz128/level_index=1/requested_dt=3e-07,65,128,level_index=1;requested_dt=3e-07,1800.0,0.0005399825075280628,2.9999028196003285e-07,0.0005,152.4328641685742,125.43517311411495,0.015625,0.0078125,0.002926616185721982,0.004816554617626736,9.830081559266357e-06,0.096,1.0,0.0,0.0,True,euler,1.00002420518689,-1.5184364492350666,-1.4398966328953218,stability-verified-in-model
outputs/hou_time_refinement_v1,hou_time_refinement_v1,hou_time_refinement_v1/nr65/nz128/level_index=1/requested_dt=3e-07,65,128,level_index=1;requested_dt=3e-07,1825.0,0.0005474822645770627,2.9999028196003285e-07,0.0005,153.6139370309391,126.39365383276905,0.015625,0.0078125,0.0029492920501057378,0.00485335908496015,9.830081559266357e-06,0.096,1.0,0.0,0.0,True,euler,1.000024662246783,-1.5184364492350666,-1.4398966328953218,stability-verified-in-model
outputs/hou_time_refinement_v1,hou_time_refinement_v1,hou_time_refinement_v1/nr65/nz128/level_index=1/requested_dt=3e-07,65,128,level_index=1;requested_dt=3e-07,1850.0,0.0005549820216260626,2.9999028196003285e-07,0.0005,154.8247624423933,127.33318094937502,0.015625,0.0078125,0.002972539144927275,0.004889435757551475,9.830081559266357e-06,0.096,1.0,0.0,0.0,True,euler,1.0000251216218248,-1.5184364492350666,-1.4398966328953218,stability-verified-in-model
outputs/hou_time_refinement_v1,hou_time_refinement_v1,hou_time_refinement_v1/nr65/nz128/level_index=1/requested_dt=3e-07,65,128,level_index=1;requested_dt=3e-07,1875.0,0.0005624817786750625,2.9999028196003285e-07,0.0005,156.01921485647455,128.25405686273814,0.015625,0.0078125,0.0029954718883825116,0.004924796247138675,9.830081559266357e-06,0.096,1.0,0.0,0.0,True,euler,1.0000255765925503,-1.5184364492350666,-1.4486232791552935,stability-verified-in-model
outputs/hou_time_refinement_v1,hou_time_refinement_v1,hou_time_refinement_v1/nr65/nz128/level_index=1/requested_dt=3e-07,65,128,level_index=1;requested_dt=3e-07,1900.0,0.0005699815357240623,2.9999028196003285e-07,0.0005,157.19095439596518,129.1565859317667,0.015625,0.0078125,0.0030179685587719846,0.004959452240725235,9.830081559266357e-06,0.096,1.0,0.0,0.0,True,euler,1.0000260263557854,-1.5184364492350666,-1.4486232791552935,stability-verified-in-model
outputs/hou_time_refinement_v1,hou_time_refinement_v1,hou_time_refinement_v1/nr65/nz128/level_index=1/requested_dt=3e-07,65,128,level_index=1;requested_dt=3e-07,1925.0,0.0005774812927730622,2.9999028196003285e-07,0.0005,158.34028689352397,130.0410740695657,0.015625,0.0078125,0.003040035027892528,0.0049934154849938595,9.830081559266357e-06,0.096,1.0,0.0,0.0,True,euler,1.0000264704210349,-1.5184364492350666,-1.4486232791552935,stability-verified-in-model
outputs/hou_time_refinement_v1,hou_time_refinement_v1,hou_time_refinement_v1/nr65/nz128/level_index=1/requested_dt=3e-07,65,128,level_index=1;requested_dt=3e-07,1950.0,0.0005849810498220621,2.9999028196003285e-07,0.0005,159.46752348735993,130.9078283558557,0.015625,0.0078125,0.003061677269404241,0.005026697771423839,9.830081559266357e-06,0.096,1.0,0.0,0.0,True,euler,1.0000269087436786,-1.5184364492350666,-1.4486232791552935,stability-verified-in-model
outputs/hou_time_refinement_v1,hou_time_refinement_v1,hou_time_refinement_v1/nr65/nz128/level_index=1/requested_dt=3e-07,65,128,level_index=1;requested_dt=3e-07,1975.0,0.000592480806871062,2.9999028196003285e-07,0.0005,160.5729800821029,131.79128006053824,0.015625,0.0078125,0.0030829013484795385,0.005060621217950019,9.830081559266357e-06,0.096,1.0,0.0,0.0,True,euler,1.0000273518252072,-1.5184364492350666,-1.4486232791552935,stability-verified-in-model
outputs/hou_time_refinement_v1,hou_time_refinement_v1,hou_time_refinement_v1/nr65/nz128/level_index=1/requested_dt=3e-07,65,128,level_index=1;requested_dt=3e-07,2000.0,0.0005999805639200619,2.9999028196003285e-07,0.0005,161.65697681753463,132.66125341412263,0.015625,0.0078125,0.003103713411603117,0.005094027112559874,9.830081559266357e-06,0.096,1.0,0.0,0.0,True,euler,1.0000277904111303,-1.5184364492350666,-1.457349925415265,stability-verified-in-model
outputs/hou_time_refinement_v1,hou_time_refinement_v1,hou_time_refinement_v1/nr65/nz128/level_index=1/requested_dt=3e-07,65,128,level_index=1;requested_dt=3e-07,2025.0,0.0006074803209690617,2.9999028196003285e-07,0.0005,162.71983754574316,133.51470725284088,0.015625,0.0078125,0.0031241196765336467,0.0051267986783476455,9.830081559266357e-06,0.096,1.0,0.0,0.0,True,euler,1.0000282239637013,-1.5271630954950384,-1.457349925415265,stability-verified-in-model
outputs/hou_time_refinement_v1,hou_time_refinement_v1,hou_time_refinement_v1/nr65/nz128/level_index=1/requested_dt=3e-07,65,128,level_index=1;requested_dt=3e-07,2050.0,0.0006149800780180616,2.9999028196003285e-07,0.0005,163.76188931723414,134.35192199439763,0.015625,0.0078125,0.0031441264224374246,0.0051589466830043755,9.830081559266357e-06,0.096,1.0,0.0,0.0,True,euler,1.0000286519920967,-1.5271630954950384,-1.457349925415265,stability-verified-in-model
outputs/hou_time_refinement_v1,hou_time_refinement_v1,hou_time_refinement_v1/nr65/nz128/level_index=1/requested_dt=3e-07,65,128,level_index=1;requested_dt=3e-07,2075.0,0.0006224798350670615,2.9999028196003285e-07,0.0005,164.7834618765043,135.17317805983058,0.015625,0.0078125,0.0031637399802037025,0.005190481894349094,9.830081559266357e-06,0.096,1.0,0.0,0.0,True,euler,1.000029074383033,-1.5271630954950384,-1.457349925415265,stability-verified-in-model
outputs/hou_time_refinement_v1,hou_time_refinement_v1,hou_time_refinement_v1/nr65/nz128/level_index=1/requested_dt=3e-07,65,128,level_index=1;requested_dt=3e-07,2100.0,0.0006299795921160614,2.9999028196003285e-07,0.0005,165.78488716754924,135.97875560284513,0.015625,0.0078125,0.003182966722950741,0.005221415069935604,9.830081559266357e-06,0.096,1.0,0.0,0.0,True,euler,1.0000294911262284,-1.5271630954950384,-1.457349925415265,stability-verified-in-model
outputs/hou_time_refinement_v1,hou_time_refinement_v1,hou_time_refinement_v1/nr65/nz128/level_index=1/requested_dt=3e-07,65,128,level_index=1;requested_dt=3e-07,2125.0,0.0006374793491650613,2.9999028196003285e-07,0.0005,166.76649884974896,136.76893425324843,0.015625,0.0078125,0.003201813056731116,0.005251756947200665,9.830081559266357e-06,0.096,1.0,0.0,0.0,True,euler,1.0000299022178591,-1.5271630954950384,-1.457349925415265,stability-verified-in-model
outputs/hou_time_refinement_v1,hou_time_refinement_v1,hou_time_refinement_v1/nr65/nz128/level_index=1/requested_dt=3e-07,65,128,level_index=1;requested_dt=3e-07,2150.0,0.0006449791062140612,2.9999028196003285e-07,0.0005,167.7286318245423,137.54399287412102,0.015625,0.0078125,0.003220285411444159,0.005281518234139688,9.830081559266357e-06,0.096,1.0,0.0,0.0,True,euler,1.0000303076602401,-1.5271630954950384,-1.457349925415265,stability-verified-in-model
outputs/hou_time_refinement_v1,hou_time_refinement_v1,hou_time_refinement_v1/nr65/nz128/level_index=1/requested_dt=3e-07,65,128,level_index=1;requested_dt=3e-07,2175.0,0.000652478863263061,2.9999028196003285e-07,0.0005,168.67162177327168,138.3042093323481,0.015625,0.0078125,0.0032383902319628663,0.005310709600495426,9.830081559266357e-06,0.096,1.0,0.0,0.0,True,euler,1.0000307077927126,-1.5271630954950384,-1.4660765716752369,stability-verified-in-model
outputs/hou_time_refinement_v1,hou_time_refinement_v1,hou_time_refinement_v1/nr65/nz128/level_index=1/requested_dt=3e-07,65,128,level_index=1;requested_dt=3e-07,2200.0,0.0006599786203120609,2.9999028196003285e-07,0.0005,169.59580470654552,139.04986028212844,0.015625,0.0078125,0.0032561339694819366,0.005339341669444977,9.830081559266357e-06,0.096,1.0,0.0,0.0,True,euler,1.0000311024324622,-1.5271630954950384,-1.4660765716752369,stability-verified-in-model
outputs/hou_time_refinement_v1,hou_time_refinement_v1,hou_time_refinement_v1/nr65/nz128/level_index=1/requested_dt=3e-07,65,128,level_index=1;requested_dt=3e-07,2225.0,0.0006674783773610608,2.9999028196003285e-07,0.0005,170.5015165254361,139.78122096107037,0.015625,0.0078125,0.0032735230730930416,0.005367425009770132,9.830081559266357e-06,0.096,1.0,0.0,0.0,True,euler,1.0000314914570523,-1.5271630954950384,-1.4660765716752369,stability-verified-in-model
outputs/hou_time_refinement_v1,hou_time_refinement_v1,hou_time_refinement_v1/nr65/nz128/level_index=1/requested_dt=3e-07,65,128,level_index=1;requested_dt=3e-07,2250.0,0.0006749781344100607,2.9999028196003285e-07,0.0005,171.38909259479996,140.498564998481,0.015625,0.0078125,0.003290563981592846,0.0053949701284959125,9.830081559266357e-06,0.096,1.0,0.0,0.0,True,euler,1.0000318748902794,-1.5271630954950384,-1.4660765716752369,stability-verified-in-model
outputs/hou_time_refinement_v1,hou_time_refinement_v1,hou_time_refinement_v1/nr65/nz128/level_index=1/requested_dt=3e-07,65,128,level_index=1;requested_dt=3e-07,2275.0,0.0006824778914590606,2.9999028196003285e-07,0.0005,172.25886732897155,141.20216423545293,0.015625,0.0078125,0.00330726311552858,0.00542198746398213,9.830081559266357e-06,0.096,1.0,0.0,0.0,True,euler,1.0000322527605578,-1.5271630954950384,-1.4660765716752369,stability-verified-in-model
outputs/hou_time_refinement_v1,hou_time_refinement_v1,hou_time_refinement_v1/nr65/nz128/level_index=1/requested_dt=3e-07,65,128,level_index=1;requested_dt=3e-07,2300.0,0.0006899776485080604,2.9999028196003285e-07,0.0005,173.11117379005628,141.89228855635022,0.015625,0.0078125,0.003323626869485519,0.005448487379452653,9.830081559266357e-06,0.096,1.0,0.0,0.0,True,euler,1.0000326251006277,-1.5271630954950384,-1.4660765716752369,stability-verified-in-model
outputs/hou_time_refinement_v1,hou_time_refinement_v1,hou_time_refinement_v1/nr65/nz128/level_index=1/requested_dt=3e-07,65,128,level_index=1;requested_dt=3e-07,2325.0,0.0006974774055570603,2.9999028196003285e-07,0.0005,173.9463432990106,142.5692057312989,0.015625,0.0078125,0.0033396616046199594,0.005474480156947237,9.830081559266357e-06,0.096,1.0,0.0,0.0,True,euler,1.0000329919472732,-1.5271630954950384,-1.4660765716752369,stability-verified-in-model
outputs/hou_time_refinement_v1,hou_time_refinement_v1,hou_time_refinement_v1/nr65/nz128/level_index=1/requested_dt=3e-07,65,128,level_index=1;requested_dt=3e-07,2350.0,0.0007049771626060602,2.9999028196003285e-07,0.0005,174.7647050596729,143.23318126928598,0.015625,0.0078125,0.0033553736414408484,0.0054999759916807165,9.830081559266357e-06,0.096,1.0,0.0,0.0,True,euler,1.0000333533410446,-1.5271630954950384,-1.4660765716752369,stability-verified-in-model
outputs/hou_time_refinement_v1,hou_time_refinement_v1,hou_time_refinement_v1/nr65/nz128/level_index=1/requested_dt=3e-07,65,128,level_index=1;requested_dt=3e-07,2375.0,0.0007124769196550601,2.9999028196003285e-07,0.0005,175.5665857958707,143.88447828147798,0.015625,0.0078125,0.0033707692528424675,0.0055249849867945984,9.830081559266357e-06,0.096,1.0,0.0,0.0,True,euler,1.0000337094802445,-1.5271630954950384,-1.4748032179352084,stability-verified-in-model
outputs/hou_time_refinement_v1,hou_time_refinement_v1,hou_time_refinement_v1/nr65/nz128/level_index=1/requested_dt=3e-07,65,128,level_index=1;requested_dt=3e-07,2400.0,0.00071997667670406,2.9999028196003285e-07,0.0005,176.35230940170734,144.52335735437,0.015625,0.0078125,0.003385854657390153,0.00554951714848615,9.830081559266357e-06,0.096,1.0,0.0,0.0,True,euler,1.0000340604853533,-1.5271630954950384,-1.4748032179352084,stability-verified-in-model
outputs/hou_time_refinement_v1,hou_time_refinement_v1,hou_time_refinement_v1/nr65/nz128/level_index=1/requested_dt=3e-07,65,128,level_index=1;requested_dt=3e-07,2425.0,0.0007274764337530598,2.9999028196003285e-07,0.0005,177.1221966050948,145.15007643238656,0.015625,0.0078125,0.003400636012860337,0.005573582381500411,9.830081559266357e-06,0.096,1.0,0.0,0.0,True,euler,1.0000344061734663,-1.5271630954950384,-1.4748032179352084,stability-verified-in-model
outputs/hou_time_refinement_v1,hou_time_refinement_v1,hou_time_refinement_v1/nr65/nz128/level_index=1/requested_dt=3e-07,65,128,level_index=1;requested_dt=3e-07,2450.0,0.0007349761908020597,2.9999028196003285e-07,0.0005,177.8765646445752,145.76489070955694,0.015625,0.0078125,0.00341511941003572,0.00559719048497067,9.830081559266357e-06,0.096,1.0,0.0,0.0,True,euler,1.000034746597625,-1.5271630954950384,-1.4748032179352084,stability-verified-in-model
outputs/hou_time_refinement_v1,hou_time_refinement_v1,hou_time_refinement_v1/nr65/nz128/level_index=1/requested_dt=3e-07,65,128,level_index=1;requested_dt=3e-07,2475.0,0.0007424759478510596,2.9999028196003285e-07,0.0005,178.61572695944287,146.36805252989717,0.015625,0.0078125,0.0034293108667558083,0.005620351148593248,9.830081559266357e-06,0.096,1.0,0.0,0.0,True,euler,1.0000350818133596,-1.5271630954950384,-1.4748032179352084,stability-verified-in-model
outputs/hou_time_refinement_v1,hou_time_refinement_v1,hou_time_refinement_v1/nr65/nz128/level_index=1/requested_dt=3e-07,65,128,level_index=1;requested_dt=3e-07,2500.0,0.0007499757049000595,2.9999028196003285e-07,0.0005,179.3399928931515,146.9740396755815,0.015625,0.0078125,0.003443216322222516,0.005643620301194592,9.830081559266357e-06,0.096,1.0,0.0,0.0,True,euler,1.0000354168049779,-1.5271630954950384,-1.4748032179352084,stability-verified-in-model
outputs/hou_time_refinement_v1,hou_time_refinement_v1,hou_time_refinement_v1/nr65/nz128/level_index=1/requested_dt=3e-07,65,128,level_index=1;requested_dt=3e-07,2525.0,0.0007574754619490594,2.9999028196003285e-07,0.0005,180.04966740996548,147.58789260025347,0.015625,0.0078125,0.0034568416315600434,0.005667191489924747,9.830081559266357e-06,0.096,1.0,0.0,0.0,True,euler,1.0000357534234692,-1.53588974175501,-1.4748032179352084,stability-verified-in-model
outputs/hou_time_refinement_v1,hou_time_refinement_v1,hou_time_refinement_v1/nr65/nz128/level_index=1/requested_dt=3e-07,65,128,level_index=1;requested_dt=3e-07,2550.0,0.0007649752189980593,2.9999028196003285e-07,0.0005,180.74505082478802,148.19075180725795,0.015625,0.0078125,0.003470192560627752,0.005690340533571656,9.830081559266357e-06,0.096,1.0,0.0,0.0,True,euler,1.00003608509496,-1.53588974175501,-1.4748032179352084,stability-verified-in-model
outputs/hou_time_refinement_v1,hou_time_refinement_v1,hou_time_refinement_v1/nr65/nz128/level_index=1/requested_dt=3e-07,65,128,level_index=1;requested_dt=3e-07,2575.0,0.0007724749760470591,2.9999028196003285e-07,0.0005,181.4264385460733,148.78284127438067,0.015625,0.0078125,0.003483274781084231,0.005713076032603683,9.830081559266357e-06,0.096,1.0,0.0,0.0,True,euler,1.0000364118530303,-1.53588974175501,-1.4748032179352084,stability-verified-in-model
outputs/hou_time_refinement_v1,hou_time_refinement_v1,hou_time_refinement_v1/nr65/nz128/level_index=1/requested_dt=3e-07,65,128,level_index=1;requested_dt=3e-07,2600.0,0.000779974733096059,2.9999028196003285e-07,0.0005,182.09412083170815,149.36438225758496,0.015625,0.0078125,0.003496093865700379,0.005735406482974597,9.830081559266357e-06,0.096,1.0,0.0,0.0,True,euler,1.0000367337539335,-1.53588974175501,-1.4748032179352084,stability-verified-in-model
outputs/hou_time_refinement_v1,hou_time_refinement_v1,hou_time_refinement_v1/nr65/nz128/level_index=1/requested_dt=3e-07,65,128,level_index=1;requested_dt=3e-07,2625.0,0.0007874744901450589,2.9999028196003285e-07,0.0005,182.74838255772434,149.93559323127383,0.015625,0.0078125,0.003508655283918827,0.005757340273829712,9.830081559266357e-06,0.096,1.0,0.0,0.0,True,euler,1.000037050855302,-1.53588974175501,-1.4748032179352084,stability-verified-in-model
outputs/hou_time_refinement_v1,hou_time_refinement_v1,hou_time_refinement_v1/nr65/nz128/level_index=1/requested_dt=3e-07,65,128,level_index=1;requested_dt=3e-07,2650.0,0.0007949742471940588,2.9999028196003285e-07,0.0005,183.38950299968297,150.49668983450087,0.015625,0.0078125,0.0035209643976566517,0.005778885685440451,9.830081559266357e-06,0.096,1.0,0.0,0.0,True,euler,1.0000373633045176,-1.53588974175501,-1.4835298641951802,stability-verified-in-model
outputs/hou_time_refinement_v1,hou_time_refinement_v1,hou_time_refinement_v1/nr65/nz128/level_index=1/requested_dt=3e-07,65,128,level_index=1;requested_dt=3e-07,2675.0,0.0008024740042430587,2.9999028196003285e-07,0.0005,184.0177556265504,151.04788482286364,0.015625,0.0078125,0.003533026457347922,0.005800050887357111,9.830081559266357e-06,0.096,1.0,0.0,0.0,True,euler,1.0000376712944945,-1.53588974175501,-1.4835298641951802,stability-verified-in-model
outputs/hou_time_refinement_v1,hou_time_refinement_v1,hou_time_refinement_v1/nr65/nz128/level_index=1/requested_dt=3e-07,65,128,level_index=1;requested_dt=3e-07,2700.0,0.0008099737612920585,2.9999028196003285e-07,0.0005,184.63340790686743,151.58938802582438,0.015625,0.0078125,0.003544846598222267,0.005820843936770033,9.830081559266357e-06,0.096,1.0,0.0,0.0,True,euler,1.0000379746597858,-1.53588974175501,-1.4835298641951802,stability-verified-in-model
outputs/hou_time_refinement_v1,hou_time_refinement_v1,hou_time_refinement_v1/nr65/nz128/level_index=1/requested_dt=3e-07,65,128,level_index=1;requested_dt=3e-07,2725.0,0.0008174735183410584,2.9999028196003285e-07,0.0005,185.23672112699685,152.1214063092096,0.015625,0.0078125,0.0035564298368153447,0.005841272777069632,9.830081559266357e-06,0.096,1.0,0.0,0.0,True,euler,1.0000382734618136,-1.53588974175501,-1.4835298641951802,stability-verified-in-model
outputs/hou_time_refinement_v1,hou_time_refinement_v1,hou_time_refinement_v1/nr65/nz128/level_index=1/requested_dt=3e-07,65,128,level_index=1;requested_dt=3e-07,2750.0,0.0008249732753900583,2.9999028196003285e-07,0.0005,185.8279502212145,152.64414354264642,0.015625,0.0078125,0.003567781067706694,0.005861345236595997,9.830081559266357e-06,0.096,1.0,0.0,0.0,True,euler,1.00003856776252,-1.53588974175501,-1.4835298641951802,stability-verified-in-model
outputs/hou_time_refinement_v1,hou_time_refinement_v1,hou_time_refinement_v1/nr65/nz128/level_index=1/requested_dt=3e-07,65,128,level_index=1;requested_dt=3e-07,2775.0,0.0008324730324390582,2.9999028196003285e-07,0.0005,186.40734361339798,153.15780057170457,0.015625,0.0078125,0.003578905060480255,0.005881069027569169,9.830081559266357e-06,0.096,1.0,0.0,0.0,True,euler,1.0000388576242163,-1.53588974175501,-1.4835298641951802,stability-verified-in-model
outputs/hou_time_refinement_v1,hou_time_refinement_v1,hou_time_refinement_v1/nr65/nz128/level_index=1/requested_dt=3e-07,65,128,level_index=1;requested_dt=3e-07,2800.0,0.0008399727894880581,2.9999028196003285e-07,0.0005,186.9751430700503,153.6625751945171,0.015625,0.0078125,0.00358980645690252,0.005900451745191416,9.830081559266357e-06,0.096,1.0,0.0,0.0,True,euler,1.0000391431094364,-1.53588974175501,-1.4835298641951802,stability-verified-in-model
outputs/hou_time_refinement_v1,hou_time_refinement_v1,hou_time_refinement_v1/nr65/nz128/level_index=1/requested_dt=3e-07,65,128,level_index=1;requested_dt=3e-07,2825.0,0.000847472546537058,2.9999028196003285e-07,0.0005,187.5315835643847,154.15866214266242,0.015625,0.0078125,0.0036004897683130387,0.005919500866913119,9.830081559266357e-06,0.096,1.0,0.0,0.0,True,euler,1.0000394242807995,-1.53588974175501,-1.4835298641951802,stability-verified-in-model
outputs/hou_time_refinement_v1,hou_time_refinement_v1,hou_time_refinement_v1/nr65/nz128/level_index=1/requested_dt=3e-07,65,128,level_index=1;requested_dt=3e-07,2850.0,0.0008549723035860578,2.9999028196003285e-07,0.0005,188.07689315118455,154.6462530660982,0.015625,0.0078125,0.003610959373221813,0.005938223751854259,9.830081559266357e-06,0.096,1.0,0.0,0.0,True,euler,1.0000397012008766,-1.53588974175501,-1.4835298641951802,stability-verified-in-model
outputs/hou_time_refinement_v1,hou_time_refinement_v1,hou_time_refinement_v1/nr65/nz128/level_index=1/requested_dt=3e-07,65,128,level_index=1;requested_dt=3e-07,2875.0,0.0008624720606350577,2.9999028196003285e-07,0.0005,188.61129285214338,155.12553652194237,0.015625,0.0078125,0.0036212195151078927,0.005956627640373614,9.830081559266357e-06,0.096,1.0,0.0,0.0,True,euler,1.0000399739320658,-1.53588974175501,-1.4835298641951802,stability-verified-in-model
outputs/hou_time_refinement_v1,hou_time_refinement_v1,hou_time_refinement_v1/nr65/nz128/level_index=1/requested_dt=3e-07,65,128,level_index=1;requested_dt=3e-07,2900.0,0.0008699718176840576,2.9999028196003285e-07,0.0005,189.1349965513798,155.5966979669077,0.015625,0.0078125,0.003631274300413329,0.005974719653778267,9.830081559266357e-06,0.096,1.0,0.0,0.0,True,euler,1.0000402425364707,-1.53588974175501,-1.4835298641951802,stability-verified-in-model
outputs/hou_time_refinement_v1,hou_time_refinement_v1,hou_time_refinement_v1/nr65/nz128/level_index=1/requested_dt=3e-07,65,128,level_index=1;requested_dt=3e-07,2925.0,0.0008774715747330575,2.9999028196003285e-07,0.0005,189.64821090081574,156.0599197531989,0.015625,0.0078125,0.003641127696726495,0.005992506794166046,9.830081559266357e-06,0.096,1.0,0.0,0.0,True,euler,1.0000405070757885,-1.53588974175501,-1.4835298641951802,stability-verified-in-model
outputs/hou_time_refinement_v1,hou_time_refinement_v1,hou_time_refinement_v1/nr65/nz128/level_index=1/requested_dt=3e-07,65,128,level_index=1;requested_dt=3e-07,2950.0,0.0008849713317820574,2.9999028196003285e-07,0.0005,190.15113523509888,156.51538112769188,0.015625,0.0078125,0.0036507835311486497,0.006009995944394021,9.830081559266357e-06,0.096,1.0,0.0,0.0,True,euler,1.0000407676112,-1.53588974175501,-1.4835298641951802,stability-verified-in-model
outputs/hou_time_refinement_v1,hou_time_refinement_v1,hou_time_refinement_v1/nr65/nz128/level_index=1/requested_dt=3e-07,65,128,level_index=1;requested_dt=3e-07,2975.0,0.0008924710888310572,2.9999028196003285e-07,0.0005,190.64396149574594,156.96325823421952,0.015625,0.0078125,0.003660245488837534,0.006027193868166267,9.830081559266357e-06,0.096,1.0,0.0,0.0,True,euler,1.0000410242032691,-1.53588974175501,-1.4835298641951802,stability-verified-in-model
outputs/hou_time_refinement_v1,hou_time_refinement_v1,hou_time_refinement_v1/nr65/nz128/level_index=1/requested_dt=3e-07,65,128,level_index=1;requested_dt=3e-07,3000.0,0.0008999708458800571,2.9999028196003285e-07,0.0005,191.12687416417913,157.40372411879454,0.015625,0.0078125,0.0036695171117217163,0.006044107210234419,9.830081559266357e-06,0.096,1.0,0.0,0.0,True,euler,1.0000412769118443,-1.53588974175501,-1.4835298641951802,stability-verified-in-model
outputs/hou_time_refinement_v1,hou_time_refinement_v1,hou_time_refinement_v1/nr65/nz128/level_index=1/requested_dt=3e-07,65,128,level_index=1;requested_dt=3e-07,3025.0,0.000907470602929057,2.9999028196003285e-07,0.0005,191.6000502033236,157.83694873760749,0.015625,0.0078125,0.003678601797379296,0.006060742496704783,9.830081559266357e-06,0.096,1.0,0.0,0.0,True,euler,1.0000415257959687,-1.53588974175501,-1.4835298641951802,stability-verified-in-model
outputs/hou_time_refinement_v1,hou_time_refinement_v1,hou_time_refinement_v1/nr65/nz128/level_index=1/requested_dt=3e-07,65,128,level_index=1;requested_dt=3e-07,3050.0,0.0009149703599780569,2.9999028196003285e-07,0.0005,192.0636590074351,158.26309896764332,0.015625,0.0078125,0.0036875027980746277,0.006077106135446003,9.830081559266357e-06,0.096,1.0,0.0,0.0,True,euler,1.0000417709575802,-1.53588974175501,-1.4922565104551517,stability-verified-in-model
outputs/hou_time_refinement_v1,hou_time_refinement_v1,hou_time_refinement_v1/nr65/nz128/level_index=1/requested_dt=3e-07,65,128,level_index=1;requested_dt=3e-07,3075.0,0.0009224701170270568,2.9999028196003285e-07,0.0005,192.5178623598213,158.68233861976546,0.015625,0.0078125,0.0036962232199465976,0.006093204416591468,9.830081559266357e-06,0.096,1.0,0.0,0.0,True,euler,1.0000420125886333,-1.53588974175501,-1.4922565104551517,stability-verified-in-model
outputs/hou_time_refinement_v1,hou_time_refinement_v1,hou_time_refinement_v1/nr65/nz128/level_index=1/requested_dt=3e-07,65,128,level_index=1;requested_dt=3e-07,3100.0,0.0009299698740760567,2.9999028196003285e-07,0.0005,192.96281439812608,159.09482845412313,0.015625,0.0078125,0.0037047660223421012,0.0061090435131309385,9.830081559266357e-06,0.096,1.0,0.0,0.0,True,euler,1.0000422505635118,-1.53588974175501,-1.4922565104551517,stability-verified-in-model
outputs/hou_time_refinement_v1,hou_time_refinement_v1,hou_time_refinement_v1/nr65/nz128/level_index=1/requested_dt=3e-07,65,128,level_index=1;requested_dt=3e-07,3125.0,0.0009374696311250565,2.9999028196003285e-07,0.0005,193.39866158684126,159.50072619774147,0.015625,0.0078125,0.003713134017288287,0.006124629481585979,9.830081559266357e-06,0.096,1.0,0.0,0.0,True,euler,1.0000424849372787,-1.53588974175501,-1.4922565104551517,stability-verified-in-model
outputs/hou_time_refinement_v1,hou_time_refinement_v1,hou_time_refinement_v1/nr65/nz128/level_index=1/requested_dt=3e-07,65,128,level_index=1;requested_dt=3e-07,3150.0,0.0009449693881740564,2.9999028196003285e-07,0.0005,193.82554269671706,159.90018656416072,0.015625,0.0078125,0.0037213298690972505,0.006139968262764087,9.830081559266357e-06,0.096,1.0,0.0,0.0,True,euler,1.000042715763808,-1.53588974175501,-1.4922565104551517,stability-verified-in-model
outputs/hou_time_refinement_v1,hou_time_refinement_v1,hou_time_refinement_v1/nr65/nz128/level_index=1/requested_dt=3e-07,65,128,level_index=1;requested_dt=3e-07,3175.0,0.0009524691452230563,2.9999028196003285e-07,0.0005,194.2982417649921,160.29336127499573,0.015625,0.0078125,0.003730405397210791,0.006155065682586545,9.830081559266357e-06,0.096,1.0,0.0,0.0,True,euler,1.0000429534409185,-1.53588974175501,-1.4922565104551517,stability-verified-in-model
outputs/hou_time_refinement_v1,hou_time_refinement_v1,hou_time_refinement_v1/nr65/nz128/level_index=1/requested_dt=3e-07,65,128,level_index=1;requested_dt=3e-07,3200.0,0.0009599689022720562,2.9999028196003285e-07,0.0005,194.79474223597092,160.68039908329058,0.015625,0.0078125,0.0037399378974528534,0.006169927452985209,9.830081559266357e-06,0.096,1.0,0.0,0.0,True,euler,1.0000431938930487,-1.53588974175501,-1.4922565104551517,stability-verified-in-model
outputs/hou_time_refinement_v1,hou_time_refinement_v1,hou_time_refinement_v1/nr65/nz128/level_index=1/requested_dt=3e-07,65,128,level_index=1;requested_dt=3e-07,3225.0,0.0009674686593210561,2.9999028196003285e-07,0.0005,195.28616982413163,161.0834833125974,0.015625,0.0078125,0.0037493730014999107,0.006185405385990443,9.830081559266357e-06,0.096,1.0,0.0,0.0,True,euler,1.000043440062767,-1.53588974175501,-1.4922565104551517,stability-verified-in-model
outputs/hou_time_refinement_v1,hou_time_refinement_v1,hou_time_refinement_v1/nr65/nz128/level_index=1/requested_dt=3e-07,65,128,level_index=1;requested_dt=3e-07,3250.0,0.0009749684163700559,2.9999028196003285e-07,0.0005,195.77263505191547,161.48171969238402,0.015625,0.0078125,0.003758712831314095,0.006200697167604387,9.830081559266357e-06,0.096,1.0,0.0,0.0,True,euler,1.0000436840594318,-1.53588974175501,-1.4922565104551517,stability-verified-in-model
outputs/hou_time_refinement_v1,hou_time_refinement_v1,hou_time_refinement_v1/nr65/nz128/level_index=1/requested_dt=3e-07,65,128,level_index=1;requested_dt=3e-07,3275.0,0.0009824681734190558,2.9999028196003285e-07,0.0005,196.2542402067928,161.87395663428526,0.015625,0.0078125,0.003767959350751218,0.0062157585782662865,9.830081559266357e-06,0.096,1.0,0.0,0.0,True,euler,1.0000439254426643,-1.53588974175501,-1.4922565104551517,stability-verified-in-model
outputs/hou_time_refinement_v1,hou_time_refinement_v1,hou_time_refinement_v1/nr65/nz128/level_index=1/requested_dt=3e-07,65,128,level_index=1;requested_dt=3e-07,3300.0,0.0009899679304680557,2.9999028196003285e-07,0.0005,196.7310793953885,162.26032628316275,0.015625,0.0078125,0.003777114366599949,0.006230594692174454,9.830081559266357e-06,0.096,1.0,0.0,0.0,True,euler,1.0000441642575273,-1.53588974175501,-1.4922565104551517,stability-verified-in-model
outputs/hou_time_refinement_v1,hou_time_refinement_v1,hou_time_refinement_v1/nr65/nz128/level_index=1/requested_dt=3e-07,65,128,level_index=1;requested_dt=3e-07,3325.0,0.0009974676875170556,2.9999028196003285e-07,0.0005,197.20323859877567,162.64095823110372,0.015625,0.0078125,0.003786179529643414,0.006245210485503838,9.830081559266357e-06,0.096,1.0,0.0,0.0,True,euler,1.0000444005475053,-1.53588974175501,-1.4922565104551517,stability-verified-in-model
outputs/hou_time_refinement_v1,hou_time_refinement_v1,hou_time_refinement_v1/nr65/nz128/level_index=1/requested_dt=3e-07,65,128,level_index=1;requested_dt=3e-07,3350.0,0.0010049674445660555,2.9999028196003285e-07,0.0005,197.67079572858137,163.0159795419543,0.015625,0.0078125,0.0037951563357363958,0.0062596108373480725,9.830081559266357e-06,0.096,1.0,0.0,0.0,True,euler,1.0000446343544742,-1.53588974175501,-1.4922565104551517,stability-verified-in-model
outputs/hou_time_refinement_v1,hou_time_refinement_v1,hou_time_refinement_v1/nr65/nz128/level_index=1/requested_dt=3e-07,65,128,level_index=1;requested_dt=3e-07,3375.0,0.0010124672016150553,2.9999028196003285e-07,0.0005,198.1338206835645,163.38551477695742,0.015625,0.0078125,0.0038040461268915903,0.006273800530703945,9.830081559266357e-06,0.096,1.0,0.0,0.0,True,euler,1.000044865718673,-1.53588974175501,-1.4922565104551517,stability-verified-in-model
outputs/hou_time_refinement_v1,hou_time_refinement_v1,hou_time_refinement_v1/nr65/nz128/level_index=1/requested_dt=3e-07,65,128,level_index=1;requested_dt=3e-07,3400.0,0.0010199669586640552,2.9999028196003285e-07,0.0005,198.5923754063382,163.74968602141044,0.015625,0.0078125,0.0038128500923686457,0.00628778425349501,9.830081559266357e-06,0.096,1.0,0.0,0.0,True,euler,1.000045094678677,-1.53588974175501,-1.4922565104551517,stability-verified-in-model
outputs/hou_time_refinement_v1,hou_time_refinement_v1,hou_time_refinement_v1/nr65/nz128/level_index=1/requested_dt=3e-07,65,128,level_index=1;requested_dt=3e-07,3425.0,0.0010274667157130551,2.9999028196003285e-07,0.0005,199.04651393992398,164.10861291225942,0.015625,0.0078125,0.0038215692697599617,0.0063015665996311795,9.830081559266357e-06,0.096,1.0,0.0,0.0,True,euler,1.0000453212713742,-1.53588974175501,-1.4922565104551517,stability-verified-in-model
outputs/hou_time_refinement_v1,hou_time_refinement_v1,hou_time_refinement_v1/nr65/nz128/level_index=1/requested_dt=3e-07,65,128,level_index=1;requested_dt=3e-07,3450.0,0.001034966472762055,2.9999028196003285e-07,0.0005,199.4962824838372,164.46241266655366,0.015625,0.0078125,0.0038302045460675,0.006315152070101339,9.830081559266357e-06,0.096,1.0,0.0,0.0,True,euler,1.0000455455319432,-1.53588974175501,-1.4922565104551517,stability-verified-in-model
outputs/hou_time_refinement_v1,hou_time_refinement_v1,hou_time_refinement_v1/nr65/nz128/level_index=1/requested_dt=3e-07,65,128,level_index=1;requested_dt=3e-07,3475.0,0.0010424662298110549,2.9999028196003285e-07,0.0005,199.94171944941775,164.81120011068367,0.015625,0.0078125,0.0038387566587650955,0.00632854507409605,9.830081559266357e-06,0.096,1.0,0.0,0.0,True,euler,1.0000457674938326,-1.53588974175501,-1.4922565104551517,stability-verified-in-model
outputs/hou_time_refinement_v1,hou_time_refinement_v1,hou_time_refinement_v1/nr65/nz128/level_index=1/requested_dt=3e-07,65,128,level_index=1;requested_dt=3e-07,3500.0,0.0010499659868600548,2.9999028196003285e-07,0.0005,200.38285551413458,165.15508771033006,0.015625,0.0078125,0.003847226196841072,0.0063417499301575515,9.830081559266357e-06,0.096,1.0,0.0,0.0,True,euler,1.0000459871887422,-1.53588974175501,-1.4922565104551517,stability-verified-in-model
outputs/hou_time_refinement_v1,hou_time_refinement_v1,hou_time_refinement_v1/nr65/nz128/level_index=1/requested_dt=3e-07,65,128,level_index=1;requested_dt=3e-07,3525.0,0.0010574657439090546,2.9999028196003285e-07,0.0005,200.81971367460494,165.49418560105468,0.015625,0.0078125,0.0038556136018161793,0.006354770867354419,9.830081559266357e-06,0.096,1.0,0.0,0.0,True,euler,1.000046204646606,-1.53588974175501,-1.4922565104551517,stability-verified-in-model
outputs/hou_time_refinement_v1,hou_time_refinement_v1,hou_time_refinement_v1/nr65/nz128/level_index=1/requested_dt=3e-07,65,128,level_index=1;requested_dt=3e-07,3550.0,0.0010649655009580545,2.9999028196003285e-07,0.0005,201.2523092980856,165.8286016194674,0.015625,0.0078125,0.0038639191687321883,0.006367612026478334,9.830081559266357e-06,0.096,1.0,0.0,0.0,True,euler,1.0000464198955767,-1.53588974175501,-1.4922565104551517,stability-verified-in-model
outputs/hou_time_refinement_v1,hou_time_refinement_v1,hou_time_refinement_v1/nr65/nz128/level_index=1/requested_dt=3e-07,65,128,level_index=1;requested_dt=3e-07,3575.0,0.0010724652580070544,2.9999028196003285e-07,0.0005,201.6806501722034,166.1584413349035,0.015625,0.0078125,0.0038721430471066907,0.006380277461260452,9.830081559266357e-06,0.096,1.0,0.0,0.0,True,euler,1.0000466329620101,-1.53588974175501,-1.4922565104551517,stability-verified-in-model
outputs/hou_time_refinement_v1,hou_time_refinement_v1,hou_time_refinement_v1/nr65/nz128/level_index=1/requested_dt=3e-07,65,128,level_index=1;requested_dt=3e-07,3600.0,0.0010799650150560543,2.9999028196003285e-07,0.0005,202.10473655271142,166.48380808155218,0.015625,0.0078125,0.0038802852418499873,0.0063927711396050985,9.830081559266357e-06,0.096,1.0,0.0,0.0,True,euler,1.0000468438704537,-1.53588974175501,-1.4922565104551517,stability-verified-in-model
outputs/hou_time_refinement_v1,hou_time_refinement_v1,hou_time_refinement_v1/nr65/nz128/level_index=1/requested_dt=3e-07,65,128,level_index=1;requested_dt=3e-07,3625.0,0.0010874647721050542,2.9999028196003285e-07,0.0005,202.52456120906854,166.8048029909773,0.015625,0.0078125,0.003888345614140186,0.006405096944838529,9.830081559266357e-06,0.096,1.0,0.0,0.0,True,euler,1.0000470526436323,-1.53588974175501,-1.4922565104551517,stability-verified-in-model
outputs/hou_time_refinement_v1,hou_time_refinement_v1,hou_time_refinement_v1/nr65/nz128/level_index=1/requested_dt=3e-07,65,128,level_index=1;requested_dt=3e-07,3650.0,0.001094964529154054,2.9999028196003285e-07,0.0005,202.94010946765417,167.1215250249738,0.015625,0.0078125,0.0038963238822528963,0.00641725867697057,9.830081559266357e-06,0.096,1.0,0.0,0.0,True,euler,1.0000472593024379,-1.53588974175501,-1.4922565104551517,stability-verified-in-model
outputs/hou_time_refinement_v1,hou_time_refinement_v1,hou_time_refinement_v1/nr65/nz128/level_index=1/requested_dt=3e-07,65,128,level_index=1;requested_dt=3e-07,3675.0,0.001102464286203054,2.9999028196003285e-07,0.0005,203.3513592524462,167.43407100870814,0.015625,0.0078125,0.0039042196223422255,0.00642926005396717,9.830081559266357e-06,0.096,1.0,0.0,0.0,True,euler,1.0000474640046262,-1.5446163880149817,-1.5009831567151235,stability-verified-in-model
outputs/hou_time_refinement_v1,hou_time_refinement_v1,hou_time_refinement_v1/nr65/nz128/level_index=1/requested_dt=3e-07,65,128,level_index=1;requested_dt=3e-07,3700.0,0.0011099640432520538,2.9999028196003285e-07,0.0005,203.75828112300383,167.74253566409186,0.015625,0.0078125,0.00391203226917002,0.006441104713031908,9.830081559266357e-06,0.096,1.0,0.0,0.0,True,euler,1.0000476666926625,-1.5446163880149817,-1.5009831567151235,stability-verified-in-model
outputs/hou_time_refinement_v1,hou_time_refinement_v1,hou_time_refinement_v1/nr65/nz128/level_index=1/requested_dt=3e-07,65,128,level_index=1;requested_dt=3e-07,3725.0,0.0011174638003010537,2.9999028196003285e-07,0.0005,204.16083830961247,168.04701164333827,0.015625,0.0078125,0.0039197611167806285,0.006452796211894524,9.830081559266357e-06,0.096,1.0,0.0,0.0,True,euler,1.0000478673157926,-1.5446163880149817,-1.5009831567151235,stability-verified-in-model
outputs/hou_time_refinement_v1,hou_time_refinement_v1,hou_time_refinement_v1/nr65/nz128/level_index=1/requested_dt=3e-07,65,128,level_index=1;requested_dt=3e-07,3750.0,0.0011249635573500536,2.9999028196003285e-07,0.0005,204.55898674546052,168.34758956265978,0.015625,0.0078125,0.003927405319118677,0.006464338030104856,9.830081559266357e-06,0.096,1.0,0.0,0.0,True,euler,1.0000480658874984,-1.5446163880149817,-1.5009831567151235,stability-verified-in-model
outputs/hou_time_refinement_v1,hou_time_refinement_v1,hou_time_refinement_v1/nr65/nz128/level_index=1/requested_dt=3e-07,65,128,level_index=1;requested_dt=3e-07,3775.0,0.0011324633143990535,2.9999028196003285e-07,0.0005,204.95267509573767,168.64435803605912,0.015625,0.0078125,0.003934963890587734,0.006475733570330382,9.830081559266357e-06,0.096,1.0,0.0,0.0,True,euler,1.0000482624193816,-1.5446163880149817,-1.5009831567151235,stability-verified-in-model
outputs/hou_time_refinement_v1,hou_time_refinement_v1,hou_time_refinement_v1/nr65/nz128/level_index=1/requested_dt=3e-07,65,128,level_index=1;requested_dt=3e-07,3800.0,0.0011399630714480533,2.9999028196003285e-07,0.0005,205.34184478355385,168.9374037091763,0.015625,0.0078125,0.003942435706547944,0.006486986159655897,9.830081559266357e-06,0.096,1.0,0.0,0.0,True,euler,1.000048456921155,-1.5446163880149817,-1.5009831567151235,stability-verified-in-model
outputs/hou_time_refinement_v1,hou_time_refinement_v1,hou_time_refinement_v1/nr65/nz128/level_index=1/requested_dt=3e-07,65,128,level_index=1;requested_dt=3e-07,3825.0,0.0011474628284970532,2.9999028196003285e-07,0.0005,205.72643001259848,169.22681129314964,0.015625,0.0078125,0.0039498195037510645,0.006498099050883742,9.830081559266357e-06,0.096,1.0,0.0,0.0,True,euler,1.0000486494006358,-1.5446163880149817,-1.5009831567151235,stability-verified-in-model
outputs/hou_time_refinement_v1,hou_time_refinement_v1,hou_time_refinement_v1/nr65/nz128/level_index=1/requested_dt=3e-07,65,128,level_index=1;requested_dt=3e-07,3850.0,0.001154962585546053,2.9999028196003285e-07,0.0005,206.10635778647205,169.51266359845582,0.015625,0.0078125,0.003957113880711626,0.00650907542383321,9.830081559266357e-06,0.096,1.0,0.0,0.0,True,euler,1.0000488398637384,-1.5446163880149817,-1.5009831567151235,stability-verified-in-model
outputs/hou_time_refinement_v1,hou_time_refinement_v1,hou_time_refinement_v1/nr65/nz128/level_index=1/requested_dt=3e-07,65,128,level_index=1;requested_dt=3e-07,3875.0,0.001162462342595053,2.9999028196003285e-07,0.0005,206.48154792463905,169.79504156869382,0.015625,0.0078125,0.003964317298013216,0.0065199183866378185,9.830081559266357e-06,0.096,1.0,0.0,0.0,True,euler,1.000049028314469,-1.5446163880149817,-1.5009831567151235,stability-verified-in-model
outputs/hou_time_refinement_v1,hou_time_refinement_v1,hou_time_refinement_v1/nr65/nz128/level_index=1/requested_dt=3e-07,65,128,level_index=1;requested_dt=3e-07,3900.0,0.0011699620996440529,2.9999028196003285e-07,0.0005,206.85191307496797,170.0740243142787,0.015625,0.0078125,0.003971428078549238,0.006530630977039097,9.830081559266357e-06,0.096,1.0,0.0,0.0,True,euler,1.0000492147549163,-1.5446163880149817,-1.5009831567151235,stability-verified-in-model
outputs/hou_time_refinement_v1,hou_time_refinement_v1,hou_time_refinement_v1/nr65/nz128/level_index=1/requested_dt=3e-07,65,128,level_index=1;requested_dt=3e-07,3925.0,0.0011774618566930527,2.9999028196003285e-07,0.0005,207.21735872283818,170.34968914601595,0.015625,0.0078125,0.00397844440769776,0.006541216163675811,9.830081559266357e-06,0.096,1.0,0.0,0.0,True,euler,1.0000493991852477,-1.5446163880149817,-1.5009831567151235,stability-verified-in-model
outputs/hou_time_refinement_v1,hou_time_refinement_v1,hou_time_refinement_v1/nr65/nz128/level_index=1/requested_dt=3e-07,65,128,level_index=1;requested_dt=3e-07,3950.0,0.0011849616137420526,2.9999028196003285e-07,0.0005,207.57778319681302,170.62211160852604,0.015625,0.0078125,0.0039853643334304325,0.006551676847367414,9.830081559266357e-06,0.096,1.0,0.0,0.0,True,euler,1.000049581603702,-1.5446163880149817,-1.5009831567151235,stability-verified-in-model
outputs/hou_time_refinement_v1,hou_time_refinement_v1,hou_time_refinement_v1/nr65/nz128/level_index=1/requested_dt=3e-07,65,128,level_index=1;requested_dt=3e-07,3975.0,0.0011924613707910525,2.9999028196003285e-07,0.0005,207.93307767089112,170.89136551349134,0.015625,0.0078125,0.003992185766355715,0.0065620158623906945,9.830081559266357e-06,0.096,1.0,0.0,0.0,True,euler,1.0000497620065822,-1.5446163880149817,-1.5009831567151235,stability-verified-in-model
outputs/hou_time_refinement_v1,hou_time_refinement_v1,hou_time_refinement_v1/nr65/nz128/level_index=1/requested_dt=3e-07,65,128,level_index=1;requested_dt=3e-07,4000.0,0.0011999611278400524,2.9999028196003285e-07,0.0005,208.28312616336945,171.15752297270072,0.015625,0.0078125,0.0039989064796970425,0.006572235977748645,9.830081559266357e-06,0.096,1.0,0.0,0.0,True,euler,1.0000499403882517,-1.5446163880149817,-1.5009831567151235,stability-verified-in-model
outputs/hou_time_refinement_v1,hou_time_refinement_v1,hou_time_refinement_v1/nr65/nz128/level_index=1/requested_dt=3e-07,65,128,level_index=1;requested_dt=3e-07,4025.0,0.0012074608848890523,2.9999028196003285e-07,0.0005,208.62780553236294,171.4206544308664,0.015625,0.0078125,0.004005524109206814,0.006582339898430587,9.830081559266357e-06,0.096,1.0,0.0,0.0,True,euler,1.0000501167411255,-1.5446163880149817,-1.5009831567151235,stability-verified-in-model
outputs/hou_time_refinement_v1,hou_time_refinement_v1,hou_time_refinement_v1/nr65/nz128/level_index=1/requested_dt=3e-07,65,128,level_index=1;requested_dt=3e-07,4050.0,0.0012149606419380521,2.9999028196003285e-07,0.0005,208.96698546804967,171.6808286981894,0.015625,0.0078125,0.004012036153017492,0.006592330266662648,9.830081559266357e-06,0.096,1.0,0.0,0.0,True,euler,1.0000502910556666,-1.5446163880149817,-1.5009831567151235,stability-verified-in-model
outputs/hou_time_refinement_v1,hou_time_refinement_v1,hou_time_refinement_v1/nr65/nz128/level_index=1/requested_dt=3e-07,65,128,level_index=1;requested_dt=3e-07,4075.0,0.001222460398987052,2.9999028196003285e-07,0.0005,209.30052848172014,171.93811298265496,0.015625,0.0078125,0.004018439971431367,0.006602209663147858,9.830081559266357e-06,0.096,1.0,0.0,0.0,True,euler,1.000050463320377,-1.5446163880149817,-1.5009831567151235,stability-verified-in-model
outputs/hou_time_refinement_v1,hou_time_refinement_v1,hou_time_refinement_v1/nr65/nz128/level_index=1/requested_dt=3e-07,65,128,level_index=1;requested_dt=3e-07,4100.0,0.001229960156036052,2.9999028196003285e-07,0.0005,209.62828989173448,172.19257292203278,0.015625,0.0078125,0.004024732786650939,0.006611980608294929,9.830081559266357e-06,0.096,1.0,0.0,0.0,True,euler,1.000050633521795,-1.5446163880149817,-1.5009831567151235,stability-verified-in-model
outputs/hou_time_refinement_v1,hou_time_refinement_v1,hou_time_refinement_v1/nr65/nz128/level_index=1/requested_dt=3e-07,65,128,level_index=1;requested_dt=3e-07,4125.0,0.0012374599130850518,2.9999028196003285e-07,0.0005,209.95011780650407,172.44427261556768,0.015625,0.0078125,0.004030911682452177,0.006621645563435126,9.830081559266357e-06,0.096,1.0,0.0,0.0,True,euler,1.0000508016444858,-1.5446163880149817,-1.5009831567151235,stability-verified-in-model
outputs/hou_time_refinement_v1,hou_time_refinement_v1,hou_time_refinement_v1/nr65/nz128/level_index=1/requested_dt=3e-07,65,128,level_index=1;requested_dt=3e-07,4150.0,0.0012449596701340517,2.9999028196003285e-07,0.0005,210.2658531046344,172.6932746553392,0.015625,0.0078125,0.004036973603803272,0.0066312069320264445,9.830081559266357e-06,0.096,1.0,0.0,0.0,True,euler,1.0000509676710383,-1.5446163880149817,-1.5009831567151235,stability-verified-in-model
outputs/hou_time_refinement_v1,hou_time_refinement_v1,hou_time_refinement_v1/nr65/nz128/level_index=1/requested_dt=3e-07,65,128,level_index=1;requested_dt=3e-07,4175.0,0.0012524594271830516,2.9999028196003285e-07,0.0005,210.5753294123854,172.93964015727457,0.015625,0.0078125,0.004042915356431891,0.0066406670608444695,9.830081559266357e-06,0.096,1.0,0.0,0.0,True,euler,1.0000511315820566,-1.5446163880149817,-1.5009831567151235,stability-verified-in-model
outputs/hou_time_refinement_v1,hou_time_refinement_v1,hou_time_refinement_v1/nr65/nz128/level_index=1/requested_dt=3e-07,65,128,level_index=1;requested_dt=3e-07,4200.0,0.0012599591842320514,2.9999028196003285e-07,0.0005,210.8783730786225,173.18342879179943,0.015625,0.0078125,0.004048733606344254,0.00665002824115932,9.830081559266357e-06,0.096,1.0,0.0,0.0,True,euler,1.0000512933561556,-1.5446163880149817,-1.5009831567151235,stability-verified-in-model
outputs/hou_time_refinement_v1,hou_time_refinement_v1,hou_time_refinement_v1/nr65/nz128/level_index=1/requested_dt=3e-07,65,128,level_index=1;requested_dt=3e-07,4225.0,0.0012674589412810513,2.9999028196003285e-07,0.0005,211.17480314745146,173.4246988141099,0.015625,0.0078125,0.004054424879299737,0.006659292709898061,9.830081559266357e-06,0.096,1.0,0.0,0.0,True,euler,1.0000514529699551,-1.5446163880149817,-1.5009831567151235,stability-verified-in-model
outputs/hou_time_refinement_v1,hou_time_refinement_v1,hou_time_refinement_v1/nr65/nz128/level_index=1/requested_dt=3e-07,65,128,level_index=1;requested_dt=3e-07,4250.0,0.0012749586983300512,2.9999028196003285e-07,0.0005,211.53431908317884,173.66350709405333,0.015625,0.0078125,0.004061327361663128,0.006668462650792093,9.830081559266357e-06,0.096,1.0,0.0,0.0,True,euler,1.0000516247675608,-1.5446163880149817,-1.5009831567151235,stability-verified-in-model
outputs/hou_time_refinement_v1,hou_time_refinement_v1,hou_time_refinement_v1/nr65/nz128/level_index=1/requested_dt=3e-07,65,128,level_index=1;requested_dt=3e-07,4275.0,0.001282458455379051,2.9999028196003285e-07,0.0005,212.05817848961902,173.89990914560315,0.015625,0.0078125,0.004071385136450034,0.006677540195508939,9.830081559266357e-06,0.096,1.0,0.0,0.0,True,euler,1.0000518296814653,-1.5446163880149817,-1.5009831567151235,stability-verified-in-model
outputs/hou_time_refinement_v1,hou_time_refinement_v1,hou_time_refinement_v1/nr65/nz128/level_index=1/requested_dt=3e-07,65,128,level_index=1;requested_dt=3e-07,4300.0,0.001289958212428051,2.9999028196003285e-07,0.0005,212.57985782247886,174.1339591559171,0.015625,0.0078125,0.0040814010551801045,0.006686527424768053,9.830081559266357e-06,0.096,1.0,0.0,0.0,True,euler,1.0000520335419567,-1.5446163880149817,-1.5009831567151235,stability-verified-in-model
outputs/hou_time_refinement_v1,hou_time_refinement_v1,hou_time_refinement_v1/nr65/nz128/level_index=1/requested_dt=3e-07,65,128,level_index=1;requested_dt=3e-07,4325.0,0.0012974579694770508,2.9999028196003285e-07,0.0005,213.0991931490537,174.3657100139655,0.015625,0.0078125,0.004091371970447367,0.006695426369440107,9.830081559266357e-06,0.096,1.0,0.0,0.0,True,euler,1.0000522363294582,-1.5446163880149817,-1.5009831567151235,stability-verified-in-model
outputs/hou_time_refinement_v1,hou_time_refinement_v1,hou_time_refinement_v1/nr65/nz128/level_index=1/requested_dt=3e-07,65,128,level_index=1;requested_dt=3e-07,4350.0,0.0013049577265260507,2.9999028196003285e-07,0.0005,213.6160125189304,174.59521333872087,0.015625,0.0078125,0.004101294580910838,0.006704239011629435,9.830081559266357e-06,0.096,1.0,0.0,0.0,True,euler,1.000052438022175,-1.5446163880149817,-1.5009831567151235,stability-verified-in-model
outputs/hou_time_refinement_v1,hou_time_refinement_v1,hou_time_refinement_v1/nr65/nz128/level_index=1/requested_dt=3e-07,65,128,level_index=1;requested_dt=3e-07,4375.0,0.0013124574835750506,2.9999028196003285e-07,0.0005,214.1301357965756,174.82251950689783,0.015625,0.0078125,0.004111165428080309,0.0067129672857392155,9.830081559266357e-06,0.096,1.0,0.0,0.0,True,euler,1.000052638596055,-1.5446163880149817,-1.5009831567151235,stability-verified-in-model
outputs/hou_time_refinement_v1,hou_time_refinement_v1,hou_time_refinement_v1/nr65/nz128/level_index=1/requested_dt=3e-07,65,128,level_index=1;requested_dt=3e-07,4400.0,0.0013199572406240505,2.9999028196003285e-07,0.0005,214.6413744858051,175.04767768023603,0.015625,0.0078125,0.004120980892946283,0.006721613079519098,9.830081559266357e-06,0.096,1.0,0.0,0.0,True,euler,1.0000528380247473,-1.5446163880149817,-1.5009831567151235,stability-verified-in-model
outputs/hou_time_refinement_v1,hou_time_refinement_v1,hou_time_refinement_v1/nr65/nz128/level_index=1/requested_dt=3e-07,65,128,level_index=1;requested_dt=3e-07,4425.0,0.0013274569976730504,2.9999028196003285e-07,0.0005,215.1495315461053,175.2707358323165,0.015625,0.0078125,0.004130737192453447,0.006730178235094919,9.830081559266357e-06,0.096,1.0,0.0,0.0,True,euler,1.0000530362795572,-1.5446163880149817,-1.5009831567151235,stability-verified-in-model
outputs/hou_time_refinement_v1,hou_time_refinement_v1,hou_time_refinement_v1/nr65/nz128/level_index=1/requested_dt=3e-07,65,128,level_index=1;requested_dt=3e-07,4450.0,0.0013349567547220503,2.9999028196003285e-07,0.0005,215.65440120078327,175.49174077490713,0.015625,0.0078125,0.0041404303758172814,0.006738664549980337,9.830081559266357e-06,0.096,1.0,0.0,0.0,True,euler,1.0000532333294,-1.5446163880149817,-1.5009831567151235,stability-verified-in-model
outputs/hou_time_refinement_v1,hou_time_refinement_v1,hou_time_refinement_v1/nr65/nz128/level_index=1/requested_dt=3e-07,65,128,level_index=1;requested_dt=3e-07,4475.0,0.0013424565117710501,2.9999028196003285e-07,0.0005,216.15576873693266,175.71073818382942,0.015625,0.0078125,0.004150056320683525,0.00674707377807008,9.830081559266357e-06,0.096,1.0,0.0,0.0,True,euler,1.0000534291407566,-1.5446163880149817,-1.5009831567151235,stability-verified-in-model
outputs/hou_time_refinement_v1,hou_time_refinement_v1,hou_time_refinement_v1/nr65/nz128/level_index=1/requested_dt=3e-07,65,128,level_index=1;requested_dt=3e-07,4500.0,0.00134995626882005,2.9999028196003285e-07,0.0005,216.65341029721398,175.927772624344,0.015625,0.0078125,0.00415961072913049,0.00675540763061472,9.830081559266357e-06,0.096,1.0,0.0,0.0,True,euler,1.0000536236776203,-1.5446163880149817,-1.5009831567151235,stability-verified-in-model
outputs/hou_time_refinement_v1,hou_time_refinement_v1,hou_time_refinement_v1/nr65/nz128/level_index=1/requested_dt=3e-07,65,128,level_index=1;requested_dt=3e-07,4525.0,0.00135745602586905,2.9999028196003285e-07,0.0005,217.14709266346173,176.14288757605064,0.015625,0.0078125,0.004169089123514449,0.0067636677771768065,9.830081559266357e-06,0.096,1.0,0.0,0.0,True,euler,1.0000538169014488,-1.5446163880149817,-1.5009831567151235,stability-verified-in-model
outputs/hou_time_refinement_v1,hou_time_refinement_v1,hou_time_refinement_v1/nr65/nz128/level_index=1/requested_dt=3e-07,65,128,level_index=1;requested_dt=3e-07,4550.0,0.0013649557829180498,2.9999028196003285e-07,0.0005,217.63657303214754,176.35612545730123,0.015625,0.0078125,0.00417848684215867,0.0067718558465682845,9.830081559266357e-06,0.096,1.0,0.0,0.0,True,euler,1.0000540087711114,-1.5446163880149817,-1.5009831567151235,stability-verified-in-model
outputs/hou_time_refinement_v1,hou_time_refinement_v1,hou_time_refinement_v1/nr65/nz128/level_index=1/requested_dt=3e-07,65,128,level_index=1;requested_dt=3e-07,4575.0,0.0013724555399670497,2.9999028196003285e-07,0.0005,218.12159878174813,176.5675276491248,0.015625,0.0078125,0.004187799034887026,0.006779973427769196,9.830081559266357e-06,0.096,1.0,0.0,0.0,True,euler,1.0000541992428336,-1.5446163880149817,-1.5009831567151235,stability-verified-in-model
outputs/hou_time_refinement_v1,hou_time_refinement_v1,hou_time_refinement_v1/nr65/nz128/level_index=1/requested_dt=3e-07,65,128,level_index=1;requested_dt=3e-07,4600.0,0.0013799552970160495,2.9999028196003285e-07,0.0005,218.60190723209206,176.77713451866603,0.015625,0.0078125,0.004197020658403599,0.0067880220708276835,9.830081559266357e-06,0.096,1.0,0.0,0.0,True,euler,1.0000543882701427,-1.5446163880149817,-1.5009831567151235,stability-verified-in-model
outputs/hou_time_refinement_v1,hou_time_refinement_v1,hou_time_refinement_v1/nr65/nz128/level_index=1/requested_dt=3e-07,65,128,level_index=1;requested_dt=3e-07,4625.0,0.0013874550540650494,2.9999028196003285e-07,0.0005,219.07722539578347,176.984985442139,0.015625,0.0078125,0.004206146471520176,0.006796003287741387,9.830081559266357e-06,0.096,1.0,0.0,0.0,True,euler,1.00005457580381,-1.5446163880149817,-1.5009831567151235,stability-verified-in-model
outputs/hou_time_refinement_v1,hou_time_refinement_v1,hou_time_refinement_v1/nr65/nz128/level_index=1/requested_dt=3e-07,65,128,level_index=1;requested_dt=3e-07,4650.0,0.0013949548111140493,2.9999028196003285e-07,0.0005,219.54726972183494,177.19111882729916,0.015625,0.0078125,0.004215171030234153,0.006803918553320341,9.830081559266357e-06,0.096,1.0,0.0,0.0,True,euler,1.0000547617917905,-1.5446163880149817,-1.5009831567151235,stability-verified-in-model
outputs/hou_time_refinement_v1,hou_time_refinement_v1,hou_time_refinement_v1/nr65/nz128/level_index=1/requested_dt=3e-07,65,128,level_index=1;requested_dt=3e-07,4675.0,0.0014024545681630492,2.9999028196003285e-07,0.0005,220.0117458316749,177.39557213544046,0.015625,0.0078125,0.0042240886826600465,0.006811769306031633,9.830081559266357e-06,0.096,1.0,0.0,0.0,True,euler,1.000054946229402,-1.5446163880149817,-1.509709802975095,stability-verified-in-model
outputs/hou_time_refinement_v1,hou_time_refinement_v1,hou_time_refinement_v1/nr65/nz128/level_index=1/requested_dt=3e-07,65,128,level_index=1;requested_dt=3e-07,4700.0,0.001409954325212049,2.9999028196003285e-07,0.0005,220.47034824773704,177.59838190292163,0.015625,0.0078125,0.0042328935638185775,0.006819556948825991,9.830081559266357e-06,0.096,1.0,0.0,0.0,True,euler,1.0000551290717996,-1.5446163880149817,-1.509709802975095,stability-verified-in-model
outputs/hou_time_refinement_v1,hou_time_refinement_v1,hou_time_refinement_v1/nr65/nz128/level_index=1/requested_dt=3e-07,65,128,level_index=1;requested_dt=3e-07,4725.0,0.001417454082261049,2.9999028196003285e-07,0.0005,220.92276011488136,177.79958376223072,0.015625,0.0078125,0.004241579590288125,0.0068272828499466335,9.830081559266357e-06,0.096,1.0,0.0,0.0,True,euler,1.0000553101939293,-1.5446163880149817,-1.509709802975095,stability-verified-in-model
outputs/hou_time_refinement_v1,hou_time_refinement_v1,hou_time_refinement_v1/nr65/nz128/level_index=1/requested_dt=3e-07,65,128,level_index=1;requested_dt=3e-07,4750.0,0.0014249538393100488,2.9999028196003285e-07,0.0005,221.36865291494925,177.9992124625972,0.015625,0.0078125,0.00425014045472437,0.006834948343720746,9.830081559266357e-06,0.096,1.0,0.0,0.0,True,euler,1.0000554895318527,-1.5446163880149817,-1.509709802975095,stability-verified-in-model
outputs/hou_time_refinement_v1,hou_time_refinement_v1,hou_time_refinement_v1/nr65/nz128/level_index=1/requested_dt=3e-07,65,128,level_index=1;requested_dt=3e-07,4775.0,0.0014324535963590487,2.9999028196003285e-07,0.0005,221.80768617480717,178.19730189016124,0.015625,0.0078125,0.004258569620254905,0.00684255473133396,9.830081559266357e-06,0.096,1.0,0.0,0.0,True,euler,1.0000556670184988,-1.5446163880149817,-1.509709802975095,stability-verified-in-model
outputs/hou_time_refinement_v1,hou_time_refinement_v1,hou_time_refinement_v1/nr65/nz128/level_index=1/requested_dt=3e-07,65,128,level_index=1;requested_dt=3e-07,4800.0,0.0014399533534080486,2.9999028196003285e-07,0.0005,222.23950716829557,178.39388508771054,0.015625,0.0078125,0.004266860314756846,0.006850103281588222,9.830081559266357e-06,0.096,1.0,0.0,0.0,True,euler,1.0000558425835984,-1.5446163880149817,-1.509709802975095,stability-verified-in-model
outputs/hou_time_refinement_v1,hou_time_refinement_v1,hou_time_refinement_v1/nr65/nz128/level_index=1/requested_dt=3e-07,65,128,level_index=1;requested_dt=3e-07,4825.0,0.0014474531104570485,2.9999028196003285e-07,0.0005,222.66375061256497,178.58899427399768,0.015625,0.0078125,0.004275005525026675,0.006857595231643553,9.830081559266357e-06,0.096,1.0,0.0,0.0,True,euler,1.0000560161536158,-1.5446163880149817,-1.509709802975095,stability-verified-in-model
outputs/hou_time_refinement_v1,hou_time_refinement_v1,hou_time_refinement_v1/nr65/nz128/level_index=1/requested_dt=3e-07,65,128,level_index=1;requested_dt=3e-07,4850.0,0.0014549528675060484,2.9999028196003285e-07,0.0005,223.0800383593511,178.78266086265035,0.015625,0.0078125,0.004282997990852908,0.00686503178774418,9.830081559266357e-06,0.096,1.0,0.0,0.0,True,euler,1.0000561876516822,-1.5446163880149817,-1.509709802975095,stability-verified-in-model
outputs/hou_time_refinement_v1,hou_time_refinement_v1,hou_time_refinement_v1/nr65/nz128/level_index=1/requested_dt=3e-07,65,128,level_index=1;requested_dt=3e-07,4875.0,0.0014624526245550482,2.9999028196003285e-07,0.0005,223.48797908182075,178.97491548068703,0.015625,0.0078125,0.0042908301990037334,0.006872414125929517,9.830081559266357e-06,0.096,1.0,0.0,0.0,True,euler,1.000056356997526,-1.5446163880149817,-1.509709802975095,stability-verified-in-model
outputs/hou_time_refinement_v1,hou_time_refinement_v1,hou_time_refinement_v1/nr65/nz128/level_index=1/requested_dt=3e-07,65,128,level_index=1;requested_dt=3e-07,4900.0,0.0014699523816040481,2.9999028196003285e-07,0.0005,223.88716795769892,179.16578798665034,0.015625,0.0078125,0.004298494377143253,0.006879743392730458,9.830081559266357e-06,0.096,1.0,0.0,0.0,True,euler,1.0000565241074046,-1.5446163880149817,-1.509709802975095,stability-verified-in-model
outputs/hou_time_refinement_v1,hou_time_refinement_v1,hou_time_refinement_v1/nr65/nz128/level_index=1/requested_dt=3e-07,65,128,level_index=1;requested_dt=3e-07,4925.0,0.001477452138653048,2.9999028196003285e-07,0.0005,224.27718634947843,179.3553074883722,0.015625,0.0078125,0.004305982487691703,0.006887020705851542,9.830081559266357e-06,0.096,1.0,0.0,0.0,True,euler,1.000056688894037,-1.5446163880149817,-1.509709802975095,stability-verified-in-model
outputs/hou_time_refinement_v1,hou_time_refinement_v1,hou_time_refinement_v1/nr65/nz128/level_index=1/requested_dt=3e-07,65,128,level_index=1;requested_dt=3e-07,4950.0,0.0014849518957020479,2.9999028196003285e-07,0.0005,224.657601482605,179.54350236038044,0.015625,0.0078125,0.004313286221646807,0.006894247154839341,9.830081559266357e-06,0.096,1.0,0.0,0.0,True,euler,1.0000568512665335,-1.5446163880149817,-1.509709802975095,stability-verified-in-model
outputs/hou_time_refinement_v1,hou_time_refinement_v1,hou_time_refinement_v1/nr65/nz128/level_index=1/requested_dt=3e-07,65,128,level_index=1;requested_dt=3e-07,4975.0,0.0014924516527510478,2.9999028196003285e-07,0.0005,225.0279661226313,179.7304002609608,0.015625,0.0078125,0.004320396992385337,0.0069014238017376245,9.830081559266357e-06,0.096,1.0,0.0,0.0,True,euler,1.00005701113033,-1.5446163880149817,-1.509709802975095,stability-verified-in-model
outputs/hou_time_refinement_v1,hou_time_refinement_v1,hou_time_refinement_v1/nr65/nz128/level_index=1/requested_dt=3e-07,65,128,level_index=1;requested_dt=3e-07,5000.0,0.0014999514098000476,2.9999028196003285e-07,0.0005,225.38781825243706,179.91602814888017,0.015625,0.0078125,0.004327305929465935,0.006908551681729507,9.830081559266357e-06,0.096,1.0,0.0,0.0,True,euler,1.000057168387121,-1.5446163880149817,-1.509709802975095,stability-verified-in-model
outputs/hou_time_refinement_v1,hou_time_refinement_v1,hou_time_refinement_v1/nr65/nz128/level_index=1/requested_dt=3e-07,65,128,level_index=1;requested_dt=3e-07,5025.0,0.0015074511668490475,2.9999028196003285e-07,0.0005,225.73668075072032,180.1004122997836,0.015625,0.0078125,0.004334003872456352,0.006915631803767072,9.830081559266357e-06,0.096,1.0,0.0,0.0,True,euler,1.0000573229347944,-1.5446163880149817,-1.509709802975095,stability-verified-in-model
outputs/hou_time_refinement_v1,hou_time_refinement_v1,hou_time_refinement_v1/nr65/nz128/level_index=1/requested_dt=3e-07,65,128,level_index=1;requested_dt=3e-07,5050.0,0.0015149509238980474,2.9999028196003285e-07,0.0005,226.07406107308282,180.28357832226624,0.015625,0.0078125,0.004340481364810483,0.006922665151188521,9.830081559266357e-06,0.096,1.0,0.0,0.0,True,euler,1.000057474667368,-1.5446163880149817,-1.509709802975095,stability-verified-in-model
outputs/hou_time_refinement_v1,hou_time_refinement_v1,hou_time_refinement_v1/nr65/nz128/level_index=1/requested_dt=3e-07,65,128,level_index=1;requested_dt=3e-07,5075.0,0.0015224506809470473,2.9999028196003285e-07,0.0005,226.39945093714928,180.46555117362757,0.015625,0.0078125,0.00434672864782285,0.0069296526823231066,9.830081559266357e-06,0.096,1.0,0.0,0.0,True,euler,1.0000576234749288,-1.5446163880149817,-1.509709802975095,stability-verified-in-model
outputs/hou_time_refinement_v1,hou_time_refinement_v1,hou_time_refinement_v1/nr65/nz128/level_index=1/requested_dt=3e-07,65,128,level_index=1;requested_dt=3e-07,5100.0,0.0015299504379960472,2.9999028196003285e-07,0.0005,226.89049508483237,180.64635517530658,0.015625,0.0078125,0.0043561563900512195,0.006936595331083835,9.830081559266357e-06,0.096,1.0,0.0,0.0,True,euler,1.00005780780873,-1.5446163880149817,-1.509709802975095,stability-verified-in-model
outputs/hou_time_refinement_v1,hou_time_refinement_v1,hou_time_refinement_v1/nr65/nz128/level_index=1/requested_dt=3e-07,65,128,level_index=1;requested_dt=3e-07,5125.0,0.001537450195045047,2.9999028196003285e-07,0.0005,227.62806098735325,180.82601402799685,0.015625,0.0078125,0.004370317196647146,0.006943494007547857,9.830081559266357e-06,0.096,1.0,0.0,0.0,True,euler,1.0000580453708712,-1.5446163880149817,-1.509709802975095,stability-verified-in-model
outputs/hou_time_refinement_v1,hou_time_refinement_v1,hou_time_refinement_v1/nr65/nz128/level_index=1/requested_dt=3e-07,65,128,level_index=1;requested_dt=3e-07,5150.0,0.001544949952094047,2.9999028196003285e-07,0.0005,228.36249189722838,181.00455082643657,0.015625,0.0078125,0.004384417813334097,0.006950349598524391,9.830081559266357e-06,0.096,1.0,0.0,0.0,True,euler,1.0000582822075932,-1.5446163880149817,-1.509709802975095,stability-verified-in-model
outputs/hou_time_refinement_v1,hou_time_refinement_v1,hou_time_refinement_v1/nr65/nz128/level_index=1/requested_dt=3e-07,65,128,level_index=1;requested_dt=3e-07,5175.0,0.0015524497091430468,2.9999028196003285e-07,0.0005,229.09336280086643,181.18198807386403,0.015625,0.0078125,0.004398450080115458,0.006957162968109796,9.830081559266357e-06,0.096,1.0,0.0,0.0,True,euler,1.000058518229677,-1.5446163880149817,-1.509709802975095,stability-verified-in-model
outputs/hou_time_refinement_v1,hou_time_refinement_v1,hou_time_refinement_v1/nr65/nz128/level_index=1/requested_dt=3e-07,65,128,level_index=1;requested_dt=3e-07,5200.0,0.0015599494661920467,2.9999028196003285e-07,0.0005,229.82022742348843,181.35834769612927,0.015625,0.0078125,0.004412405428793034,0.006963934958229439,9.830081559266357e-06,0.096,1.0,0.0,0.0,True,euler,1.0000587533424428,-1.5446163880149817,-1.509709802975095,stability-verified-in-model
outputs/hou_time_refinement_v1,hou_time_refinement_v1,hou_time_refinement_v1/nr65/nz128/level_index=1/requested_dt=3e-07,65,128,level_index=1;requested_dt=3e-07,5225.0,0.0015674492232410466,2.9999028196003285e-07,0.0005,230.54261733010892,181.53365105544555,0.015625,0.0078125,0.004426274865706454,0.006970666389165737,9.830081559266357e-06,0.096,1.0,0.0,0.0,True,euler,1.0000589874455235,-1.5446163880149817,-1.509709802975095,stability-verified-in-model
outputs/hou_time_refinement_v1,hou_time_refinement_v1,hou_time_refinement_v1/nr65/nz128/level_index=1/requested_dt=3e-07,65,128,level_index=1;requested_dt=3e-07,5250.0,0.0015749489802900465,2.9999028196003285e-07,0.0005,231.26004099587686,181.70791896376303,0.015625,0.0078125,0.004440048953884279,0.006977358060071689,9.830081559266357e-06,0.096,1.0,0.0,0.0,True,euler,1.0000592204326308,-1.5446163880149817,-1.509709802975095,stability-verified-in-model
outputs/hou_time_refinement_v1,hou_time_refinement_v1,hou_time_refinement_v1/nr65/nz128/level_index=1/requested_dt=3e-07,65,128,level_index=1;requested_dt=3e-07,5275.0,0.0015824487373390463,2.9999028196003285e-07,0.0005,231.97198284564013,181.88117169574684,0.015625,0.0078125,0.004453717794604255,0.006984010749469215,9.830081559266357e-06,0.096,1.0,0.0,0.0,True,euler,1.0000594521913142,-1.5446163880149817,-1.509709802975095,stability-verified-in-model
outputs/hou_time_refinement_v1,hou_time_refinement_v1,hou_time_refinement_v1/nr65/nz128/level_index=1/requested_dt=3e-07,65,128,level_index=1;requested_dt=3e-07,5300.0,0.0015899484943880462,2.9999028196003285e-07,0.0005,232.67790226269463,182.05342900133425,0.015625,0.0078125,0.004467271008361902,0.0069906252157313385,9.830081559266357e-06,0.096,1.0,0.0,0.0,True,euler,1.0000596826027117,-1.5446163880149817,-1.509709802975095,stability-verified-in-model
outputs/hou_time_refinement_v1,hou_time_refinement_v1,hou_time_refinement_v1/nr65/nz128/level_index=1/requested_dt=3e-07,65,128,level_index=1;requested_dt=3e-07,5325.0,0.001597448251437046,2.9999028196003285e-07,0.0005,233.3772325667946,182.22471011784938,0.015625,0.0078125,0.004480697715248952,0.006997202197547378,9.830081559266357e-06,0.096,1.0,0.0,0.0,True,euler,1.0000599115412943,-1.5446163880149817,-1.509709802975095,stability-verified-in-model
outputs/hou_time_refinement_v1,hou_time_refinement_v1,hou_time_refinement_v1/nr65/nz128/level_index=1/requested_dt=3e-07,65,128,level_index=1;requested_dt=3e-07,5350.0,0.001604948008486046,2.9999028196003285e-07,0.0005,234.06937996163612,182.3950337816482,0.015625,0.0078125,0.004493986514745682,0.007003742414370094,9.830081559266357e-06,0.096,1.0,0.0,0.0,True,euler,1.0000601388746022,-1.5446163880149817,-1.509709802975095,stability-verified-in-model
outputs/hou_time_refinement_v1,hou_time_refinement_v1,hou_time_refinement_v1/nr65/nz128/level_index=1/requested_dt=3e-07,65,128,level_index=1;requested_dt=3e-07,5375.0,0.0016124477655350459,2.9999028196003285e-07,0.0005,234.75372245218117,182.56441823927153,0.015625,0.0078125,0.004507125464934216,0.007010246566843959,9.830081559266357e-06,0.096,1.0,0.0,0.0,True,euler,1.000060364462976,-1.5446163880149817,-1.509709802975095,stability-verified-in-model
outputs/hou_time_refinement_v1,hou_time_refinement_v1,hou_time_refinement_v1/nr65/nz128/level_index=1/requested_dt=3e-07,65,128,level_index=1;requested_dt=3e-07,5400.0,0.0016199475225840458,2.9999028196003285e-07,0.0005,235.42960873236967,182.73288125807923,0.015625,0.0078125,0.004520102061143283,0.00701671533721349,9.830081559266357e-06,0.096,1.0,0.0,0.0,True,euler,1.0000605881592783,-1.5446163880149817,-1.509709802975095,stability-verified-in-model
outputs/hou_time_refinement_v1,hou_time_refinement_v1,hou_time_refinement_v1/nr65/nz128/level_index=1/requested_dt=3e-07,65,128,level_index=1;requested_dt=3e-07,5425.0,0.0016274472796330456,2.9999028196003285e-07,0.0005,236.09635704397792,182.90044013634358,0.015625,0.0078125,0.004532903214039009,0.007023149389710825,9.830081559266357e-06,0.096,1.0,0.0,0.0,True,euler,1.0000608098086137,-1.5446163880149817,-1.509709802975095,stability-verified-in-model
outputs/hou_time_refinement_v1,hou_time_refinement_v1,hou_time_refinement_v1/nr65/nz128/level_index=1/requested_dt=3e-07,65,128,level_index=1;requested_dt=3e-07,5450.0,0.0016349470366820455,2.9999028196003285e-07,0.0005,236.75325400761224,183.0671117127826,0.015625,0.0078125,0.004545515227180728,0.00702954937092179,9.830081559266357e-06,0.096,1.0,0.0,0.0,True,euler,1.0000610292480376,-1.5446163880149817,-1.509709802975095,stability-verified-in-model
outputs/hou_time_refinement_v1,hou_time_refinement_v1,hou_time_refinement_v1/nr65/nz128/level_index=1/requested_dt=3e-07,65,128,level_index=1;requested_dt=3e-07,5475.0,0.0016424467937310454,2.9999028196003285e-07,0.0005,237.399553427105,183.23291237551706,0.015625,0.0078125,0.004557923774066119,0.007035915910129837,9.830081559266357e-06,0.096,1.0,0.0,0.0,True,euler,1.0000612463062655,-1.5446163880149817,-1.509709802975095,stability-verified-in-model
outputs/hou_time_refinement_v1,hou_time_refinement_v1,hou_time_refinement_v1/nr65/nz128/level_index=1/requested_dt=3e-07,65,128,level_index=1;requested_dt=3e-07,5500.0,0.0016499465507800453,2.9999028196003285e-07,0.0005,238.034475068878,183.3978580704398,0.015625,0.0078125,0.004570113874695752,0.007042249619637417,9.830081559266357e-06,0.096,1.0,0.0,0.0,True,euler,1.0000614608033724,-1.5446163880149817,-1.509709802975095,stability-verified-in-model
outputs/hou_time_refinement_v1,hou_time_refinement_v1,hou_time_refinement_v1/nr65/nz128/level_index=1/requested_dt=3e-07,65,128,level_index=1;requested_dt=3e-07,5525.0,0.0016574463078290452,2.9999028196003285e-07,0.0005,238.65720341818488,183.56196430899368,0.015625,0.0078125,0.004582069871693709,0.00704855109506464,9.830081559266357e-06,0.096,1.0,0.0,0.0,True,euler,1.0000616725504934,-1.5446163880149817,-1.509709802975095,stability-verified-in-model
outputs/hou_time_refinement_v1,hou_time_refinement_v1,hou_time_refinement_v1/nr65/nz128/level_index=1/requested_dt=3e-07,65,128,level_index=1;requested_dt=3e-07,5550.0,0.001664946064878045,2.9999028196003285e-07,0.0005,239.26688641453092,183.72524617535936,0.015625,0.0078125,0.004593775406028434,0.00705482091562528,9.830081559266357e-06,0.096,1.0,0.0,0.0,True,euler,1.0000618813495181,-1.5446163880149817,-1.509709802975095,stability-verified-in-model
outputs/hou_time_refinement_v1,hou_time_refinement_v1,hou_time_refinement_v1/nr65/nz128/level_index=1/requested_dt=3e-07,65,128,level_index=1;requested_dt=3e-07,5575.0,0.001672445821927045,2.9999028196003285e-07,0.0005,239.86263416899527,183.88771833306694,0.015625,0.0078125,0.004605213392386119,0.007061059644380654,9.830081559266357e-06,0.096,1.0,0.0,0.0,True,euler,1.0000620869927848,-1.5446163880149817,-1.509709802975095,stability-verified-in-model
outputs/hou_time_refinement_v1,hou_time_refinement_v1,hou_time_refinement_v1/nr65/nz128/level_index=1/requested_dt=3e-07,65,128,level_index=1;requested_dt=3e-07,5600.0,0.0016799455789760448,2.9999028196003285e-07,0.0005,240.4435176666588,184.04939503104885,0.015625,0.0078125,0.004616365994258119,0.00706726782847204,9.830081559266357e-06,0.096,1.0,0.0,0.0,True,euler,1.0000622892627737,-1.5446163880149817,-1.509709802975095,stability-verified-in-model
outputs/hou_time_refinement_v1,hou_time_refinement_v1,hou_time_refinement_v1/nr65/nz128/level_index=1/requested_dt=3e-07,65,128,level_index=1;requested_dt=3e-07,5625.0,0.0016874453360250447,2.9999028196003285e-07,0.0005,241.00856745787166,184.210290109165,0.015625,0.0078125,0.004627214598814113,0.007073445999332845,9.830081559266357e-06,0.096,1.0,0.0,0.0,True,euler,1.0000624879318023,-1.5446163880149817,-1.509709802975095,stability-verified-in-model
outputs/hou_time_refinement_v1,hou_time_refinement_v1,hou_time_refinement_v1/nr65/nz128/level_index=1/requested_dt=3e-07,65,128,level_index=1;requested_dt=3e-07,5650.0,0.0016949450930740446,2.9999028196003285e-07,0.0005,241.55677234267188,184.37041700324323,0.015625,0.0078125,0.004637739791643751,0.0070795946728821465,9.830081559266357e-06,0.096,1.0,0.0,0.0,True,euler,1.000062682761721,-1.5446163880149817,-1.509709802975095,stability-verified-in-model
outputs/hou_time_refinement_v1,hou_time_refinement_v1,hou_time_refinement_v1/nr65/nz128/level_index=1/requested_dt=3e-07,65,128,level_index=1;requested_dt=3e-07,5675.0,0.0017024448501230444,2.9999028196003285e-07,0.0005,242.08707805331005,184.52978874968306,0.015625,0.0078125,0.004647921331461949,0.007085714349701468,9.830081559266357e-06,0.096,1.0,0.0,0.0,True,euler,1.0000628735036141,-1.5446163880149817,-1.509709802975095,stability-verified-in-model
outputs/hou_time_refinement_v1,hou_time_refinement_v1,hou_time_refinement_v1/nr65/nz128/level_index=1/requested_dt=3e-07,65,128,level_index=1;requested_dt=3e-07,5700.0,0.0017099446071720443,2.9999028196003285e-07,0.0005,242.59838594053053,184.68841798968654,0.015625,0.0078125,0.004657738124886312,0.007091805515197244,9.830081559266357e-06,0.096,1.0,0.0,0.0,True,euler,1.0000630598975093,-1.5446163880149817,-1.509709802975095,stability-verified-in-model
outputs/hou_time_refinement_v1,hou_time_refinement_v1,hou_time_refinement_v1/nr65/nz128/level_index=1/requested_dt=3e-07,65,128,level_index=1;requested_dt=3e-07,5725.0,0.0017174443642210442,2.9999028196003285e-07,0.0005,243.08955167002398,184.8463169731896,0.015625,0.0078125,0.004667168201409822,0.007097868639751777,9.830081559266357e-06,0.096,1.0,0.0,0.0,True,euler,1.0000632416720916,-1.5446163880149817,-1.509709802975095,stability-verified-in-model
outputs/hou_time_refinement_v1,hou_time_refinement_v1,hou_time_refinement_v1/nr65/nz128/level_index=1/requested_dt=3e-07,65,128,level_index=1;requested_dt=3e-07,5750.0,0.001724944121270044,2.9999028196003285e-07,0.0005,243.55938393629418,185.0034975625703,0.015625,0.0078125,0.004676188688707891,0.007103904178865627,9.830081559266357e-06,0.096,1.0,0.0,0.0,True,euler,1.000063418544432,-1.5446163880149817,-1.509709802975095,stability-verified-in-model
outputs/hou_time_refinement_v1,hou_time_refinement_v1,hou_time_refinement_v1/nr65/nz128/level_index=1/requested_dt=3e-07,65,128,level_index=1;requested_dt=3e-07,5775.0,0.001732443878319044,2.9999028196003285e-07,0.0005,244.00664320207773,185.159971236229,0.015625,0.0078125,0.004684775788435996,0.007109912573295093,9.830081559266357e-06,0.096,1.0,0.0,0.0,True,euler,1.0000635902197272,-1.5446163880149817,-1.509709802975095,stability-verified-in-model
outputs/hou_time_refinement_v1,hou_time_refinement_v1,hou_time_refinement_v1/nr65/nz128/level_index=1/requested_dt=3e-07,65,128,level_index=1;requested_dt=3e-07,5800.0,0.0017399436353680439,2.9999028196003285e-07,0.0005,244.430040472426,185.3157490921305,0.015625,0.0078125,0.00469290475269282,0.0071158942491882145,9.830081559266357e-06,0.096,1.0,0.0,0.0,True,euler,1.0000637563910602,-1.5446163880149817,-1.509709802975095,stability-verified-in-model
outputs/hou_time_refinement_v1,hou_time_refinement_v1,hou_time_refinement_v1/nr65/nz128/level_index=1/requested_dt=3e-07,65,128,level_index=1;requested_dt=3e-07,5825.0,0.0017474433924170437,2.9999028196003285e-07,0.0005,244.82823611360095,185.47084185141148,0.015625,0.0078125,0.004700549861343785,0.007121849618223307,9.830081559266357e-06,0.096,1.0,0.0,0.0,True,euler,1.000063916739176,-1.5446163880149817,-1.509709802975095,stability-verified-in-model
outputs/hou_time_refinement_v1,hou_time_refinement_v1,hou_time_refinement_v1/nr65/nz128/level_index=1/requested_dt=3e-07,65,128,level_index=1;requested_dt=3e-07,5850.0,0.0017549431494660436,2.9999028196003285e-07,0.0005,245.19983872805648,185.62525986215053,0.015625,0.0078125,0.0047076844004213915,0.007127779077753716,9.830081559266357e-06,0.096,1.0,0.0,0.0,True,euler,1.0000640709322872,-1.5446163880149817,-1.509709802975095,stability-verified-in-model
outputs/hou_time_refinement_v1,hou_time_refinement_v1,hou_time_refinement_v1/nr65/nz128/level_index=1/requested_dt=3e-07,65,128,level_index=1;requested_dt=3e-07,5875.0,0.0017624429065150435,2.9999028196003285e-07,0.0005,245.54340409797356,185.77901310340314,0.015625,0.0078125,0.004714280641841752,0.007133683010962758,9.830081559266357e-06,0.096,1.0,0.0,0.0,True,euler,1.0000642186259034,-1.5446163880149817,-1.509709802975095,stability-verified-in-model
outputs/hou_time_refinement_v1,hou_time_refinement_v1,hou_time_refinement_v1/nr65/nz128/level_index=1/requested_dt=3e-07,65,128,level_index=1;requested_dt=3e-07,5900.0,0.0017699426635640434,2.9999028196003285e-07,0.0005,246.10579973686413,185.93211118959508,0.015625,0.0078125,0.00472507828832392,0.007139561787032423,9.830081559266357e-06,0.096,1.0,0.0,0.0,True,euler,1.000064415942001,-1.5446163880149817,-1.509709802975095,stability-verified-in-model
outputs/hou_time_refinement_v1,hou_time_refinement_v1,hou_time_refinement_v1/nr65/nz128/level_index=1/requested_dt=3e-07,65,128,level_index=1;requested_dt=3e-07,5925.0,0.0017774424206130433,2.9999028196003285e-07,0.0005,247.24039456200788,186.08456337535966,0.015625,0.0078125,0.004746861803300257,0.00714541576132912,9.830081559266357e-06,0.096,1.0,0.0,0.0,True,euler,1.0000647436503742,-1.5533430342749532,-1.509709802975095,stability-verified-in-model
outputs/hou_time_refinement_v1,hou_time_refinement_v1,hou_time_refinement_v1/nr65/nz128/level_index=1/requested_dt=3e-07,65,128,level_index=1;requested_dt=3e-07,5950.0,0.0017849421776620431,2.9999028196003285e-07,0.0005,248.36925916096186,186.23637856089704,0.015625,0.0078125,0.0047685353014976905,0.007151245275609462,9.830081559266357e-06,0.096,1.0,0.0,0.0,True,euler,1.0000650705762906,-1.5533430342749532,-1.509709802975095,stability-verified-in-model
outputs/hou_time_refinement_v1,hou_time_refinement_v1,hou_time_refinement_v1/nr65/nz128/level_index=1/requested_dt=3e-07,65,128,level_index=1;requested_dt=3e-07,5975.0,0.001792441934711043,2.9999028196003285e-07,0.0005,249.4912213705921,186.38756529790894,0.015625,0.0078125,0.004790076278113081,0.007157050658248158,9.830081559266357e-06,0.096,1.0,0.0,0.0,True,euler,1.0000653963889352,-1.5533430342749532,-1.509709802975095,stability-verified-in-model
outputs/hou_time_refinement_v1,hou_time_refinement_v1,hou_time_refinement_v1/nr65/nz128/level_index=1/requested_dt=3e-07,65,128,level_index=1;requested_dt=3e-07,6000.0,0.001799941691760043,2.9999028196003285e-07,0.0005,250.60502525295612,186.53813179615463,0.015625,0.0078125,0.004811460619919069,0.007162832224489753,9.830081559266357e-06,0.096,1.0,0.0,0.0,True,euler,1.0000657207908543,-1.5533430342749532,-1.509709802975095,stability-verified-in-model
outputs/hou_time_refinement_v1,hou_time_refinement_v1,hou_time_refinement_v1/nr65/nz128/level_index=1/requested_dt=3e-07,65,128,level_index=1;requested_dt=3e-07,6025.0,0.0018074414488090428,2.9999028196003285e-07,0.0005,251.70932617108494,186.68808593063878,0.015625,0.0078125,0.0048326625107221535,0.007168590276724629,9.830081559266357e-06,0.096,1.0,0.0,0.0,True,euler,1.0000660434615318,-1.5533430342749532,-1.509709802975095,stability-verified-in-model
outputs/hou_time_refinement_v1,hou_time_refinement_v1,hou_time_refinement_v1/nr65/nz128/level_index=1/requested_dt=3e-07,65,128,level_index=1;requested_dt=3e-07,6050.0,0.0018149412058580427,2.9999028196003285e-07,0.0005,252.8026857018871,186.8374352494254,0.015625,0.0078125,0.004853654333693612,0.007174325104789056,9.830081559266357e-06,0.096,1.0,0.0,0.0,True,euler,1.0000663640560392,-1.5533430342749532,-1.509709802975095,stability-verified-in-model
outputs/hou_time_refinement_v1,hou_time_refinement_v1,hou_time_refinement_v1/nr65/nz128/level_index=1/requested_dt=3e-07,65,128,level_index=1;requested_dt=3e-07,6075.0,0.0018224409629070426,2.9999028196003285e-07,0.0005,253.8835663926671,186.98618698203563,0.015625,0.0078125,0.004874406570697915,0.007180036986287654,9.830081559266357e-06,0.096,1.0,0.0,0.0,True,euler,1.000066682203642,-1.5533430342749532,-1.509709802975095,stability-verified-in-model
outputs/hou_time_refinement_v1,hou_time_refinement_v1,hou_time_refinement_v1/nr65/nz128/level_index=1/requested_dt=3e-07,65,128,level_index=1;requested_dt=3e-07,6100.0,0.0018299407199560424,2.9999028196003285e-07,0.0005,254.95032636847532,187.13434804836118,0.015625,0.0078125,0.004894887698757204,0.0071857261869356535,9.830081559266357e-06,0.096,1.0,0.0,0.0,True,euler,1.0000669975935512,-1.5533430342749532,-1.5184364492350666,stability-verified-in-model
outputs/hou_time_refinement_v1,hou_time_refinement_v1,hou_time_refinement_v1/nr65/nz128/level_index=1/requested_dt=3e-07,65,128,level_index=1;requested_dt=3e-07,6125.0,0.0018374404770050423,2.9999028196003285e-07,0.0005,256.0012137982296,187.2819250679897,0.015625,0.0078125,0.00491506408380426,0.007191392960916989,9.830081559266357e-06,0.096,1.0,0.0,0.0,True,euler,1.0000673097504817,-1.5533430342749532,-1.5184364492350666,stability-verified-in-model
outputs/hou_time_refinement_v1,hou_time_refinement_v1,hou_time_refinement_v1/nr65/nz128/level_index=1/requested_dt=3e-07,65,128,level_index=1;requested_dt=3e-07,6150.0,0.0018449402340540422,2.9999028196003285e-07,0.0005,257.0343612283411,187.42892436980503,0.015625,0.0078125,0.004934899871891646,0.007197037551252926,9.830081559266357e-06,0.096,1.0,0.0,0.0,True,euler,1.0000676181777586,-1.5533430342749532,-1.5184364492350666,stability-verified-in-model
outputs/hou_time_refinement_v1,hou_time_refinement_v1,hou_time_refinement_v1/nr65/nz128/level_index=1/requested_dt=3e-07,65,128,level_index=1;requested_dt=3e-07,6175.0,0.001852439991103042,2.9999028196003285e-07,0.0005,258.0477797934716,187.57535200169525,0.015625,0.0078125,0.004954356878041856,0.007202660190174844,9.830081559266357e-06,0.096,1.0,0.0,0.0,True,euler,1.0000679223867115,-1.5533430342749532,-1.5184364492350666,stability-verified-in-model
outputs/hou_time_refinement_v1,hou_time_refinement_v1,hou_time_refinement_v1/nr65/nz128/level_index=1/requested_dt=3e-07,65,128,level_index=1;requested_dt=3e-07,6200.0,0.001859939748152042,2.9999028196003285e-07,0.0005,259.03935331513077,187.72121374016896,0.015625,0.0078125,0.0049733944729440415,0.007208261099493489,9.830081559266357e-06,0.096,1.0,0.0,0.0,True,euler,1.000068221855445,-1.5533430342749532,-1.5184364492350666,stability-verified-in-model
outputs/hou_time_refinement_v1,hou_time_refinement_v1,hou_time_refinement_v1/nr65/nz128/level_index=1/requested_dt=3e-07,65,128,level_index=1;requested_dt=3e-07,6225.0,0.0018674395052010418,2.9999028196003285e-07,0.0005,260.00683230016193,187.86651509965364,0.015625,0.0078125,0.004991969467728676,0.007213840490956015,9.830081559266357e-06,0.096,1.0,0.0,0.0,True,euler,1.0000685160272986,-1.5533430342749532,-1.5184364492350666,stability-verified-in-model
outputs/hou_time_refinement_v1,hou_time_refinement_v1,hou_time_refinement_v1/nr65/nz128/level_index=1/requested_dt=3e-07,65,128,level_index=1;requested_dt=3e-07,6250.0,0.0018749392622500417,2.9999028196003285e-07,0.0005,260.94782785287686,188.01126134122748,0.015625,0.0078125,0.005010035997084329,0.007219398566581281,9.830081559266357e-06,0.096,1.0,0.0,0.0,True,euler,1.0000688043093067,-1.5533430342749532,-1.5184364492350666,stability-verified-in-model
outputs/hou_time_refinement_v1,hou_time_refinement_v1,hou_time_refinement_v1/nr65/nz128/level_index=1/requested_dt=3e-07,65,128,level_index=1;requested_dt=3e-07,6275.0,0.0018824390192990416,2.9999028196003285e-07,0.0005,261.859805516792,188.15545748051846,0.015625,0.0078125,0.005027545401022835,0.007224935518963162,9.830081559266357e-06,0.096,1.0,0.0,0.0,True,euler,1.0000690860706625,-1.5533430342749532,-1.5184364492350666,stability-verified-in-model
outputs/hou_time_refinement_v1,hou_time_refinement_v1,hou_time_refinement_v1/nr65/nz128/level_index=1/requested_dt=3e-07,65,128,level_index=1;requested_dt=3e-07,6300.0,0.0018899387763480415,2.9999028196003285e-07,0.0005,262.74007906473435,188.29910829449423,0.015625,0.0078125,0.0050444461056531826,0.0072304515315312744,9.830081559266357e-06,0.096,1.0,0.0,0.0,True,euler,1.0000693606411977,-1.5533430342749532,-1.5184364492350666,stability-verified-in-model
outputs/hou_time_refinement_v1,hou_time_refinement_v1,hou_time_refinement_v1/nr65/nz128/level_index=1/requested_dt=3e-07,65,128,level_index=1;requested_dt=3e-07,6325.0,0.0018974385333970414,2.9999028196003285e-07,0.0005,263.58580425965664,188.44221832686776,0.015625,0.0078125,0.005060683503393051,0.007235946778758545,9.830081559266357e-06,0.096,1.0,0.0,0.0,True,euler,1.0000696273098864,-1.5533430342749532,-1.5184364492350666,stability-verified-in-model
outputs/hou_time_refinement_v1,hou_time_refinement_v1,hou_time_refinement_v1/nr65/nz128/level_index=1/requested_dt=3e-07,65,128,level_index=1;requested_dt=3e-07,6350.0,0.0019049382904460413,2.9999028196003285e-07,0.0005,264.39397261301195,188.58479189184618,0.015625,0.0078125,0.005076199833133482,0.007241421426305158,9.830081559266357e-06,0.096,1.0,0.0,0.0,True,euler,1.000069885323392,-1.5533430342749532,-1.5184364492350666,stability-verified-in-model
outputs/hou_time_refinement_v1,hou_time_refinement_v1,hou_time_refinement_v1/nr65/nz128/level_index=1/requested_dt=3e-07,65,128,level_index=1;requested_dt=3e-07,6375.0,0.0019124380474950411,2.9999028196003285e-07,0.0005,265.16140517312476,188.7268330759739,0.015625,0.0078125,0.00509093406097947,0.0072468756310893395,9.830081559266357e-06,0.096,1.0,0.0,0.0,True,euler,1.0000701338846638,-1.5533430342749532,-1.5184364492350666,stability-verified-in-model
outputs/hou_time_refinement_v1,hou_time_refinement_v1,hou_time_refinement_v1/nr65/nz128/level_index=1/requested_dt=3e-07,65,128,level_index=1;requested_dt=3e-07,6400.0,0.001919937804544041,2.9999028196003285e-07,0.0005,265.8847463828622,188.86834573784378,0.015625,0.0078125,0.005104821762321066,0.007252309541276252,9.830081559266357e-06,0.096,1.0,0.0,0.0,True,euler,1.0000703721516084,-1.5533430342749532,-1.5184364492350666,stability-verified-in-model
outputs/hou_time_refinement_v1,hou_time_refinement_v1,hou_time_refinement_v1/nr65/nz128/level_index=1/requested_dt=3e-07,65,128,level_index=1;requested_dt=3e-07,6425.0,0.001927437561593041,2.9999028196003285e-07,0.0005,266.5604580541913,189.00933350549485,0.015625,0.0078125,0.005117795006148631,0.0072577232961780844,9.830081559266357e-06,0.096,1.0,0.0,0.0,True,euler,1.000070599235853,-1.5533430342749532,-1.5184364492350666,stability-verified-in-model
outputs/hou_time_refinement_v1,hou_time_refinement_v1,hou_time_refinement_v1/nr65/nz128/level_index=1/requested_dt=3e-07,65,128,level_index=1;requested_dt=3e-07,6450.0,0.0019349373186420408,2.9999028196003285e-07,0.0005,267.18481351708886,189.14979977136008,0.015625,0.0078125,0.005129782242715538,0.007263117026060041,9.830081559266357e-06,0.096,1.0,0.0,0.0,True,euler,1.0000708142016235,-1.5533430342749532,-1.5184364492350666,stability-verified-in-model
outputs/hou_time_refinement_v1,hou_time_refinement_v1,hou_time_refinement_v1/nr65/nz128/level_index=1/requested_dt=3e-07,65,128,level_index=1;requested_dt=3e-07,6475.0,0.0019424370756910407,2.9999028196003285e-07,0.0005,267.75389201186624,189.28974768468697,0.015625,0.0078125,0.0051407081958743,0.007268490851849308,9.830081559266357e-06,0.096,1.0,0.0,0.0,True,euler,1.000071016064767,-1.5533430342749532,-1.5184364492350666,stability-verified-in-model
outputs/hou_time_refinement_v1,hou_time_refinement_v1,hou_time_refinement_v1/nr65/nz128/level_index=1/requested_dt=3e-07,65,128,level_index=1;requested_dt=3e-07,6500.0,0.0019499368327400405,2.9999028196003285e-07,0.0005,268.26357340740003,189.42918014142614,0.015625,0.0078125,0.005150493761669882,0.007273844884746789,9.830081559266357e-06,0.096,1.0,0.0,0.0,True,euler,1.0000712037919508,-1.5533430342749532,-1.5184364492350666,stability-verified-in-model
outputs/hou_time_refinement_v1,hou_time_refinement_v1,hou_time_refinement_v1/nr65/nz128/level_index=1/requested_dt=3e-07,65,128,level_index=1;requested_dt=3e-07,6525.0,0.0019574365897890435,2.9999028196003285e-07,0.0005,268.70953334307393,189.5680997716502,0.015625,0.0078125,0.005159055915068006,0.0072791792257439975,9.830081559266357e-06,0.096,1.0,0.0,0.0,True,euler,1.0000713763000681,-1.5533430342749532,-1.5184364492350666,stability-verified-in-model
outputs/hou_time_refinement_v1,hou_time_refinement_v1,hou_time_refinement_v1/nr65/nz128/level_index=1/requested_dt=3e-07,65,128,level_index=1;requested_dt=3e-07,6550.0,0.0019649363468380488,2.9999028196003285e-07,0.0005,269.0872389094463,189.70650892465147,0.015625,0.0078125,0.0051663076270266565,0.007284493965050839,9.830081559266357e-06,0.096,1.0,0.0,0.0,True,euler,1.0000715324559026,-1.5533430342749532,-1.5184364492350666,stability-verified-in-model
outputs/hou_time_refinement_v1,hou_time_refinement_v1,hou_time_refinement_v1/nr65/nz128/level_index=1/requested_dt=3e-07,65,128,level_index=1;requested_dt=3e-07,6575.0,0.001972436103887054,2.9999028196003285e-07,0.0005,269.3919450016961,189.844409651942,0.015625,0.0078125,0.0051721577944845104,0.007289789181442823,9.830081559266357e-06,0.096,1.0,0.0,0.0,True,euler,1.0000716710760873,-1.5533430342749532,-1.5184364492350666,stability-verified-in-model
outputs/hou_time_refinement_v1,hou_time_refinement_v1,hou_time_refinement_v1/nr65/nz128/level_index=1/requested_dt=3e-07,65,128,level_index=1;requested_dt=3e-07,6600.0,0.0019799358609360594,2.9999028196003285e-07,0.0005,269.61869150060147,189.98180368846494,0.015625,0.0078125,0.005176511186237475,0.007295064941539611,9.830081559266357e-06,0.096,1.0,0.0,0.0,True,euler,1.0000717909274197,-1.5533430342749532,-1.5184364492350666,stability-verified-in-model
outputs/hou_time_refinement_v1,hou_time_refinement_v1,hou_time_refinement_v1/nr65/nz128/level_index=1/requested_dt=3e-07,65,128,level_index=1;requested_dt=3e-07,6625.0,0.0019874356179850647,2.9999028196003285e-07,0.0005,269.76230145792897,190.1186924323993,0.015625,0.0078125,0.005179268408099296,0.007300321299029534,9.830081559266357e-06,0.096,1.0,0.0,0.0,True,euler,1.0000718907275856,-1.5533430342749532,-1.5184364492350666,stability-verified-in-model
outputs/hou_time_refinement_v1,hou_time_refinement_v1,hou_time_refinement_v1/nr65/nz128/level_index=1/requested_dt=3e-07,65,128,level_index=1;requested_dt=3e-07,6650.0,0.00199493537503407,2.9999028196003285e-07,0.0005,270.06593924067795,190.25507692401033,0.015625,0.0078125,0.005185098064679173,0.0073055582938574845,9.830081559266357e-06,0.096,1.0,0.0,0.0,True,euler,1.0000720286864422,-1.5533430342749532,-1.5184364492350666,stability-verified-in-model
outputs/hou_time_refinement_v1,hou_time_refinement_v1,hou_time_refinement_v1/nr65/nz128/level_index=1/requested_dt=3e-07,65,128,level_index=1;requested_dt=3e-07,6675.0,0.0020024351320830753,2.9999028196003285e-07,0.0005,271.9245488025698,190.39095782405627,0.015625,0.0078125,0.005220782212296808,0.0073107759513957584,9.830081559266357e-06,0.096,1.0,0.0,0.0,True,euler,1.0000725398523276,-1.5533430342749532,-1.5184364492350666,stability-verified-in-model
outputs/hou_time_refinement_v1,hou_time_refinement_v1,hou_time_refinement_v1/nr65/nz128/level_index=1/requested_dt=3e-07,65,128,level_index=1;requested_dt=3e-07,6700.0,0.0020099348891320806,2.9999028196003285e-07,0.0005,273.7683143600583,190.52633539230305,0.015625,0.0078125,0.0052561813642621955,0.0073159742816190435,9.830081559266357e-06,0.096,1.0,0.0,0.0,True,euler,1.0000730488676073,-1.5533430342749532,-1.5184364492350666,stability-verified-in-model
outputs/hou_time_refinement_v1,hou_time_refinement_v1,hou_time_refinement_v1/nr65/nz128/level_index=1/requested_dt=3e-07,65,128,level_index=1;requested_dt=3e-07,6725.0,0.002017434646181086,2.9999028196003285e-07,0.0005,275.59319247364135,190.66120946672916,0.015625,0.0078125,0.00529121788905173,0.007321153278305915,9.830081559266357e-06,0.096,1.0,0.0,0.0,True,euler,1.000073554716963,-1.5533430342749532,-1.5184364492350666,stability-verified-in-model
outputs/hou_time_refinement_v1,hou_time_refinement_v1,hou_time_refinement_v1/nr65/nz128/level_index=1/requested_dt=3e-07,65,128,level_index=1;requested_dt=3e-07,6750.0,0.002024934403230091,2.9999028196003285e-07,0.0005,277.3947383818437,190.7955794440022,0.015625,0.0078125,0.005325806450009526,0.00732631291828916,9.830081559266357e-06,0.096,1.0,0.0,0.0,True,euler,1.000074056275373,-1.5533430342749532,-1.5184364492350666,stability-verified-in-model
outputs/hou_time_refinement_v1,hou_time_refinement_v1,hou_time_refinement_v1/nr65/nz128/level_index=1/requested_dt=3e-07,65,128,level_index=1;requested_dt=3e-07,6775.0,0.0020324341602790965,2.9999028196003285e-07,0.0005,279.16807328552045,190.92944426180006,0.015625,0.0078125,0.005359853377226393,0.007331453160776932,9.830081559266357e-06,0.096,1.0,0.0,0.0,True,euler,1.00007455229895,-1.5533430342749532,-1.5184364492350666,stability-verified-in-model
outputs/hou_time_refinement_v1,hou_time_refinement_v1,hou_time_refinement_v1/nr65/nz128/level_index=1/requested_dt=3e-07,65,128,level_index=1;requested_dt=3e-07,6800.0,0.002039933917328102,2.9999028196003285e-07,0.0005,280.9078497540658,191.06280238350035,0.015625,0.0078125,0.00539325600336056,0.007336573946764839,9.830081559266357e-06,0.096,1.0,0.0,0.0,True,euler,1.0000750414153174,-1.5533430342749532,-1.5184364492350666,stability-verified-in-model
outputs/hou_time_refinement_v1,hou_time_refinement_v1,hou_time_refinement_v1/nr65/nz128/level_index=1/requested_dt=3e-07,65,128,level_index=1;requested_dt=3e-07,6825.0,0.002047433674377107,2.9999028196003285e-07,0.0005,282.60821527575024,191.19565178570568,0.015625,0.0078125,0.005425901963826815,0.0073416751985569415,9.830081559266357e-06,0.096,1.0,0.0,0.0,True,euler,1.000075522113542,-1.5533430342749532,-1.5184364492350666,stability-verified-in-model
outputs/hou_time_refinement_v1,hou_time_refinement_v1,hou_time_refinement_v1/nr65/nz128/level_index=1/requested_dt=3e-07,65,128,level_index=1;requested_dt=3e-07,6850.0,0.0020549334314261124,2.9999028196003285e-07,0.0005,284.26277401019854,191.32798994897763,0.015625,0.0078125,0.005457668462467875,0.007346756819409937,9.830081559266357e-06,0.096,1.0,0.0,0.0,True,euler,1.000075992733681,-1.5533430342749532,-1.5184364492350666,stability-verified-in-model
outputs/hou_time_refinement_v1,hou_time_refinement_v1,hou_time_refinement_v1/nr65/nz128/level_index=1/requested_dt=3e-07,65,128,level_index=1;requested_dt=3e-07,6875.0,0.0020624331884751177,2.9999028196003285e-07,0.0005,285.8645468462112,191.45981385204402,0.015625,0.0078125,0.005488421504689403,0.007351818693310731,9.830081559266357e-06,0.096,1.0,0.0,0.0,True,euler,1.0000764514560072,-1.5533430342749532,-1.5184364492350666,stability-verified-in-model
outputs/hou_time_refinement_v1,hou_time_refinement_v1,hou_time_refinement_v1/nr65/nz128/level_index=1/requested_dt=3e-07,65,128,level_index=1;requested_dt=3e-07,6900.0,0.002069932945524123,2.9999028196003285e-07,0.0005,287.40592992432124,191.59111996961616,0.015625,0.0078125,0.005518015101118884,0.007356860684892625,9.830081559266357e-06,0.096,1.0,0.0,0.0,True,euler,1.0000768962899995,-1.5533430342749532,-1.5184364492350666,stability-verified-in-model
outputs/hou_time_refinement_v1,hou_time_refinement_v1,hou_time_refinement_v1/nr65/nz128/level_index=1/requested_dt=3e-07,65,128,level_index=1;requested_dt=3e-07,6925.0,0.0020774327025731283,2.9999028196003285e-07,0.0005,288.87865185233693,191.72190427380187,0.015625,0.0078125,0.0055462904461706704,0.007361882639489568,9.830081559266357e-06,0.096,1.0,0.0,0.0,True,euler,1.0000773250632267,-1.5533430342749532,-1.5184364492350666,stability-verified-in-model
outputs/hou_time_refinement_v1,hou_time_refinement_v1,hou_time_refinement_v1/nr65/nz128/level_index=1/requested_dt=3e-07,65,128,level_index=1;requested_dt=3e-07,6950.0,0.0020849324596221336,2.9999028196003285e-07,0.0005,290.27372992543064,191.85216223894713,0.015625,0.0078125,0.005573075077498903,0.007366884383322076,9.830081559266357e-06,0.096,1.0,0.0,0.0,True,euler,1.0000777354102712,-1.5533430342749532,-1.5184364492350666,stability-verified-in-model
outputs/hou_time_refinement_v1,hou_time_refinement_v1,hou_time_refinement_v1/nr65/nz128/level_index=1/requested_dt=3e-07,65,128,level_index=1;requested_dt=3e-07,6975.0,0.002092432216671139,2.9999028196003285e-07,0.0005,291.5814257618623,191.98188884957403,0.015625,0.0078125,0.005598182024231005,0.007371865723802036,9.830081559266357e-06,0.096,1.0,0.0,0.0,True,euler,1.000078124761892,-1.5533430342749532,-1.5184364492350666,stability-verified-in-model
outputs/hou_time_refinement_v1,hou_time_refinement_v1,hou_time_refinement_v1/nr65/nz128/level_index=1/requested_dt=3e-07,65,128,level_index=1;requested_dt=3e-07,7000.0,0.002099931973720144,2.9999028196003285e-07,0.0005,292.7912008829328,192.11107861091813,0.015625,0.0078125,0.005621408954130408,0.0073768264499373265,9.830081559266357e-06,0.096,1.0,0.0,0.0,True,euler,1.0000784903346607,-1.5533430342749532,-1.5184364492350666,stability-verified-in-model
outputs/hou_time_refinement_v1,hou_time_refinement_v1,hou_time_refinement_v1/nr65/nz128/level_index=1/requested_dt=3e-07,65,128,level_index=1;requested_dt=3e-07,7025.0,0.0021074317307691495,2.9999028196003285e-07,0.0005,293.8916729028482,192.23972556141467,0.015625,0.0078125,0.005642537332469195,0.00738176633281128,9.830081559266357e-06,0.096,1.0,0.0,0.0,True,euler,1.00007882912137,-1.5533430342749532,-1.5184364492350666,stability-verified-in-model
outputs/hou_time_refinement_v1,hou_time_refinement_v1,hou_time_refinement_v1/nr65/nz128/level_index=1/requested_dt=3e-07,65,128,level_index=1;requested_dt=3e-07,7050.0,0.002114931487818155,2.9999028196003285e-07,0.0005,294.87057315219215,192.36782328633365,0.015625,0.0078125,0.0056613316084251275,0.0073866851261062405,9.830081559266357e-06,0.096,1.0,0.0,0.0,True,euler,1.0000791378825626,-1.5533430342749532,-1.5184364492350666,stability-verified-in-model
outputs/hou_time_refinement_v1,hou_time_refinement_v1,hou_time_refinement_v1/nr65/nz128/level_index=1/requested_dt=3e-07,65,128,level_index=1;requested_dt=3e-07,7075.0,0.00212243124486716,2.9999028196003285e-07,0.0005,295.7147067385625,192.49536493164075,0.015625,0.0078125,0.005677538448270706,0.007391582566635818,9.830081559266357e-06,0.096,1.0,0.0,0.0,True,euler,1.0000794131396002,-1.5533430342749532,-1.5184364492350666,stability-verified-in-model
outputs/hou_time_refinement_v1,hou_time_refinement_v1,hou_time_refinement_v1/nr65/nz128/level_index=1/requested_dt=3e-07,65,128,level_index=1;requested_dt=3e-07,7100.0,0.0021299310019161654,2.9999028196003285e-07,0.0005,296.40991624990716,192.62234321705628,0.015625,0.0078125,0.0056908860384998,0.0073964583748463274,9.830081559266357e-06,0.096,1.0,0.0,0.0,True,euler,1.0000796511697616,-1.5533430342749532,-1.5184364492350666,stability-verified-in-model
outputs/hou_time_refinement_v1,hou_time_refinement_v1,hou_time_refinement_v1/nr65/nz128/level_index=1/requested_dt=3e-07,65,128,level_index=1;requested_dt=3e-07,7125.0,0.0021374307589651707,2.9999028196003285e-07,0.0005,296.9410505295457,192.74960745973362,0.015625,0.0078125,0.005701083486327473,0.007401345163459986,9.830081559266357e-06,0.096,1.0,0.0,0.0,True,euler,1.0000798484341924,-1.5533430342749532,-1.5184364492350666,stability-verified-in-model
outputs/hou_time_refinement_v1,hou_time_refinement_v1,hou_time_refinement_v1/nr65/nz128/level_index=1/requested_dt=3e-07,65,128,level_index=1;requested_dt=3e-07,7150.0,0.002144930516014176,2.9999028196003285e-07,0.0005,297.291940194883,192.89291667875858,0.015625,0.0078125,0.005707820349664524,0.0074068480592069,9.830081559266357e-06,0.096,1.0,0.0,0.0,True,euler,1.0000800086423576,-1.5533430342749532,-1.5184364492350666,stability-verified-in-model
outputs/hou_time_refinement_v1,hou_time_refinement_v1,hou_time_refinement_v1/nr65/nz128/level_index=1/requested_dt=3e-07,65,128,level_index=1;requested_dt=3e-07,7175.0,0.0021524302730631813,2.9999028196003285e-07,0.0005,297.44538183086775,193.035759141797,0.015625,0.0078125,0.005710766333641705,0.0074123330321045336,9.830081559266357e-06,0.096,1.0,0.0,0.0,True,euler,1.0000801190564275,-1.5533430342749532,-1.5184364492350666,stability-verified-in-model
outputs/hou_time_refinement_v1,hou_time_refinement_v1,hou_time_refinement_v1/nr65/nz128/level_index=1/requested_dt=3e-07,65,128,level_index=1;requested_dt=3e-07,7200.0,0.0021599300301121866,2.9999028196003285e-07,0.0005,297.38313305863903,193.1781234805032,0.015625,0.0078125,0.005709571195930822,0.007417799645622553,9.830081559266357e-06,0.096,1.0,0.0,0.0,True,euler,1.0000801749809438,-1.5533430342749532,-1.5184364492350666,stability-verified-in-model
outputs/hou_time_refinement_v1,hou_time_refinement_v1,hou_time_refinement_v1/nr65/nz128/level_index=1/requested_dt=3e-07,65,128,level_index=1;requested_dt=3e-07,7225.0,0.002167429787161192,2.9999028196003285e-07,0.0005,297.08592095124646,193.3199978830164,0.015625,0.0078125,0.005703864908321309,0.007423247446200198,9.830081559266357e-06,0.096,1.0,0.0,0.0,True,euler,1.0000801715038392,-1.5533430342749532,-1.5184364492350666,stability-verified-in-model
outputs/hou_time_refinement_v1,hou_time_refinement_v1,hou_time_refinement_v1/nr65/nz128/level_index=1/requested_dt=3e-07,65,128,level_index=1;requested_dt=3e-07,7250.0,0.0021749295442101972,2.9999028196003285e-07,0.0005,296.53346653033395,193.46137007518382,0.015625,0.0078125,0.005693258127041335,0.007428675962525268,9.830081559266357e-06,0.096,1.0,0.0,0.0,True,euler,1.0000801035182942,-1.5533430342749532,-1.5184364492350666,stability-verified-in-model
outputs/hou_time_refinement_v1,hou_time_refinement_v1,hou_time_refinement_v1/nr65/nz128/level_index=1/requested_dt=3e-07,65,128,level_index=1;requested_dt=3e-07,7275.0,0.0021824293012592025,2.9999028196003285e-07,0.0005,295.7045283150685,193.60222729190258,0.015625,0.0078125,0.0056773430288701385,0.0074340847044336925,9.830081559266357e-06,0.096,1.0,0.0,0.0,True,euler,1.0000799657521475,-1.5533430342749532,-1.5184364492350666,stability-verified-in-model
outputs/hou_time_refinement_v1,hou_time_refinement_v1,hou_time_refinement_v1/nr65/nz128/level_index=1/requested_dt=3e-07,65,128,level_index=1;requested_dt=3e-07,7300.0,0.002189929058308208,2.9999028196003285e-07,0.0005,294.57696808802666,193.74255623762983,0.015625,0.0078125,0.005655694573802158,0.007439473161393164,9.830081559266357e-06,0.096,1.0,0.0,0.0,True,euler,1.000079752805822,-1.5533430342749532,-1.5184364492350666,stability-verified-in-model
outputs/hou_time_refinement_v1,hou_time_refinement_v1,hou_time_refinement_v1/nr65/nz128/level_index=1/requested_dt=3e-07,65,128,level_index=1;requested_dt=3e-07,7306.0,0.002191729,2.9999028199100344e-07,0.0005,294.2593850273922,193.77615504917156,0.015625,0.0078125,0.005649597177143466,0.007440763314730673,9.8300815602812e-06,0.096,1.0,0.0,0.0,True,euler,1.0000796899040465,-1.5533430342749532,-1.5184364492350666,stability-verified-in-model
outputs/hou_time_refinement_v1,hou_time_refinement_v1,hou_time_refinement_v1/nr65/nz128/level_index=2/requested_dt=1.5e-07,65,128,level_index=2;requested_dt=1.5e-07,25.0,3.749878524500409e-06,1.4999514098001642e-07,0.0005,1.384812014922458,1.1702495573327165,0.015625,0.0078125,1.3293764698183342e-05,2.2468063658742095e-05,4.9150407796331785e-06,0.096,1.0,0.0,0.0,True,euler,1.0,0.0,0.0,stability-verified-in-model
outputs/hou_time_refinement_v1,hou_time_refinement_v1,hou_time_refinement_v1/nr65/nz128/level_index=2/requested_dt=1.5e-07,65,128,level_index=2;requested_dt=1.5e-07,50.0,7.499757049000816e-06,1.4999514098001642e-07,0.0005,2.7694855442609274,2.340363369405181,0.015625,0.0078125,2.658619997782626e-05,4.493352109291474e-05,4.9150407796331785e-06,0.096,1.0,0.0,0.0,True,euler,1.0,0.0,0.0,stability-verified-in-model
outputs/hou_time_refinement_v1,hou_time_refinement_v1,hou_time_refinement_v1/nr65/nz128/level_index=2/requested_dt=1.5e-07,65,128,level_index=2;requested_dt=1.5e-07,75.0,1.1249635573501223e-05,1.4999514098001642e-07,0.0005,4.153889227599844,3.510207604004645,0.015625,0.0078125,3.987604481978945e-05,6.73938028072707e-05,4.9150407796331785e-06,0.096,1.0,0.0,0.0,True,euler,1.0,0.0,0.0,stability-verified-in-model
outputs/hou_time_refinement_v1,hou_time_refinement_v1,hou_time_refinement_v1/nr65/nz128/level_index=2/requested_dt=1.5e-07,65,128,level_index=2;requested_dt=1.5e-07,100.0,1.499951409800163e-05,1.4999514098001642e-07,0.0005,5.5378918029237285,4.679648555539745,0.015625,0.0078125,5.3162039149543806e-05,8.984634173761463e-05,4.9150407796331785e-06,0.096,1.0,0.0,0.0,True,euler,1.0,0.0,0.0,stability-verified-in-model
outputs/hou_time_refinement_v1,hou_time_refinement_v1,hou_time_refinement_v1/nr65/nz128/level_index=2/requested_dt=1.5e-07,65,128,level_index=2;requested_dt=1.5e-07,125.0,1.8749392622502076e-05,1.4999514098001642e-07,0.0005,6.921362154759531,5.848552707774336,0.015625,0.0078125,6.644292429932199e-05,0.00011228857445525354,4.9150407796331785e-06,0.096,1.0,0.0,0.0,True,euler,1.0,0.0,0.0,stability-verified-in-model
outputs/hou_time_refinement_v1,hou_time_refinement_v1,hou_time_refinement_v1/nr65/nz128/level_index=2/requested_dt=1.5e-07,65,128,level_index=2;requested_dt=1.5e-07,150.0,2.2499271147002525e-05,1.4999514098001642e-07,0.0005,8.30416936221592,7.016786796369583,0.015625,0.0078125,7.971744346928063e-05,0.0001347179423677662,4.9150407796331785e-06,0.096,1.0,0.0,0.0,True,euler,1.0,0.0,0.0,stability-verified-in-model
outputs/hou_time_refinement_v1,hou_time_refinement_v1,hou_time_refinement_v1/nr65/nz128/level_index=2/requested_dt=1.5e-07,65,128,level_index=2;requested_dt=1.5e-07,175.0,2.6249149671502974e-05,1.4999514098001642e-07,0.0005,9.686182746885905,8.184217871171278,0.015625,0.0078125,9.298434218735066e-05,0.00015713189291488073,4.9150407796331785e-06,0.096,1.0,0.0,0.0,True,euler,1.0,0.0,0.0,stability-verified-in-model
outputs/hou_time_refinement_v1,hou_time_refinement_v1,hou_time_refinement_v1/nr65/nz128/level_index=2/requested_dt=1.5e-07,65,128,level_index=2;requested_dt=1.5e-07,200.0,2.9999028196003422e-05,1.4999514098001642e-07,0.0005,11.067271920579358,9.350713358179771,0.015625,0.0078125,0.00010624236876745459,0.00017952788075825888,4.9150407796331785e-06,0.096,1.0,0.0,0.0,True,euler,1.0,0.0,0.0,stability-verified-in-model
outputs/hou_time_refinement_v1,hou_time_refinement_v1,hou_time_refinement_v1/nr65/nz128/level_index=2/requested_dt=1.5e-07,65,128,level_index=2;requested_dt=1.5e-07,225.0,3.374890672050387e-05,1.4999514098001642e-07,0.0005,12.44730683285229,10.516141121140398,0.015625,0.0078125,0.00011949027476577286,0.00020190336896399385,4.9150407796331785e-06,0.096,1.0,0.0,0.0,True,euler,1.0,0.0,0.0,stability-verified-in-model
outputs/hou_time_refinement_v1,hou_time_refinement_v1,hou_time_refinement_v1/nr65/nz128/level_index=2/requested_dt=1.5e-07,65,128,level_index=2;requested_dt=1.5e-07,250.0,3.749878524500432e-05,1.4999514098001642e-07,0.0005,13.82615781829983,11.680369522693052,0.015625,0.0078125,0.0001327268154347417,0.00022425583017664404,4.9150407796331785e-06,0.096,1.0,0.0,0.0,True,euler,1.0,0.0,0.0,stability-verified-in-model
outputs/hou_time_refinement_v1,hou_time_refinement_v1,hou_time_refinement_v1/nr65/nz128/level_index=2/requested_dt=1.5e-07,65,128,level_index=2;requested_dt=1.5e-07,275.0,4.124866376950477e-05,1.4999514098001642e-07,0.0005,15.203695643580264,12.843267485020345,0.015625,0.0078125,0.00014595075017446933,0.00024658274778364,4.9150407796331785e-06,0.096,1.0,0.0,0.0,True,euler,1.0,0.0,0.0,stability-verified-in-model
outputs/hou_time_refinement_v1,hou_time_refinement_v1,hou_time_refinement_v1/nr65/nz128/level_index=2/requested_dt=1.5e-07,65,128,level_index=2;requested_dt=1.5e-07,300.0,4.499854229400522e-05,1.4999514098001642e-07,0.0005,16.579791554137806,14.00470454993454,0.015625,0.0078125,0.0001591608429812599,0.00026888161706891637,4.9150407796331785e-06,0.096,1.0,0.0,0.0,True,euler,1.0,0.0,0.0,stability-verified-in-model
outputs/hou_time_refinement_v1,hou_time_refinement_v1,hou_time_refinement_v1/nr65/nz128/level_index=2/requested_dt=1.5e-07,65,128,level_index=2;requested_dt=1.5e-07,325.0,4.874842081850567e-05,1.4999514098001642e-07,0.0005,17.954317320592033,15.16455093834455,0.015625,0.0078125,0.00017235586289293778,0.0002911499463546408,4.9150407796331785e-06,0.096,1.0,0.0,0.0,True,euler,1.0,0.0,0.0,stability-verified-in-model
outputs/hou_time_refinement_v1,hou_time_refinement_v1,hou_time_refinement_v1/nr65/nz128/level_index=2/requested_dt=1.5e-07,65,128,level_index=2;requested_dt=1.5e-07,350.0,5.2498299343006116e-05,1.4999514098001642e-07,0.0005,19.327145284762494,16.322677609045414,0.015625,0.0078125,0.00018553458443066944,0.0003133852581299359,4.9150407796331785e-06,0.096,1.0,0.0,0.0,True,euler,1.0,0.0,0.0,stability-verified-in-model
outputs/hou_time_refinement_v1,hou_time_refinement_v1,hou_time_refinement_v1/nr65/nz128/level_index=2/requested_dt=1.5e-07,65,128,level_index=2;requested_dt=1.5e-07,375.0,5.6248177867506565e-05,1.4999514098001642e-07,0.0005,20.69814840529722,17.478956316773697,0.015625,0.0078125,0.00019869578803698295,0.00033558509016550647,4.9150407796331785e-06,0.096,1.0,0.0,0.0,True,euler,1.0,0.0,0.0,stability-verified-in-model
outputs/hou_time_refinement_v1,hou_time_refinement_v1,hou_time_refinement_v1/nr65/nz128/level_index=2/requested_dt=1.5e-07,65,128,level_index=2;requested_dt=1.5e-07,400.0,5.9998056392007014e-05,1.4999514098001642e-07,0.0005,22.06720030287451,18.633259669473656,0.015625,0.0078125,0.0002118382605096911,0.0003577469966131143,4.9150407796331785e-06,0.096,1.0,0.0,0.0,True,euler,1.0,0.0,0.0,stability-verified-in-model
outputs/hou_time_refinement_v1,hou_time_refinement_v1,hou_time_refinement_v1/nr65/nz128/level_index=2/requested_dt=1.5e-07,65,128,level_index=2;requested_dt=1.5e-07,425.0,6.374793491650734e-05,1.4999514098001642e-07,0.0005,23.43417530494785,19.785461184720393,0.015625,0.0078125,0.0002249607954314286,0.0003798685490888676,4.9150407796331785e-06,0.096,1.0,0.0,0.0,True,euler,1.0,0.0,0.0,stability-verified-in-model
outputs/hou_time_refinement_v1,hou_time_refinement_v1,hou_time_refinement_v1/nr65/nz128/level_index=2/requested_dt=1.5e-07,65,128,level_index=2;requested_dt=1.5e-07,450.0,6.749781344100762e-05,1.4999514098001642e-07,0.0005,24.798948490004243,20.935435345247512,0.015625,0.0078125,0.00023806219359451852,0.0004019473377393177,4.9150407796331785e-06,0.096,1.0,0.0,0.0,True,euler,1.0,0.0,0.0,stability-verified-in-model
outputs/hou_time_refinement_v1,hou_time_refinement_v1,hou_time_refinement_v1/nr65/nz128/level_index=2/requested_dt=1.5e-07,65,128,level_index=2;requested_dt=1.5e-07,475.0,7.12476919655079e-05,1.4999514098001642e-07,0.0005,26.16139573130696,22.083057653528577,0.015625,0.0078125,0.0002511412634208888,0.0004239809722893888,4.9150407796331785e-06,0.096,1.0,0.0,0.0,True,euler,1.0,0.0,0.0,stability-verified-in-model
outputs/hou_time_refinement_v1,hou_time_refinement_v1,hou_time_refinement_v1/nr65/nz128/level_index=2/requested_dt=1.5e-07,65,128,level_index=2;requested_dt=1.5e-07,500.0,7.499757049000818e-05,1.4999514098001642e-07,0.0005,27.521393740094148,23.228204685363085,0.015625,0.0078125,0.00026419682137676566,0.0004459670830711954,4.9150407796331785e-06,0.096,1.0,0.0,0.0,True,euler,1.0,0.0,0.0,stability-verified-in-model
outputs/hou_time_refinement_v1,hou_time_refinement_v1,hou_time_refinement_v1/nr65/nz128/level_index=2/requested_dt=1.5e-07,65,128,level_index=2;requested_dt=1.5e-07,525.0,7.874744901450846e-05,1.4999514098001642e-07,0.0005,28.878820108205694,24.3707541424194,0.015625,0.0078125,0.0002772276923818782,0.0004679033220328342,4.9150407796331785e-06,0.096,1.0,0.0,0.0,True,euler,1.0,0.0,0.0,stability-verified-in-model
outputs/hou_time_refinement_v1,hou_time_refinement_v1,hou_time_refinement_v1/nr65/nz128/level_index=2/requested_dt=1.5e-07,65,128,level_index=2;requested_dt=1.5e-07,550.0,8.249732753900874e-05,1.4999514098001642e-07,0.0005,30.23355335011091,25.510584903688883,0.015625,0.0078125,0.00029023271021291096,0.0004897873637262711,4.9150407796331785e-06,0.096,1.0,0.0,0.0,True,euler,1.0,0.0,0.0,stability-verified-in-model
outputs/hou_time_refinement_v1,hou_time_refinement_v1,hou_time_refinement_v1/nr65/nz128/level_index=2/requested_dt=1.5e-07,65,128,level_index=2;requested_dt=1.5e-07,575.0,8.624720606350902e-05,1.4999514098001642e-07,0.0005,31.585472944310652,26.647577075807472,0.015625,0.0078125,0.00030321071790095173,0.0005116169062734842,4.9150407796331785e-06,0.096,1.0,0.0,0.0,True,euler,1.0,0.0,0.0,stability-verified-in-model
outputs/hou_time_refinement_v1,hou_time_refinement_v1,hou_time_refinement_v1/nr65/nz128/level_index=2/requested_dt=1.5e-07,65,128,level_index=2;requested_dt=1.5e-07,600.0,8.99970845880093e-05,1.4999514098001642e-07,0.0005,32.93445937408843,27.78161204220215,0.015625,0.0078125,0.00031616056812268915,0.0005333896723100458,4.9150407796331785e-06,0.096,1.0,0.0,0.0,True,euler,1.0,0.0,0.0,stability-verified-in-model
outputs/hou_time_refinement_v1,hou_time_refinement_v1,hou_time_refinement_v1/nr65/nz128/level_index=2/requested_dt=1.5e-07,65,128,level_index=2;requested_dt=1.5e-07,625.0,9.374696311250958e-05,1.4999514098001642e-07,0.0005,34.28039416758493,28.91257251102285,0.015625,0.0078125,0.0003290811235851158,0.000555103409905385,4.9150407796331785e-06,0.096,1.0,0.0,0.0,True,euler,1.0,0.0,0.0,stability-verified-in-model
outputs/hou_time_refinement_v1,hou_time_refinement_v1,hou_time_refinement_v1/nr65/nz128/level_index=2/requested_dt=1.5e-07,65,128,level_index=2;requested_dt=1.5e-07,650.0,9.749684163700986e-05,1.4999514098001642e-07,0.0005,35.62315993717226,30.040342561821163,0.015625,0.0078125,0.0003419712574035089,0.0005767558934589892,4.9150407796331785e-06,0.096,1.0,0.0,0.0,True,euler,1.0,0.0,0.0,stability-verified-in-model
outputs/hou_time_refinement_v1,hou_time_refinement_v1,hou_time_refinement_v1/nr65/nz128/level_index=2/requested_dt=1.5e-07,65,128,level_index=2;requested_dt=1.5e-07,675.0,0.00010124672016151014,1.4999514098001642e-07,0.0005,36.96264041810415,31.164807690939888,0.015625,0.0078125,0.0003548298534724599,0.0005983449245718565,4.9150407796331785e-06,0.096,1.0,0.0,0.0,True,euler,1.0,0.0,0.0,stability-verified-in-model
outputs/hou_time_refinement_v1,hou_time_refinement_v1,hou_time_refinement_v1/nr65/nz128/level_index=2/requested_dt=1.5e-07,65,128,level_index=2;requested_dt=1.5e-07,700.0,0.00010499659868601042,1.4999514098001642e-07,0.0005,38.29872050641958,32.2858548555796,0.015625,0.0078125,0.0003676558068297376,0.0006198683328925453,4.9150407796331785e-06,0.096,1.0,0.0,0.0,True,euler,1.0,0.0,0.0,stability-verified-in-model
outputs/hou_time_refinement_v1,hou_time_refinement_v1,hou_time_refinement_v1/nr65/nz128/level_index=2/requested_dt=1.5e-07,65,128,level_index=2;requested_dt=1.5e-07,725.0,0.0001087464772105107,1.4999514098001642e-07,0.0005,39.631286296078095,33.403372516510075,0.015625,0.0078125,0.0003804480240127761,0.0006413239769372076,4.9150407796331785e-06,0.096,1.0,0.0,0.0,True,euler,1.0,0.0,0.0,stability-verified-in-model
outputs/hou_time_refinement_v1,hou_time_refinement_v1,hou_time_refinement_v1/nr65/nz128/level_index=2/requested_dt=1.5e-07,65,128,level_index=2;requested_dt=1.5e-07,750.0,0.00011249635573501098,1.4999514098001642e-07,0.0005,40.96022511530573,34.51725067939708,0.015625,0.0078125,0.00039320542340758356,0.0006627097448830378,4.9150407796331785e-06,0.096,1.0,0.0,0.0,True,euler,1.0,0.0,0.0,stability-verified-in-model
outputs/hou_time_refinement_v1,hou_time_refinement_v1,hou_time_refinement_v1/nr65/nz128/level_index=2/requested_dt=1.5e-07,65,128,level_index=2;requested_dt=1.5e-07,775.0,0.00011624623425951126,1.4999514098001642e-07,0.0005,42.285425562131465,35.62738093471669,0.015625,0.0078125,0.0004059269355898816,0.0006840235553346022,4.9150407796331785e-06,0.096,1.0,0.0,0.0,True,euler,1.0,0.0,0.0,stability-verified-in-model
outputs/hou_time_refinement_v1,hou_time_refinement_v1,hou_time_refinement_v1/nr65/nz128/level_index=2/requested_dt=1.5e-07,65,128,level_index=2;requested_dt=1.5e-07,800.0,0.00011999611278401154,1.4999514098001642e-07,0.0005,43.60677753909515,36.73365649623207,0.015625,0.0078125,0.0004186115036582906,0.0007052633580625697,4.9150407796331785e-06,0.096,1.0,0.0,0.0,True,euler,1.0,0.0,0.0,stability-verified-in-model
outputs/hou_time_refinement_v1,hou_time_refinement_v1,hou_time_refinement_v1/nr65/nz128/level_index=2/requested_dt=1.5e-07,65,128,level_index=2;requested_dt=1.5e-07,825.0,0.00012374599130851198,1.4999514098001642e-07,0.0005,44.924172287108505,37.8359722380093,0.015625,0.0078125,0.0004312580835593848,0.0007264271347143926,4.9150407796331785e-06,0.096,1.0,0.0,0.0,True,euler,1.0,0.0,0.0,stability-verified-in-model
outputs/hou_time_refinement_v1,hou_time_refinement_v1,hou_time_refinement_v1/nr65/nz128/level_index=2/requested_dt=1.5e-07,65,128,level_index=2;requested_dt=1.5e-07,850.0,0.0001274958698330126,1.4999514098001642e-07,0.0005,46.23750241845159,38.93422472995127,0.015625,0.0078125,0.00044386564440444776,0.0007475128994965353,4.9150407796331785e-06,0.096,1.0,0.0,0.0,True,euler,1.0,0.0,0.0,stability-verified-in-model
outputs/hou_time_refinement_v1,hou_time_refinement_v1,hou_time_refinement_v1/nr65/nz128/level_index=2/requested_dt=1.5e-07,65,128,level_index=2;requested_dt=1.5e-07,875.0,0.00013124574835751321,1.4999514098001642e-07,0.0005,47.54666194888865,40.0283122718313,0.015625,0.0078125,0.0004564331687777751,0.0007685186998278985,4.9150407796331785e-06,0.096,1.0,0.0,0.0,True,euler,1.0,0.0,0.0,stability-verified-in-model
outputs/hou_time_refinement_v1,hou_time_refinement_v1,hou_time_refinement_v1/nr65/nz128/level_index=2/requested_dt=1.5e-07,65,128,level_index=2;requested_dt=1.5e-07,900.0,0.00013499562688201383,1.4999514098001642e-07,0.0005,48.85154632888738,41.11813492580953,0.015625,0.0078125,0.00046895965303636903,0.0007894426169641136,4.9150407796331785e-06,0.096,1.0,0.0,0.0,True,euler,1.0,0.0,0.0,stability-verified-in-model
outputs/hou_time_refinement_v1,hou_time_refinement_v1,hou_time_refinement_v1/nr65/nz128/level_index=2/requested_dt=1.5e-07,65,128,level_index=2;requested_dt=1.5e-07,925.0,0.00013874550540651445,1.4999514098001642e-07,0.0005,50.152052473927284,42.20359454741795,0.015625,0.0078125,0.0004814441076008899,0.0008102827665924362,4.9150407796331785e-06,0.096,1.0,0.0,0.0,True,euler,1.0,0.0,0.0,stability-verified-in-model
outputs/hou_time_refinement_v1,hou_time_refinement_v1,hou_time_refinement_v1/nr65/nz128/level_index=2/requested_dt=1.5e-07,65,128,level_index=2;requested_dt=1.5e-07,950.0,0.00014249538393101507,1.4999514098001642e-07,0.0005,51.448078793883155,43.2845948150023,0.015625,0.0078125,0.0004938855572377279,0.0008310372993970122,4.9150407796331785e-06,0.096,1.0,0.0,0.0,True,euler,1.0,0.0,0.0,stability-verified-in-model
outputs/hou_time_refinement_v1,hou_time_refinement_v1,hou_time_refinement_v1/nr65/nz128/level_index=2/requested_dt=1.5e-07,65,128,level_index=2;requested_dt=1.5e-07,975.0,0.0001462452624555157,1.4999514098001642e-07,0.0005,52.73952522147113,44.36104125761041,0.015625,0.0078125,0.0005062830413320765,0.0008517044015943166,4.9150407796331785e-06,0.096,1.0,0.0,0.0,True,euler,1.0,0.0,0.0,stability-verified-in-model
outputs/hou_time_refinement_v1,hou_time_refinement_v1,hou_time_refinement_v1/nr65/nz128/level_index=2/requested_dt=1.5e-07,65,128,level_index=2;requested_dt=1.5e-07,1000.0,0.0001499951409800163,1.4999514098001642e-07,0.0005,54.026293239745364,45.43284128131993,0.015625,0.0078125,0.0005186356141518921,0.0008722822954386296,4.9150407796331785e-06,0.096,1.0,0.0,0.0,True,euler,1.0,0.0,0.0,stability-verified-in-model
outputs/hou_time_refinement_v1,hou_time_refinement_v1,hou_time_refinement_v1/nr65/nz128/level_index=2/requested_dt=1.5e-07,65,128,level_index=2;requested_dt=1.5e-07,1025.0,0.00015374501950451692,1.4999514098001642e-07,0.0005,55.30828590863454,46.499904193999384,0.015625,0.0078125,0.0005309423451026364,0.0008927692396974329,4.9150407796331785e-06,0.096,1.0,0.0,0.0,True,euler,1.0,0.0,0.0,stability-verified-in-model
outputs/hou_time_refinement_v1,hou_time_refinement_v1,hou_time_refinement_v1/nr65/nz128/level_index=2/requested_dt=1.5e-07,65,128,level_index=2;requested_dt=1.5e-07,1050.0,0.00015749489802901754,1.4999514098001642e-07,0.0005,56.585407890508286,47.56214122849946,0.015625,0.0078125,0.0005432023189727056,0.0009131635300966693,4.9150407796331785e-06,0.096,1.0,0.0,0.0,True,euler,1.0,0.0,0.0,stability-verified-in-model
outputs/hou_time_refinement_v1,hou_time_refinement_v1,hou_time_refinement_v1/nr65/nz128/level_index=2/requested_dt=1.5e-07,65,128,level_index=2;requested_dt=1.5e-07,1075.0,0.00016124477655351816,1.4999514098001642e-07,0.0005,57.857565474764506,48.61946556427334,0.015625,0.0078125,0.0005554146361694614,0.0009334634997358379,4.9150407796331785e-06,0.096,1.0,0.0,0.0,True,euler,1.0,0.0,0.0,stability-verified-in-model
outputs/hou_time_refinement_v1,hou_time_refinement_v1,hou_time_refinement_v1/nr65/nz128/level_index=2/requested_dt=1.5e-07,65,128,level_index=2;requested_dt=1.5e-07,1100.0,0.00016499465507801878,1.4999514098001642e-07,0.0005,59.12466660142947,49.67179234742638,0.015625,0.0078125,0.0005675784129457845,0.0009536675194729372,4.9150407796331785e-06,0.096,1.0,0.0,0.0,True,euler,1.0,0.0,0.0,stability-verified-in-model
outputs/hou_time_refinement_v1,hou_time_refinement_v1,hou_time_refinement_v1/nr65/nz128/level_index=2/requested_dt=1.5e-07,65,128,level_index=2;requested_dt=1.5e-07,1125.0,0.0001687445336025194,1.4999514098001642e-07,0.0005,60.386620883763804,50.7190387091984,0.015625,0.0078125,0.0005796927816170852,0.0009737739982793119,4.9150407796331785e-06,0.096,1.0,0.0,0.0,True,euler,1.0,0.0,0.0,stability-verified-in-model
outputs/hou_time_refinement_v1,hou_time_refinement_v1,hou_time_refinement_v1/nr65/nz128/level_index=2/requested_dt=1.5e-07,65,128,level_index=2;requested_dt=1.5e-07,1150.0,0.00017249441212702002,1.4999514098001642e-07,0.0005,61.64333962986801,51.761123782883345,0.015625,0.0078125,0.0005917568907687095,0.0009937813835645016,4.9150407796331785e-06,0.096,1.0,0.0,0.0,True,euler,1.0,0.0,0.0,stability-verified-in-model
outputs/hou_time_refinement_v1,hou_time_refinement_v1,hou_time_refinement_v1/nr65/nz128/level_index=2/requested_dt=1.5e-07,65,128,level_index=2;requested_dt=1.5e-07,1175.0,0.00017624429065152063,1.4999514098001642e-07,0.0005,62.894735863282364,52.79796871919264,0.015625,0.0078125,0.0006037699054536917,0.001013688161471206,4.9150407796331785e-06,0.096,1.0,0.0,0.0,True,euler,1.0000000001359473,-0.20943951023931956,-0.08726646259971647,stability-verified-in-model
outputs/hou_time_refinement_v1,hou_time_refinement_v1,hou_time_refinement_v1/nr65/nz128/level_index=2/requested_dt=1.5e-07,65,128,level_index=2;requested_dt=1.5e-07,1200.0,0.00017999416917602125,1.4999514098001642e-07,0.0005,64.14072434257673,53.82949670007153,0.015625,0.0078125,0.0006157310073808108,0.0010334928571405515,4.9150407796331785e-06,0.096,1.0,0.0,0.0,True,euler,1.0000000021965885,-0.4014257279586958,-0.17453292519943295,stability-verified-in-model
outputs/hou_time_refinement_v1,hou_time_refinement_v1,hou_time_refinement_v1/nr65/nz128/level_index=2/requested_dt=1.5e-07,65,128,level_index=2;requested_dt=1.5e-07,1225.0,0.00018374404770052187,1.4999514098001642e-07,0.0005,65.38122157992728,54.85563295097796,0.015625,0.0078125,0.0006276393950929207,0.0010531940349478366,4.9150407796331785e-06,0.096,1.0,0.0,0.0,True,euler,1.0000000066748613,-0.5061454830783556,-0.22689280275926285,stability-verified-in-model
outputs/hou_time_refinement_v1,hou_time_refinement_v1,hou_time_refinement_v1/nr65/nz128/level_index=2/requested_dt=1.5e-07,65,128,level_index=2;requested_dt=1.5e-07,1250.0,0.0001874939262250225,1.4999514098001642e-07,0.0005,66.61614585867682,55.876304751637356,0.015625,0.0078125,0.0006394942841355242,0.0010727902987090186,4.9150407796331785e-06,0.096,1.0,0.0,0.0,True,euler,1.0000000135158673,-0.6021385919380436,-0.2792526803190927,stability-verified-in-model
outputs/hou_time_refinement_v1,hou_time_refinement_v1,hou_time_refinement_v1/nr65/nz128/level_index=2/requested_dt=1.5e-07,65,128,level_index=2;requested_dt=1.5e-07,1275.0,0.0001912438047495231,1.4999514098001642e-07,0.0005,67.84541724987793,56.89144144528622,0.015625,0.0078125,0.0006512949072155826,0.0010922802918581832,4.9150407796331785e-06,0.096,1.0,0.0,0.0,True,euler,1.0000000226464654,-0.6719517620178169,-0.32288591161895097,stability-verified-in-model
outputs/hou_time_refinement_v1,hou_time_refinement_v1,hou_time_refinement_v1/nr65/nz128/level_index=2/requested_dt=1.5e-07,65,128,level_index=2;requested_dt=1.5e-07,1300.0,0.00019499368327402373,1.4999514098001642e-07,0.0005,69.0689576278177,57.90097444642106,0.015625,0.0078125,0.0006630405143505469,0.0011116626975963206,4.9150407796331785e-06,0.096,1.0,0.0,0.0,True,euler,1.0000000340236495,-0.7417649320975901,-0.3665191429188092,stability-verified-in-model
outputs/hou_time_refinement_v1,hou_time_refinement_v1,hou_time_refinement_v1/nr65/nz128/level_index=2/requested_dt=1.5e-07,65,128,level_index=2;requested_dt=1.5e-07,1325.0,0.00019874356179852435,1.4999514098001642e-07,0.0005,70.28669068452406,58.90483724706917,0.015625,0.0078125,0.0006747303730076156,0.00113093623901172,4.9150407796331785e-06,0.096,1.0,0.0,0.0,True,euler,1.000000047587917,-0.7941248096574199,-0.4014257279586958,stability-verified-in-model
outputs/hou_time_refinement_v1,hou_time_refinement_v1,hou_time_refinement_v1/nr65/nz128/level_index=2/requested_dt=1.5e-07,65,128,level_index=2;requested_dt=1.5e-07,1350.0,0.00020249344032302496,1.4999514098001642e-07,0.0005,71.49854194325516,59.90296542160077,0.015625,0.0078125,0.0006863637682332272,0.001150099679172359,4.9150407796331785e-06,0.096,1.0,0.0,0.0,True,euler,1.00000006328077,-0.8377580409572782,-0.4363323129985824,stability-verified-in-model
outputs/hou_time_refinement_v1,hou_time_refinement_v1,hou_time_refinement_v1/nr65/nz128/level_index=2/requested_dt=1.5e-07,65,128,level_index=2;requested_dt=1.5e-07,1375.0,0.00020624331884752558,1.4999514098001642e-07,0.0005,72.70443877097284,60.89529663010231,0.015625,0.0078125,0.0006979400027728028,0.0011691518211906706,4.9150407796331785e-06,0.096,1.0,0.0,0.0,True,euler,1.0000000810557015,-0.8813912722571364,-0.47123889803846897,stability-verified-in-model
outputs/hou_time_refinement_v1,hou_time_refinement_v1,hou_time_refinement_v1/nr65/nz128/level_index=2/requested_dt=1.5e-07,65,128,level_index=2;requested_dt=1.5e-07,1400.0,0.0002099931973720262,1.4999514098001642e-07,0.0005,73.90431038980344,61.8817706203327,0.015625,0.0078125,0.0007094583971807654,0.0011880915082610997,4.9150407796331785e-06,0.096,1.0,0.0,0.0,True,euler,1.0000001008436115,-0.9250245035569946,-0.5061454830783556,stability-verified-in-model
outputs/hou_time_refinement_v1,hou_time_refinement_v1,hou_time_refinement_v1/nr65/nz128/level_index=2/requested_dt=1.5e-07,65,128,level_index=2;requested_dt=1.5e-07,1425.0,0.00021374307589652682,1.4999514098001642e-07,0.0005,75.09808788748893,62.86232922828576,0.015625,0.0078125,0.0007209182899208682,0.001206917623670903,4.9150407796331785e-06,0.096,1.0,0.0,0.0,True,euler,1.0000001226049084,-0.9512044423369096,-0.5323254218582705,stability-verified-in-model
outputs/hou_time_refinement_v1,hou_time_refinement_v1,hou_time_refinement_v1/nr65/nz128/level_index=2/requested_dt=1.5e-07,65,128,level_index=2;requested_dt=1.5e-07,1450.0,0.00021749295442102744,1.4999514098001642e-07,0.0005,76.28570422683285,63.83691637738309,0.015625,0.0078125,0.0007323190374568722,0.0012256290907846524,4.9150407796331785e-06,0.096,1.0,0.0,0.0,True,euler,1.000000146261095,-0.9861110273767962,-0.5672320068981571,stability-verified-in-model
outputs/hou_time_refinement_v1,hou_time_refinement_v1,hou_time_refinement_v1/nr65/nz128/level_index=2/requested_dt=1.5e-07,65,128,level_index=2;requested_dt=1.5e-07,1475.0,0.00022124283294552806,1.4999514098001642e-07,0.0005,77.4670942541455,64.80547807632284,0.015625,0.0078125,0.0007436600143336175,0.0012442248730029323,4.9150407796331785e-06,0.096,1.0,0.0,0.0,True,euler,1.0000001717818596,-1.0122909661567112,-0.5934119456780721,stability-verified-in-model
outputs/hou_time_refinement_v1,hou_time_refinement_v1,hou_time_refinement_v1/nr65/nz128/level_index=2/requested_dt=1.5e-07,65,128,level_index=2;requested_dt=1.5e-07,1500.0,0.00022499271147002867,1.4999514098001642e-07,0.0005,78.64219470669458,65.76796241561104,0.015625,0.0078125,0.0007549406132485475,0.0012627039736957438,4.9150407796331785e-06,0.096,1.0,0.0,0.0,True,euler,1.0000001990867742,-1.038470904936626,-0.619591884457987,stability-verified-in-model
outputs/hou_time_refinement_v1,hou_time_refinement_v1,hou_time_refinement_v1/nr65/nz128/level_index=2/requested_dt=1.5e-07,65,128,level_index=2;requested_dt=1.5e-07,1525.0,0.0002287425899945293,1.4999514098001642e-07,0.0005,79.8109442191675,66.72431956280339,0.015625,0.0078125,0.0007661602451137443,0.0012810654361111503,4.9150407796331785e-06,0.096,1.0,0.0,0.0,True,euler,1.0000002281137834,-1.064650843716541,-0.6457718232379019,stability-verified-in-model
outputs/hou_time_refinement_v1,hou_time_refinement_v1,hou_time_refinement_v1/nr65/nz128/level_index=2/requested_dt=1.5e-07,65,128,level_index=2;requested_dt=1.5e-07,1550.0,0.0002324924685190299,1.4999514098001642e-07,0.0005,80.97328332915217,67.67450175648634,0.015625,0.0078125,0.0007773183391085436,0.0012993083432597168,4.9150407796331785e-06,0.096,1.0,0.0,0.0,True,euler,1.0000002587926762,-1.0821041362364843,-0.6719517620178169,stability-verified-in-model
outputs/hou_time_refinement_v1,hou_time_refinement_v1,hou_time_refinement_v1/nr65/nz128/level_index=2/requested_dt=1.5e-07,65,128,level_index=2;requested_dt=1.5e-07,1575.0,0.00023624234704353053,1.4999514098001642e-07,0.0005,82.1291544816445,68.61846329902666,0.015625,0.0078125,0.0007884143427228042,0.001317431817775307,4.9150407796331785e-06,0.096,1.0,0.0,0.0,True,euler,1.0000002910980095,-1.0995574287564276,-0.6894050545377601,stability-verified-in-model
outputs/hou_time_refinement_v1,hou_time_refinement_v1,hou_time_refinement_v1/nr65/nz128/level_index=2/requested_dt=1.5e-07,65,128,level_index=2;requested_dt=1.5e-07,1600.0,0.00023999222556803115,1.4999514098001642e-07,0.0005,83.27850203259074,69.55616054812063,0.015625,0.0078125,0.000799447721790914,0.0013354350217528333,4.9150407796331785e-06,0.096,1.0,0.0,0.0,True,euler,1.0000003249538296,-1.1257373675363425,-0.7155849933176751,stability-verified-in-model
outputs/hou_time_refinement_v1,hou_time_refinement_v1,hou_time_refinement_v1/nr65/nz128/level_index=2/requested_dt=1.5e-07,65,128,level_index=2;requested_dt=1.5e-07,1625.0,0.00024374210409253177,1.4999514098001642e-07,0.0005,84.421272251474,70.48755190717381,0.015625,0.0078125,0.0008104179605166201,0.0013533171565635535,4.9150407796331785e-06,0.096,1.0,0.0,0.0,True,euler,1.000000360267715,-1.1344640137963142,-0.7330382858376184,stability-verified-in-model
outputs/hou_time_refinement_v1,hou_time_refinement_v1,hou_time_refinement_v1/nr65/nz128/level_index=2/requested_dt=1.5e-07,65,128,level_index=2;requested_dt=1.5e-07,1650.0,0.00024749198261703176,1.4999514098001642e-07,0.0005,85.55741332295432,71.41259781454333,0.015625,0.0078125,0.0008213245614887724,0.00137107746264853,4.9150407796331785e-06,0.096,1.0,0.0,0.0,True,euler,1.0000003970352758,-1.1519173063162575,-0.7592182246175333,stability-verified-in-model
outputs/hou_time_refinement_v1,hou_time_refinement_v1,hou_time_refinement_v1/nr65/nz128/level_index=2/requested_dt=1.5e-07,65,128,level_index=2;requested_dt=1.5e-07,1675.0,0.0002512418611415317,1.4999514098001642e-07,0.0005,86.68687534757318,72.331260731676,0.015625,0.0078125,0.0008321670456880863,0.0013887152192908886,4.9150407796331785e-06,0.096,1.0,0.0,0.0,True,euler,1.000000435177306,-1.1693705988362009,-0.7766715171374766,stability-verified-in-model
outputs/hou_time_refinement_v1,hou_time_refinement_v1,hou_time_refinement_v1/nr65/nz128/level_index=2/requested_dt=1.5e-07,65,128,level_index=2;requested_dt=1.5e-07,1700.0,0.00025499173966603164,1.4999514098001642e-07,0.0005,87.80961034153253,73.24350513017446,0.015625,0.0078125,0.0008429449524850227,0.0014062297443674975,4.9150407796331785e-06,0.096,1.0,0.0,0.0,True,euler,1.000000474600196,-1.1868238913561442,-0.7941248096574199,stability-verified-in-model
outputs/hou_time_refinement_v1,hou_time_refinement_v1,hou_time_refinement_v1/nr65/nz128/level_index=2/requested_dt=1.5e-07,65,128,level_index=2;requested_dt=1.5e-07,1725.0,0.0002587416181905316,1.4999514098001642e-07,0.0005,88.9255722355606,74.14929747782615,0.015625,0.0078125,0.0008536578396288989,0.001423620394080731,4.9150407796331785e-06,0.096,1.0,0.0,0.0,True,euler,1.0000005152943932,-1.1955505376161157,-0.8115781021773633,stability-verified-in-model
outputs/hou_time_refinement_v1,hou_time_refinement_v1,hou_time_refinement_v1/nr65/nz128/level_index=2/requested_dt=1.5e-07,65,128,level_index=2;requested_dt=1.5e-07,1750.0,0.0002624914967150315,1.4999514098001642e-07,0.0005,90.03471687287588,75.04860622362878,0.015625,0.0078125,0.0008643052832283443,0.001440886562670968,4.9150407796331785e-06,0.096,1.0,0.0,0.0,True,euler,1.0000005571727002,-1.2042771838760873,-0.8290313946973066,stability-verified-in-model
outputs/hou_time_refinement_v1,hou_time_refinement_v1,hou_time_refinement_v1/nr65/nz128/level_index=2/requested_dt=1.5e-07,65,128,level_index=2;requested_dt=1.5e-07,1775.0,0.00026624137523953146,1.4999514098001642e-07,0.0005,91.13700200626222,75.9414017818467,0.015625,0.0078125,0.0008748868777232219,0.001458027682110485,4.9150407796331785e-06,0.096,1.0,0.0,0.0,True,euler,1.0000006002240027,-1.2217304763960306,-0.8464846872172498,stability-verified-in-model
outputs/hou_time_refinement_v1,hou_time_refinement_v1,hou_time_refinement_v1/nr65/nz128/level_index=2/requested_dt=1.5e-07,65,128,level_index=2;requested_dt=1.5e-07,1800.0,0.0002699912537640314,1.4999514098001642e-07,0.0005,92.23238729426748,76.82765651513371,0.015625,0.0078125,0.0008854022358481361,0.001475043221779425,4.9150407796331785e-06,0.096,1.0,0.0,0.0,True,euler,1.0000006443702079,-1.2304571226560024,-0.8639379797371931,stability-verified-in-model
outputs/hou_time_refinement_v1,hou_time_refinement_v1,hou_time_refinement_v1/nr65/nz128/level_index=2/requested_dt=1.5e-07,65,128,level_index=2;requested_dt=1.5e-07,1825.0,0.00027374113228853135,1.4999514098001642e-07,0.0005,93.32083429653989,77.70734471675691,0.015625,0.0078125,0.0008958509885876641,0.0014919326881245038,4.9150407796331785e-06,0.096,1.0,0.0,0.0,True,euler,1.0000006895524052,-1.239183768915974,-0.8813912722571364,stability-verified-in-model
outputs/hou_time_refinement_v1,hou_time_refinement_v1,hou_time_refinement_v1/nr65/nz128/level_index=2/requested_dt=1.5e-07,65,128,level_index=2;requested_dt=1.5e-07,1850.0,0.0002774910108130313,1.4999514098001642e-07,0.0005,94.40230646831529,78.58044259195694,0.015625,0.0078125,0.0009062327851234348,0.0015086956243011416,4.9150407796331785e-06,0.096,1.0,0.0,0.0,True,euler,1.00000073571533,-1.2479104151759457,-0.8988445647770797,stability-verified-in-model
outputs/hou_time_refinement_v1,hou_time_refinement_v1,hou_time_refinement_v1/nr65/nz128/level_index=2/requested_dt=1.5e-07,65,128,level_index=2;requested_dt=1.5e-07,1875.0,0.00028124088933753123,1.4999514098001642e-07,0.0005,95.47676915407017,79.44692823848013,0.015625,0.0078125,0.0009165472927731992,0.0015253316097996895,4.9150407796331785e-06,0.096,1.0,0.0,0.0,True,euler,1.0000007828178556,-1.2566370614359172,-0.9075712110370514,stability-verified-in-model
outputs/hou_time_refinement_v1,hou_time_refinement_v1,hou_time_refinement_v1/nr65/nz128/level_index=2/requested_dt=1.5e-07,65,128,level_index=2;requested_dt=1.5e-07,1900.0,0.00028499076786203117,1.4999514098001642e-07,0.0005,96.54418958035473,80.30678162631855,0.015625,0.0078125,0.0009267941969220313,0.0015418402600564536,4.9150407796331785e-06,0.096,1.0,0.0,0.0,True,euler,1.0000008308587982,-1.265363707695889,-0.9250245035569946,stability-verified-in-model
outputs/hou_time_refinement_v1,hou_time_refinement_v1,hou_time_refinement_v1/nr65/nz128/level_index=2/requested_dt=1.5e-07,65,128,level_index=2;requested_dt=1.5e-07,1925.0,0.0002887406463865311,1.4999514098001642e-07,0.0005,97.60453684782136,81.15998457669255,0.015625,0.0078125,0.0009369732009458031,0.0015582212260501706,4.9150407796331785e-06,0.096,1.0,0.0,0.0,True,euler,1.0000008797126723,-1.2740903539558606,-0.9424777960769379,stability-verified-in-model
outputs/hou_time_refinement_v1,hou_time_refinement_v1,hou_time_refinement_v1/nr65/nz128/level_index=2/requested_dt=1.5e-07,65,128,level_index=2;requested_dt=1.5e-07,1950.0,0.00029249052491103105,1.4999514098001642e-07,0.0005,98.65778192246424,82.01179866194681,0.015625,0.0078125,0.0009470840261270873,0.0015745755266973996,4.9150407796331785e-06,0.096,1.0,0.0,0.0,True,euler,1.0000009296009862,-1.2828170002158321,-0.9512044423369096,stability-verified-in-model
outputs/hou_time_refinement_v1,hou_time_refinement_v1,hou_time_refinement_v1/nr65/nz128/level_index=2/requested_dt=1.5e-07,65,128,level_index=2;requested_dt=1.5e-07,1975.0,0.000296240403435531,1.4999514098001642e-07,0.0005,99.70389762608488,82.86342171091664,0.015625,0.0078125,0.0009571264115636305,0.0015909261595667833,4.9150407796331785e-06,0.096,1.0,0.0,0.0,True,euler,1.000000980444264,-1.2915436464758039,-0.9686577348568529,stability-verified-in-model
outputs/hou_time_refinement_v1,hou_time_refinement_v1,hou_time_refinement_v1/nr65/nz128/level_index=2/requested_dt=1.5e-07,65,128,level_index=2;requested_dt=1.5e-07,2000.0,0.00029999028196003093,1.4999514098001642e-07,0.0005,100.74285862600084,83.70867945932005,0.015625,0.0078125,0.0009671001140695591,0.0016071545826242197,4.9150407796331785e-06,0.096,1.0,0.0,0.0,True,euler,1.000001032094773,-1.3002702927357754,-0.9773843811168246,stability-verified-in-model
outputs/hou_time_refinement_v1,hou_time_refinement_v1,hou_time_refinement_v1/nr65/nz128/level_index=2/requested_dt=1.5e-07,65,128,level_index=2;requested_dt=1.5e-07,2025.0,0.00030374016048453087,1.4999514098001642e-07,0.0005,101.77464142401371,84.54755903603805,0.015625,0.0078125,0.0009770049080694756,0.001623260548752229,4.9150407796331785e-06,0.096,1.0,0.0,0.0,True,euler,1.0000010844300613,-1.3002702927357754,-0.9861110273767962,stability-verified-in-model
outputs/hou_time_refinement_v1,hou_time_refinement_v1,hou_time_refinement_v1/nr65/nz128/level_index=2/requested_dt=1.5e-07,65,128,level_index=2;requested_dt=1.5e-07,2050.0,0.0003074900390090308,1.4999514098001642e-07,0.0005,102.79922434465205,85.38004918355708,0.015625,0.0078125,0.0009868405854855948,0.0016392438418135525,4.9150407796331785e-06,0.096,1.0,0.0,0.0,True,euler,1.0000011374561797,-1.3089969389957472,-1.0035643198967394,stability-verified-in-model
outputs/hou_time_refinement_v1,hou_time_refinement_v1,hou_time_refinement_v1/nr65/nz128/level_index=2/requested_dt=1.5e-07,65,128,level_index=2;requested_dt=1.5e-07,2075.0,0.00031123991753353075,1.4999514098001642e-07,0.0005,103.81658752270786,86.20614023607713,0.015625,0.0078125,0.0009966069556180978,0.0016551042762308424,4.9150407796331785e-06,0.096,1.0,0.0,0.0,True,euler,1.0000011911563174,-1.3177235852557188,-1.0122909661567112,stability-verified-in-model
outputs/hou_time_refinement_v1,hou_time_refinement_v1,hou_time_refinement_v1/nr65/nz128/level_index=2/requested_dt=1.5e-07,65,128,level_index=2;requested_dt=1.5e-07,2100.0,0.0003149897960580307,1.4999514098001642e-07,0.0005,104.82671289008228,87.02582409713928,0.015625,0.0078125,0.0010063038450188542,0.001670841696557122,4.9150407796331785e-06,0.096,1.0,0.0,0.0,True,euler,1.0000012454266212,-1.3177235852557188,-1.0210176124166828,stability-verified-in-model
outputs/hou_time_refinement_v1,hou_time_refinement_v1,hou_time_refinement_v1/nr65/nz128/level_index=2/requested_dt=1.5e-07,65,128,level_index=2;requested_dt=1.5e-07,2125.0,0.00031873967458253064,1.4999514098001642e-07,0.0005,105.82958416195888,87.83909421680275,0.015625,0.0078125,0.0010159310973586902,0.001686455977037603,4.9150407796331785e-06,0.096,1.0,0.0,0.0,True,euler,1.0000013003022776,-1.3264502315156905,-1.0297442586766545,stability-verified-in-model
outputs/hou_time_refinement_v1,hou_time_refinement_v1,hou_time_refinement_v1/nr65/nz128/level_index=2/requested_dt=1.5e-07,65,128,level_index=2;requested_dt=1.5e-07,2150.0,0.0003224895531070306,1.4999514098001642e-07,0.0005,106.82518682232117,88.6459455684006,0.015625,0.0078125,0.001025488573288362,0.0017019470211634062,4.9150407796331785e-06,0.096,1.0,0.0,0.0,True,euler,1.0000013556841116,-1.335176877775662,-1.038470904936626,stability-verified-in-model
outputs/hou_time_refinement_v1,hou_time_refinement_v1,hou_time_refinement_v1/nr65/nz128/level_index=2/requested_dt=1.5e-07,65,128,level_index=2;requested_dt=1.5e-07,2175.0,0.0003262394316315305,1.4999514098001642e-07,0.0005,107.81350810883326,89.44637462490515,0.015625,0.0078125,0.0010349761502934137,0.0017173147612177934,4.9150407796331785e-06,0.096,1.0,0.0,0.0,True,euler,1.000001411584373,-1.335176877775662,-1.0471975511965976,stability-verified-in-model
outputs/hou_time_refinement_v1,hou_time_refinement_v1,hou_time_refinement_v1/nr65/nz128/level_index=2/requested_dt=1.5e-07,65,128,level_index=2;requested_dt=1.5e-07,2200.0,0.00032998931015603046,1.4999514098001642e-07,0.0005,108.79453699710004,90.24037933492957,0.015625,0.0078125,0.0010443937225430805,0.001732559157815414,4.9150407796331785e-06,0.096,1.0,0.0,0.0,True,euler,1.0000014679632054,-1.3439035240356338,-1.0559241974565694,stability-verified-in-model
outputs/hou_time_refinement_v1,hou_time_refinement_v1,hou_time_refinement_v1/nr65/nz128/level_index=2/requested_dt=1.5e-07,65,128,level_index=2;requested_dt=1.5e-07,2225.0,0.0003337391886805304,1.4999514098001642e-07,0.0005,109.76826418432638,91.02795909839644,0.015625,0.0078125,0.0010537412007334223,0.0017476801994351543,4.9150407796331785e-06,0.096,1.0,0.0,0.0,True,euler,1.0000015247817977,-1.3439035240356338,-1.064650843716541,stability-verified-in-model
outputs/hou_time_refinement_v1,hou_time_refinement_v1,hou_time_refinement_v1/nr65/nz128/level_index=2/requested_dt=1.5e-07,65,128,level_index=2;requested_dt=1.5e-07,2250.0,0.00033748906720503034,1.4999514098001642e-07,0.0005,110.73468207239236,91.80911474189992,0.015625,0.0078125,0.0010630185119248506,0.0017626779019471082,4.9150407796331785e-06,0.096,1.0,0.0,0.0,True,euler,1.0000015820370045,-1.3526301702956054,-1.0733774899765127,stability-verified-in-model
outputs/hou_time_refinement_v1,hou_time_refinement_v1,hou_time_refinement_v1/nr65/nz128/level_index=2/requested_dt=1.5e-07,65,128,level_index=2;requested_dt=1.5e-07,2275.0,0.0003412389457295303,1.4999514098001642e-07,0.0005,111.69378475036325,92.58384849378976,0.015625,0.0078125,0.00107222559937423,0.001777552308134205,4.9150407796331785e-06,0.096,1.0,0.0,0.0,True,euler,1.0000016396662756,-1.3526301702956054,-1.0821041362364843,stability-verified-in-model
outputs/hou_time_refinement_v1,hou_time_refinement_v1,hou_time_refinement_v1/nr65/nz128/level_index=2/requested_dt=1.5e-07,65,128,level_index=2;requested_dt=1.5e-07,2300.0,0.0003449888242540302,1.4999514098001642e-07,0.0005,112.64556797645272,93.35216395900416,0.015625,0.0078125,0.001081362422361731,0.0017923034872090158,4.9150407796331785e-06,0.096,1.0,0.0,0.0,True,euler,1.0000016976735493,-1.361356816555577,-1.090830782496456,stability-verified-in-model
outputs/hou_time_refinement_v1,hou_time_refinement_v1,hou_time_refinement_v1/nr65/nz128/level_index=2/requested_dt=1.5e-07,65,128,level_index=2;requested_dt=1.5e-07,2325.0,0.00034873870277853016,1.4999514098001642e-07,0.0005,113.59002915945703,94.11406609367742,0.015625,0.0078125,0.0010904289560126038,0.0018069315343262372,4.9150407796331785e-06,0.096,1.0,0.0,0.0,True,euler,1.000001756002863,-1.361356816555577,-1.0995574287564276,stability-verified-in-model
outputs/hou_time_refinement_v1,hou_time_refinement_v1,hou_time_refinement_v1/nr65/nz128/level_index=2/requested_dt=1.5e-07,65,128,level_index=2;requested_dt=1.5e-07,2350.0,0.0003524885813030301,1.4999514098001642e-07,0.0005,114.52716733967935,94.86956117954942,0.015625,0.0078125,0.0010994251911140567,0.0018214365700913676,4.9150407796331785e-06,0.096,1.0,0.0,0.0,True,euler,1.0000018146346372,-1.3700834628155487,-1.1082840750163994,stability-verified-in-model
outputs/hou_time_refinement_v1,hou_time_refinement_v1,hou_time_refinement_v1/nr65/nz128/level_index=2/requested_dt=1.5e-07,65,128,level_index=2;requested_dt=1.5e-07,2375.0,0.00035623845982753004,1.4999514098001642e-07,0.0005,115.4569831693619,95.61865679820116,0.015625,0.0078125,0.0011083511339274126,0.0018358187400660466,4.9150407796331785e-06,0.096,1.0,0.0,0.0,True,euler,1.0000018735507574,-1.3700834628155487,-1.117010721276371,stability-verified-in-model
outputs/hou_time_refinement_v1,hou_time_refinement_v1,hou_time_refinement_v1/nr65/nz128/level_index=2/requested_dt=1.5e-07,65,128,level_index=2;requested_dt=1.5e-07,2400.0,0.00035998833835203,1.4999514098001642e-07,0.0005,116.37947889264528,96.36136180514185,0.015625,0.0078125,0.0011172068059957232,0.0018500782142705436,4.9150407796331785e-06,0.096,1.0,0.0,0.0,True,euler,1.0000019326766376,-1.3788101090755203,-1.1257373675363425,stability-verified-in-model
outputs/hou_time_refinement_v1,hou_time_refinement_v1,hou_time_refinement_v1/nr65/nz128/level_index=2/requested_dt=1.5e-07,65,128,level_index=2;requested_dt=1.5e-07,2425.0,0.0003637382168765299,1.4999514098001642e-07,0.0005,117.29465832507238,97.09768630377235,0.015625,0.0078125,0.0011259922439470136,0.001864215186683871,4.9150407796331785e-06,0.096,1.0,0.0,0.0,True,euler,1.0000019920836416,-1.3788101090755203,-1.1257373675363425,stability-verified-in-model
outputs/hou_time_refinement_v1,hou_time_refinement_v1,hou_time_refinement_v1/nr65/nz128/level_index=2/requested_dt=1.5e-07,65,128,level_index=2;requested_dt=1.5e-07,2450.0,0.00036748809540102987,1.4999514098001642e-07,0.0005,118.20252683265633,97.82764161924658,0.015625,0.0078125,0.0011347074992933415,0.001878229874741941,4.9150407796331785e-06,0.096,1.0,0.0,0.0,True,euler,1.00000205171874,-1.3788101090755203,-1.1344640137963142,stability-verified-in-model
outputs/hou_time_refinement_v1,hou_time_refinement_v1,hou_time_refinement_v1/nr65/nz128/level_index=2/requested_dt=1.5e-07,65,128,level_index=2;requested_dt=1.5e-07,2475.0,0.0003712379739255298,1.4999514098001642e-07,0.0005,119.10309131053032,98.55124027225635,0.015625,0.0078125,0.001143352638225841,0.0018921225188342481,4.9150407796331785e-06,0.096,1.0,0.0,0.0,True,euler,1.0000021115166522,-1.387536755335492,-1.1431906600562858,stability-verified-in-model
outputs/hou_time_refinement_v1,hou_time_refinement_v1,hou_time_refinement_v1/nr65/nz128/level_index=2/requested_dt=1.5e-07,65,128,level_index=2;requested_dt=1.5e-07,2500.0,0.00037498785245002975,1.4999514098001642e-07,0.0005,119.99636016119757,99.26849595276,0.015625,0.0078125,0.00115192774140593,0.0019058933817994786,4.9150407796331785e-06,0.096,1.0,0.0,0.0,True,euler,1.000002171473938,-1.387536755335492,-1.1519173063162575,stability-verified-in-model
outputs/hou_time_refinement_v1,hou_time_refinement_v1,hou_time_refinement_v1/nr65/nz128/level_index=2/requested_dt=1.5e-07,65,128,level_index=2;requested_dt=1.5e-07,2525.0,0.0003787377309745297,1.4999514098001642e-07,0.0005,120.88234327240062,99.9794234936776,0.015625,0.0078125,0.0011604329037528621,0.001919542748420472,4.9150407796331785e-06,0.096,1.0,0.0,0.0,True,euler,1.0000022315759851,-1.387536755335492,-1.1519173063162575,stability-verified-in-model
outputs/hou_time_refinement_v1,hou_time_refinement_v1,hou_time_refinement_v1/nr65/nz128/level_index=2/requested_dt=1.5e-07,65,128,level_index=2;requested_dt=1.5e-07,2550.0,0.00038248760949902963,1.4999514098001642e-07,0.0005,121.76105199462683,100.68403884457354,0.015625,0.0078125,0.0011688682342277862,0.0019330709249189449,4.9150407796331785e-06,0.096,1.0,0.0,0.0,True,euler,1.0000022918300246,-1.3962634015954636,-1.160643952576229,stability-verified-in-model
outputs/hou_time_refinement_v1,hou_time_refinement_v1,hou_time_refinement_v1/nr65/nz128/level_index=2/requested_dt=1.5e-07,65,128,level_index=2;requested_dt=1.5e-07,2575.0,0.00038623748802352957,1.4999514098001642e-07,0.0005,122.63249911826958,101.38235904534652,0.015625,0.0078125,0.0011772338556145015,0.0019464782384503545,4.9150407796331785e-06,0.096,1.0,0.0,0.0,True,euler,1.0000023521642807,-1.3962634015954636,-1.1693705988362009,stability-verified-in-model
outputs/hou_time_refinement_v1,hou_time_refinement_v1,hou_time_refinement_v1/nr65/nz128/level_index=2/requested_dt=1.5e-07,65,128,level_index=2;requested_dt=1.5e-07,2600.0,0.0003899873665480295,1.4999514098001642e-07,0.0005,123.49669885046252,102.07440219994733,0.015625,0.0078125,0.0011855299042970726,0.0019597650365992957,4.9150407796331785e-06,0.096,1.0,0.0,0.0,True,euler,1.0000024125947116,-1.3962634015954636,-1.1693705988362009,stability-verified-in-model
outputs/hou_time_refinement_v1,hou_time_refinement_v1,hou_time_refinement_v1/nr65/nz128/level_index=2/requested_dt=1.5e-07,65,128,level_index=2;requested_dt=1.5e-07,2625.0,0.00039373724507252945,1.4999514098001642e-07,0.0005,124.35366679160481,102.76018745014258,0.015625,0.0078125,0.00119375653003448,0.0019729316868757826,4.9150407796331785e-06,0.096,1.0,0.0,0.0,True,euler,1.0000024730884027,-1.4049900478554354,-1.1780972450961724,stability-verified-in-model
outputs/hou_time_refinement_v1,hou_time_refinement_v1,hou_time_refinement_v1/nr65/nz128/level_index=2/requested_dt=1.5e-07,65,128,level_index=2;requested_dt=1.5e-07,2650.0,0.0003974871235970294,1.4999514098001642e-07,0.0005,125.20341991159569,103.43973494934417,0.015625,0.0078125,0.0012019138957324795,0.0019859785762127886,4.9150407796331785e-06,0.096,1.0,0.0,0.0,True,euler,1.0000025336089844,-1.4049900478554354,-1.1780972450961724,stability-verified-in-model
outputs/hou_time_refinement_v1,hou_time_refinement_v1,hou_time_refinement_v1/nr65/nz128/level_index=2/requested_dt=1.5e-07,65,128,level_index=2;requested_dt=1.5e-07,2675.0,0.00040123700212152933,1.4999514098001642e-07,0.0005,126.0459765257954,104.11306583652039,0.015625,0.0078125,0.0012100021772128333,0.0019989061104653577,4.9150407796331785e-06,0.096,1.0,0.0,0.0,True,euler,1.000002594250162,-1.4049900478554354,-1.1868238913561442,stability-verified-in-model
outputs/hou_time_refinement_v1,hou_time_refinement_v1,hou_time_refinement_v1/nr65/nz128/level_index=2/requested_dt=1.5e-07,65,128,level_index=2;requested_dt=1.5e-07,2700.0,0.0004049868806460293,1.4999514098001642e-07,0.0005,126.88135627073083,104.78020221020759,0.015625,0.0078125,0.0012180215629800937,0.0020117147139116437,4.9150407796331785e-06,0.096,1.0,0.0,0.0,True,euler,1.0000026548017493,-1.4049900478554354,-1.1955505376161157,stability-verified-in-model
outputs/hou_time_refinement_v1,hou_time_refinement_v1,hou_time_refinement_v1/nr65/nz128/level_index=2/requested_dt=1.5e-07,65,128,level_index=2;requested_dt=1.5e-07,2725.0,0.0004087367591705292,1.4999514098001642e-07,0.0005,127.70958007956287,105.44116710263731,0.015625,0.0078125,0.0012259722539860946,0.0020244048287561666,4.9150407796331785e-06,0.096,1.0,0.0,0.0,True,euler,1.0000027154280227,-1.413716694115407,-1.1955505376161157,stability-verified-in-model
outputs/hou_time_refinement_v1,hou_time_refinement_v1,hou_time_refinement_v1/nr65/nz128/level_index=2/requested_dt=1.5e-07,65,128,level_index=2;requested_dt=1.5e-07,2750.0,0.00041248663769502915,1.4999514098001642e-07,0.0005,128.5306701573321,106.0959844539957,0.015625,0.0078125,0.0012338544633923212,0.0020369769146356114,4.9150407796331785e-06,0.096,1.0,0.0,0.0,True,euler,1.0000027760230927,-1.413716694115407,-1.2042771838760873,stability-verified-in-model
outputs/hou_time_refinement_v1,hou_time_refinement_v1,hou_time_refinement_v1/nr65/nz128/level_index=2/requested_dt=1.5e-07,65,128,level_index=2;requested_dt=1.5e-07,2775.0,0.0004162365162195291,1.4999514098001642e-07,0.0005,129.34464995600177,106.74467908682985,0.015625,0.0078125,0.0012416684163303272,0.0020494314481274436,4.9150407796331785e-06,0.096,1.0,0.0,0.0,True,euler,1.000002836590913,-1.413716694115407,-1.2042771838760873,stability-verified-in-model
outputs/hou_time_refinement_v1,hou_time_refinement_v1,hou_time_refinement_v1/nr65/nz128/level_index=2/requested_dt=1.5e-07,65,128,level_index=2;requested_dt=1.5e-07,2800.0,0.00041998639474402904,1.4999514098001642e-07,0.0005,130.1515441493125,107.3872766806152,0.015625,0.0078125,0.0012494143496603496,0.0020617689222616202,4.9150407796331785e-06,0.096,1.0,0.0,0.0,True,euler,1.0000028970828994,-1.413716694115407,-1.213003830136059,stability-verified-in-model
outputs/hou_time_refinement_v1,hou_time_refinement_v1,hou_time_refinement_v1/nr65/nz128/level_index=2/requested_dt=1.5e-07,65,128,level_index=2;requested_dt=1.5e-07,2825.0,0.000423736273268529,1.4999514098001642e-07,0.0005,130.95137860746786,108.02380374649883,0.015625,0.0078125,0.0012570925117282976,0.002073989846035676,4.9150407796331785e-06,0.096,1.0,0.0,0.0,True,euler,1.0000029575392386,-1.4224433403753787,-1.213003830136059,stability-verified-in-model
outputs/hou_time_refinement_v1,hou_time_refinement_v1,hou_time_refinement_v1/nr65/nz128/level_index=2/requested_dt=1.5e-07,65,128,level_index=2;requested_dt=1.5e-07,2850.0,0.0004274861517930289,1.4999514098001642e-07,0.0005,131.74418037166532,108.65428760223008,0.015625,0.0078125,0.0012647031621212579,0.002086094743933408,4.9150407796331785e-06,0.096,1.0,0.0,0.0,True,euler,1.0000030179364936,-1.4224433403753787,-1.2217304763960306,stability-verified-in-model
outputs/hou_time_refinement_v1,hou_time_refinement_v1,hou_time_refinement_v1/nr65/nz128/level_index=2/requested_dt=1.5e-07,65,128,level_index=2;requested_dt=1.5e-07,2875.0,0.00043123603031752886,1.4999514098001642e-07,0.0005,132.5299776284903,109.27875634729344,0.015625,0.0078125,0.0012722465714216846,0.0020980841554474423,4.9150407796331785e-06,0.096,1.0,0.0,0.0,True,euler,1.0000030782627047,-1.4224433403753787,-1.2217304763960306,stability-verified-in-model
outputs/hou_time_refinement_v1,hou_time_refinement_v1,hou_time_refinement_v1/nr65/nz128/level_index=2/requested_dt=1.5e-07,65,128,level_index=2;requested_dt=1.5e-07,2900.0,0.0004349859088420288,1.4999514098001642e-07,0.0005,133.30879968418887,109.89723883825289,0.015625,0.0078125,0.0012797230209604274,0.0021099586346058595,4.9150407796331785e-06,0.096,1.0,0.0,0.0,True,euler,1.0000031384256391,-1.4224433403753787,-1.2304571226560024,stability-verified-in-model
outputs/hou_time_refinement_v1,hou_time_refinement_v1,hou_time_refinement_v1/nr65/nz128/level_index=2/requested_dt=1.5e-07,65,128,level_index=2;requested_dt=1.5e-07,2925.0,0.00043873578736652874,1.4999514098001642e-07,0.0005,134.08067693883487,110.5097646643215,0.015625,0.0078125,0.0012871328025687407,0.0021217187495031473,4.9150407796331785e-06,0.096,1.0,0.0,0.0,True,euler,1.0000031985418727,-1.4224433403753787,-1.2304571226560024,stability-verified-in-model
outputs/hou_time_refinement_v1,hou_time_refinement_v1,hou_time_refinement_v1/nr65/nz128/level_index=2/requested_dt=1.5e-07,65,128,level_index=2;requested_dt=1.5e-07,2950.0,0.0004424856658910287,1.4999514098001642e-07,0.0005,134.8456408604073,111.11898077370726,0.015625,0.0078125,0.0012944762183294371,0.0021334153198986185,4.9150407796331785e-06,0.096,1.0,0.0,0.0,True,euler,1.0000032586195406,-1.4311699866353502,-1.2304571226560024,stability-verified-in-model
outputs/hou_time_refinement_v1,hou_time_refinement_v1,hou_time_refinement_v1/nr65/nz128/level_index=2/requested_dt=1.5e-07,65,128,level_index=2;requested_dt=1.5e-07,2975.0,0.0004462355444155286,1.4999514098001642e-07,0.0005,135.60372395879335,111.73713028095551,0.015625,0.0078125,0.001301753580327324,0.002145283405976881,4.9150407796331785e-06,0.096,1.0,0.0,0.0,True,euler,1.0000033195909097,-1.4311699866353502,-1.239183768915974,stability-verified-in-model
outputs/hou_time_refinement_v1,hou_time_refinement_v1,hou_time_refinement_v1/nr65/nz128/level_index=2/requested_dt=1.5e-07,65,128,level_index=2;requested_dt=1.5e-07,3000.0,0.00044998542294002856,1.4999514098001642e-07,0.0005,136.35495975973254,112.34962972055408,0.015625,0.0078125,0.0013089652103990752,0.0021570430142703553,4.9150407796331785e-06,0.096,1.0,0.0,0.0,True,euler,1.0000033803527086,-1.4311699866353502,-1.239183768915974,stability-verified-in-model
outputs/hou_time_refinement_v1,hou_time_refinement_v1,hou_time_refinement_v1/nr65/nz128/level_index=2/requested_dt=1.5e-07,65,128,level_index=2;requested_dt=1.5e-07,3025.0,0.0004537353014645285,1.4999514098001642e-07,0.0005,137.09938277871623,112.95650713623903,0.015625,0.0078125,0.0013161114398826737,0.0021686946832013315,4.9150407796331785e-06,0.096,1.0,0.0,0.0,True,euler,1.0000034410073129,-1.4311699866353502,-1.2479104151759457,stability-verified-in-model
outputs/hou_time_refinement_v1,hou_time_refinement_v1,hou_time_refinement_v1/nr65/nz128/level_index=2/requested_dt=1.5e-07,65,128,level_index=2;requested_dt=1.5e-07,3050.0,0.00045748517998902844,1.4999514098001642e-07,0.0005,137.8370284948578,113.55779117179864,0.015625,0.0078125,0.0013231926093665752,0.00218023896271273,4.9150407796331785e-06,0.096,1.0,0.0,0.0,True,euler,1.00000350152897,-1.4311699866353502,-1.2479104151759457,stability-verified-in-model
outputs/hou_time_refinement_v1,hou_time_refinement_v1,hou_time_refinement_v1/nr65/nz128/level_index=2/requested_dt=1.5e-07,65,128,level_index=2;requested_dt=1.5e-07,3075.0,0.0004612350585135284,1.4999514098001642e-07,0.0005,138.56793332474774,114.15351105028222,0.015625,0.0078125,0.0013302090684387234,0.002191676413868921,4.9150407796331785e-06,0.096,1.0,0.0,0.0,True,euler,1.0000035618251406,-1.4398966328953218,-1.2566370614359172,stability-verified-in-model
outputs/hou_time_refinement_v1,hou_time_refinement_v1,hou_time_refinement_v1/nr65/nz128/level_index=2/requested_dt=1.5e-07,65,128,level_index=2;requested_dt=1.5e-07,3100.0,0.0004649849370380283,1.4999514098001642e-07,0.0005,139.29213459630753,114.74369655345116,0.015625,0.0078125,0.0013371611754355566,0.002203007608461201,4.9150407796331785e-06,0.096,1.0,0.0,0.0,True,euler,1.0000036221297723,-1.4398966328953218,-1.2566370614359172,stability-verified-in-model
outputs/hou_time_refinement_v1,hou_time_refinement_v1,hou_time_refinement_v1/nr65/nz128/level_index=2/requested_dt=1.5e-07,65,128,level_index=2;requested_dt=1.5e-07,3125.0,0.00046873481556252827,1.4999514098001642e-07,0.0005,140.0096705226569,115.32837800147824,0.015625,0.0078125,0.0013440492971911406,0.0022142331286180293,4.9150407796331785e-06,0.096,1.0,0.0,0.0,True,euler,1.0000036821827463,-1.4398966328953218,-1.2566370614359172,stability-verified-in-model
outputs/hou_time_refinement_v1,hou_time_refinement_v1,hou_time_refinement_v1/nr65/nz128/level_index=2/requested_dt=1.5e-07,65,128,level_index=2;requested_dt=1.5e-07,3150.0,0.0004724846940870282,1.4999514098001642e-07,0.0005,140.72058017600682,115.90758623290186,0.015625,0.0078125,0.0013508738087865502,0.002225353566420163,4.9150407796331785e-06,0.096,1.0,0.0,0.0,True,euler,1.0000037420362053,-1.4398966328953218,-1.265363707695889,stability-verified-in-model
outputs/hou_time_refinement_v1,hou_time_refinement_v1,hou_time_refinement_v1/nr65/nz128/level_index=2/requested_dt=1.5e-07,65,128,level_index=2;requested_dt=1.5e-07,3175.0,0.00047623457261152815,1.4999514098001642e-07,0.0005,141.42490346159317,116.48135258483971,0.015625,0.0078125,0.0013576350932996404,0.002236369523520772,4.9150407796331785e-06,0.096,1.0,0.0,0.0,True,euler,1.000003801773631,-1.4398966328953218,-1.265363707695889,stability-verified-in-model
outputs/hou_time_refinement_v1,hou_time_refinement_v1,hou_time_refinement_v1/nr65/nz128/level_index=2/requested_dt=1.5e-07,65,128,level_index=2;requested_dt=1.5e-07,3200.0,0.0004799844511360281,1.4999514098001642e-07,0.0005,142.1226810916629,117.049708873468,0.015625,0.0078125,0.0013643335415553211,0.0022472816107706513,4.9150407796331785e-06,0.096,1.0,0.0,0.0,True,euler,1.0000038612429545,-1.4398966328953218,-1.265363707695889,stability-verified-in-model
outputs/hou_time_refinement_v1,hou_time_refinement_v1,hou_time_refinement_v1/nr65/nz128/level_index=2/requested_dt=1.5e-07,65,128,level_index=2;requested_dt=1.5e-07,3225.0,0.00048373432966052803,1.4999514098001642e-07,0.0005,142.81395455952548,117.61268737477053,0.015625,0.0078125,0.0013709695518764598,0.002258090447848615,4.9150407796331785e-06,0.096,1.0,0.0,0.0,True,euler,1.0000039205079068,-1.4486232791552935,-1.2740903539558606,stability-verified-in-model
outputs/hou_time_refinement_v1,hou_time_refinement_v1,hou_time_refinement_v1/nr65/nz128/level_index=2/requested_dt=1.5e-07,65,128,level_index=2;requested_dt=1.5e-07,3250.0,0.00048748420818502797,1.4999514098001642e-07,0.0005,143.49876611368353,118.17032080556177,0.015625,0.0078125,0.0013775435298355432,0.002268796662897153,4.9150407796331785e-06,0.096,1.0,0.0,0.0,True,euler,1.0000039796735158,-1.4486232791552935,-1.2740903539558606,stability-verified-in-model
outputs/hou_time_refinement_v1,hou_time_refinement_v1,hou_time_refinement_v1/nr65/nz128/level_index=2/requested_dt=1.5e-07,65,128,level_index=2;requested_dt=1.5e-07,3275.0,0.0004912340867095279,1.4999514098001642e-07,0.0005,144.1771587320522,118.72264230478825,0.015625,0.0078125,0.001384055888007192,0.0022794008921634273,4.9150407796331785e-06,0.096,1.0,0.0,0.0,True,euler,1.0000040385560647,-1.4486232791552935,-1.2740903539558606,stability-verified-in-model
outputs/hou_time_refinement_v1,hou_time_refinement_v1,hou_time_refinement_v1/nr65/nz128/level_index=2/requested_dt=1.5e-07,65,128,level_index=2;requested_dt=1.5e-07,3300.0,0.0004949839652340279,1.4999514098001642e-07,0.0005,144.84917609628252,119.26968541511117,0.015625,0.0078125,0.0013905070457216717,0.0022899037796456716,4.9150407796331785e-06,0.096,1.0,0.0,0.0,True,euler,1.0000040971970818,-1.4486232791552935,-1.2828170002158321,stability-verified-in-model
outputs/hou_time_refinement_v1,hou_time_refinement_v1,hou_time_refinement_v1/nr65/nz128/level_index=2/requested_dt=1.5e-07,65,128,level_index=2;requested_dt=1.5e-07,3325.0,0.0004987338437585278,1.4999514098001642e-07,0.0005,145.51486256619674,119.81148406477432,0.015625,0.0078125,0.0013968974288194813,0.0023003059767450645,4.9150407796331785e-06,0.096,1.0,0.0,0.0,True,euler,1.0000041556888557,-1.4486232791552935,-1.2828170002158321,stability-verified-in-model
outputs/hou_time_refinement_v1,hou_time_refinement_v1,hou_time_refinement_v1/nr65/nz128/level_index=2/requested_dt=1.5e-07,65,128,level_index=2;requested_dt=1.5e-07,3350.0,0.0005024837222830277,1.4999514098001642e-07,0.0005,146.17426315435014,120.34807254975878,0.015625,0.0078125,0.0014032274694071533,0.002310608141923112,4.9150407796331785e-06,0.096,1.0,0.0,0.0,True,euler,1.0000042138845229,-1.4486232791552935,-1.2828170002158321,stability-verified-in-model
outputs/hou_time_refinement_v1,hou_time_refinement_v1,hou_time_refinement_v1/nr65/nz128/level_index=2/requested_dt=1.5e-07,65,128,level_index=2;requested_dt=1.5e-07,3375.0,0.0005062336008075277,1.4999514098001642e-07,0.0005,146.82742350072775,120.87948551622823,0.015625,0.0078125,0.001409497605614351,0.0023208109403646086,4.9150407796331785e-06,0.096,1.0,0.0,0.0,True,euler,1.0000042717804185,-1.4486232791552935,-1.2828170002158321,stability-verified-in-model
outputs/hou_time_refinement_v1,hou_time_refinement_v1,hou_time_refinement_v1/nr65/nz128/level_index=2/requested_dt=1.5e-07,65,128,level_index=2;requested_dt=1.5e-07,3400.0,0.0005099834793320276,1.4999514098001642e-07,0.0005,147.47438984758855,121.40575794326601,0.015625,0.0078125,0.0014157082813523807,0.0023309150436461997,4.9150407796331785e-06,0.096,1.0,0.0,0.0,True,euler,1.0000043295248024,-1.4486232791552935,-1.2915436464758039,stability-verified-in-model
outputs/hou_time_refinement_v1,hou_time_refinement_v1,hou_time_refinement_v1/nr65/nz128/level_index=2/requested_dt=1.5e-07,65,128,level_index=2;requested_dt=1.5e-07,3425.0,0.0005137333578565276,1.4999514098001642e-07,0.0005,148.11520901446613,121.92692512590583,0.015625,0.0078125,0.0014218599460742046,0.002340921129410579,4.9150407796331785e-06,0.096,1.0,0.0,0.0,True,euler,1.0000043870112776,-1.457349925415265,-1.2915436464758039,stability-verified-in-model
outputs/hou_time_refinement_v1,hou_time_refinement_v1,hou_time_refinement_v1/nr65/nz128/level_index=2/requested_dt=1.5e-07,65,128,level_index=2;requested_dt=1.5e-07,3450.0,0.0005174832363810275,1.4999514098001642e-07,0.0005,148.74992837333673,122.4430226584578,0.015625,0.0078125,0.0014279530545360632,0.002350829881046365,4.9150407796331785e-06,0.096,1.0,0.0,0.0,True,euler,1.0000044442112905,-1.457349925415265,-1.2915436464758039,stability-verified-in-model
outputs/hou_time_refinement_v1,hou_time_refinement_v1,hou_time_refinement_v1/nr65/nz128/level_index=2/requested_dt=1.5e-07,65,128,level_index=2;requested_dt=1.5e-07,3475.0,0.0005212331149055274,1.4999514098001642e-07,0.0005,149.37859582396425,122.95408641813121,0.015625,0.0078125,0.0014339880665607942,0.0023606419873736595,4.9150407796331785e-06,0.096,1.0,0.0,0.0,True,euler,1.0000045011334577,-1.457349925415265,-1.3002702927357754,stability-verified-in-model
outputs/hou_time_refinement_v1,hou_time_refinement_v1,hou_time_refinement_v1/nr65/nz128/level_index=2/requested_dt=1.5e-07,65,128,level_index=2;requested_dt=1.5e-07,3500.0,0.0005249829934300274,1.4999514098001642e-07,0.0005,150.0012597694307,123.46015254895399,0.015625,0.0078125,0.0014399654468029328,0.00237035814233532,4.9150407796331785e-06,0.096,1.0,0.0,0.0,True,euler,1.0000045578739365,-1.457349925415265,-1.3002702927357754,stability-verified-in-model
outputs/hou_time_refinement_v1,hou_time_refinement_v1,hou_time_refinement_v1/nr65/nz128/level_index=2/requested_dt=1.5e-07,65,128,level_index=2;requested_dt=1.5e-07,3525.0,0.0005287328719545273,1.4999514098001642e-07,0.0005,150.61796909186307,123.96125744599016,0.015625,0.0078125,0.0014458856645156964,0.00237997904469394,4.9150407796331785e-06,0.096,1.0,0.0,0.0,True,euler,1.0000046142941919,-1.457349925415265,-1.3002702927357754,stability-verified-in-model
outputs/hou_time_refinement_v1,hou_time_refinement_v1,hou_time_refinement_v1/nr65/nz128/level_index=2/requested_dt=1.5e-07,65,128,level_index=2;requested_dt=1.5e-07,3550.0,0.0005324827504790273,1.4999514098001642e-07,0.0005,151.22877312836377,124.4574377398555,0.015625,0.0078125,0.001451749193319926,0.002389505397734559,4.9150407796331785e-06,0.096,1.0,0.0,0.0,True,euler,1.0000046703917707,-1.457349925415265,-1.3002702927357754,stability-verified-in-model
outputs/hou_time_refinement_v1,hou_time_refinement_v1,hou_time_refinement_v1/nr65/nz128/level_index=2/requested_dt=1.5e-07,65,128,level_index=2;requested_dt=1.5e-07,3575.0,0.0005362326290035272,1.4999514098001642e-07,0.0005,151.83372164715377,124.94873028153125,0.015625,0.0078125,0.0014575565109750657,0.002398937908973098,4.9150407796331785e-06,0.096,1.0,0.0,0.0,True,euler,1.0000047261975604,-1.457349925415265,-1.3089969389957472,stability-verified-in-model
outputs/hou_time_refinement_v1,hou_time_refinement_v1,hou_time_refinement_v1/nr65/nz128/level_index=2/requested_dt=1.5e-07,65,128,level_index=2;requested_dt=1.5e-07,3600.0,0.0005399825075280271,1.4999514098001642e-07,0.0005,152.4328648239367,125.43517212747545,0.015625,0.0078125,0.001463308099152267,0.0024082772898705034,4.9150407796331785e-06,0.096,1.0,0.0,0.0,True,euler,1.0000047818051636,-1.457349925415265,-1.3089969389957472,stability-verified-in-model
outputs/hou_time_refinement_v1,hou_time_refinement_v1,hou_time_refinement_v1/nr65/nz128/level_index=2/requested_dt=1.5e-07,65,128,level_index=2;requested_dt=1.5e-07,3625.0,0.0005437323860525271,1.4999514098001642e-07,0.0005,153.0262532184916,125.91680052503241,0.015625,0.0078125,0.0014690044432096858,0.0024175242555526198,4.9150407796331785e-06,0.096,1.0,0.0,0.0,True,euler,1.0000048370827381,-1.457349925415265,-1.3089969389957472,stability-verified-in-model
outputs/hou_time_refinement_v1,hou_time_refinement_v1,hou_time_refinement_v1/nr65/nz128/level_index=2/requested_dt=1.5e-07,65,128,level_index=2;requested_dt=1.5e-07,3650.0,0.000547482264577027,1.4999514098001642e-07,0.0005,153.6139377515019,126.393652898138,0.015625,0.0078125,0.0014746460319700477,0.00242667952453574,4.9150407796331785e-06,0.096,1.0,0.0,0.0,True,euler,1.000004892041015,-1.4660765716752369,-1.3089969389957472,stability-verified-in-model
outputs/hou_time_refinement_v1,hou_time_refinement_v1,hou_time_refinement_v1/nr65/nz128/level_index=2/requested_dt=1.5e-07,65,128,level_index=2;requested_dt=1.5e-07,3675.0,0.000551232143101527,1.4999514098001642e-07,0.0005,154.21892532932952,126.8657668333216,0.015625,0.0078125,0.001480453724579802,0.0024357438184578516,4.9150407796331785e-06,0.096,1.0,0.0,0.0,True,euler,1.0000049475320827,-1.4660765716752369,-1.3089969389957472,stability-verified-in-model
outputs/hou_time_refinement_v1,hou_time_refinement_v1,hou_time_refinement_v1/nr65/nz128/level_index=2/requested_dt=1.5e-07,65,128,level_index=2;requested_dt=1.5e-07,3700.0,0.0005549820216260269,1.4999514098001642e-07,0.0005,154.8247628799237,127.33318006600247,0.015625,0.0078125,0.0014862695766637932,0.0024447178618155338,4.9150407796331785e-06,0.096,1.0,0.0,0.0,True,euler,1.0000050030666212,-1.4660765716752369,-1.3177235852557188,stability-verified-in-model
outputs/hou_time_refinement_v1,hou_time_refinement_v1,hou_time_refinement_v1/nr65/nz128/level_index=2/requested_dt=1.5e-07,65,128,level_index=2;requested_dt=1.5e-07,3725.0,0.0005587319001505268,1.4999514098001642e-07,0.0005,155.4248471165137,127.79593046707964,0.015625,0.0078125,0.001492030198722494,0.0024536023817064946,4.9150407796331785e-06,0.096,1.0,0.0,0.0,True,euler,1.0000050582829343,-1.4660765716752369,-1.3177235852557188,stability-verified-in-model
outputs/hou_time_refinement_v1,hou_time_refinement_v1,hou_time_refinement_v1/nr65/nz128/level_index=2/requested_dt=1.5e-07,65,128,level_index=2;requested_dt=1.5e-07,3750.0,0.0005624817786750268,1.4999514098001642e-07,0.0005,156.01921534953266,128.25405602981365,0.015625,0.0078125,0.0014977359489244603,0.0024623981075777056,4.9150407796331785e-06,0.096,1.0,0.0,0.0,True,euler,1.0000051131601035,-1.4660765716752369,-1.3177235852557188,stability-verified-in-model
outputs/hou_time_refinement_v1,hou_time_refinement_v1,hou_time_refinement_v1/nr65/nz128/level_index=2/requested_dt=1.5e-07,65,128,level_index=2;requested_dt=1.5e-07,3775.0,0.0005662316571995267,1.4999514098001642e-07,0.0005,156.60790527234386,128.70759485699872,0.015625,0.0078125,0.0015033871891142576,0.002471105770979118,4.9150407796331785e-06,0.096,1.0,0.0,0.0,True,euler,1.0000051676963004,-1.4660765716752369,-1.3177235852557188,stability-verified-in-model
outputs/hou_time_refinement_v1,hou_time_refinement_v1,hou_time_refinement_v1/nr65/nz128/level_index=2/requested_dt=1.5e-07,65,128,level_index=2;requested_dt=1.5e-07,3800.0,0.0005699815357240267,1.4999514098001642e-07,0.0005,157.19095494400517,129.15658514842343,0.015625,0.0078125,0.0015089842846470057,0.0024797261053229143,4.9150407796331785e-06,0.096,1.0,0.0,0.0,True,euler,1.0000052219047417,-1.4660765716752369,-1.3264502315156905,stability-verified-in-model
outputs/hou_time_refinement_v1,hou_time_refinement_v1,hou_time_refinement_v1/nr65/nz128/level_index=2/requested_dt=1.5e-07,65,128,level_index=2;requested_dt=1.5e-07,3825.0,0.0005737314142485266,1.4999514098001642e-07,0.0005,157.7684027721376,129.60106518861778,0.015625,0.0078125,0.0015145276042239227,0.002488259845648259,4.9150407796331785e-06,0.096,1.0,0.0,0.0,True,euler,1.0000052758993183,-1.4660765716752369,-1.3264502315156905,stability-verified-in-model
outputs/hou_time_refinement_v1,hou_time_refinement_v1,hou_time_refinement_v1/nr65/nz128/level_index=2/requested_dt=1.5e-07,65,128,level_index=2;requested_dt=1.5e-07,3850.0,0.0005774812927730265,1.4999514098001642e-07,0.0005,158.34028749590234,130.04107333488423,0.015625,0.0078125,0.001520017519728909,0.002496707728391503,4.9150407796331785e-06,0.096,1.0,0.0,0.0,True,euler,1.0000053295473084,-1.4660765716752369,-1.3264502315156905,stability-verified-in-model
outputs/hou_time_refinement_v1,hou_time_refinement_v1,hou_time_refinement_v1/nr65/nz128/level_index=2/requested_dt=1.5e-07,65,128,level_index=2;requested_dt=1.5e-07,3875.0,0.0005812311712975265,1.4999514098001642e-07,0.0005,158.9066481690914,130.47664800561174,0.015625,0.0078125,0.0015254544060662228,0.002505070491161819,4.9150407796331785e-06,0.096,1.0,0.0,0.0,True,euler,1.0000053828474211,-1.4660765716752369,-1.3264502315156905,stability-verified-in-model
outputs/hou_time_refinement_v1,hou_time_refinement_v1,hou_time_refinement_v1/nr65/nz128/level_index=2/requested_dt=1.5e-07,65,128,level_index=2;requested_dt=1.5e-07,3900.0,0.0005849810498220264,1.4999514098001642e-07,0.0005,159.4675241433368,130.90782766886815,0.015625,0.0078125,0.0015308386409992943,0.0025133488725221855,4.9150407796331785e-06,0.096,1.0,0.0,0.0,True,euler,1.000005435798495,-1.4660765716752369,-1.3264502315156905,stability-verified-in-model
outputs/hou_time_refinement_v1,hou_time_refinement_v1,hou_time_refinement_v1/nr65/nz128/level_index=2/requested_dt=1.5e-07,65,128,level_index=2;requested_dt=1.5e-07,3925.0,0.0005887309283465264,1.4999514098001642e-07,0.0005,160.0229550514422,131.35001034986576,0.015625,0.0078125,0.0015361706049907139,0.0025218385049798056,4.9150407796331785e-06,0.096,1.0,0.0,0.0,True,euler,1.0000054895461796,-1.4748032179352084,-1.3264502315156905,stability-verified-in-model
outputs/hou_time_refinement_v1,hou_time_refinement_v1,hou_time_refinement_v1/nr65/nz128/level_index=2/requested_dt=1.5e-07,65,128,level_index=2;requested_dt=1.5e-07,3950.0,0.0005924808068710263,1.4999514098001642e-07,0.0005,160.57298079084305,131.7912794250326,0.015625,0.0078125,0.0015414506810434543,0.0025303105967736965,4.9150407796331785e-06,0.096,1.0,0.0,0.0,True,euler,1.0000055433565203,-1.4748032179352084,-1.335176877775662,stability-verified-in-model
outputs/hou_time_refinement_v1,hou_time_refinement_v1,hou_time_refinement_v1/nr65/nz128/level_index=2/requested_dt=1.5e-07,65,128,level_index=2;requested_dt=1.5e-07,3975.0,0.0005962306853955263,1.4999514098001642e-07,0.0005,161.11764150719662,132.22834857979194,0.015625,0.0078125,0.001546679254543341,0.002538702052707923,4.9150407796331785e-06,0.096,1.0,0.0,0.0,True,euler,1.0000055968440535,-1.4748032179352084,-1.335176877775662,stability-verified-in-model
outputs/hou_time_refinement_v1,hou_time_refinement_v1,hou_time_refinement_v1/nr65/nz128/level_index=2/requested_dt=1.5e-07,65,128,level_index=2;requested_dt=1.5e-07,4000.0,0.0005999805639200262,1.4999514098001642e-07,0.0005,161.65697757810966,132.66125281905522,0.015625,0.0078125,0.0015518567131028425,0.002547013544855013,4.9150407796331785e-06,0.096,1.0,0.0,0.0,True,euler,1.0000056499927759,-1.4748032179352084,-1.335176877775662,stability-verified-in-model
outputs/hou_time_refinement_v1,hou_time_refinement_v1,hou_time_refinement_v1/nr65/nz128/level_index=2/requested_dt=1.5e-07,65,128,level_index=2;requested_dt=1.5e-07,4025.0,0.0006037304424445261,1.4999514098001642e-07,0.0005,162.1910295970049,133.09002717490083,0.015625,0.0078125,0.0015569834464061931,0.0025552457458090836,4.9150407796331785e-06,0.096,1.0,0.0,0.0,True,euler,1.0000057028017848,-1.4748032179352084,-1.335176877775662,stability-verified-in-model
outputs/hou_time_refinement_v1,hou_time_refinement_v1,hou_time_refinement_v1/nr65/nz128/level_index=2/requested_dt=1.5e-07,65,128,level_index=2;requested_dt=1.5e-07,4050.0,0.0006074803209690261,1.4999514098001642e-07,0.0005,162.71983835713257,133.51470669732012,0.015625,0.0078125,0.0015620598460559093,0.0025633993285081695,4.9150407796331785e-06,0.096,1.0,0.0,0.0,True,euler,1.0000057552702897,-1.4748032179352084,-1.335176877775662,stability-verified-in-model
outputs/hou_time_refinement_v1,hou_time_refinement_v1,hou_time_refinement_v1/nr65/nz128/level_index=2/requested_dt=1.5e-07,65,128,level_index=2;requested_dt=1.5e-07,4075.0,0.000611230199493526,1.4999514098001642e-07,0.0005,163.24344483572918,133.9353264451943,0.015625,0.0078125,0.001567086305420719,0.0025714749660609845,4.9150407796331785e-06,0.096,1.0,0.0,0.0,True,euler,1.000005807424078,-1.4748032179352084,-1.3439035240356338,stability-verified-in-model
outputs/hou_time_refinement_v1,hou_time_refinement_v1,hou_time_refinement_v1/nr65/nz128/level_index=2/requested_dt=1.5e-07,65,128,level_index=2;requested_dt=1.5e-07,4100.0,0.000614980078018026,1.4999514098001642e-07,0.0005,163.76189017832786,134.35192147750027,0.015625,0.0078125,0.0015720632194849444,0.0025794733315780798,4.9150407796331785e-06,0.096,1.0,0.0,0.0,True,euler,1.000005859340381,-1.4748032179352084,-1.3439035240356338,stability-verified-in-model
outputs/hou_time_refinement_v1,hou_time_refinement_v1,hou_time_refinement_v1/nr65/nz128/level_index=2/requested_dt=1.5e-07,65,128,level_index=2;requested_dt=1.5e-07,4125.0,0.0006187299565425259,1.4999514098001642e-07,0.0005,164.2752156832251,134.764526844742,0.015625,0.0078125,0.001576990984699389,0.0025873950980073324,4.9150407796331785e-06,0.096,1.0,0.0,0.0,True,euler,1.0000059109136037,-1.4748032179352084,-1.3439035240356338,stability-verified-in-model
outputs/hou_time_refinement_v1,hou_time_refinement_v1,hou_time_refinement_v1/nr65/nz128/level_index=2/requested_dt=1.5e-07,65,128,level_index=2;requested_dt=1.5e-07,4150.0,0.0006224798350670258,1.4999514098001642e-07,0.0005,164.78346278610465,135.17317758060497,0.015625,0.0078125,0.0015818699988337317,0.002595240937973714,4.9150407796331785e-06,0.096,1.0,0.0,0.0,True,euler,1.0000059621433814,-1.4748032179352084,-1.3439035240356338,stability-verified-in-model
outputs/hou_time_refinement_v1,hou_time_refinement_v1,hou_time_refinement_v1/nr65/nz128/level_index=2/requested_dt=1.5e-07,65,128,level_index=2;requested_dt=1.5e-07,4175.0,0.0006262297135915258,1.4999514098001642e-07,0.0005,165.2866730448253,135.57790869383166,0.015625,0.0078125,0.0015867006608304929,0.0026030115236233054,4.9150407796331785e-06,0.096,1.0,0.0,0.0,True,euler,1.0000060130294506,-1.4748032179352084,-1.3439035240356338,stability-verified-in-model
outputs/hou_time_refinement_v1,hou_time_refinement_v1,hou_time_refinement_v1/nr65/nz128/level_index=2/requested_dt=1.5e-07,65,128,level_index=2;requested_dt=1.5e-07,4200.0,0.0006299795921160257,1.4999514098001642e-07,0.0005,165.78488812437317,135.97875516031363,0.015625,0.0078125,0.0015914833706605826,0.002610707526471472,4.9150407796331785e-06,0.096,1.0,0.0,0.0,True,euler,1.000006063571646,-1.4748032179352084,-1.3439035240356338,stability-verified-in-model
outputs/hou_time_refinement_v1,hou_time_refinement_v1,hou_time_refinement_v1/nr65/nz128/level_index=2/requested_dt=1.5e-07,65,128,level_index=2;requested_dt=1.5e-07,4225.0,0.0006337294706405257,1.4999514098001642e-07,0.0005,166.27814978198273,136.37575191539878,0.015625,0.0078125,0.0015962185291804663,0.0026183296172551662,4.9150407796331785e-06,0.096,1.0,0.0,0.0,True,euler,1.000006113769898,-1.4748032179352084,-1.3439035240356338,stability-verified-in-model
outputs/hou_time_refinement_v1,hou_time_refinement_v1,hou_time_refinement_v1/nr65/nz128/level_index=2/requested_dt=1.5e-07,65,128,level_index=2;requested_dt=1.5e-07,4250.0,0.0006374793491650256,1.4999514098001642e-07,0.0005,166.76649985243046,136.76893384641042,0.015625,0.0078125,0.0016009065379909884,0.0026258784657892955,4.9150407796331785e-06,0.096,1.0,0.0,0.0,True,euler,1.0000061637231152,-1.4748032179352084,-1.3526301702956054,stability-verified-in-model
outputs/hou_time_refinement_v1,hou_time_refinement_v1,hou_time_refinement_v1/nr65/nz128/level_index=2/requested_dt=1.5e-07,65,128,level_index=2;requested_dt=1.5e-07,4275.0,0.0006412292276895255,1.4999514098001642e-07,0.0005,167.24998023350156,137.15833578537496,0.015625,0.0078125,0.0016055477992978576,0.0026333547408271037,4.9150407796331785e-06,0.096,1.0,0.0,0.0,True,euler,1.000006213364898,-1.4835298641951802,-1.3526301702956054,stability-verified-in-model
outputs/hou_time_refinement_v1,hou_time_refinement_v1,hou_time_refinement_v1/nr65/nz128/level_index=2/requested_dt=1.5e-07,65,128,level_index=2;requested_dt=1.5e-07,4300.0,0.0006449791062140255,1.4999514098001642e-07,0.0005,167.72863287163554,137.5439925019554,0.015625,0.0078125,0.001610142715773849,0.002640759109924495,4.9150407796331785e-06,0.096,1.0,0.0,0.0,True,euler,1.000006262681733,-1.4835298641951802,-1.3526301702956054,stability-verified-in-model
outputs/hou_time_refinement_v1,hou_time_refinement_v1,hou_time_refinement_v1/nr65/nz128/level_index=2/requested_dt=1.5e-07,65,128,level_index=2;requested_dt=1.5e-07,4325.0,0.0006487289847385254,1.4999514098001642e-07,0.0005,168.20249974775106,137.92593869658734,0.015625,0.0078125,0.0016146916904227263,0.0026480922393082524,4.9150407796331785e-06,0.096,1.0,0.0,0.0,True,euler,1.000006311654215,-1.4835298641951802,-1.3526301702956054,stability-verified-in-model
outputs/hou_time_refinement_v1,hou_time_refinement_v1,hou_time_refinement_v1/nr65/nz128/level_index=2/requested_dt=1.5e-07,65,128,level_index=2;requested_dt=1.5e-07,4350.0,0.0006524788632630254,1.4999514098001642e-07,0.0005,168.67162286325365,138.30420899381565,0.015625,0.0078125,0.001619195126444921,0.0026553547937481,4.9150407796331785e-06,0.096,1.0,0.0,0.0,True,euler,1.0000063602827187,-1.4835298641951802,-1.3526301702956054,stability-verified-in-model
outputs/hou_time_refinement_v1,hou_time_refinement_v1,hou_time_refinement_v1/nr65/nz128/level_index=2/requested_dt=1.5e-07,65,128,level_index=2;requested_dt=1.5e-07,4375.0,0.0006562287417875253,1.4999514098001642e-07,0.0005,169.13604422622805,138.67883793582666,0.015625,0.0078125,0.0016236534271049836,0.0026625474364325337,4.9150407796331785e-06,0.096,1.0,0.0,0.0,True,euler,1.0000064085677014,-1.4835298641951802,-1.3526301702956054,stability-verified-in-model
outputs/hou_time_refinement_v1,hou_time_refinement_v1,hou_time_refinement_v1/nr65/nz128/level_index=2/requested_dt=1.5e-07,65,128,level_index=2;requested_dt=1.5e-07,4400.0,0.0006599786203120252,1.4999514098001642e-07,0.0005,169.59580583781886,139.04985997617453,0.015625,0.0078125,0.0016280669956008405,0.002669670828848364,4.9150407796331785e-06,0.096,1.0,0.0,0.0,True,euler,1.0000064565096989,-1.4835298641951802,-1.3526301702956054,stability-verified-in-model
outputs/hou_time_refinement_v1,hou_time_refinement_v1,hou_time_refinement_v1/nr65/nz128/level_index=2/requested_dt=1.5e-07,65,128,level_index=2;requested_dt=1.5e-07,4425.0,0.0006637284988365252,1.4999514098001642e-07,0.0005,170.05094967879936,139.4173094736986,0.015625,0.0078125,0.00163243623493486,0.002676725630663936,4.9150407796331785e-06,0.096,1.0,0.0,0.0,True,euler,1.0000065041805124,-1.4835298641951802,-1.361356816555577,stability-verified-in-model
outputs/hou_time_refinement_v1,hou_time_refinement_v1,hou_time_refinement_v1/nr65/nz128/level_index=2/requested_dt=1.5e-07,65,128,level_index=2;requested_dt=1.5e-07,4450.0,0.0006674783773610251,1.4999514098001642e-07,0.0005,170.50151769633288,139.78122068662708,0.015625,0.0078125,0.0016367615477867658,0.0026837124996159254,4.9150407796331785e-06,0.096,1.0,0.0,0.0,True,euler,1.000006551548684,-1.4835298641951802,-1.361356816555577,stability-verified-in-model
outputs/hou_time_refinement_v1,hou_time_refinement_v1,hou_time_refinement_v1/nr65/nz128/level_index=2/requested_dt=1.5e-07,65,128,level_index=2;requested_dt=1.5e-07,4475.0,0.0006712282558855251,1.4999514098001642e-07,0.0005,170.94755179092738,140.1416277668662,0.015625,0.0078125,0.001641043336388404,0.0026906320913996904,4.9150407796331785e-06,0.096,1.0,0.0,0.0,True,euler,1.000006598575147,-1.4835298641951802,-1.361356816555577,stability-verified-in-model
outputs/hou_time_refinement_v1,hou_time_refinement_v1,hou_time_refinement_v1/nr65/nz128/level_index=2/requested_dt=1.5e-07,65,128,level_index=2;requested_dt=1.5e-07,4500.0,0.000674978134410025,1.4999514098001642e-07,0.0005,171.3890938035846,140.49856475446967,0.015625,0.0078125,0.0016452820024003795,0.0026974850595630905,4.9150407796331785e-06,0.096,1.0,0.0,0.0,True,euler,1.000006645260735,-1.4835298641951802,-1.361356816555577,stability-verified-in-model
outputs/hou_time_refinement_v1,hou_time_refinement_v1,hou_time_refinement_v1/nr65/nz128/level_index=2/requested_dt=1.5e-07,65,128,level_index=2;requested_dt=1.5e-07,4525.0,0.000678728012934525,1.4999514098001642e-07,0.0005,171.82618550314737,140.85206557228688,0.015625,0.0078125,0.0016494779467905948,0.002704272055403736,4.9150407796331785e-06,0.096,1.0,0.0,0.0,True,euler,1.00000669160635,-1.4835298641951802,-1.361356816555577,stability-verified-in-model
outputs/hou_time_refinement_v1,hou_time_refinement_v1,hou_time_refinement_v1/nr65/nz128/level_index=2/requested_dt=1.5e-07,65,128,level_index=2;requested_dt=1.5e-07,4550.0,0.0006824778914590249,1.4999514098001642e-07,0.0005,172.2588685738445,141.20216402078591,0.015625,0.0078125,0.0016536315697146832,0.002710993727869592,4.9150407796331785e-06,0.096,1.0,0.0,0.0,True,euler,1.000006737612959,-1.4835298641951802,-1.361356816555577,stability-verified-in-model
outputs/hou_time_refinement_v1,hou_time_refinement_v1,hou_time_refinement_v1/nr65/nz128/level_index=2/requested_dt=1.5e-07,65,128,level_index=2;requested_dt=1.5e-07,4575.0,0.0006862277699835248,1.4999514098001642e-07,0.0005,172.68718460303558,141.54889377304858,0.015625,0.0078125,0.0016577432703983644,0.002717650723462885,4.9150407796331785e-06,0.096,1.0,0.0,0.0,True,euler,1.0000067832815955,-1.4835298641951802,-1.361356816555577,stability-verified-in-model
outputs/hou_time_refinement_v1,hou_time_refinement_v1,hou_time_refinement_v1/nr65/nz128/level_index=2/requested_dt=1.5e-07,65,128,level_index=2;requested_dt=1.5e-07,4600.0,0.0006899776485080248,1.4999514098001642e-07,0.0005,173.11117506915753,141.8922883699336,0.015625,0.0078125,0.0016618134470217337,0.0027242436861472426,4.9150407796331785e-06,0.096,1.0,0.0,0.0,True,euler,1.0000068286133523,-1.4835298641951802,-1.361356816555577,stability-verified-in-model
outputs/hou_time_refinement_v1,hou_time_refinement_v1,hou_time_refinement_v1/nr65/nz128/level_index=2/requested_dt=1.5e-07,65,128,level_index=2;requested_dt=1.5e-07,4625.0,0.0006937275270325247,1.4999514098001642e-07,0.0005,173.53088132987332,142.23238121540706,0.015625,0.0078125,0.0016658424966054944,0.002730773257258038,4.9150407796331785e-06,0.096,1.0,0.0,0.0,True,euler,1.0000068736450525,-1.4835298641951802,-1.3700834628155487,stability-verified-in-model
outputs/hou_time_refinement_v1,hou_time_refinement_v1,hou_time_refinement_v1/nr65/nz128/level_index=2/requested_dt=1.5e-07,65,128,level_index=2;requested_dt=1.5e-07,4650.0,0.0006974774055570247,1.4999514098001642e-07,0.0005,173.94634461042392,142.56920557203387,0.015625,0.0078125,0.0016698308148991397,0.0027372400754158287,4.9150407796331785e-06,0.096,1.0,0.0,0.0,True,euler,1.000006918406498,-1.4835298641951802,-1.3700834628155487,stability-verified-in-model
outputs/hou_time_refinement_v1,hou_time_refinement_v1,hou_time_refinement_v1/nr65/nz128/level_index=2/requested_dt=1.5e-07,65,128,level_index=2;requested_dt=1.5e-07,4675.0,0.0007012272840815246,1.4999514098001642e-07,0.0005,174.35760599218514,142.90279455663017,0.015625,0.0078125,0.001673778796271102,0.0027436447764428882,4.9150407796331785e-06,0.096,1.0,0.0,0.0,True,euler,1.0000069628339578,-1.4835298641951802,-1.3700834628155487,stability-verified-in-model
outputs/hou_time_refinement_v1,hou_time_refinement_v1,hou_time_refinement_v1/nr65/nz128/level_index=2/requested_dt=1.5e-07,65,128,level_index=2;requested_dt=1.5e-07,4700.0,0.0007049771626060245,1.4999514098001642e-07,0.0005,174.7647064014292,143.23318113607135,0.015625,0.0078125,0.0016776868336008674,0.00274998799328272,4.9150407796331785e-06,0.096,1.0,0.0,0.0,True,euler,1.0000070069287552,-1.4835298641951802,-1.3700834628155487,stability-verified-in-model
outputs/hou_time_refinement_v1,hou_time_refinement_v1,hou_time_refinement_v1/nr65/nz128/level_index=2/requested_dt=1.5e-07,65,128,level_index=2;requested_dt=1.5e-07,4725.0,0.0007087270411305245,1.4999514098001642e-07,0.0005,175.167686598293,143.56039812325477,0.015625,0.0078125,0.0016815553181730746,0.0027562703559225452,4.9150407796331785e-06,0.096,1.0,0.0,0.0,True,euler,1.000007050692264,-1.4835298641951802,-1.3700834628155487,stability-verified-in-model
outputs/hou_time_refinement_v1,hou_time_refinement_v1,hou_time_refinement_v1/nr65/nz128/level_index=2/requested_dt=1.5e-07,65,128,level_index=2;requested_dt=1.5e-07,4750.0,0.0007124769196550244,1.4999514098001642e-07,0.0005,175.56658716595234,143.88447817321162,0.015625,0.0078125,0.0016853846395735912,0.0027624924913186525,4.9150407796331785e-06,0.096,1.0,0.0,0.0,True,euler,1.0000070941294577,-1.4922565104551517,-1.3700834628155487,stability-verified-in-model
outputs/hou_time_refinement_v1,hou_time_refinement_v1,hou_time_refinement_v1/nr65/nz128/level_index=2/requested_dt=1.5e-07,65,128,level_index=2;requested_dt=1.5e-07,4775.0,0.0007162267981795244,1.4999514098001642e-07,0.0005,175.96144850000354,144.20545377936836,0.015625,0.0078125,0.0016891751855875796,0.0027686550233246205,4.9150407796331785e-06,0.096,1.0,0.0,0.0,True,euler,1.0000071372587163,-1.4922565104551517,-1.3700834628155487,stability-verified-in-model
outputs/hou_time_refinement_v1,hou_time_refinement_v1,hou_time_refinement_v1/nr65/nz128/level_index=2/requested_dt=1.5e-07,65,128,level_index=2;requested_dt=1.5e-07,4800.0,0.0007199766767040243,1.4999514098001642e-07,0.0005,176.3523107980522,144.523357269951,0.015625,0.0078125,0.0016929273420995528,0.0027747585726222825,4.9150407796331785e-06,0.096,1.0,0.0,0.0,True,euler,1.0000071800609123,-1.4922565104551517,-1.3700834628155487,stability-verified-in-model
outputs/hou_time_refinement_v1,hou_time_refinement_v1,hou_time_refinement_v1/nr65/nz128/level_index=2/requested_dt=1.5e-07,65,128,level_index=2;requested_dt=1.5e-07,4825.0,0.0007237265552285242,1.4999514098001642e-07,0.0005,176.73921404951028,144.83822080453217,0.015625,0.0078125,0.00169664149299543,0.0027808037566554307,4.9150407796331785e-06,0.096,1.0,0.0,0.0,True,euler,1.0000072225376078,-1.4922565104551517,-1.3700834628155487,stability-verified-in-model
outputs/hou_time_refinement_v1,hou_time_refinement_v1,hou_time_refinement_v1/nr65/nz128/level_index=2/requested_dt=1.5e-07,65,128,level_index=2;requested_dt=1.5e-07,4850.0,0.0007274764337530242,1.4999514098001642e-07,0.0005,177.12219802560037,145.15007637071682,0.015625,0.0078125,0.00170031802006658,0.002786791189566185,4.9150407796331785e-06,0.096,1.0,0.0,0.0,True,euler,1.0000072646904052,-1.4922565104551517,-1.3700834628155487,stability-verified-in-model
outputs/hou_time_refinement_v1,hou_time_refinement_v1,hou_time_refinement_v1/nr65/nz128/level_index=2/requested_dt=1.5e-07,65,128,level_index=2;requested_dt=1.5e-07,4875.0,0.0007312263122775241,1.4999514098001642e-07,0.0005,177.5013022695682,145.45895578096423,0.015625,0.0078125,0.0017039573029158652,0.0027927214821339783,4.9150407796331785e-06,0.096,1.0,0.0,0.0,True,euler,1.0000073065910486,-1.4922565104551517,-1.3788101090755203,stability-verified-in-model
outputs/hou_time_refinement_v1,hou_time_refinement_v1,hou_time_refinement_v1/nr65/nz128/level_index=2/requested_dt=1.5e-07,65,128,level_index=2;requested_dt=1.5e-07,4900.0,0.0007349761908020241,1.4999514098001642e-07,0.0005,177.8765660871029,145.76489066954264,0.015625,0.0078125,0.0017075597188656773,0.0027985952417170852,4.9150407796331785e-06,0.096,1.0,0.0,0.0,True,euler,1.0000073481899623,-1.4922565104551517,-1.3788101090755203,stability-verified-in-model
outputs/hou_time_refinement_v1,hou_time_refinement_v1,hou_time_refinement_v1/nr65/nz128/level_index=2/requested_dt=1.5e-07,65,128,level_index=2;requested_dt=1.5e-07,4925.0,0.000738726069326524,1.4999514098001642e-07,0.0005,178.2480285369653,146.06791248961486,0.015625,0.0078125,0.0017111256428679745,0.0028044130721966696,4.9150407796331785e-06,0.096,1.0,0.0,0.0,True,euler,1.0000073894693466,-1.4922565104551517,-1.3788101090755203,stability-verified-in-model
outputs/hou_time_refinement_v1,hou_time_refinement_v1,hou_time_refinement_v1/nr65/nz128/level_index=2/requested_dt=1.5e-07,65,128,level_index=2;requested_dt=1.5e-07,4950.0,0.0007424759478510239,1.4999514098001642e-07,0.0005,178.6157284218226,146.36805251045075,0.015625,0.0078125,0.001714655447416295,0.002810175573923265,4.9150407796331785e-06,0.096,1.0,0.0,0.0,True,euler,1.0000074304309579,-1.4922565104551517,-1.3788101090755203,stability-verified-in-model
outputs/hou_time_refinement_v1,hou_time_refinement_v1,hou_time_refinement_v1/nr65/nz128/level_index=2/requested_dt=1.5e-07,65,128,level_index=2;requested_dt=1.5e-07,4975.0,0.0007462258263755239,1.4999514098001642e-07,0.0005,178.97970427929113,146.6653418147656,0.015625,0.0078125,0.001718149502459771,0.0028158833436656722,4.9150407796331785e-06,0.096,1.0,0.0,0.0,True,euler,1.0000074710765838,-1.4922565104551517,-1.3788101090755203,stability-verified-in-model
outputs/hou_time_refinement_v1,hou_time_refinement_v1,hou_time_refinement_v1/nr65/nz128/level_index=2/requested_dt=1.5e-07,65,128,level_index=2;requested_dt=1.5e-07,5000.0,0.0007499757049000238,1.4999514098001642e-07,0.0005,179.33999437318545,146.97403964346722,0.015625,0.0078125,0.0017216081753191235,0.002821810149980722,4.9150407796331785e-06,0.096,1.0,0.0,0.0,True,euler,1.000007512611267,-1.4922565104551517,-1.3788101090755203,stability-verified-in-model
outputs/hou_time_refinement_v1,hou_time_refinement_v1,hou_time_refinement_v1/nr65/nz128/level_index=2/requested_dt=1.5e-07,65,128,level_index=2;requested_dt=1.5e-07,5025.0,0.0007537255834245238,1.4999514098001642e-07,0.0005,179.6966366849728,147.2823544324494,0.015625,0.0078125,0.0017250318306046262,0.0028277296021713915,4.9150407796331785e-06,0.096,1.0,0.0,0.0,True,euler,1.0000075540423783,-1.4922565104551517,-1.3788101090755203,stability-verified-in-model
outputs/hou_time_refinement_v1,hou_time_refinement_v1,hou_time_refinement_v1/nr65/nz128/level_index=2/requested_dt=1.5e-07,65,128,level_index=2;requested_dt=1.5e-07,5050.0,0.0007574754619490237,1.4999514098001642e-07,0.0005,180.0496689054333,147.58789258544002,0.015625,0.0078125,0.0017284208301360478,0.002833595744677964,4.9150407796331785e-06,0.096,1.0,0.0,0.0,True,euler,1.0000075951671266,-1.4922565104551517,-1.3788101090755203,stability-verified-in-model
outputs/hou_time_refinement_v1,hou_time_refinement_v1,hou_time_refinement_v1/nr65/nz128/level_index=2/requested_dt=1.5e-07,65,128,level_index=2;requested_dt=1.5e-07,5075.0,0.0007612253404735236,1.4999514098001642e-07,0.0005,180.39912842652473,147.8906823502967,0.015625,0.0078125,0.0017317755328645546,0.002839409119841738,4.9150407796331785e-06,0.096,1.0,0.0,0.0,True,euler,1.00000763598715,-1.4922565104551517,-1.3788101090755203,stability-verified-in-model
outputs/hou_time_refinement_v1,hou_time_refinement_v1,hou_time_refinement_v1/nr65/nz128/level_index=2/requested_dt=1.5e-07,65,128,level_index=2;requested_dt=1.5e-07,5100.0,0.0007649752189980236,1.4999514098001642e-07,0.0005,180.74505233345064,148.1907518088348,0.015625,0.0078125,0.001735096294796568,0.0028451702668161024,4.9150407796331785e-06,0.096,1.0,0.0,0.0,True,euler,1.0000076765041128,-1.4922565104551517,-1.3788101090755203,stability-verified-in-model
outputs/hou_time_refinement_v1,hou_time_refinement_v1,hou_time_refinement_v1/nr65/nz128/level_index=2/requested_dt=1.5e-07,65,128,level_index=2;requested_dt=1.5e-07,5125.0,0.0007687250975225235,1.4999514098001642e-07,0.0005,181.08747739693155,148.48812887471766,0.015625,0.0078125,0.0017383834689195703,0.002850879721526032,4.9150407796331785e-06,0.096,1.0,0.0,0.0,True,euler,1.0000077167197052,-1.4922565104551517,-1.3788101090755203,stability-verified-in-model
outputs/hou_time_refinement_v1,hou_time_refinement_v1,hou_time_refinement_v1/nr65/nz128/level_index=2/requested_dt=1.5e-07,65,128,level_index=2;requested_dt=1.5e-07,5150.0,0.0007724749760470235,1.4999514098001642e-07,0.0005,181.42644006567764,148.78284129144603,0.015625,0.0078125,0.0017416374051298443,0.0028565380166294856,4.9150407796331785e-06,0.096,1.0,0.0,0.0,True,euler,1.0000077566922434,-1.4922565104551517,-1.387536755335492,stability-verified-in-model
outputs/hou_time_refinement_v1,hou_time_refinement_v1,hou_time_refinement_v1/nr65/nz128/level_index=2/requested_dt=1.5e-07,65,128,level_index=2;requested_dt=1.5e-07,5175.0,0.0007762248545715234,1.4999514098001642e-07,0.0005,181.76197645906146,149.07491663044527,0.015625,0.0078125,0.0017448584501621343,0.0028621456814806826,4.9150407796331785e-06,0.096,1.0,0.0,0.0,True,euler,1.0000077963923593,-1.4922565104551517,-1.387536755335492,stability-verified-in-model
outputs/hou_time_refinement_v1,hou_time_refinement_v1,hou_time_refinement_v1/nr65/nz128/level_index=2/requested_dt=1.5e-07,65,128,level_index=2;requested_dt=1.5e-07,5200.0,0.0007799747330960233,1.4999514098001642e-07,0.0005,182.09412235999133,149.3643822892466,0.015625,0.0078125,0.0017480469475212328,0.0028677032420951825,4.9150407796331785e-06,0.096,1.0,0.0,0.0,True,euler,1.00000783579572,-1.4922565104551517,-1.387536755335492,stability-verified-in-model
outputs/hou_time_refinement_v1,hou_time_refinement_v1,hou_time_refinement_v1/nr65/nz128/level_index=2/requested_dt=1.5e-07,65,128,level_index=2;requested_dt=1.5e-07,5225.0,0.0007837246116205233,1.4999514098001642e-07,0.0005,182.4229132079812,149.65126548976218,0.015625,0.0078125,0.001751203237415452,0.0028732112211167673,4.9150407796331785e-06,0.096,1.0,0.0,0.0,True,euler,1.0000078749041077,-1.4922565104551517,-1.387536755335492,stability-verified-in-model
outputs/hou_time_refinement_v1,hou_time_refinement_v1,hou_time_refinement_v1/nr65/nz128/level_index=2/requested_dt=1.5e-07,65,128,level_index=2;requested_dt=1.5e-07,5250.0,0.0007874744901450232,1.4999514098001642e-07,0.0005,182.74838409241858,149.9355932766502,0.015625,0.0078125,0.0017543276566920009,0.002878670137786054,4.9150407796331785e-06,0.096,1.0,0.0,0.0,True,euler,1.000007913719321,-1.4922565104551517,-1.387536755335492,stability-verified-in-model
outputs/hou_time_refinement_v1,hou_time_refinement_v1,hou_time_refinement_v1/nr65/nz128/level_index=2/requested_dt=1.5e-07,65,128,level_index=2;requested_dt=1.5e-07,5275.0,0.0007912243686695232,1.4999514098001642e-07,0.0005,183.0705697460263,150.21739251577,0.015625,0.0078125,0.0017574205387742173,0.0028840805079108334,4.9150407796331785e-06,0.096,1.0,0.0,0.0,True,euler,1.000007952243177,-1.4922565104551517,-1.387536755335492,stability-verified-in-model
outputs/hou_time_refinement_v1,hou_time_refinement_v1,hou_time_refinement_v1/nr65/nz128/level_index=2/requested_dt=1.5e-07,65,128,level_index=2;requested_dt=1.5e-07,5300.0,0.0007949742471940231,1.4999514098001642e-07,0.0005,183.38950453851953,150.49668989272212,0.015625,0.0078125,0.0017604822136006784,0.0028894428438380375,4.9150407796331785e-06,0.096,1.0,0.0,0.0,True,euler,1.0000079904775072,-1.4922565104551517,-1.387536755335492,stability-verified-in-model
outputs/hou_time_refinement_v1,hou_time_refinement_v1,hou_time_refinement_v1/nr65/nz128/level_index=2/requested_dt=1.5e-07,65,128,level_index=2;requested_dt=1.5e-07,5325.0,0.000798724125718523,1.4999514098001642e-07,0.0005,183.70522247045386,150.77351191147483,0.015625,0.0078125,0.0017635130075661445,0.002894757654427373,4.9150407796331785e-06,0.096,1.0,0.0,0.0,True,euler,1.0000080284241581,-1.4922565104551517,-1.387536755335492,stability-verified-in-model
outputs/hou_time_refinement_v1,hou_time_refinement_v1,hou_time_refinement_v1/nr65/nz128/level_index=2/requested_dt=1.5e-07,65,128,level_index=2;requested_dt=1.5e-07,5350.0,0.000802474004243023,1.4999514098001642e-07,0.0005,184.01775716726405,151.0478848930725,0.015625,0.0078125,0.0017665132434643328,0.0029000254450265222,4.9150407796331785e-06,0.096,1.0,0.0,0.0,True,euler,1.0000080660849888,-1.4922565104551517,-1.387536755335492,stability-verified-in-model
outputs/hou_time_refinement_v1,hou_time_refinement_v1,hou_time_refinement_v1/nr65/nz128/level_index=2/requested_dt=1.5e-07,65,128,level_index=2;requested_dt=1.5e-07,5375.0,0.0008062238827675229,1.4999514098001642e-07,0.0005,184.32714187349197,151.31983497442513,0.015625,0.0078125,0.0017694832404325067,0.0029052467174479,4.9150407796331785e-06,0.096,1.0,0.0,0.0,True,euler,1.00000810346187,-1.4922565104551517,-1.387536755335492,stability-verified-in-model
outputs/hou_time_refinement_v1,hou_time_refinement_v1,hou_time_refinement_v1/nr65/nz128/level_index=2/requested_dt=1.5e-07,65,128,level_index=2;requested_dt=1.5e-07,5400.0,0.0008099737612920229,1.4999514098001642e-07,0.0005,184.6334094472011,151.5893881071772,0.015625,0.0078125,0.0017724233138978575,0.00291042196994694,4.9150407796331785e-06,0.096,1.0,0.0,0.0,True,euler,1.0000081405566827,-1.4922565104551517,-1.387536755335492,stability-verified-in-model
outputs/hou_time_refinement_v1,hou_time_refinement_v1,hou_time_refinement_v1/nr65/nz128/level_index=2/requested_dt=1.5e-07,65,128,level_index=2;requested_dt=1.5e-07,5425.0,0.0008137236398165228,1.4999514098001642e-07,0.0005,184.93659235457594,151.85657005665283,0.015625,0.0078125,0.0017753337755256604,0.0029155516972018407,4.9150407796331785e-06,0.096,1.0,0.0,0.0,True,euler,1.0000081773713174,-1.4922565104551517,-1.387536755335492,stability-verified-in-model
outputs/hou_time_refinement_v1,hou_time_refinement_v1,hou_time_refinement_v1/nr65/nz128/level_index=2/requested_dt=1.5e-07,65,128,level_index=2;requested_dt=1.5e-07,5450.0,0.0008174735183410228,1.4999514098001642e-07,0.0005,185.2367226647054,152.12140640087708,0.015625,0.0078125,0.0017782149331691962,0.002920636390294775,4.9150407796331785e-06,0.096,1.0,0.0,0.0,True,euler,1.000008213907672,-1.4922565104551517,-1.387536755335492,stability-verified-in-model
outputs/hou_time_refinement_v1,hou_time_refinement_v1,hou_time_refinement_v1/nr65/nz128/level_index=2/requested_dt=1.5e-07,65,128,level_index=2;requested_dt=1.5e-07,5475.0,0.0008212233968655227,1.4999514098001642e-07,0.0005,185.53383204454687,152.38392252967026,0.015625,0.0078125,0.0017810670908214078,0.0029256765366945012,4.9150407796331785e-06,0.096,1.0,0.0,0.0,True,euler,1.0000082502361352,-1.5009831567151235,-1.3962634015954636,stability-verified-in-model
outputs/hou_time_refinement_v1,hou_time_refinement_v1,hou_time_refinement_v1/nr65/nz128/level_index=2/requested_dt=1.5e-07,65,128,level_index=2;requested_dt=1.5e-07,5500.0,0.0008249732753900226,1.4999514098001642e-07,0.0005,185.8279517540693,152.64414364381443,0.015625,0.0078125,0.001783890548568276,0.0029306726202403613,4.9150407796331785e-06,0.096,1.0,0.0,0.0,True,euler,1.0000082863103852,-1.5009831567151235,-1.3962634015954636,stability-verified-in-model
outputs/hou_time_refinement_v1,hou_time_refinement_v1,hou_time_refinement_v1/nr65/nz128/level_index=2/requested_dt=1.5e-07,65,128,level_index=2;requested_dt=1.5e-07,5525.0,0.0008287231539145226,1.4999514098001642e-07,0.0005,186.11911264157422,152.90209475428878,0.015625,0.0078125,0.0017866856025439029,0.0029356251211276,4.9150407796331785e-06,0.096,1.0,0.0,0.0,True,euler,1.0000083221114247,-1.5009831567151235,-1.3962634015954636,stability-verified-in-model
outputs/hou_time_refinement_v1,hou_time_refinement_v1,hou_time_refinement_v1/nr65/nz128/level_index=2/requested_dt=1.5e-07,65,128,level_index=2;requested_dt=1.5e-07,5550.0,0.0008324730324390225,1.4999514098001642e-07,0.0005,186.40734513919085,153.15780068157494,0.015625,0.0078125,0.0017894525448872646,0.0029405345158940274,4.9150407796331785e-06,0.096,1.0,0.0,0.0,True,euler,1.0000083576411771,-1.5009831567151235,-1.3962634015954636,stability-verified-in-model
outputs/hou_time_refinement_v1,hou_time_refinement_v1,hou_time_refinement_v1/nr65/nz128/level_index=2/requested_dt=1.5e-07,65,128,level_index=2;requested_dt=1.5e-07,5575.0,0.0008362229109635225,1.4999514098001642e-07,0.0005,186.692679258545,153.41128605502723,0.015625,0.0078125,0.0017921916637006366,0.002945401277407928,4.9150407796331785e-06,0.096,1.0,0.0,0.0,True,euler,1.0000083929015673,-1.5009831567151235,-1.3962634015954636,stability-verified-in-model
outputs/hou_time_refinement_v1,hou_time_refinement_v1,hou_time_refinement_v1/nr65/nz128/level_index=2/requested_dt=1.5e-07,65,128,level_index=2;requested_dt=1.5e-07,5600.0,0.0008399727894880224,1.4999514098001642e-07,0.0005,186.9751445865976,153.66257531230832,0.015625,0.0078125,0.0017949032430096424,0.002950225874857226,4.9150407796331785e-06,0.096,1.0,0.0,0.0,True,euler,1.0000084278945216,-1.5009831567151235,-1.3962634015954636,stability-verified-in-model
outputs/hou_time_refinement_v1,hou_time_refinement_v1,hou_time_refinement_v1/nr65/nz128/level_index=2/requested_dt=1.5e-07,65,128,level_index=2;requested_dt=1.5e-07,5625.0,0.0008437226680125223,1.4999514098001642e-07,0.0005,187.25477028165275,153.91169269888968,0.015625,0.0078125,0.0017975875627249342,0.002955008773739894,4.9150407796331785e-06,0.096,1.0,0.0,0.0,True,euler,1.0000084626219676,-1.5009831567151235,-1.3962634015954636,stability-verified-in-model
outputs/hou_time_refinement_v1,hou_time_refinement_v1,hou_time_refinement_v1/nr65/nz128/level_index=2/requested_dt=1.5e-07,65,128,level_index=2;requested_dt=1.5e-07,5650.0,0.0008474725465370223,1.4999514098001642e-07,0.0005,187.53158506953108,154.1586622676105,0.015625,0.0078125,0.0018002448986054564,0.002959750435855485,4.9150407796331785e-06,0.096,1.0,0.0,0.0,True,euler,1.000008497085831,-1.5009831567151235,-1.3962634015954636,stability-verified-in-model
outputs/hou_time_refinement_v1,hou_time_refinement_v1,hou_time_refinement_v1/nr65/nz128/level_index=2/requested_dt=1.5e-07,65,128,level_index=2;requested_dt=1.5e-07,5675.0,0.0008512224250615222,1.4999514098001642e-07,0.0005,187.80561723990684,154.4035078783001,0.015625,0.0078125,0.001802875522223285,0.002964451319297882,4.9150407796331785e-06,0.096,1.0,0.0,0.0,True,euler,1.0000085312880354,-1.5009831567151235,-1.3962634015954636,stability-verified-in-model
outputs/hou_time_refinement_v1,hou_time_refinement_v1,hou_time_refinement_v1/nr65/nz128/level_index=2/requested_dt=1.5e-07,65,128,level_index=2;requested_dt=1.5e-07,5700.0,0.0008549723035860222,1.4999514098001642e-07,0.0005,188.07689464280696,154.6462531974567,0.015625,0.0078125,0.0018054797009300176,0.0029691118784491307,4.9150407796331785e-06,0.096,1.0,0.0,0.0,True,euler,1.0000085652305024,-1.5009831567151235,-1.3962634015954636,stability-verified-in-model
outputs/hou_time_refinement_v1,hou_time_refinement_v1,hou_time_refinement_v1/nr65/nz128/level_index=2/requested_dt=1.5e-07,65,128,level_index=2;requested_dt=1.5e-07,5725.0,0.0008587221821105221,1.4999514098001642e-07,0.0005,188.34544468526903,154.88692169798395,0.015625,0.0078125,0.001808057697824692,0.002973732563974383,4.9150407796331785e-06,0.096,1.0,0.0,0.0,True,euler,1.0000085989151504,-1.5009831567151235,-1.3962634015954636,stability-verified-in-model
outputs/hou_time_refinement_v1,hou_time_refinement_v1,hou_time_refinement_v1/nr65/nz128/level_index=2/requested_dt=1.5e-07,65,128,level_index=2;requested_dt=1.5e-07,5750.0,0.000862472060635022,1.4999514098001642e-07,0.0005,188.61129432815494,155.12553665898344,0.015625,0.0078125,0.0018106097717231983,0.0029783138228179104,4.9150407796331785e-06,0.096,1.0,0.0,0.0,True,euler,1.0000086323438921,-1.5009831567151235,-1.3962634015954636,stability-verified-in-model
outputs/hou_time_refinement_v1,hou_time_refinement_v1,hou_time_refinement_v1/nr65/nz128/level_index=2/requested_dt=1.5e-07,65,128,level_index=2;requested_dt=1.5e-07,5775.0,0.000866221939159522,1.4999514098001642e-07,0.0005,188.87447008312006,155.36212116560023,0.015625,0.0078125,0.0018131361771291832,0.0029828560982001406,4.9150407796331785e-06,0.096,1.0,0.0,0.0,True,euler,1.0000086655186355,-1.5009831567151235,-1.3962634015954636,stability-verified-in-model
outputs/hou_time_refinement_v1,hou_time_refinement_v1,hou_time_refinement_v1/nr65/nz128/level_index=2/requested_dt=1.5e-07,65,128,level_index=2;requested_dt=1.5e-07,5800.0,0.0008699718176840219,1.4999514098001642e-07,0.0005,189.13499800973298,155.5966981089223,0.015625,0.0078125,0.0018156371642064017,0.0029873598296157257,4.9150407796331785e-06,0.096,1.0,0.0,0.0,True,euler,1.0000086984412815,-1.5009831567151235,-1.3962634015954636,stability-verified-in-model
outputs/hou_time_refinement_v1,hou_time_refinement_v1,hou_time_refinement_v1/nr65/nz128/level_index=2/requested_dt=1.5e-07,65,128,level_index=2;requested_dt=1.5e-07,5825.0,0.0008737216962085219,1.4999514098001642e-07,0.0005,189.39290371274504,155.8292901859303,0.015625,0.0078125,0.0018181129787525035,0.0029918254528325766,4.9150407796331785e-06,0.096,1.0,0.0,0.0,True,euler,1.000008731113725,-1.5009831567151235,-1.3962634015954636,stability-verified-in-model
outputs/hou_time_refinement_v1,hou_time_refinement_v1,hou_time_refinement_v1/nr65/nz128/level_index=2/requested_dt=1.5e-07,65,128,level_index=2;requested_dt=1.5e-07,5850.0,0.0008774715747330218,1.4999514098001642e-07,0.0005,189.64821233950602,156.05991989949746,0.015625,0.0078125,0.0018205638621742268,0.0029962533998918644,4.9150407796331785e-06,0.096,1.0,0.0,0.0,True,euler,1.0000087635378514,-1.5009831567151235,-1.3962634015954636,stability-verified-in-model
outputs/hou_time_refinement_v1,hou_time_refinement_v1,hou_time_refinement_v1/nr65/nz128/level_index=2/requested_dt=1.5e-07,65,128,level_index=2;requested_dt=1.5e-07,5875.0,0.0008812214532575218,1.4999514098001642e-07,0.0005,189.90094857752428,156.28860955843845,0.015625,0.0078125,0.0018229900514639746,0.003000644099108956,4.9150407796331785e-06,0.096,1.0,0.0,0.0,True,euler,1.0000087957619699,-1.5009831567151235,-1.4049900478554354,stability-verified-in-model
outputs/hou_time_refinement_v1,hou_time_refinement_v1,hou_time_refinement_v1/nr65/nz128/level_index=2/requested_dt=1.5e-07,65,128,level_index=2;requested_dt=1.5e-07,5900.0,0.0008849713317820217,1.4999514098001642e-07,0.0005,190.15113665216805,156.51538127760463,0.015625,0.0078125,0.0018253917791777481,0.003004997975075242,4.9150407796331785e-06,0.096,1.0,0.0,0.0,True,euler,1.0000088277555161,-1.5009831567151235,-1.4049900478554354,stability-verified-in-model
outputs/hou_time_refinement_v1,hou_time_refinement_v1,hou_time_refinement_v1/nr65/nz128/level_index=2/requested_dt=1.5e-07,65,128,level_index=2;requested_dt=1.5e-07,5925.0,0.0008887212103065216,1.4999514098001642e-07,0.0005,190.39880032450642,156.74025697802594,0.015625,0.0078125,0.0018277692734144217,0.0030093154486608644,4.9150407796331785e-06,0.096,1.0,0.0,0.0,True,euler,1.0000088595059098,-1.5009831567151235,-1.4049900478554354,stability-verified-in-model
outputs/hou_time_refinement_v1,hou_time_refinement_v1,hou_time_refinement_v1/nr65/nz128/level_index=2/requested_dt=1.5e-07,65,128,level_index=2;requested_dt=1.5e-07,5950.0,0.0008924710888310216,1.4999514098001642e-07,0.0005,190.6439628892855,156.96325838709677,0.015625,0.0078125,0.0018301227577963133,0.003013596937018282,4.9150407796331785e-06,0.096,1.0,0.0,0.0,True,euler,1.000008891015001,-1.5009831567151235,-1.4049900478554354,stability-verified-in-model
outputs/hou_time_refinement_v1,hou_time_refinement_v1,hou_time_refinement_v1/nr65/nz128/level_index=2/requested_dt=1.5e-07,65,128,level_index=2;requested_dt=1.5e-07,5975.0,0.0008962209673555215,1.4999514098001642e-07,0.0005,190.88664717303953,157.18440703880577,0.015625,0.0078125,0.001832452451451054,0.0030178428535866824,4.9150407796331785e-06,0.096,1.0,0.0,0.0,True,euler,1.0000089222846273,-1.5009831567151235,-1.4049900478554354,stability-verified-in-model
outputs/hou_time_refinement_v1,hou_time_refinement_v1,hou_time_refinement_v1/nr65/nz128/level_index=2/requested_dt=1.5e-07,65,128,level_index=2;requested_dt=1.5e-07,6000.0,0.0008999708458800215,1.4999514098001642e-07,0.0005,191.1268755323328,157.403724274007,0.015625,0.0078125,0.0018347585689947078,0.003022053608097192,4.9150407796331785e-06,0.096,1.0,0.0,0.0,True,euler,1.000008953316615,-1.5009831567151235,-1.4049900478554354,stability-verified-in-model
outputs/hou_time_refinement_v1,hou_time_refinement_v1,hou_time_refinement_v1/nr65/nz128/level_index=2/requested_dt=1.5e-07,65,128,level_index=2;requested_dt=1.5e-07,6025.0,0.0009037207244045214,1.4999514098001642e-07,0.0005,191.3646698521296,157.621231240733,0.015625,0.0078125,0.0018370413205161266,0.0030262296065788822,4.9150407796331785e-06,0.096,1.0,0.0,0.0,True,euler,1.0000089841127764,-1.5009831567151235,-1.4049900478554354,stability-verified-in-model
outputs/hou_time_refinement_v1,hou_time_refinement_v1,hou_time_refinement_v1/nr65/nz128/level_index=2/requested_dt=1.5e-07,65,128,level_index=2;requested_dt=1.5e-07,6050.0,0.0009074706029290213,1.4999514098001642e-07,0.0005,191.6000515442908,157.83694889454648,0.015625,0.0078125,0.001839300911562516,0.0030303712513655226,4.9150407796331785e-06,0.096,1.0,0.0,0.0,True,euler,1.00000901467491,-1.5009831567151235,-1.4049900478554354,stability-verified-in-model
outputs/hou_time_refinement_v1,hou_time_refinement_v1,hou_time_refinement_v1/nr65/nz128/level_index=2/requested_dt=1.5e-07,65,128,level_index=2;requested_dt=1.5e-07,6075.0,0.0009112204814535213,1.4999514098001642e-07,0.0005,191.83304154619395,158.0508979989315,0.015625,0.0078125,0.0018415375431261895,0.0030344789411030945,4.9150407796331785e-06,0.096,1.0,0.0,0.0,True,euler,1.000009045004801,-1.5009831567151235,-1.4049900478554354,stability-verified-in-model
outputs/hou_time_refinement_v1,hou_time_refinement_v1,hou_time_refinement_v1/nr65/nz128/level_index=2/requested_dt=1.5e-07,65,128,level_index=2;requested_dt=1.5e-07,6100.0,0.0009149703599780212,1.4999514098001642e-07,0.0005,192.06366031947323,158.26309912572117,0.015625,0.0078125,0.0018437514116324718,0.0030385530707579982,4.9150407796331785e-06,0.096,1.0,0.0,0.0,True,euler,1.0000090751042177,-1.5009831567151235,-1.4049900478554354,stability-verified-in-model
outputs/hou_time_refinement_v1,hou_time_refinement_v1,hou_time_refinement_v1/nr65/nz128/level_index=2/requested_dt=1.5e-07,65,128,level_index=2;requested_dt=1.5e-07,6125.0,0.0009187202385025212,1.4999514098001642e-07,0.0005,192.2919278488784,158.47357265556235,0.015625,0.0078125,0.0018459427089287464,0.0030425940316259775,4.9150407796331785e-06,0.096,1.0,0.0,0.0,True,euler,1.0000091049749138,-1.5009831567151235,-1.4049900478554354,stability-verified-in-model
outputs/hou_time_refinement_v1,hou_time_refinement_v1,hou_time_refinement_v1/nr65/nz128/level_index=2/requested_dt=1.5e-07,65,128,level_index=2;requested_dt=1.5e-07,6150.0,0.0009224701170270211,1.4999514098001642e-07,0.0005,192.51786364124862,158.6823387784154,0.015625,0.0078125,0.0018481116222746027,0.0030466022113417148,4.9150407796331785e-06,0.096,1.0,0.0,0.0,True,euler,1.0000091346186266,-1.5009831567151235,-1.4049900478554354,stability-verified-in-model
outputs/hou_time_refinement_v1,hou_time_refinement_v1,hou_time_refinement_v1/nr65/nz128/level_index=2/requested_dt=1.5e-07,65,128,level_index=2;requested_dt=1.5e-07,6175.0,0.000926219995551521,1.4999514098001642e-07,0.0005,192.74148672460046,158.8894174940875,0.015625,0.0078125,0.0018502583343330823,0.003050577993889068,4.9150407796331785e-06,0.096,1.0,0.0,0.0,True,euler,1.000009164037077,-1.5009831567151235,-1.4049900478554354,stability-verified-in-model
outputs/hou_time_refinement_v1,hou_time_refinement_v1,hou_time_refinement_v1/nr65/nz128/level_index=2/requested_dt=1.5e-07,65,128,level_index=2;requested_dt=1.5e-07,6200.0,0.000929969874076021,1.4999514098001642e-07,0.0005,192.96281564732394,159.09482861279963,0.015625,0.0078125,0.0018523830231629615,0.0030545217596119594,4.9150407796331785e-06,0.096,1.0,0.0,0.0,True,euler,1.000009193231968,-1.5009831567151235,-1.4049900478554354,stability-verified-in-model
outputs/hou_time_refinement_v1,hou_time_refinement_v1,hou_time_refinement_v1/nr65/nz128/level_index=2/requested_dt=1.5e-07,65,128,level_index=2;requested_dt=1.5e-07,6225.0,0.0009337197526005209,1.4999514098001642e-07,0.0005,193.18186847748922,159.29859175578528,0.015625,0.0078125,0.001854485862212095,0.003058433885225868,4.9150407796331785e-06,0.096,1.0,0.0,0.0,True,euler,1.0000092222049846,-1.5009831567151235,-1.4049900478554354,stability-verified-in-model
outputs/hou_time_refinement_v1,hou_time_refinement_v1,hou_time_refinement_v1/nr65/nz128/level_index=2/requested_dt=1.5e-07,65,128,level_index=2;requested_dt=1.5e-07,6250.0,0.0009374696311250209,1.4999514098001642e-07,0.0005,193.39866280225624,159.50072635592016,0.015625,0.0078125,0.0018565670203117494,0.003062314743829922,4.9150407796331785e-06,0.096,1.0,0.0,0.0,True,euler,1.000009250957794,-1.5009831567151235,-1.4049900478554354,stability-verified-in-model
outputs/hou_time_refinement_v1,hou_time_refinement_v1,hou_time_refinement_v1/nr65/nz128/level_index=2/requested_dt=1.5e-07,65,128,level_index=2;requested_dt=1.5e-07,6275.0,0.0009412195096495208,1.4999514098001642e-07,0.0005,193.6132157273879,159.7012516583819,0.015625,0.0078125,0.0018586266616719286,0.0030661647049195612,4.9150407796331785e-06,0.096,1.0,0.0,0.0,True,euler,1.0000092794920448,-1.5009831567151235,-1.4049900478554354,stability-verified-in-model
outputs/hou_time_refinement_v1,hou_time_refinement_v1,hou_time_refinement_v1/nr65/nz128/level_index=2/requested_dt=1.5e-07,65,128,level_index=2;requested_dt=1.5e-07,6300.0,0.0009449693881740207,1.4999514098001642e-07,0.0005,193.82554387686343,159.90018672133854,0.015625,0.0078125,0.0018606649458776635,0.00306998413439976,4.9150407796331785e-06,0.096,1.0,0.0,0.0,True,euler,1.0000093078093648,-1.5009831567151235,-1.4049900478554354,stability-verified-in-model
outputs/hou_time_refinement_v1,hou_time_refinement_v1,hou_time_refinement_v1/nr65/nz128/level_index=2/requested_dt=1.5e-07,65,128,level_index=2;requested_dt=1.5e-07,6325.0,0.0009487192666985207,1.4999514098001642e-07,0.0005,194.04805294111813,160.09755041666585,0.015625,0.0078125,0.0018628009636992451,0.0030737733945987943,4.9150407796331785e-06,0.096,1.0,0.0,0.0,True,euler,1.0000093364916256,-1.5009831567151235,-1.4049900478554354,stability-verified-in-model
outputs/hou_time_refinement_v1,hou_time_refinement_v1,hou_time_refinement_v1/nr65/nz128/level_index=2/requested_dt=1.5e-07,65,128,level_index=2;requested_dt=1.5e-07,6350.0,0.0009524691452230206,1.4999514098001642e-07,0.0005,194.29824227940503,160.29336143069074,0.015625,0.0078125,0.0018652027035435997,0.0030775328442825198,4.9150407796331785e-06,0.096,1.0,0.0,0.0,True,euler,1.00000936636235,-1.5009831567151235,-1.4049900478554354,stability-verified-in-model
outputs/hou_time_refinement_v1,hou_time_refinement_v1,hou_time_refinement_v1/nr65/nz128/level_index=2/requested_dt=1.5e-07,65,128,level_index=2;requested_dt=1.5e-07,6375.0,0.0009562190237475206,1.4999514098001642e-07,0.0005,194.54713382452238,160.48763826496122,0.015625,0.0078125,0.0018675919849771108,0.00308126283866915,4.9150407796331785e-06,0.096,1.0,0.0,0.0,True,euler,1.0000093961010275,-1.5009831567151235,-1.413716694115407,stability-verified-in-model
outputs/hou_time_refinement_v1,hou_time_refinement_v1,hou_time_refinement_v1/nr65/nz128/level_index=2/requested_dt=1.5e-07,65,128,level_index=2;requested_dt=1.5e-07,6400.0,0.0009599689022720205,1.4999514098001642e-07,0.0005,194.7947426871292,160.680399237042,0.015625,0.0078125,0.0018699689530574058,0.003084963729444536,4.9150407796331785e-06,0.096,1.0,0.0,0.0,True,euler,1.00000942569271,-1.5009831567151235,-1.413716694115407,stability-verified-in-model
outputs/hou_time_refinement_v1,hou_time_refinement_v1,hou_time_refinement_v1/nr65/nz128/level_index=2/requested_dt=1.5e-07,65,128,level_index=2;requested_dt=1.5e-07,6425.0,0.0009637187807965204,1.4999514098001642e-07,0.0005,195.04108345829542,160.88207348426306,0.015625,0.0078125,0.001872333747854219,0.0030888357495589634,4.9150407796331785e-06,0.096,1.0,0.0,0.0,True,euler,1.0000094560924557,-1.5009831567151235,-1.413716694115407,stability-verified-in-model
outputs/hou_time_refinement_v1,hou_time_refinement_v1,hou_time_refinement_v1/nr65/nz128/level_index=2/requested_dt=1.5e-07,65,128,level_index=2;requested_dt=1.5e-07,6450.0,0.0009674686593210204,1.4999514098001642e-07,0.0005,195.28617021110333,161.08348346180634,0.015625,0.0078125,0.0018746865044647633,0.0030927026958599405,4.9150407796331785e-06,0.096,1.0,0.0,0.0,True,euler,1.0000094864465991,-1.5009831567151235,-1.413716694115407,stability-verified-in-model
outputs/hou_time_refinement_v1,hou_time_refinement_v1,hou_time_refinement_v1/nr65/nz128/level_index=2/requested_dt=1.5e-07,65,128,level_index=2;requested_dt=1.5e-07,6475.0,0.0009712185378455203,1.4999514098001642e-07,0.0005,195.53001650227878,161.28335994013767,0.015625,0.0078125,0.0018770273530293916,0.0030965401999298154,4.9150407796331785e-06,0.096,1.0,0.0,0.0,True,euler,1.000009516636766,-1.5009831567151235,-1.413716694115407,stability-verified-in-model
outputs/hou_time_refinement_v1,hou_time_refinement_v1,hou_time_refinement_v1/nr65/nz128/level_index=2/requested_dt=1.5e-07,65,128,level_index=2;requested_dt=1.5e-07,6500.0,0.0009749684163700203,1.4999514098001642e-07,0.0005,195.77263537385033,161.48171984006748,0.015625,0.0078125,0.0018793564187475221,0.003100348586637624,4.9150407796331785e-06,0.096,1.0,0.0,0.0,True,euler,1.0000095466644052,-1.5009831567151235,-1.413716694115407,stability-verified-in-model
outputs/hou_time_refinement_v1,hou_time_refinement_v1,hou_time_refinement_v1/nr65/nz128/level_index=2/requested_dt=1.5e-07,65,128,level_index=2;requested_dt=1.5e-07,6525.0,0.0009787182948945217,1.4999514098001642e-07,0.0005,196.01403935483071,161.6785799206893,0.015625,0.0078125,0.0018816738218937806,0.0031041281777475383,4.9150407796331785e-06,0.096,1.0,0.0,0.0,True,euler,1.0000095765309414,-1.5009831567151235,-1.413716694115407,stability-verified-in-model
outputs/hou_time_refinement_v1,hou_time_refinement_v1,hou_time_refinement_v1/nr65/nz128/level_index=2/requested_dt=1.5e-07,65,128,level_index=2;requested_dt=1.5e-07,6550.0,0.0009824681734190244,1.4999514098001642e-07,0.0005,196.2542404629208,161.87395678007888,0.015625,0.0078125,0.0018839796778343583,0.0031078792919322904,4.9150407796331785e-06,0.096,1.0,0.0,0.0,True,euler,1.0000096062377755,-1.5009831567151235,-1.413716694115407,stability-verified-in-model
outputs/hou_time_refinement_v1,hou_time_refinement_v1,hou_time_refinement_v1/nr65/nz128/level_index=2/requested_dt=1.5e-07,65,128,level_index=2;requested_dt=1.5e-07,6575.0,0.000986218051943527,1.4999514098001642e-07,0.0005,196.49325020623115,162.06786685601534,0.015625,0.0078125,0.0018862740970435382,0.0031116022447870146,4.9150407796331785e-06,0.096,1.0,0.0,0.0,True,euler,1.0000096357862838,-1.5009831567151235,-1.413716694115407,stability-verified-in-model
outputs/hou_time_refinement_v1,hou_time_refinement_v1,hou_time_refinement_v1/nr65/nz128/level_index=2/requested_dt=1.5e-07,65,128,level_index=2;requested_dt=1.5e-07,6600.0,0.0009899679304680297,1.4999514098001642e-07,0.0005,196.73107958501893,162.26032642671964,0.015625,0.0078125,0.0018885571851203677,0.00311529734884343,4.9150407796331785e-06,0.096,1.0,0.0,0.0,True,euler,1.000009665179341,-1.509709802975095,-1.413716694115407,stability-verified-in-model
outputs/hou_time_refinement_v1,hou_time_refinement_v1,hou_time_refinement_v1/nr65/nz128/level_index=2/requested_dt=1.5e-07,65,128,level_index=2;requested_dt=1.5e-07,6625.0,0.0009937178089925323,1.4999514098001642e-07,0.0005,196.9677390934373,162.45135161161335,0.015625,0.0078125,0.0018908290428054542,0.003118964913584405,4.9150407796331785e-06,0.096,1.0,0.0,0.0,True,euler,1.0000096944280243,-1.509709802975095,-1.413716694115407,stability-verified-in-model
outputs/hou_time_refinement_v1,hou_time_refinement_v1,hou_time_refinement_v1/nr65/nz128/level_index=2/requested_dt=1.5e-07,65,128,level_index=2;requested_dt=1.5e-07,6650.0,0.000997467687517035,1.4999514098001642e-07,0.0005,197.20323872129558,162.64095837209402,0.015625,0.0078125,0.0018930897659978601,0.0031226052454588447,4.9150407796331785e-06,0.096,1.0,0.0,0.0,True,euler,1.0000097235223073,-1.509709802975095,-1.413716694115407,stability-verified-in-model
outputs/hou_time_refinement_v1,hou_time_refinement_v1,hou_time_refinement_v1/nr65/nz128/level_index=2/requested_dt=1.5e-07,65,128,level_index=2;requested_dt=1.5e-07,6675.0,0.0010012175660415376,1.4999514098001642e-07,0.0005,197.43758795582562,162.82916251232916,0.015625,0.0078125,0.0018953394457720612,0.0031262186478969367,4.9150407796331785e-06,0.096,1.0,0.0,0.0,True,euler,1.0000097524634681,-1.509709802975095,-1.413716694115407,stability-verified-in-model
outputs/hou_time_refinement_v1,hou_time_refinement_v1,hou_time_refinement_v1/nr65/nz128/level_index=2/requested_dt=1.5e-07,65,128,level_index=2;requested_dt=1.5e-07,6700.0,0.0010049674445660403,1.4999514098001642e-07,0.0005,197.67079578345403,163.01597968006536,0.015625,0.0078125,0.0018975781683949582,0.0031298054213256825,4.9150407796331785e-06,0.096,1.0,0.0,0.0,True,euler,1.0000097812527595,-1.509709802975095,-1.413716694115407,stability-verified-in-model
outputs/hou_time_refinement_v1,hou_time_refinement_v1,hou_time_refinement_v1/nr65/nz128/level_index=2/requested_dt=1.5e-07,65,128,level_index=2;requested_dt=1.5e-07,6725.0,0.001008717323090543,1.4999514098001642e-07,0.0005,197.90287069157577,163.2014253674542,0.015625,0.0078125,0.0018998060153429036,0.003133365863184758,4.9150407796331785e-06,0.096,1.0,0.0,0.0,True,euler,1.0000098098914085,-1.509709802975095,-1.413716694115407,stability-verified-in-model
outputs/hou_time_refinement_v1,hou_time_refinement_v1,hou_time_refinement_v1/nr65/nz128/level_index=2/requested_dt=1.5e-07,65,128,level_index=2;requested_dt=1.5e-07,6750.0,0.0010124672016150456,1.4999514098001642e-07,0.0005,198.13382067032782,163.38551491189344,0.015625,0.0078125,0.0019020230633187273,0.00313690026794266,4.9150407796331785e-06,0.096,1.0,0.0,0.0,True,euler,1.0000098383806166,-1.509709802975095,-1.413716694115407,stability-verified-in-model
outputs/hou_time_refinement_v1,hou_time_refinement_v1,hou_time_refinement_v1/nr65/nz128/level_index=2/requested_dt=1.5e-07,65,128,level_index=2;requested_dt=1.5e-07,6775.0,0.0010162170801395482,1.4999514098001642e-07,0.0005,198.36365321436062,163.56826349688248,0.015625,0.0078125,0.001904229384268743,0.0031404089271131344,4.9150407796331785e-06,0.096,1.0,0.0,0.0,True,euler,1.0000098667215591,-1.509709802975095,-1.413716694115407,stability-verified-in-model
outputs/hou_time_refinement_v1,hou_time_refinement_v1,hou_time_refinement_v1/nr65/nz128/level_index=2/requested_dt=1.5e-07,65,128,level_index=2;requested_dt=1.5e-07,6800.0,0.001019966958664051,1.4999514098001642e-07,0.0005,198.59237532460327,163.74968615289205,0.015625,0.0078125,0.001906425045399693,0.0031438921292718702,4.9150407796331785e-06,0.096,1.0,0.0,0.0,True,euler,1.0000098949153855,-1.509709802975095,-1.413716694115407,stability-verified-in-model
outputs/hou_time_refinement_v1,hou_time_refinement_v1,hou_time_refinement_v1/nr65/nz128/level_index=2/requested_dt=1.5e-07,65,128,level_index=2;requested_dt=1.5e-07,6825.0,0.0010237168371885535,1.4999514098001642e-07,0.0005,198.81999351002275,163.9297977582472,0.015625,0.0078125,0.001908610109195636,0.003147350160073455,4.9150407796331785e-06,0.096,1.0,0.0,0.0,True,euler,1.0000099229632182,-1.509709802975095,-1.413716694115407,stability-verified-in-model
outputs/hou_time_refinement_v1,hou_time_refinement_v1,hou_time_refinement_v1/nr65/nz128/level_index=2/requested_dt=1.5e-07,65,128,level_index=2;requested_dt=1.5e-07,6850.0,0.0010274667157130562,1.4999514098001642e-07,0.0005,199.0465137893728,164.1086130400235,0.015625,0.0078125,0.0019107846334347363,0.0031507833022685807,4.9150407796331785e-06,0.096,1.0,0.0,0.0,True,euler,1.000009950866154,-1.509709802975095,-1.413716694115407,stability-verified-in-model
outputs/hou_time_refinement_v1,hou_time_refinement_v1,hou_time_refinement_v1/nr65/nz128/level_index=2/requested_dt=1.5e-07,65,128,level_index=2;requested_dt=1.5e-07,6875.0,0.0010312165942375588,1.4999514098001642e-07,0.0005,199.27194169293085,164.28614657495484,0.015625,0.0078125,0.0019129486712059377,0.0031541918357214714,4.9150407796331785e-06,0.096,1.0,0.0,0.0,True,euler,1.000009978625263,-1.509709802975095,-1.413716694115407,stability-verified-in-model
outputs/hou_time_refinement_v1,hou_time_refinement_v1,hou_time_refinement_v1/nr65/nz128/level_index=2/requested_dt=1.5e-07,65,128,level_index=2;requested_dt=1.5e-07,6900.0,0.0010349664727620615,1.4999514098001642e-07,0.0005,199.49628226422124,164.46241279035337,0.015625,0.0078125,0.001915102270925505,0.003157576037427547,4.9150407796331785e-06,0.096,1.0,0.0,0.0,True,euler,1.0000100062415878,-1.509709802975095,-1.413716694115407,stability-verified-in-model
outputs/hou_time_refinement_v1,hou_time_refinement_v1,hou_time_refinement_v1/nr65/nz128/level_index=2/requested_dt=1.5e-07,65,128,level_index=2;requested_dt=1.5e-07,6925.0,0.0010387163512865641,1.4999514098001642e-07,0.0005,199.7195400617223,164.63742596504022,0.015625,0.0078125,0.0019172454763534128,0.0031609361815312926,4.9150407796331785e-06,0.096,1.0,0.0,0.0,True,euler,1.0000100337161448,-1.509709802975095,-1.413716694115407,stability-verified-in-model
outputs/hou_time_refinement_v1,hou_time_refinement_v1,hou_time_refinement_v1/nr65/nz128/level_index=2/requested_dt=1.5e-07,65,128,level_index=2;requested_dt=1.5e-07,6950.0,0.0010424662298110668,1.4999514098001642e-07,0.0005,199.94171916055552,164.81120023028743,0.015625,0.0078125,0.0019193783266095602,0.0031642725393443427,4.9150407796331785e-06,0.096,1.0,0.0,0.0,True,euler,1.0000100610499232,-1.509709802975095,-1.413716694115407,stability-verified-in-model
outputs/hou_time_refinement_v1,hou_time_refinement_v1,hou_time_refinement_v1/nr65/nz128/level_index=2/requested_dt=1.5e-07,65,128,level_index=2;requested_dt=1.5e-07,6975.0,0.0010462161083355695,1.4999514098001642e-07,0.0005,200.16282315415424,164.98374957076894,0.015625,0.0078125,0.0019215008561897895,0.003167585379363739,4.9150407796331785e-06,0.096,1.0,0.0,0.0,True,euler,1.0000100882811638,-1.509709802975095,-1.4224433403753787,stability-verified-in-model
outputs/hou_time_refinement_v1,hou_time_refinement_v1,hou_time_refinement_v1/nr65/nz128/level_index=2/requested_dt=1.5e-07,65,128,level_index=2;requested_dt=1.5e-07,7000.0,0.001049965986860072,1.4999514098001642e-07,0.0005,200.38285515591014,165.1550878255218,0.015625,0.0078125,0.0019236130949816929,0.0031708749672903856,4.9150407796331785e-06,0.096,1.0,0.0,0.0,True,euler,1.000010115380854,-1.509709802975095,-1.4224433403753787,stability-verified-in-model
outputs/hou_time_refinement_v1,hou_time_refinement_v1,hou_time_refinement_v1/nr65/nz128/level_index=2/requested_dt=1.5e-07,65,128,level_index=2;requested_dt=1.5e-07,7025.0,0.0010537158653845748,1.4999514098001642e-07,0.0005,200.60181780079665,165.3252286889161,0.015625,0.0078125,0.0019257150682801959,0.0031741415660476707,4.9150407796331785e-06,0.096,1.0,0.0,0.0,True,euler,1.0000101423423227,-1.509709802975095,-1.4224433403753787,stability-verified-in-model
outputs/hou_time_refinement_v1,hou_time_refinement_v1,hou_time_refinement_v1/nr65/nz128/level_index=2/requested_dt=1.5e-07,65,128,level_index=2;requested_dt=1.5e-07,7050.0,0.0010574657439090774,1.4999514098001642e-07,0.0005,200.81971324696573,165.49418571163335,0.015625,0.0078125,0.0019278067968028863,0.0031773854358002514,4.9150407796331785e-06,0.096,1.0,0.0,0.0,True,euler,1.0000101691664502,-1.509709802975095,-1.4224433403753787,stability-verified-in-model
outputs/hou_time_refinement_v1,hou_time_refinement_v1,hou_time_refinement_v1/nr65/nz128/level_index=2/requested_dt=1.5e-07,65,128,level_index=2;requested_dt=1.5e-07,7075.0,0.00106121562243358,1.4999514098001642e-07,0.0005,201.03654317731738,165.66197230165312,0.015625,0.0078125,0.0019298882967050803,0.0031806068339729964,4.9150407796331785e-06,0.096,1.0,0.0,0.0,True,euler,1.0000101958540915,-1.509709802975095,-1.4224433403753787,stability-verified-in-model
outputs/hou_time_refinement_v1,hou_time_refinement_v1,hou_time_refinement_v1/nr65/nz128/level_index=2/requested_dt=1.5e-07,65,128,level_index=2;requested_dt=1.5e-07,7100.0,0.0010649655009580827,1.4999514098001642e-07,0.0005,201.25230880104004,165.82860172524647,0.015625,0.0078125,0.0019319595795946113,0.0031838060152700595,4.9150407796331785e-06,0.096,1.0,0.0,0.0,True,euler,1.0000102224060718,-1.509709802975095,-1.4224433403753787,stability-verified-in-model
outputs/hou_time_refinement_v1,hou_time_refinement_v1,hou_time_refinement_v1/nr65/nz128/level_index=2/requested_dt=1.5e-07,65,128,level_index=2;requested_dt=1.5e-07,7125.0,0.0010687153794825854,1.4999514098001642e-07,0.0005,201.46701085512026,165.99408710797752,0.015625,0.0078125,0.0019340206525463209,0.0031869832316941075,4.9150407796331785e-06,0.096,1.0,0.0,0.0,True,euler,1.000010248823189,-1.509709802975095,-1.4224433403753787,stability-verified-in-model
outputs/hou_time_refinement_v1,hou_time_refinement_v1,hou_time_refinement_v1/nr65/nz128/level_index=2/requested_dt=1.5e-07,65,128,level_index=2;requested_dt=1.5e-07,7150.0,0.001072465258007088,1.4999514098001642e-07,0.0005,201.68064960581916,166.15844143571059,0.015625,0.0078125,0.0019360715181162328,0.003190138732565659,4.9150407796331785e-06,0.096,1.0,0.0,0.0,True,euler,1.0000102751062132,-1.509709802975095,-1.4224433403753787,stability-verified-in-model
outputs/hou_time_refinement_v1,hou_time_refinement_v1,hou_time_refinement_v1/nr65/nz128/level_index=2/requested_dt=1.5e-07,65,128,level_index=2;requested_dt=1.5e-07,7175.0,0.0010762151365315907,1.4999514098001642e-07,0.0005,201.8932248501155,166.3216775556239,0.015625,0.0078125,0.0019381121743554067,0.0031932727645425456,4.9150407796331785e-06,0.096,1.0,0.0,0.0,True,euler,1.000010301255886,-1.509709802975095,-1.4224433403753787,stability-verified-in-model
outputs/hou_time_refinement_v1,hou_time_refinement_v1,hou_time_refinement_v1/nr65/nz128/level_index=2/requested_dt=1.5e-07,65,128,level_index=2;requested_dt=1.5e-07,7200.0,0.0010799650150560933,1.4999514098001642e-07,0.0005,202.1047359171132,166.4838081772288,0.015625,0.0078125,0.0019401426148234486,0.0031963855716394813,4.9150407796331785e-06,0.096,1.0,0.0,0.0,True,euler,1.000010327272921,-1.509709802975095,-1.4224433403753787,stability-verified-in-model
outputs/hou_time_refinement_v1,hou_time_refinement_v1,hou_time_refinement_v1/nr65/nz128/level_index=2/requested_dt=1.5e-07,65,128,level_index=2;requested_dt=1.5e-07,7225.0,0.001083714893580596,1.4999514098001642e-07,0.0005,202.31518166941132,166.64484587339481,0.015625,0.0078125,0.001942162828601663,0.003199477395247739,4.9150407796331785e-06,0.096,1.0,0.0,0.0,True,euler,1.0000103531580036,-1.509709802975095,-1.4224433403753787,stability-verified-in-model
outputs/hou_time_refinement_v1,hou_time_refinement_v1,hou_time_refinement_v1/nr65/nz128/level_index=2/requested_dt=1.5e-07,65,128,level_index=2;requested_dt=1.5e-07,7250.0,0.0010874647721050986,1.4999514098001642e-07,0.0005,202.52456050443607,166.80480308137822,0.015625,0.0078125,0.0019441728003058403,0.0032025484741549063,4.9150407796331785e-06,0.096,1.0,0.0,0.0,True,euler,1.00001037891179,-1.509709802975095,-1.4224433403753787,stability-verified-in-model
outputs/hou_time_refinement_v1,hou_time_refinement_v1,hou_time_refinement_v1/nr65/nz128/level_index=2/requested_dt=1.5e-07,65,128,level_index=2;requested_dt=1.5e-07,7275.0,0.0010912146506296013,1.4999514098001642e-07,0.0005,202.73287035573344,166.96369210385683,0.015625,0.0078125,0.0019461725100986644,0.0032055990445647438,4.9150407796331785e-06,0.096,1.0,0.0,0.0,True,euler,1.000010404534909,-1.509709802975095,-1.4224433403753787,stability-verified-in-model
outputs/hou_time_refinement_v1,hou_time_refinement_v1,hou_time_refinement_v1/nr65/nz128/level_index=2/requested_dt=1.5e-07,65,128,level_index=2;requested_dt=1.5e-07,7300.0,0.001094964529154104,1.4999514098001642e-07,0.0005,202.94010869422004,167.12152510996694,0.015625,0.0078125,0.001948161933701721,0.0032086293401171005,4.9150407796331785e-06,0.096,1.0,0.0,0.0,True,euler,1.00001043002796,-1.509709802975095,-1.4224433403753787,stability-verified-in-model
outputs/hou_time_refinement_v1,hou_time_refinement_v1,hou_time_refinement_v1/nr65/nz128/level_index=2/requested_dt=1.5e-07,65,128,level_index=2;requested_dt=1.5e-07,7325.0,0.0010987144076786066,1.4999514098001642e-07,0.0005,203.14627252939263,167.27831413634527,0.015625,0.0078125,0.0019501410424071096,0.0032116395919079147,4.9150407796331785e-06,0.096,1.0,0.0,0.0,True,euler,1.0000104553915143,-1.509709802975095,-1.4224433403753787,stability-verified-in-model
outputs/hou_time_refinement_v1,hou_time_refinement_v1,hou_time_refinement_v1/nr65/nz128/level_index=2/requested_dt=1.5e-07,65,128,level_index=2;requested_dt=1.5e-07,7350.0,0.0011024642862031092,1.4999514098001642e-07,0.0005,203.35135841049396,167.4340710881739,0.015625,0.0078125,0.001952109803088633,0.0032146300285092783,4.9150407796331785e-06,0.096,1.0,0.0,0.0,True,euler,1.000010480626114,-1.509709802975095,-1.4224433403753787,stability-verified-in-model
outputs/hou_time_refinement_v1,hou_time_refinement_v1,hou_time_refinement_v1/nr65/nz128/level_index=2/requested_dt=1.5e-07,65,128,level_index=2;requested_dt=1.5e-07,7375.0,0.0011062141647276119,1.4999514098001642e-07,0.0005,203.555362427634,167.58880774022725,0.015625,0.0078125,0.0019540681782125634,0.0032176008759895367,4.9150407796331785e-06,0.096,1.0,0.0,0.0,True,euler,1.0000105057322728,-1.509709802975095,-1.4224433403753787,stability-verified-in-model
outputs/hou_time_refinement_v1,hou_time_refinement_v1,hou_time_refinement_v1/nr65/nz128/level_index=2/requested_dt=1.5e-07,65,128,level_index=2;requested_dt=1.5e-07,7400.0,0.0011099640432521145,1.4999514098001642e-07,0.0005,203.75828021286625,167.74253573792265,0.015625,0.0078125,0.0019560161258479723,0.0032205523579334596,4.9150407796331785e-06,0.096,1.0,0.0,0.0,True,euler,1.000010530710475,-1.509709802975095,-1.4224433403753787,stability-verified-in-model
outputs/hou_time_refinement_v1,hou_time_refinement_v1,hou_time_refinement_v1/nr65/nz128/level_index=2/requested_dt=1.5e-07,65,128,level_index=2;requested_dt=1.5e-07,7425.0,0.0011137139217766172,1.4999514098001642e-07,0.0005,203.96010694121725,167.89526659837253,0.015625,0.0078125,0.001957953599676615,0.0032234846954624424,4.9150407796331785e-06,0.096,1.0,0.0,0.0,True,euler,1.0000105555611767,-1.509709802975095,-1.4224433403753787,stability-verified-in-model
outputs/hou_time_refinement_v1,hou_time_refinement_v1,hou_time_refinement_v1/nr65/nz128/level_index=2/requested_dt=1.5e-07,65,128,level_index=2;requested_dt=1.5e-07,7450.0,0.0011174638003011198,1.4999514098001642e-07,0.0005,204.160837331669,168.0470117114384,0.015625,0.0078125,0.001959880549002361,0.003226398107254742,4.9150407796331785e-06,0.096,1.0,0.0,0.0,True,euler,1.0000105802848047,-1.509709802975095,-1.4224433403753787,stability-verified-in-model
outputs/hou_time_refinement_v1,hou_time_refinement_v1,hou_time_refinement_v1/nr65/nz128/level_index=2/requested_dt=1.5e-07,65,128,level_index=2;requested_dt=1.5e-07,7475.0,0.0011212136788256225,1.4999514098001642e-07,0.0005,204.3604656480931,168.19778234078652,0.015625,0.0078125,0.0019617969187601617,0.003229292809565746,4.9150407796331785e-06,0.096,1.0,0.0,0.0,True,euler,1.0000106048817563,-1.509709802975095,-1.4224433403753787,stability-verified-in-model
outputs/hou_time_refinement_v1,hou_time_refinement_v1,hou_time_refinement_v1/nr65/nz128/level_index=2/requested_dt=1.5e-07,65,128,level_index=2;requested_dt=1.5e-07,7500.0,0.0011249635573501251,1.4999514098001642e-07,0.0005,204.55898570013605,168.34758962494465,0.015625,0.0078125,0.0019637026495245486,0.003232169016248259,4.9150407796331785e-06,0.096,1.0,0.0,0.0,True,euler,1.0000106293524,-1.509709802975095,-1.4224433403753787,stability-verified-in-model
outputs/hou_time_refinement_v1,hou_time_refinement_v1,hou_time_refinement_v1/nr65/nz128/level_index=2/requested_dt=1.5e-07,65,128,level_index=2;requested_dt=1.5e-07,7525.0,0.0011287134358746278,1.4999514098001642e-07,0.0005,204.75639084405458,168.49644457835953,0.015625,0.0078125,0.0019655976775176517,0.003235026938772808,4.9150407796331785e-06,0.096,1.0,0.0,0.0,True,euler,1.0000106536970759,-1.509709802975095,-1.4224433403753787,stability-verified-in-model
outputs/hou_time_refinement_v1,hou_time_refinement_v1,hou_time_refinement_v1/nr65/nz128/level_index=2/requested_dt=1.5e-07,65,128,level_index=2;requested_dt=1.5e-07,7550.0,0.0011324633143991304,1.4999514098001642e-07,0.0005,204.95267398350057,168.64435809245515,0.015625,0.0078125,0.001967481934616737,0.0032378667862479594,4.9150407796331785e-06,0.096,1.0,0.0,0.0,True,euler,1.0000106779160933,-1.509709802975095,-1.4224433403753787,stability-verified-in-model
outputs/hou_time_refinement_v1,hou_time_refinement_v1,hou_time_refinement_v1/nr65/nz128/level_index=2/requested_dt=1.5e-07,65,128,level_index=2;requested_dt=1.5e-07,7575.0,0.001136213192923633,1.4999514098001642e-07,0.0005,205.1478275702559,168.79134093669094,0.015625,0.0078125,0.001969355348361257,0.003240688765440637,4.9150407796331785e-06,0.096,1.0,0.0,0.0,True,euler,1.0000107020097333,-1.509709802975095,-1.4224433403753787,stability-verified-in-model
outputs/hou_time_refinement_v1,hou_time_refinement_v1,hou_time_refinement_v1/nr65/nz128/level_index=2/requested_dt=1.5e-07,65,128,level_index=2;requested_dt=1.5e-07,7600.0,0.0011399630714481357,1.4999514098001642e-07,0.0005,205.34184360491435,168.9374037596201,0.015625,0.0078125,0.0019712178419593993,0.0032434930807964386,4.9150407796331785e-06,0.096,1.0,0.0,0.0,True,euler,1.0000107259782476,-1.509709802975095,-1.4224433403753787,stability-verified-in-model
outputs/hou_time_refinement_v1,hou_time_refinement_v1,hou_time_refinement_v1/nr65/nz128/level_index=2/requested_dt=1.5e-07,65,128,level_index=2;requested_dt=1.5e-07,7625.0,0.0011437129499726384,1.4999514098001642e-07,0.0005,205.53471363751225,169.08255708994778,0.015625,0.0078125,0.001973069334294141,0.003246279934459954,4.9150407796331785e-06,0.096,1.0,0.0,0.0,True,euler,1.0000107498218578,-1.509709802975095,-1.4224433403753787,stability-verified-in-model
outputs/hou_time_refinement_v1,hou_time_refinement_v1,hou_time_refinement_v1/nr65/nz128/level_index=2/requested_dt=1.5e-07,65,128,level_index=2;requested_dt=1.5e-07,7650.0,0.001147462828497141,1.4999514098001642e-07,0.0005,205.7264287681071,169.2268113375879,0.015625,0.0078125,0.0019749097399288018,0.0032490495262950574,4.9150407796331785e-06,0.096,1.0,0.0,0.0,True,euler,1.0000107735407566,-1.509709802975095,-1.4224433403753787,stability-verified-in-model
outputs/hou_time_refinement_v1,hou_time_refinement_v1,hou_time_refinement_v1/nr65/nz128/level_index=2/requested_dt=1.5e-07,65,128,level_index=2;requested_dt=1.5e-07,7675.0,0.0011512127070216437,1.4999514098001642e-07,0.0005,205.91697964730196,169.37017679471998,0.015625,0.0078125,0.001976738969112079,0.0032518020539051944,4.9150407796331785e-06,0.096,1.0,0.0,0.0,True,euler,1.0000107971351073,-1.509709802975095,-1.4224433403753787,stability-verified-in-model
outputs/hou_time_refinement_v1,hou_time_refinement_v1,hou_time_refinement_v1/nr65/nz128/level_index=2/requested_dt=1.5e-07,65,128,level_index=2;requested_dt=1.5e-07,7700.0,0.0011549625855461463,1.4999514098001642e-07,0.0005,206.10635647671825,169.51266363684462,0.015625,0.0078125,0.001978556927782584,0.0032545377126536462,4.9150407796331785e-06,0.096,1.0,0.0,0.0,True,euler,1.0000108206050435,-1.509709802975095,-1.4224433403753787,stability-verified-in-model
outputs/hou_time_refinement_v1,hou_time_refinement_v1,hou_time_refinement_v1/nr65/nz128/level_index=2/requested_dt=1.5e-07,65,128,level_index=2;requested_dt=1.5e-07,7725.0,0.001158712464070649,1.4999514098001642e-07,0.0005,206.29454900941425,169.65428192383678,0.015625,0.0078125,0.001980363517572864,0.0032572566956837567,4.9150407796331785e-06,0.096,1.0,0.0,0.0,True,euler,1.0000108439506687,-1.509709802975095,-1.4224433403753787,stability-verified-in-model
outputs/hou_time_refinement_v1,hou_time_refinement_v1,hou_time_refinement_v1/nr65/nz128/level_index=2/requested_dt=1.5e-07,65,128,level_index=2;requested_dt=1.5e-07,7750.0,0.0011624623425951516,1.4999514098001642e-07,0.0005,206.48154655025002,169.79504160099842,0.015625,0.0078125,0.001982158635812901,0.0032599591939391375,4.9150407796331785e-06,0.096,1.0,0.0,0.0,True,euler,1.0000108671980785,-1.509709802975095,-1.4311699866353502,stability-verified-in-model
outputs/hou_time_refinement_v1,hou_time_refinement_v1,hou_time_refinement_v1/nr65/nz128/level_index=2/requested_dt=1.5e-07,65,128,level_index=2;requested_dt=1.5e-07,7775.0,0.0011662122211196543,1.4999514098001642e-07,0.0005,206.6673379561994,169.93495250010878,0.015625,0.0078125,0.0019839421755331087,0.003262645396183835,4.9150407796331785e-06,0.096,1.0,0.0,0.0,True,euler,1.0000108903309184,-1.509709802975095,-1.4311699866353502,stability-verified-in-model
outputs/hou_time_refinement_v1,hou_time_refinement_v1,hou_time_refinement_v1/nr65/nz128/level_index=2/requested_dt=1.5e-07,65,128,level_index=2;requested_dt=1.5e-07,7800.0,0.001169962099644157,1.4999514098001642e-07,0.0005,206.85191163660716,170.07402434047296,0.015625,0.0078125,0.0019857140254668027,0.0032653154890224623,4.9150407796331785e-06,0.096,1.0,0.0,0.0,True,euler,1.0000109133393926,-1.509709802975095,-1.4311699866353502,stability-verified-in-model
outputs/hou_time_refinement_v1,hou_time_refinement_v1,hou_time_refinement_v1/nr65/nz128/level_index=2/requested_dt=1.5e-07,65,128,level_index=2;requested_dt=1.5e-07,7825.0,0.0011737119781686596,1.4999514098001642e-07,0.0005,207.03525555339365,170.21226672996698,0.015625,0.0078125,0.0019874740700521606,0.0032679696569202633,4.9150407796331785e-06,0.096,1.0,0.0,0.0,True,euler,1.0000109362234875,-1.509709802975095,-1.4311699866353502,stability-verified-in-model
outputs/hou_time_refinement_v1,hou_time_refinement_v1,hou_time_refinement_v1/nr65/nz128/level_index=2/requested_dt=1.5e-07,65,128,level_index=2;requested_dt=1.5e-07,7850.0,0.0011774618566931622,1.4999514098001642e-07,0.0005,207.21735722120465,170.34968916608204,0.015625,0.0078125,0.001989222189433665,0.003270608082223162,4.9150407796331785e-06,0.096,1.0,0.0,0.0,True,euler,1.0000109589831583,-1.509709802975095,-1.4311699866353502,stability-verified-in-model
outputs/hou_time_refinement_v1,hou_time_refinement_v1,hou_time_refinement_v1/nr65/nz128/level_index=2/requested_dt=1.5e-07,65,128,level_index=2;requested_dt=1.5e-07,7875.0,0.001181211735217665,1.4999514098001642e-07,0.0005,207.3982037075086,170.48630103696453,0.015625,0.0078125,0.0019909582594630345,0.00327323094517773,4.9150407796331785e-06,0.096,1.0,0.0,0.0,True,euler,1.0000109816183314,-1.509709802975095,-1.4311699866353502,stability-verified-in-model
outputs/hou_time_refinement_v1,hou_time_refinement_v1,hou_time_refinement_v1/nr65/nz128/level_index=2/requested_dt=1.5e-07,65,128,level_index=2;requested_dt=1.5e-07,7900.0,0.0011849616137421675,1.4999514098001642e-07,0.0005,207.57778163264018,170.62211162245382,0.015625,0.0078125,0.0019926821516996433,0.0032758384239511117,4.9150407796331785e-06,0.096,1.0,0.0,0.0,True,euler,1.0000110041289028,-1.509709802975095,-1.4311699866353502,stability-verified-in-model
outputs/hou_time_refinement_v1,hou_time_refinement_v1,hou_time_refinement_v1/nr65/nz128/level_index=2/requested_dt=1.5e-07,65,128,level_index=2;requested_dt=1.5e-07,7925.0,0.0011887114922666702,1.4999514098001642e-07,0.0005,207.75607716979079,170.75713009511662,0.015625,0.0078125,0.001994393733410428,0.003278430694650883,4.9150407796331785e-06,0.096,1.0,0.0,0.0,True,euler,1.0000110265147384,-1.509709802975095,-1.4311699866353502,stability-verified-in-model
outputs/hou_time_refinement_v1,hou_time_refinement_v1,hou_time_refinement_v1/nr65/nz128/level_index=2/requested_dt=1.5e-07,65,128,level_index=2;requested_dt=1.5e-07,7950.0,0.0011924613707911729,1.4999514098001642e-07,0.0005,207.93307604494657,170.89136552127815,0.015625,0.0078125,0.001996092867569295,0.003281007931344849,4.9150407796331785e-06,0.096,1.0,0.0,0.0,True,euler,1.0000110487756741,-1.509709802975095,-1.4311699866353502,stability-verified-in-model
outputs/hou_time_refinement_v1,hou_time_refinement_v1,hou_time_refinement_v1/nr65/nz128/level_index=2/requested_dt=1.5e-07,65,128,level_index=2;requested_dt=1.5e-07,7975.0,0.0011962112493156755,1.4999514098001642e-07,0.0005,208.10876353677392,171.02482686204934,0.015625,0.0078125,0.0019977794128560196,0.0032835703060807666,4.9150407796331785e-06,0.096,1.0,0.0,0.0,True,euler,1.000011070911516,-1.509709802975095,-1.4311699866353502,stability-verified-in-model
outputs/hou_time_refinement_v1,hou_time_refinement_v1,hou_time_refinement_v1/nr65/nz128/level_index=2/requested_dt=1.5e-07,65,128,level_index=2;requested_dt=1.5e-07,8000.0,0.0011999611278401782,1.4999514098001642e-07,0.0005,208.28312447645385,171.15752297435085,0.015625,0.0078125,0.0019994532236546564,0.003286117988906004,4.9150407796331785e-06,0.096,1.0,0.0,0.0,True,euler,1.0000110929220392,-1.509709802975095,-1.4311699866353502,stability-verified-in-model
outputs/hou_time_refinement_v1,hou_time_refinement_v1,hou_time_refinement_v1/nr65/nz128/level_index=2/requested_dt=1.5e-07,65,128,level_index=2;requested_dt=1.5e-07,8025.0,0.0012037110063646808,1.4999514098001642e-07,0.0005,208.45614324746373,171.28946261193272,0.015625,0.0078125,0.0020011141500514444,0.0032886511478871167,4.9150407796331785e-06,0.096,1.0,0.0,0.0,True,euler,1.000011114806989,-1.509709802975095,-1.4311699866353502,stability-verified-in-model
outputs/hou_time_refinement_v1,hou_time_refinement_v1,hou_time_refinement_v1/nr65/nz128/level_index=2/requested_dt=1.5e-07,65,128,level_index=2;requested_dt=1.5e-07,8050.0,0.0012074608848891835,1.4999514098001642e-07,0.0005,208.62780378531028,171.42065442639037,0.015625,0.0078125,0.0020027620378322442,0.0032911699491293567,4.9150407796331785e-06,0.096,1.0,0.0,0.0,True,euler,1.0000111365660809,-1.509709802975095,-1.4311699866353502,stability-verified-in-model
outputs/hou_time_refinement_v1,hou_time_refinement_v1,hou_time_refinement_v1/nr65/nz128/level_index=2/requested_dt=1.5e-07,65,128,level_index=2;requested_dt=1.5e-07,8075.0,0.001211210763413686,1.4999514098001642e-07,0.0005,208.7980895772108,171.5511069681757,0.015625,0.0078125,0.002004396728479477,0.0032936745567960822,4.9150407796331785e-06,0.096,1.0,0.0,0.0,True,euler,1.000011158198999,-1.509709802975095,-1.4311699866353502,stability-verified-in-model
outputs/hou_time_refinement_v1,hou_time_refinement_v1,hou_time_refinement_v1/nr65/nz128/level_index=2/requested_dt=1.5e-07,65,128,level_index=2;requested_dt=1.5e-07,8100.0,0.0012149606419381888,1.4999514098001642e-07,0.0005,208.96698366172652,171.6808286876045,0.015625,0.0078125,0.0020060180591686054,0.0032961651331281008,4.9150407796331785e-06,0.096,1.0,0.0,0.0,True,euler,1.000011179705398,-1.509709802975095,-1.4311699866353502,stability-verified-in-model
outputs/hou_time_refinement_v1,hou_time_refinement_v1,hou_time_refinement_v1/nr65/nz128/level_index=2/requested_dt=1.5e-07,65,128,level_index=2;requested_dt=1.5e-07,8125.0,0.0012187105204626914,1.4999514098001642e-07,0.0005,209.13446862834687,171.8098279358584,0.015625,0.0078125,0.0020076258627641417,0.003298641838462905,4.9150407796331785e-06,0.096,1.0,0.0,0.0,True,euler,1.0000112010849023,-1.509709802975095,-1.4311699866353502,stability-verified-in-model
outputs/hou_time_refinement_v1,hou_time_refinement_v1,hou_time_refinement_v1/nr65/nz128/level_index=2/requested_dt=1.5e-07,65,128,level_index=2;requested_dt=1.5e-07,8150.0,0.001222460398987194,1.4999514098001642e-07,0.0005,209.30052661702618,171.9381129659837,0.015625,0.0078125,0.0020092199678152013,0.0033011048312538514,4.9150407796331785e-06,0.096,1.0,0.0,0.0,True,euler,1.0000112223371047,-1.509709802975095,-1.4311699866353502,stability-verified-in-model
outputs/hou_time_refinement_v1,hou_time_refinement_v1,hou_time_refinement_v1/nr65/nz128/level_index=2/requested_dt=1.5e-07,65,128,level_index=2;requested_dt=1.5e-07,8175.0,0.0012262102775116967,1.4999514098001642e-07,0.0005,209.46513931767464,172.0656919338827,0.015625,0.0078125,0.002010800198550617,0.0033035542680891917,4.9150407796331785e-06,0.096,1.0,0.0,0.0,True,euler,1.000011243461568,-1.509709802975095,-1.4311699866353502,stability-verified-in-model
outputs/hou_time_refinement_v1,hou_time_refinement_v1,hou_time_refinement_v1/nr65/nz128/level_index=2/requested_dt=1.5e-07,65,128,level_index=2;requested_dt=1.5e-07,8200.0,0.0012299601560361994,1.4999514098001642e-07,0.0005,209.62828796960247,172.19257289930323,0.015625,0.0078125,0.0020123663748736003,0.003305990303711071,4.9150407796331785e-06,0.096,1.0,0.0,0.0,True,euler,1.0000112644578252,-1.509709802975095,-1.4311699866353502,stability-verified-in-model
outputs/hou_time_refinement_v1,hou_time_refinement_v1,hou_time_refinement_v1/nr65/nz128/level_index=2/requested_dt=1.5e-07,65,128,level_index=2;requested_dt=1.5e-07,8225.0,0.001233710034560702,1.4999514098001642e-07,0.0005,209.78995336092103,172.31876382681995,0.015625,0.0078125,0.0020139183123559948,0.0033084130910343698,4.9150407796331785e-06,0.096,1.0,0.0,0.0,True,euler,1.0000112853253775,-1.509709802975095,-1.4311699866353502,stability-verified-in-model
outputs/hou_time_refinement_v1,hou_time_refinement_v1,hou_time_refinement_v1/nr65/nz128/level_index=2/requested_dt=1.5e-07,65,128,level_index=2;requested_dt=1.5e-07,8250.0,0.0012374599130852047,1.4999514098001642e-07,0.0005,209.95011582789996,172.44427258681282,0.015625,0.0078125,0.0020154558222321046,0.0033108227811654875,4.9150407796331785e-06,0.096,1.0,0.0,0.0,True,euler,1.0000113060636964,-1.509709802975095,-1.4311699866353502,stability-verified-in-model
outputs/hou_time_refinement_v1,hou_time_refinement_v1,hou_time_refinement_v1/nr65/nz128/level_index=2/requested_dt=1.5e-07,65,128,level_index=2;requested_dt=1.5e-07,8275.0,0.0012412097916097073,1.4999514098001642e-07,0.0005,210.1087552542822,172.56910695643836,0.015625,0.0078125,0.0020169787113921167,0.003313219523420993,4.9150407796331785e-06,0.096,1.0,0.0,0.0,True,euler,1.0000113266722221,-1.509709802975095,-1.4311699866353502,stability-verified-in-model
outputs/hou_time_refinement_v1,hou_time_refinement_v1,hou_time_refinement_v1/nr65/nz128/level_index=2/requested_dt=1.5e-07,65,128,level_index=2;requested_dt=1.5e-07,8300.0,0.00124495967013421,1.4999514098001642e-07,0.0005,210.2658510705586,172.69327462059653,0.015625,0.0078125,0.0020184867823751407,0.0033156034653461846,4.9150407796331785e-06,0.096,1.0,0.0,0.0,True,euler,1.0000113471503642,-1.509709802975095,-1.4311699866353502,stability-verified-in-model
outputs/hou_time_refinement_v1,hou_time_refinement_v1,hou_time_refinement_v1/nr65/nz128/level_index=2/requested_dt=1.5e-07,65,128,level_index=2;requested_dt=1.5e-07,8325.0,0.0012487095486587126,1.4999514098001642e-07,0.0005,210.4213822532039,172.81678317289152,0.015625,0.0078125,0.0020199798333618716,0.0033179747527335417,4.9150407796331785e-06,0.096,1.0,0.0,0.0,True,euler,1.0000113674975015,-1.509709802975095,-1.4311699866353502,stability-verified-in-model
outputs/hou_time_refinement_v1,hou_time_refinement_v1,hou_time_refinement_v1/nr65/nz128/level_index=2/requested_dt=1.5e-07,65,128,level_index=2;requested_dt=1.5e-07,8350.0,0.0012524594271832153,1.4999514098001642e-07,0.0005,210.5753273238733,172.9396401165861,0.015625,0.0078125,0.0020214576581668786,0.0033203335296410415,4.9150407796331785e-06,0.096,1.0,0.0,0.0,True,euler,1.0000113877129824,-1.509709802975095,-1.4311699866353502,stability-verified-in-model
outputs/hou_time_refinement_v1,hou_time_refinement_v1,hou_time_refinement_v1/nr65/nz128/level_index=2/requested_dt=1.5e-07,65,128,level_index=2;requested_dt=1.5e-07,8375.0,0.001256209305707718,1.4999514098001642e-07,0.0005,210.72766434856473,173.06185286555157,0.015625,0.0078125,0.002022920046230563,0.003322679938410402,4.9150407796331785e-06,0.096,1.0,0.0,0.0,True,euler,1.0000114077961235,-1.509709802975095,-1.4311699866353502,stability-verified-in-model
outputs/hou_time_refinement_v1,hou_time_refinement_v1,hou_time_refinement_v1/nr65/nz128/level_index=2/requested_dt=1.5e-07,65,128,level_index=2;requested_dt=1.5e-07,8400.0,0.0012599591842322206,1.4999514098001642e-07,0.0005,210.87837093674503,173.1834287452106,0.015625,0.0078125,0.0020243667826107693,0.003325014119685183,4.9150407796331785e-06,0.096,1.0,0.0,0.0,True,euler,1.000011427746211,-1.509709802975095,-1.4311699866353502,stability-verified-in-model
outputs/hou_time_refinement_v1,hou_time_refinement_v1,hou_time_refinement_v1/nr65/nz128/level_index=2/requested_dt=1.5e-07,65,128,level_index=2;requested_dt=1.5e-07,8425.0,0.0012637090627567232,1.4999514098001642e-07,0.0005,211.0274242404441,173.30437499347352,0.015625,0.0078125,0.0020257976479740895,0.0033273362124287605,4.9150407796331785e-06,0.096,1.0,0.0,0.0,True,euler,1.0000114475625006,-1.509709802975095,-1.4311699866353502,stability-verified-in-model
outputs/hou_time_refinement_v1,hou_time_refinement_v1,hou_time_refinement_v1/nr65/nz128/level_index=2/requested_dt=1.5e-07,65,128,level_index=2;requested_dt=1.5e-07,8450.0,0.0012674589412812259,1.4999514098001642e-07,0.0005,211.17480095331706,173.42469876166996,0.015625,0.0078125,0.002027212418586861,0.003329646353942216,4.9150407796331785e-06,0.096,1.0,0.0,0.0,True,euler,1.0000114672442155,-1.509709802975095,-1.4311699866353502,stability-verified-in-model
outputs/hou_time_refinement_v1,hou_time_refinement_v1,hou_time_refinement_v1/nr65/nz128/level_index=2/requested_dt=1.5e-07,65,128,level_index=2;requested_dt=1.5e-07,8475.0,0.0012712088198057285,1.4999514098001642e-07,0.0005,211.32047730967852,173.54440711547224,0.015625,0.0078125,0.002028610866305894,0.0033319446798820637,4.9150407796331785e-06,0.096,1.0,0.0,0.0,True,euler,1.0000114867905496,-1.509709802975095,-1.4311699866353502,stability-verified-in-model
outputs/hou_time_refinement_v1,hou_time_refinement_v1,hou_time_refinement_v1/nr65/nz128/level_index=2/requested_dt=1.5e-07,65,128,level_index=2;requested_dt=1.5e-07,8500.0,0.0012749586983302312,1.4999514098001642e-07,0.0005,211.53431583757163,173.66350703581443,0.015625,0.0078125,0.002030663649674744,0.0033342313242778958,4.9150407796331785e-06,0.096,1.0,0.0,0.0,True,euler,1.000011509773733,-1.5184364492350666,-1.4311699866353502,stability-verified-in-model
outputs/hou_time_refinement_v1,hou_time_refinement_v1,hou_time_refinement_v1/nr65/nz128/level_index=2/requested_dt=1.5e-07,65,128,level_index=2;requested_dt=1.5e-07,8525.0,0.0012787085768547338,1.4999514098001642e-07,0.0005,211.79650807755138,173.78200541980246,0.015625,0.0078125,0.0020331806136427203,0.0033365064195498557,4.9150407796331785e-06,0.096,1.0,0.0,0.0,True,euler,1.0000115351928611,-1.5184364492350666,-1.4311699866353502,stability-verified-in-model
outputs/hou_time_refinement_v1,hou_time_refinement_v1,hou_time_refinement_v1/nr65/nz128/level_index=2/requested_dt=1.5e-07,65,128,level_index=2;requested_dt=1.5e-07,8550.0,0.0012824584553792365,1.4999514098001642e-07,0.0005,212.05817517317718,173.89990908162036,0.015625,0.0078125,0.002035692536388207,0.00333877009652604,4.9150407796331785e-06,0.096,1.0,0.0,0.0,True,euler,1.000011560547443,-1.5184364492350666,-1.4311699866353502,stability-verified-in-model
outputs/hou_time_refinement_v1,hou_time_refinement_v1,hou_time_refinement_v1/nr65/nz128/level_index=2/requested_dt=1.5e-07,65,128,level_index=2;requested_dt=1.5e-07,8575.0,0.0012862083339037391,1.4999514098001642e-07,0.0005,212.31929737319092,174.01722475342692,0.015625,0.0078125,0.0020381992283052676,0.003341022484459709,4.9150407796331785e-06,0.096,1.0,0.0,0.0,True,euler,1.000011585836918,-1.5184364492350666,-1.4311699866353502,stability-verified-in-model
outputs/hou_time_refinement_v1,hou_time_refinement_v1,hou_time_refinement_v1/nr65/nz128/level_index=2/requested_dt=1.5e-07,65,128,level_index=2;requested_dt=1.5e-07,8600.0,0.0012899582124282418,1.4999514098001642e-07,0.0005,212.5798544352489,174.1339590862479,0.015625,0.0078125,0.002040700495073698,0.0033432637110464214,4.9150407796331785e-06,0.096,1.0,0.0,0.0,True,euler,1.0000116110606918,-1.5184364492350666,-1.4311699866353502,stability-verified-in-model
outputs/hou_time_refinement_v1,hou_time_refinement_v1,hou_time_refinement_v1/nr65/nz128/level_index=2/requested_dt=1.5e-07,65,128,level_index=2;requested_dt=1.5e-07,8625.0,0.0012937080909527444,1.4999514098001642e-07,0.0005,212.83982562100564,174.25011865086023,0.015625,0.0078125,0.0020431961376118305,0.0033454939024410075,4.9150407796331785e-06,0.096,1.0,0.0,0.0,True,euler,1.000011636218136,-1.5184364492350666,-1.4311699866353502,stability-verified-in-model
outputs/hou_time_refinement_v1,hou_time_refinement_v1,hou_time_refinement_v1/nr65/nz128/level_index=2/requested_dt=1.5e-07,65,128,level_index=2;requested_dt=1.5e-07,8650.0,0.001297457969477247,1.4999514098001642e-07,0.0005,213.099189691072,174.36570993866948,0.015625,0.0078125,0.002045685952028135,0.0033477131832744165,4.9150407796331785e-06,0.096,1.0,0.0,0.0,True,euler,1.0000116613085868,-1.5184364492350666,-1.4311699866353502,stability-verified-in-model
outputs/hou_time_refinement_v1,hou_time_refinement_v1,hou_time_refinement_v1/nr65/nz128/level_index=2/requested_dt=1.5e-07,65,128,level_index=2;requested_dt=1.5e-07,8675.0,0.0013012078480017497,1.4999514098001642e-07,0.0005,213.3579248998473,174.48073936258018,0.015625,0.0078125,0.0020481697295716065,0.0033499216766704277,4.9150407796331785e-06,0.096,1.0,0.0,0.0,True,euler,1.0000116863313468,-1.5184364492350666,-1.4311699866353502,stability-verified-in-model
outputs/hou_time_refinement_v1,hou_time_refinement_v1,hou_time_refinement_v1/nr65/nz128/level_index=2/requested_dt=1.5e-07,65,128,level_index=2;requested_dt=1.5e-07,8700.0,0.0013049577265262524,1.4999514098001642e-07,0.0005,213.61600899022426,174.5952132578594,0.015625,0.0078125,0.002050647256580937,0.0033521195042622277,4.9150407796331785e-06,0.096,1.0,0.0,0.0,True,euler,1.0000117112856832,-1.5184364492350666,-1.4311699866353502,stability-verified-in-model
outputs/hou_time_refinement_v1,hou_time_refinement_v1,hou_time_refinement_v1/nr65/nz128/level_index=2/requested_dt=1.5e-07,65,128,level_index=2;requested_dt=1.5e-07,8725.0,0.001308707605050755,1.4999514098001642e-07,0.0005,213.87341918816742,174.7091378829929,0.015625,0.0078125,0.0020531183144324684,0.003354306786208851,4.9150407796331785e-06,0.096,1.0,0.0,0.0,True,euler,1.0000117361708278,-1.5184364492350666,-1.4311699866353502,stability-verified-in-model
outputs/hou_time_refinement_v1,hou_time_refinement_v1,hou_time_refinement_v1/nr65/nz128/level_index=2/requested_dt=1.5e-07,65,128,level_index=2;requested_dt=1.5e-07,8750.0,0.0013124574835752577,1.4999514098001642e-07,0.0005,214.13013219716476,174.82251942053415,0.015625,0.0078125,0.00205558267948693,0.003356483641211479,4.9150407796331785e-06,0.096,1.0,0.0,0.0,True,euler,1.000011760985977,-1.5184364492350666,-1.4311699866353502,stability-verified-in-model
outputs/hou_time_refinement_v1,hou_time_refinement_v1,hou_time_refinement_v1/nr65/nz128/level_index=2/requested_dt=1.5e-07,65,128,level_index=2;requested_dt=1.5e-07,8775.0,0.0013162073620997603,1.4999514098001642e-07,0.0005,214.38612419255082,174.93536397794563,0.015625,0.0078125,0.002058040123034942,0.0033586501865295925,4.9150407796331785e-06,0.096,1.0,0.0,0.0,True,euler,1.0000117857606194,-1.5184364492350666,-1.4398966328953218,stability-verified-in-model
outputs/hou_time_refinement_v1,hou_time_refinement_v1,hou_time_refinement_v1/nr65/nz128/level_index=2/requested_dt=1.5e-07,65,128,level_index=2;requested_dt=1.5e-07,8800.0,0.001319957240624263,1.4999514098001642e-07,0.0005,214.64137081570385,175.04767758843408,0.015625,0.0078125,0.002060490411241311,0.003360806537997009,4.9150407796331785e-06,0.096,1.0,0.0,0.0,True,euler,1.0000118104650118,-1.5184364492350666,-1.4398966328953218,stability-verified-in-model
outputs/hou_time_refinement_v1,hou_time_refinement_v1,hou_time_refinement_v1/nr65/nz128/level_index=2/requested_dt=1.5e-07,65,128,level_index=2;requested_dt=1.5e-07,8825.0,0.0013237071191487656,1.4999514098001642e-07,0.0005,214.89584716811402,175.15946621177685,0.015625,0.0078125,0.002062933305088085,0.0033629528100377463,4.9150407796331785e-06,0.096,1.0,0.0,0.0,True,euler,1.0000118350966698,-1.5184364492350666,-1.4398966328953218,stability-verified-in-model
outputs/hou_time_refinement_v1,hou_time_refinement_v1,hou_time_refinement_v1/nr65/nz128/level_index=2/requested_dt=1.5e-07,65,128,level_index=2;requested_dt=1.5e-07,8850.0,0.0013274569976732683,1.4999514098001642e-07,0.0005,215.14952780532428,175.27073573514167,0.015625,0.0078125,0.002065368560316389,0.0033650891156817636,4.9150407796331785e-06,0.096,1.0,0.0,0.0,True,euler,1.000011859654644,-1.5184364492350666,-1.4398966328953218,stability-verified-in-model
outputs/hou_time_refinement_v1,hou_time_refinement_v1,hou_time_refinement_v1/nr65/nz128/level_index=2/requested_dt=1.5e-07,65,128,level_index=2;requested_dt=1.5e-07,8875.0,0.001331206876197771,1.4999514098001642e-07,0.0005,215.40238673074367,175.38149197389856,0.015625,0.0078125,0.0020677959273670346,0.0033672155665805483,4.9150407796331785e-06,0.096,1.0,0.0,0.0,True,euler,1.0000118841379462,-1.5184364492350666,-1.4398966328953218,stability-verified-in-model
outputs/hou_time_refinement_v1,hou_time_refinement_v1,hou_time_refinement_v1/nr65/nz128/level_index=2/requested_dt=1.5e-07,65,128,level_index=2;requested_dt=1.5e-07,8900.0,0.0013349567547222736,1.4999514098001642e-07,0.0005,215.65439738933168,175.49174067242512,0.015625,0.0078125,0.0020702151513198905,0.0033693322730225777,4.9150407796331785e-06,0.096,1.0,0.0,0.0,True,euler,1.0000119085455512,-1.5184364492350666,-1.4398966328953218,stability-verified-in-model
outputs/hou_time_refinement_v1,hou_time_refinement_v1,hou_time_refinement_v1/nr65/nz128/level_index=2/requested_dt=1.5e-07,65,128,level_index=2;requested_dt=1.5e-07,8925.0,0.0013387066332467763,1.4999514098001642e-07,0.0005,215.90553266115583,175.60148750490268,0.015625,0.0078125,0.002072625971832039,0.003371439343948604,4.9150407796331785e-06,0.096,1.0,0.0,0.0,True,euler,1.0000119328763957,-1.5184364492350666,-1.4398966328953218,stability-verified-in-model
outputs/hou_time_refinement_v1,hou_time_refinement_v1,hou_time_refinement_v1/nr65/nz128/level_index=2/requested_dt=1.5e-07,65,128,level_index=2;requested_dt=1.5e-07,8950.0,0.001342456511771279,1.4999514098001642e-07,0.0005,216.15576485482057,175.7107380761066,0.015625,0.0078125,0.0020750281230746937,0.0033735368869668284,4.9150407796331785e-06,0.096,1.0,0.0,0.0,True,euler,1.000011957129377,-1.5184364492350666,-1.4398966328953218,stability-verified-in-model
outputs/hou_time_refinement_v1,hou_time_refinement_v1,hou_time_refinement_v1/nr65/nz128/level_index=2/requested_dt=1.5e-07,65,128,level_index=2;requested_dt=1.5e-07,8975.0,0.0013462063902957816,1.4999514098001642e-07,0.0005,216.40506570076863,175.8194979221878,0.015625,0.0078125,0.0020774213336688966,0.0033756250083679055,4.9150407796331785e-06,0.096,1.0,0.0,0.0,True,euler,1.0000119813033537,-1.5184364492350666,-1.4398966328953218,stability-verified-in-model
outputs/hou_time_refinement_v1,hou_time_refinement_v1,hou_time_refinement_v1/nr65/nz128/level_index=2/requested_dt=1.5e-07,65,128,level_index=2;requested_dt=1.5e-07,9000.0,0.0013499562688202842,1.4999514098001642e-07,0.0005,216.65340634445514,175.92777251144702,0.015625,0.0078125,0.0020798053266199894,0.0033777038131398087,4.9150407796331785e-06,0.096,1.0,0.0,0.0,True,euler,1.0000120053971457,-1.5184364492350666,-1.4398966328953218,stability-verified-in-model
outputs/hou_time_refinement_v1,hou_time_refinement_v1,hou_time_refinement_v1/nr65/nz128/level_index=2/requested_dt=1.5e-07,65,128,level_index=2;requested_dt=1.5e-07,9025.0,0.0013537061473447869,1.4999514098001642e-07,0.0005,216.90075733939378,176.03556724510196,0.015625,0.0078125,0.0020821798192508607,0.0033797734049825575,4.9150407796331785e-06,0.096,1.0,0.0,0.0,True,euler,1.000012029409532,-1.5184364492350666,-1.4398966328953218,stability-verified-in-model
outputs/hou_time_refinement_v1,hou_time_refinement_v1,hou_time_refinement_v1/nr65/nz128/level_index=2/requested_dt=1.5e-07,65,128,level_index=2;requested_dt=1.5e-07,9050.0,0.0013574560258692895,1.4999514098001642e-07,0.0005,217.1470886400764,176.14288745804606,0.015625,0.0078125,0.0020845445231339765,0.0033818338863227885,4.9150407796331785e-06,0.096,1.0,0.0,0.0,True,euler,1.000012053339252,-1.5184364492350666,-1.4398966328953218,stability-verified-in-model
outputs/hou_time_refinement_v1,hou_time_refinement_v1,hou_time_refinement_v1/nr65/nz128/level_index=2/requested_dt=1.5e-07,65,128,level_index=2;requested_dt=1.5e-07,9075.0,0.0013612059043937922,1.4999514098001642e-07,0.0005,217.3923695947666,176.24973841960005,0.015625,0.0078125,0.0020868991440221984,0.0033838853583281828,4.9150407796331785e-06,0.096,1.0,0.0,0.0,True,euler,1.0000120771850047,-1.5184364492350666,-1.4398966328953218,stability-verified-in-model
outputs/hou_time_refinement_v1,hou_time_refinement_v1,hou_time_refinement_v1/nr65/nz128/level_index=2/requested_dt=1.5e-07,65,128,level_index=2;requested_dt=1.5e-07,9100.0,0.0013649557829182948,1.4999514098001642e-07,0.0005,217.6365689381658,176.3561253342555,0.015625,0.0078125,0.0020892433817783834,0.0033859279209217407,4.9150407796331785e-06,0.096,1.0,0.0,0.0,True,euler,1.0000121009454472,-1.5184364492350666,-1.4398966328953218,stability-verified-in-model
outputs/hou_time_refinement_v1,hou_time_refinement_v1,hou_time_refinement_v1/nr65/nz128/level_index=2/requested_dt=1.5e-07,65,128,level_index=2;requested_dt=1.5e-07,9125.0,0.0013687056614427975,1.4999514098001642e-07,0.0005,217.87965478395537,176.4620533424118,0.015625,0.0078125,0.0020915769303037884,0.003387961672795934,4.9150407796331785e-06,0.096,1.0,0.0,0.0,True,euler,1.0000121246191964,-1.5184364492350666,-1.4398966328953218,stability-verified-in-model
outputs/hou_time_refinement_v1,hou_time_refinement_v1,hou_time_refinement_v1/nr65/nz128/level_index=2/requested_dt=1.5e-07,65,128,level_index=2;requested_dt=1.5e-07,9150.0,0.0013724555399673001,1.4999514098001642e-07,0.0005,218.12159461721347,176.56752752110404,0.015625,0.0078125,0.0020938994774652754,0.003389986711426679,4.9150407796331785e-06,0.096,1.0,0.0,0.0,True,euler,1.0000121482048254,-1.5184364492350666,-1.4398966328953218,stability-verified-in-model
outputs/hou_time_refinement_v1,hou_time_refinement_v1,hou_time_refinement_v1/nr65/nz128/level_index=2/requested_dt=1.5e-07,65,128,level_index=2;requested_dt=1.5e-07,9175.0,0.0013762054184918028,1.4999514098001642e-07,0.0005,218.36235528670767,176.67255288472444,0.015625,0.0078125,0.0020962107050213215,0.0033920031330871873,4.9150407796331785e-06,0.096,1.0,0.0,0.0,True,euler,1.0000121717008668,-1.5184364492350666,-1.4398966328953218,stability-verified-in-model
outputs/hou_time_refinement_v1,hou_time_refinement_v1,hou_time_refinement_v1/nr65/nz128/level_index=2/requested_dt=1.5e-07,65,128,level_index=2;requested_dt=1.5e-07,9200.0,0.0013799552970163054,1.4999514098001642e-07,0.0005,218.60190299706534,176.77713438573582,0.015625,0.0078125,0.00209851028854686,0.0033940110328616645,4.9150407796331785e-06,0.096,1.0,0.0,0.0,True,euler,1.0000121951058092,-1.5184364492350666,-1.4398966328953218,stability-verified-in-model
outputs/hou_time_refinement_v1,hou_time_refinement_v1,hou_time_refinement_v1/nr65/nz128/level_index=2/requested_dt=1.5e-07,65,128,level_index=2;requested_dt=1.5e-07,9225.0,0.001383705175540808,1.4999514098001642e-07,0.0005,218.84020330082168,176.8812769153777,0.015625,0.0078125,0.002100797897356941,0.0033960105046588673,4.9150407796331785e-06,0.096,1.0,0.0,0.0,True,euler,1.0000122184180986,-1.5184364492350666,-1.4398966328953218,stability-verified-in-model
outputs/hou_time_refinement_v1,hou_time_refinement_v1,hou_time_refinement_v1/nr65/nz128/level_index=2/requested_dt=1.5e-07,65,128,level_index=2;requested_dt=1.5e-07,9250.0,0.0013874550540653107,1.4999514098001642e-07,0.0005,219.07722109034734,176.98498530436441,0.015625,0.0078125,0.00210307319442924,0.003398001641225507,4.9150407796331785e-06,0.096,1.0,0.0,0.0,True,euler,1.0000122416361372,-1.5184364492350666,-1.4398966328953218,stability-verified-in-model
outputs/hou_time_refinement_v1,hou_time_refinement_v1,hou_time_refinement_v1/nr65/nz128/level_index=2/requested_dt=1.5e-07,65,128,level_index=2;requested_dt=1.5e-07,9275.0,0.0013912049325898134,1.4999514098001642e-07,0.0005,219.31292058965667,177.08826432357648,0.015625,0.0078125,0.0021053358363254207,0.003399984534159522,4.9150407796331785e-06,0.096,1.0,0.0,0.0,True,euler,1.000012264758282,-1.5184364492350666,-1.4398966328953218,stability-verified-in-model
outputs/hou_time_refinement_v1,hou_time_refinement_v1,hou_time_refinement_v1/nr65/nz128/level_index=2/requested_dt=1.5e-07,65,128,level_index=2;requested_dt=1.5e-07,9300.0,0.001394954811114316,1.4999514098001642e-07,0.0005,219.54726534609833,177.19111868474448,0.015625,0.0078125,0.002107585473111366,0.003401959273923209,4.9150407796331785e-06,0.096,1.0,0.0,0.0,True,euler,1.0000122877828468,-1.5184364492350666,-1.4398966328953218,stability-verified-in-model
outputs/hou_time_refinement_v1,hou_time_refinement_v1,hou_time_refinement_v1/nr65/nz128/level_index=2/requested_dt=1.5e-07,65,128,level_index=2;requested_dt=1.5e-07,9325.0,0.0013987046896388187,1.4999514098001642e-07,0.0005,219.78021822193003,177.29355304112474,0.015625,0.0078125,0.002109821748276299,0.0034039259498561954,4.9150407796331785e-06,0.096,1.0,0.0,0.0,True,euler,1.0000123107080994,-1.5184364492350666,-1.4398966328953218,stability-verified-in-model
outputs/hou_time_refinement_v1,hou_time_refinement_v1,hou_time_refinement_v1/nr65/nz128/level_index=2/requested_dt=1.5e-07,65,128,level_index=2;requested_dt=1.5e-07,9350.0,0.0014024545681633213,1.4999514098001642e-07,0.0005,220.01174138577844,177.39557198816908,0.015625,0.0078125,0.0021120442986508,0.0034058846501882974,4.9150407796331785e-06,0.096,1.0,0.0,0.0,True,euler,1.0000123335322615,-1.5184364492350666,-1.4398966328953218,stability-verified-in-model
outputs/hou_time_refinement_v1,hou_time_refinement_v1,hou_time_refinement_v1/nr65/nz128/level_index=2/requested_dt=1.5e-07,65,128,level_index=2;requested_dt=1.5e-07,9375.0,0.001406204446687824,1.4999514098001642e-07,0.0005,220.241796303988,177.49718006418598,0.015625,0.0078125,0.0021142527543237593,0.003407835462052216,4.9150407796331785e-06,0.096,1.0,0.0,0.0,True,euler,1.0000123562535101,-1.5184364492350666,-1.4398966328953218,stability-verified-in-model
outputs/hou_time_refinement_v1,hou_time_refinement_v1,hou_time_refinement_v1/nr65/nz128/level_index=2/requested_dt=1.5e-07,65,128,level_index=2;requested_dt=1.5e-07,9400.0,0.0014099543252123266,1.4999514098001642e-07,0.0005,220.4703437318586,177.59838175099583,0.015625,0.0078125,0.00211644673855826,0.0034097784714961147,4.9150407796331785e-06,0.096,1.0,0.0,0.0,True,euler,1.0000123788699744,-1.5184364492350666,-1.4398966328953218,stability-verified-in-model
outputs/hou_time_refinement_v1,hou_time_refinement_v1,hou_time_refinement_v1/nr65/nz128/level_index=2/requested_dt=1.5e-07,65,128,level_index=2;requested_dt=1.5e-07,9425.0,0.0014137042037368293,1.4999514098001642e-07,0.0005,220.69734370477704,177.69918147457807,0.015625,0.0078125,0.002118625867706443,0.003411713763496046,4.9150407796331785e-06,0.096,1.0,0.0,0.0,True,euler,1.0000124013797371,-1.5184364492350666,-1.4398966328953218,stability-verified-in-model
outputs/hou_time_refinement_v1,hou_time_refinement_v1,hou_time_refinement_v1/nr65/nz128/level_index=2/requested_dt=1.5e-07,65,128,level_index=2;requested_dt=1.5e-07,9450.0,0.001417454082261332,1.4999514098001642e-07,0.0005,220.92275552924252,177.79958360571197,0.015625,0.0078125,0.002120789751123356,0.003413641421968254,4.9150407796331785e-06,0.096,1.0,0.0,0.0,True,euler,1.0000124237808323,-1.5184364492350666,-1.4398966328953218,stability-verified-in-model
outputs/hou_time_refinement_v1,hou_time_refinement_v1,hou_time_refinement_v1/nr65/nz128/level_index=2/requested_dt=1.5e-07,65,128,level_index=2;requested_dt=1.5e-07,9475.0,0.0014212039607858346,1.4999514098001642e-07,0.0005,221.14653777379127,177.89959246061034,0.015625,0.0078125,0.0021229379910798303,0.0034155615297813396,4.9150407796331785e-06,0.096,1.0,0.0,0.0,True,euler,1.0000124460712472,-1.5184364492350666,-1.4398966328953218,stability-verified-in-model
outputs/hou_time_refinement_v1,hou_time_refinement_v1,hou_time_refinement_v1/nr65/nz128/level_index=2/requested_dt=1.5e-07,65,128,level_index=2;requested_dt=1.5e-07,9500.0,0.0014249538393103372,1.4999514098001642e-07,0.0005,221.36864825982173,177.99921230154612,0.015625,0.0078125,0.0021250701826744083,0.0034174741687682925,4.9150407796331785e-06,0.096,1.0,0.0,0.0,True,euler,1.0000124682489198,-1.5184364492350666,-1.4398966328953218,stability-verified-in-model
outputs/hou_time_refinement_v1,hou_time_refinement_v1,hou_time_refinement_v1/nr65/nz128/level_index=2/requested_dt=1.5e-07,65,128,level_index=2;requested_dt=1.5e-07,9525.0,0.0014287037178348399,1.4999514098001642e-07,0.0005,221.5890440523245,178.09844733747263,0.015625,0.0078125,0.002127185913744351,0.0034193794197383987,4.9150407796331785e-06,0.096,1.0,0.0,0.0,True,euler,1.0000124903117387,-1.5184364492350666,-1.4398966328953218,stability-verified-in-model
outputs/hou_time_refinement_v1,hou_time_refinement_v1,hou_time_refinement_v1/nr65/nz128/level_index=2/requested_dt=1.5e-07,65,128,level_index=2;requested_dt=1.5e-07,9550.0,0.0014324535963593425,1.4999514098001642e-07,0.0005,221.80768145052036,178.19730172463701,0.015625,0.0078125,0.002129284764775768,0.003421277362489018,4.9150407796331785e-06,0.096,1.0,0.0,0.0,True,euler,1.0000125122575432,-1.5184364492350666,-1.4398966328953218,stability-verified-in-model
outputs/hou_time_refinement_v1,hou_time_refinement_v1,hou_time_refinement_v1/nr65/nz128/level_index=2/requested_dt=1.5e-07,65,128,level_index=2;requested_dt=1.5e-07,9575.0,0.0014362034748838452,1.4999514098001642e-07,0.0005,222.0245159784108,178.29577956718703,0.015625,0.0078125,0.0021313663088129045,0.003423168075817235,4.9150407796331785e-06,0.096,1.0,0.0,0.0,True,euler,1.0000125340841222,-1.5184364492350666,-1.4398966328953218,stability-verified-in-model
outputs/hou_time_refinement_v1,hou_time_refinement_v1,hou_time_refinement_v1/nr65/nz128/level_index=2/requested_dt=1.5e-07,65,128,level_index=2;requested_dt=1.5e-07,9600.0,0.0014399533534083478,1.4999514098001642e-07,0.0005,222.23950237524434,178.3938849177713,0.015625,0.0078125,0.002133430111366622,0.003425051637531383,4.9150407796331785e-06,0.096,1.0,0.0,0.0,True,euler,1.000012555789214,-1.5184364492350666,-1.4398966328953218,stability-verified-in-model
outputs/hou_time_refinement_v1,hou_time_refinement_v1,hou_time_refinement_v1/nr65/nz128/level_index=2/requested_dt=1.5e-07,65,128,level_index=2;requested_dt=1.5e-07,9625.0,0.0014437032319328505,1.4999514098001642e-07,0.0005,222.4525945859036,178.49162177813352,0.015625,0.0078125,0.0021354757303221152,0.003426928124462452,4.9150407796331785e-06,0.096,1.0,0.0,0.0,True,euler,1.0000125773705058,-1.5184364492350666,-1.4398966328953218,stability-verified-in-model
outputs/hou_time_refinement_v1,hou_time_refinement_v1,hou_time_refinement_v1/nr65/nz128/level_index=2/requested_dt=1.5e-07,65,128,level_index=2;requested_dt=1.5e-07,9650.0,0.0014474531104573531,1.4999514098001642e-07,0.0005,222.6637457512182,178.5889940997004,0.015625,0.0078125,0.00213750271584592,0.0034287976124753768,4.9150407796331785e-06,0.096,1.0,0.0,0.0,True,euler,1.000012598825632,-1.5184364492350666,-1.4398966328953218,stability-verified-in-model
outputs/hou_time_refinement_v1,hou_time_refinement_v1,hou_time_refinement_v1/nr65/nz128/level_index=2/requested_dt=1.5e-07,65,128,level_index=2;requested_dt=1.5e-07,9675.0,0.0014512029889818558,1.4999514098001642e-07,0.0005,222.87290819820774,178.68600578416243,0.015625,0.0078125,0.0021395106102922515,0.003430660176480189,4.9150407796331785e-06,0.096,1.0,0.0,0.0,True,euler,1.0000126201521764,-1.5184364492350666,-1.4398966328953218,stability-verified-in-model
outputs/hou_time_refinement_v1,hou_time_refinement_v1,hou_time_refinement_v1/nr65/nz128/level_index=2/requested_dt=1.5e-07,65,128,level_index=2;requested_dt=1.5e-07,9700.0,0.0014549528675063584,1.4999514098001642e-07,0.0005,223.08003343026115,178.7826606840507,0.015625,0.0078125,0.002141498948108723,0.0034325158904430883,4.9150407796331785e-06,0.096,1.0,0.0,0.0,True,euler,1.0000126413476687,-1.5184364492350666,-1.4398966328953218,stability-verified-in-model
outputs/hou_time_refinement_v1,hou_time_refinement_v1,hou_time_refinement_v1/nr65/nz128/level_index=2/requested_dt=1.5e-07,65,128,level_index=2;requested_dt=1.5e-07,9725.0,0.001458702746030861,1.4999514098001642e-07,0.0005,223.28507211725704,178.8789626033054,0.015625,0.0078125,0.002143467255741511,0.0034343648273973608,4.9150407796331785e-06,0.096,1.0,0.0,0.0,True,euler,1.0000126624095853,-1.5184364492350666,-1.4398966328953218,stability-verified-in-model
outputs/hou_time_refinement_v1,hou_time_refinement_v1,hou_time_refinement_v1/nr65/nz128/level_index=2/requested_dt=1.5e-07,65,128,level_index=2;requested_dt=1.5e-07,9750.0,0.0014624526245553637,1.4999514098001642e-07,0.0005,223.48797408563306,178.97491529783963,0.015625,0.0078125,0.0021454150515400183,0.003436207059454202,4.9150407796331785e-06,0.096,1.0,0.0,0.0,True,euler,1.000012683335349,-1.5184364492350666,-1.4398966328953218,stability-verified-in-model
outputs/hou_time_refinement_v1,hou_time_refinement_v1,hou_time_refinement_v1/nr65/nz128/level_index=2/requested_dt=1.5e-07,65,128,level_index=2;requested_dt=1.5e-07,9775.0,0.0014662025030798664,1.4999514098001642e-07,0.0005,223.68868830840728,179.07052247609806,0.015625,0.0078125,0.002147341845661088,0.0034380426578134436,4.9150407796331785e-06,0.096,1.0,0.0,0.0,True,euler,1.0000127041223283,-1.5184364492350666,-1.4398966328953218,stability-verified-in-model
outputs/hou_time_refinement_v1,hou_time_refinement_v1,hou_time_refinement_v1/nr65/nz128/level_index=2/requested_dt=1.5e-07,65,128,level_index=2;requested_dt=1.5e-07,9800.0,0.001469952381604369,1.4999514098001642e-07,0.0005,223.88716289516287,179.16578779960838,0.015625,0.0078125,0.002149247139972855,0.0034398716927741394,4.9150407796331785e-06,0.096,1.0,0.0,0.0,True,euler,1.0000127247678368,-1.5184364492350666,-1.4398966328953218,stability-verified-in-model
outputs/hou_time_refinement_v1,hou_time_refinement_v1,hou_time_refinement_v1/nr65/nz128/level_index=2/requested_dt=1.5e-07,65,128,level_index=2;requested_dt=1.5e-07,9825.0,0.0014737022601288717,1.4999514098001642e-07,0.0005,224.08334508199906,179.26071488352858,0.015625,0.0078125,0.0021511304279582797,0.003441694233745075,4.9150407796331785e-06,0.096,1.0,0.0,0.0,True,euler,1.0000127452691314,-1.5184364492350666,-1.4398966328953218,stability-verified-in-model
outputs/hou_time_refinement_v1,hou_time_refinement_v1,hou_time_refinement_v1/nr65/nz128/level_index=2/requested_dt=1.5e-07,65,128,level_index=2;requested_dt=1.5e-07,9850.0,0.0014774521386533743,1.4999514098001642e-07,0.0005,224.27718122145836,179.35530729718766,0.015625,0.0078125,0.0021529911946184537,0.0034435103492551464,4.9150407796331785e-06,0.096,1.0,0.0,0.0,True,euler,1.0000127656234141,-1.5184364492350666,-1.4398966328953218,stability-verified-in-model
outputs/hou_time_refinement_v1,hou_time_refinement_v1,hou_time_refinement_v1/nr65/nz128/level_index=2/requested_dt=1.5e-07,65,128,level_index=2;requested_dt=1.5e-07,9875.0,0.001481202017177877,1.4999514098001642e-07,0.0005,224.4686167724381,179.44956856462164,0.015625,0.0078125,0.0021548289163757527,0.003445320106963654,4.9150407796331785e-06,0.096,1.0,0.0,0.0,True,euler,1.000012785827831,-1.5184364492350666,-1.4398966328953218,stability-verified-in-model
outputs/hou_time_refinement_v1,hou_time_refinement_v1,hou_time_refinement_v1/nr65/nz128/level_index=2/requested_dt=1.5e-07,65,128,level_index=2;requested_dt=1.5e-07,9900.0,0.0014849518957023797,1.4999514098001642e-07,0.0005,224.6575962900923,179.54350216510406,0.015625,0.0078125,0.0021566430609768965,0.0034471235736704855,4.9150407796331785e-06,0.096,1.0,0.0,0.0,True,euler,1.0000128058794688,-1.5184364492350666,-1.4398966328953218,stability-verified-in-model
outputs/hou_time_refinement_v1,hou_time_refinement_v1,hou_time_refinement_v1/nr65/nz128/level_index=2/requested_dt=1.5e-07,65,128,level_index=2;requested_dt=1.5e-07,9925.0,0.0014887017742268823,1.4999514098001642e-07,0.0005,224.8440634157359,179.63711153367106,0.015625,0.0078125,0.0021584330873960357,0.0034489208153261983,4.9150407796331785e-06,0.096,1.0,0.0,0.0,True,euler,1.0000128257753593,-1.5184364492350666,-1.4398966328953218,stability-verified-in-model
outputs/hou_time_refinement_v1,hou_time_refinement_v1,hou_time_refinement_v1/nr65/nz128/level_index=2/requested_dt=1.5e-07,65,128,level_index=2;requested_dt=1.5e-07,9950.0,0.001492451652751385,1.4999514098001642e-07,0.0005,225.0279608667575,179.73040006164143,0.015625,0.0078125,0.0021601984457379144,0.0034507118970420044,4.9150407796331785e-06,0.096,1.0,0.0,0.0,True,euler,1.000012845512474,-1.5184364492350666,-1.4398966328953218,stability-verified-in-model
outputs/hou_time_refinement_v1,hou_time_refinement_v1,hou_time_refinement_v1/nr65/nz128/level_index=2/requested_dt=1.5e-07,65,128,level_index=2;requested_dt=1.5e-07,9975.0,0.0014962015312758876,1.4999514098001642e-07,0.0005,225.20923042655266,179.8233710971318,0.015625,0.0078125,0.002161938577141233,0.00345249688309966,4.9150407796331785e-06,0.096,1.0,0.0,0.0,True,euler,1.0000128650877267,-1.5184364492350666,-1.4398966328953218,stability-verified-in-model
outputs/hou_time_refinement_v1,hou_time_refinement_v1,hou_time_refinement_v1/nr65/nz128/level_index=2/requested_dt=1.5e-07,65,128,level_index=2;requested_dt=1.5e-07,10000.0,0.0014999514098003903,1.4999514098001642e-07,0.0005,225.38781293448662,179.9160279455657,0.015625,0.0078125,0.0021636529136822968,0.0034542758369612418,4.9150407796331785e-06,0.096,1.0,0.0,0.0,True,euler,1.0000128844979723,-1.5184364492350666,-1.4398966328953218,stability-verified-in-model
outputs/hou_time_refinement_v1,hou_time_refinement_v1,hou_time_refinement_v1/nr65/nz128/level_index=2/requested_dt=1.5e-07,65,128,level_index=2;requested_dt=1.5e-07,10025.0,0.001503701288324893,1.4999514098001642e-07,0.0005,225.5636482758964,180.00837387017935,0.015625,0.0078125,0.002165340878279035,0.0034560488212788554,4.9150407796331785e-06,0.096,1.0,0.0,0.0,True,euler,1.0000129037482413,-1.5184364492350666,-1.4486232791552935,stability-verified-in-model
outputs/hou_time_refinement_v1,hou_time_refinement_v1,hou_time_refinement_v1/nr65/nz128/level_index=2/requested_dt=1.5e-07,65,128,level_index=2;requested_dt=1.5e-07,10050.0,0.0015074511668493956,1.4999514098001642e-07,0.0005,225.73667537214544,180.10041209252014,0.015625,0.0078125,0.00216700188459553,0.0034578158979042066,4.9150407796331785e-06,0.096,1.0,0.0,0.0,True,euler,1.0000129228426706,-1.5184364492350666,-1.4486232791552935,stability-verified-in-model
outputs/hou_time_refinement_v1,hou_time_refinement_v1,hou_time_refinement_v1/nr65/nz128/level_index=2/requested_dt=1.5e-07,65,128,level_index=2;requested_dt=1.5e-07,10075.0,0.0015112010453738982,1.4999514098001642e-07,0.0005,225.90683217073934,180.19214579294285,0.015625,0.0078125,0.0021686353369471333,0.0034595771278981293,4.9150407796331785e-06,0.096,1.0,0.0,0.0,True,euler,1.0000129417621468,-1.5184364492350666,-1.4486232791552935,stability-verified-in-model
outputs/hou_time_refinement_v1,hou_time_refinement_v1,hou_time_refinement_v1/nr65/nz128/level_index=2/requested_dt=1.5e-07,65,128,level_index=2;requested_dt=1.5e-07,10100.0,0.0015149509238984009,1.4999514098001642e-07,0.0005,226.07405563551808,180.2835781110982,0.015625,0.0078125,0.002170240630206311,0.0034613325715399652,4.9150407796331785e-06,0.096,1.0,0.0,0.0,True,euler,1.0000129605032817,-1.5184364492350666,-1.4486232791552935,stability-verified-in-model
outputs/hou_time_refinement_v1,hou_time_refinement_v1,hou_time_refinement_v1/nr65/nz128/level_index=2/requested_dt=1.5e-07,65,128,level_index=2;requested_dt=1.5e-07,10125.0,0.0015187008024229035,1.4999514098001642e-07,0.0005,226.23828173693326,180.37471214641855,0.015625,0.0078125,0.002171817149709311,0.003463082288336887,4.9150407796331785e-06,0.096,1.0,0.0,0.0,True,euler,1.0000129790626244,-1.5184364492350666,-1.4486232791552935,stability-verified-in-model
outputs/hou_time_refinement_v1,hou_time_refinement_v1,hou_time_refinement_v1/nr65/nz128/level_index=2/requested_dt=1.5e-07,65,128,level_index=2;requested_dt=1.5e-07,10150.0,0.0015224506809474062,1.4999514098001642e-07,0.0005,226.39944544242735,180.46555095859745,0.015625,0.0078125,0.0021733642711638033,0.0034648263370331087,4.9150407796331785e-06,0.096,1.0,0.0,0.0,True,euler,1.0000129974366627,-1.5184364492350666,-1.4486232791552935,stability-verified-in-model
outputs/hou_time_refinement_v1,hou_time_refinement_v1,hou_time_refinement_v1/nr65/nz128/level_index=2/requested_dt=1.5e-07,65,128,level_index=2;requested_dt=1.5e-07,10175.0,0.0015262005594719088,1.4999514098001642e-07,0.0005,226.5574807069253,180.5560975680644,0.015625,0.0078125,0.0021748813605576072,0.0034665647756189975,4.9150407796331785e-06,0.096,1.0,0.0,0.0,True,euler,1.000013015621822,-1.5184364492350666,-1.4486232791552935,stability-verified-in-model
outputs/hou_time_refinement_v1,hou_time_refinement_v1,hou_time_refinement_v1/nr65/nz128/level_index=2/requested_dt=1.5e-07,65,128,level_index=2;requested_dt=1.5e-07,10200.0,0.0015299504379964115,1.4999514098001642e-07,0.0005,226.89048833268964,180.6463549564549,0.015625,0.0078125,0.0021780781302071393,0.003468297661340101,4.9150407796331785e-06,0.096,1.0,0.0,0.0,True,euler,1.0000130432092766,-1.5184364492350666,-1.4486232791552935,stability-verified-in-model
outputs/hou_time_refinement_v1,hou_time_refinement_v1,hou_time_refinement_v1/nr65/nz128/level_index=2/requested_dt=1.5e-07,65,128,level_index=2;requested_dt=1.5e-07,10225.0,0.0015337003165209141,1.4999514098001642e-07,0.0005,227.25963733119463,180.73632606707528,0.015625,0.0078125,0.002181621845795836,0.0034700250507060703,4.9150407796331785e-06,0.096,1.0,0.0,0.0,True,euler,1.0000130727385492,-1.5184364492350666,-1.4486232791552935,stability-verified-in-model
outputs/hou_time_refinement_v1,hou_time_refinement_v1,hou_time_refinement_v1/nr65/nz128/level_index=2/requested_dt=1.5e-07,65,128,level_index=2;requested_dt=1.5e-07,10250.0,0.0015374501950454168,1.4999514098001642e-07,0.0005,227.62805409447824,180.8260138053621,0.015625,0.0078125,0.0021851585321541163,0.0034717469994994797,4.9150407796331785e-06,0.096,1.0,0.0,0.0,True,euler,1.0000131022255097,-1.5184364492350666,-1.4486232791552935,stability-verified-in-model
outputs/hou_time_refinement_v1,hou_time_refinement_v1,hou_time_refinement_v1/nr65/nz128/level_index=2/requested_dt=1.5e-07,65,128,level_index=2;requested_dt=1.5e-07,10275.0,0.0015412000735699194,1.4999514098001642e-07,0.0005,227.99568742754047,180.91542103933668,0.015625,0.0078125,0.0021886876978259003,0.0034734635627845546,4.9150407796331785e-06,0.096,1.0,0.0,0.0,True,euler,1.0000131316675058,-1.5184364492350666,-1.4486232791552935,stability-verified-in-model
outputs/hou_time_refinement_v1,hou_time_refinement_v1,hou_time_refinement_v1/nr65/nz128/level_index=2/requested_dt=1.5e-07,65,128,level_index=2;requested_dt=1.5e-07,10300.0,0.001544949952094422,1.4999514098001642e-07,0.0005,228.36248486108116,181.00455060005453,0.015625,0.0078125,0.002192208839122223,0.003475174794915801,4.9150407796331785e-06,0.096,1.0,0.0,0.0,True,euler,1.0000131610618035,-1.5184364492350666,-1.4486232791552935,stability-verified-in-model
outputs/hou_time_refinement_v1,hou_time_refinement_v1,hou_time_refinement_v1/nr65/nz128/level_index=2/requested_dt=1.5e-07,65,128,level_index=2;requested_dt=1.5e-07,10325.0,0.0015486998306189247,1.4999514098001642e-07,0.0005,228.72839262459382,181.0934052820486,0.015625,0.0078125,0.002195721439862944,0.0034768807495465124,4.9150407796331785e-06,0.096,1.0,0.0,0.0,True,euler,1.0000131904055858,-1.5184364492350666,-1.4486232791552935,stability-verified-in-model
outputs/hou_time_refinement_v1,hou_time_refinement_v1,hou_time_refinement_v1/nr65/nz128/level_index=2/requested_dt=1.5e-07,65,128,level_index=2;requested_dt=1.5e-07,10350.0,0.0015524497091434274,1.4999514098001642e-07,0.0005,229.0933556189868,181.18198784376804,0.015625,0.0078125,0.0021992249711139176,0.003478581479637198,4.9150407796331785e-06,0.096,1.0,0.0,0.0,True,euler,1.0000132196959504,-1.5184364492350666,-1.4486232791552935,stability-verified-in-model
outputs/hou_time_refinement_v1,hou_time_refinement_v1,hou_time_refinement_v1/nr65/nz128/level_index=2/requested_dt=1.5e-07,65,128,level_index=2;requested_dt=1.5e-07,10375.0,0.00155619958766793,1.4999514098001642e-07,0.0005,229.45731738872823,181.27030100801062,0.015625,0.0078125,0.0022027188909195944,0.0034802770374638805,4.9150407796331785e-06,0.096,1.0,0.0,0.0,True,euler,1.000013248929909,-1.5184364492350666,-1.4486232791552935,stability-verified-in-model
outputs/hou_time_refinement_v1,hou_time_refinement_v1,hou_time_refinement_v1/nr65/nz128/level_index=2/requested_dt=1.5e-07,65,128,level_index=2;requested_dt=1.5e-07,10400.0,0.0015599494661924327,1.4999514098001642e-07,0.0005,229.8202200935136,181.35834746234974,0.015625,0.0078125,0.0022062026440310386,0.003481967474626298,4.9150407796331785e-06,0.096,1.0,0.0,0.0,True,euler,1.0000132781043842,-1.5184364492350666,-1.4486232791552935,stability-verified-in-model
outputs/hou_time_refinement_v1,hou_time_refinement_v1,hou_time_refinement_v1/nr65/nz128/level_index=2/requested_dt=1.5e-07,65,128,level_index=2;requested_dt=1.5e-07,10425.0,0.0015636993447169353,1.4999514098001642e-07,0.0005,230.18200447945537,181.4461298595555,0.015625,0.0078125,0.0022096756616293554,0.0034836528420559864,4.9150407796331785e-06,0.096,1.0,0.0,0.0,True,euler,1.0000133072162085,-1.5184364492350666,-1.4486232791552935,stability-verified-in-model
outputs/hou_time_refinement_v1,hou_time_refinement_v1,hou_time_refinement_v1/nr65/nz128/level_index=2/requested_dt=1.5e-07,65,128,level_index=2;requested_dt=1.5e-07,10450.0,0.001567449223241438,1.4999514098001642e-07,0.0005,230.5426098497909,181.53365081800956,0.015625,0.0078125,0.0022131373610445,0.0034853331900242457,4.9150407796331785e-06,0.096,1.0,0.0,0.0,True,euler,1.000013336262123,-1.5184364492350666,-1.4486232791552935,stability-verified-in-model
outputs/hou_time_refinement_v1,hou_time_refinement_v1,hou_time_refinement_v1/nr65/nz128/level_index=2/requested_dt=1.5e-07,65,128,level_index=2;requested_dt=1.5e-07,10475.0,0.0015711991017659406,1.4999514098001642e-07,0.0005,230.90197403511036,181.62091292211406,0.015625,0.0078125,0.00221658714546947,0.0034870085681499886,4.9150407796331785e-06,0.096,1.0,0.0,0.0,True,euler,1.0000133652387737,-1.5184364492350666,-1.4486232791552935,stability-verified-in-model
outputs/hou_time_refinement_v1,hou_time_refinement_v1,hou_time_refinement_v1/nr65/nz128/level_index=2/requested_dt=1.5e-07,65,128,level_index=2;requested_dt=1.5e-07,10500.0,0.0015749489802904433,1.4999514098001642e-07,0.0005,231.26003336310225,181.70791872269425,0.015625,0.0078125,0.0022200244036698767,0.0034886790254074736,4.9150407796331785e-06,0.096,1.0,0.0,0.0,True,euler,1.0000133941427123,-1.5184364492350666,-1.4486232791552935,stability-verified-in-model
outputs/hou_time_refinement_v1,hou_time_refinement_v1,hou_time_refinement_v1/nr65/nz128/level_index=2/requested_dt=1.5e-07,65,128,level_index=2;requested_dt=1.5e-07,10525.0,0.001578698858814946,1.4999514098001642e-07,0.0005,231.6167226278173,181.79467073739403,0.015625,0.0078125,0.0022234485096888842,0.0034903446101338985,4.9150407796331785e-06,0.096,1.0,0.0,0.0,True,euler,1.0000134229703912,-1.5184364492350666,-1.4486232791552935,stability-verified-in-model
outputs/hou_time_refinement_v1,hou_time_refinement_v1,hou_time_refinement_v1/nr65/nz128/level_index=2/requested_dt=1.5e-07,65,128,level_index=2;requested_dt=1.5e-07,10550.0,0.0015824487373394486,1.4999514098001642e-07,0.0005,231.9719750584508,181.88117145106514,0.015625,0.0078125,0.0022268588225475314,0.003492005370036871,4.9150407796331785e-06,0.096,1.0,0.0,0.0,True,euler,1.000013451718164,-1.5184364492350666,-1.4486232791552935,stability-verified-in-model
outputs/hou_time_refinement_v1,hou_time_refinement_v1,hou_time_refinement_v1/nr65/nz128/level_index=2/requested_dt=1.5e-07,65,128,level_index=2;requested_dt=1.5e-07,10575.0,0.0015861986158639512,1.4999514098001642e-07,0.0005,232.3257222876446,181.96742331614993,0.015625,0.0078125,0.0022302546859404413,0.0034936613522017585,4.9150407796331785e-06,0.096,1.0,0.0,0.0,True,euler,1.0000134803822827,-1.5184364492350666,-1.4486232791552935,stability-verified-in-model
outputs/hou_time_refinement_v1,hou_time_refinement_v1,hou_time_refinement_v1/nr65/nz128/level_index=2/requested_dt=1.5e-07,65,128,level_index=2;requested_dt=1.5e-07,10600.0,0.0015899484943884539,1.4999514098001642e-07,0.0005,232.67789431930936,182.05342875305547,0.015625,0.0078125,0.002233635427926923,0.003495312603098871,4.9150407796331785e-06,0.096,1.0,0.0,0.0,True,euler,1.000013508958895,-1.5184364492350666,-1.4486232791552935,stability-verified-in-model
outputs/hou_time_refinement_v1,hou_time_refinement_v1,hou_time_refinement_v1/nr65/nz128/level_index=2/requested_dt=1.5e-07,65,128,level_index=2;requested_dt=1.5e-07,10625.0,0.0015936983729129565,1.4999514098001642e-07,0.0005,233.02841949596936,182.1391901505225,0.015625,0.0078125,0.002237000360617493,0.003496959168590546,4.9150407796331785e-06,0.096,1.0,0.0,0.0,True,euler,1.0000135374440438,-1.5184364492350666,-1.4486232791552935,stability-verified-in-model
outputs/hou_time_refinement_v1,hou_time_refinement_v1,hou_time_refinement_v1/nr65/nz128/level_index=2/requested_dt=1.5e-07,65,128,level_index=2;requested_dt=1.5e-07,10650.0,0.0015974482514374592,1.4999514098001642e-07,0.0005,233.3772244656327,182.22470986598472,0.015625,0.0078125,0.002240348779855841,0.003498601093938044,4.9150407796331785e-06,0.096,1.0,0.0,0.0,True,euler,1.000013565837718,-1.5271630954950384,-1.4486232791552935,stability-verified-in-model
outputs/hou_time_refinement_v1,hou_time_refinement_v1,hou_time_refinement_v1/nr65/nz128/level_index=2/requested_dt=1.5e-07,65,128,level_index=2;requested_dt=1.5e-07,10675.0,0.0016011981299619618,1.4999514098001642e-07,0.0005,233.72423414818957,182.3099902259219,0.015625,0.0078125,0.00224367996489626,0.0035002384238083293,4.9150407796331785e-06,0.096,1.0,0.0,0.0,True,euler,1.000013594140253,-1.5271630954950384,-1.4486232791552935,stability-verified-in-model
outputs/hou_time_refinement_v1,hou_time_refinement_v1,hou_time_refinement_v1/nr65/nz128/level_index=2/requested_dt=1.5e-07,65,128,level_index=2;requested_dt=1.5e-07,10700.0,0.0016049480084864645,1.4999514098001642e-07,0.0005,234.0693717013425,182.39503352620451,0.015625,0.0078125,0.002246993178076591,0.003501871202280687,4.9150407796331785e-06,0.096,1.0,0.0,0.0,True,euler,1.000013622338746,-1.5271630954950384,-1.4486232791552935,stability-verified-in-model
outputs/hou_time_refinement_v1,hou_time_refinement_v1,hou_time_refinement_v1/nr65/nz128/level_index=2/requested_dt=1.5e-07,65,128,level_index=2;requested_dt=1.5e-07,10725.0,0.0016086978870109671,1.4999514098001642e-07,0.0005,234.4125584860732,182.47984203242976,0.015625,0.0078125,0.002250287664486713,0.0035034994728531748,4.9150407796331785e-06,0.096,1.0,0.0,0.0,True,euler,1.0000136504287929,-1.5271630954950384,-1.4486232791552935,stability-verified-in-model
outputs/hou_time_refinement_v1,hou_time_refinement_v1,hou_time_refinement_v1/nr65/nz128/level_index=2/requested_dt=1.5e-07,65,128,level_index=2;requested_dt=1.5e-07,10750.0,0.0016124477655354698,1.4999514098001642e-07,0.0005,234.75371403165235,182.56441798025048,0.015625,0.0078125,0.00225356265163265,0.0035051232784489364,4.9150407796331785e-06,0.096,1.0,0.0,0.0,True,euler,1.000013678405874,-1.5271630954950384,-1.4486232791552935,stability-verified-in-model
outputs/hou_time_refinement_v1,hou_time_refinement_v1,hou_time_refinement_v1/nr65/nz128/level_index=2/requested_dt=1.5e-07,65,128,level_index=2;requested_dt=1.5e-07,10775.0,0.0016161976440599724,1.4999514098001642e-07,0.0005,235.09275600019674,182.648763575695,0.015625,0.0078125,0.0022568173490963273,0.0035067426614223437,4.9150407796331785e-06,0.096,1.0,0.0,0.0,True,euler,1.0000137062653502,-1.5271630954950384,-1.4486232791552935,stability-verified-in-model
outputs/hou_time_refinement_v1,hou_time_refinement_v1,hou_time_refinement_v1/nr65/nz128/level_index=2/requested_dt=1.5e-07,65,128,level_index=2;requested_dt=1.5e-07,10800.0,0.001619947522584475,1.4999514098001642e-07,0.0005,235.4296001507829,182.7328809954774,0.015625,0.0078125,0.002260050948191077,0.003508357663564953,4.9150407796331785e-06,0.096,1.0,0.0,0.0,True,euler,1.000013734002462,-1.5271630954950384,-1.4486232791552935,stability-verified-in-model
outputs/hou_time_refinement_v1,hou_time_refinement_v1,hou_time_refinement_v1/nr65/nz128/level_index=2/requested_dt=1.5e-07,65,128,level_index=2;requested_dt=1.5e-07,10825.0,0.0016236974011089777,1.4999514098001642e-07,0.0005,235.76416030312396,182.81677238730126,0.015625,0.0078125,0.0022632626216129454,0.0035099683261113376,4.9150407796331785e-06,0.096,1.0,0.0,0.0,True,euler,1.0000137616123266,-1.5271630954950384,-1.4486232791552935,stability-verified-in-model
outputs/hou_time_refinement_v1,hou_time_refinement_v1,hou_time_refinement_v1/nr65/nz128/level_index=2/requested_dt=1.5e-07,65,128,level_index=2;requested_dt=1.5e-07,10850.0,0.0016274472796334804,1.4999514098001642e-07,0.0005,236.09634830082038,182.90043987015218,0.015625,0.0078125,0.002266451523087911,0.003511574689744703,4.9150407796331785e-06,0.096,1.0,0.0,0.0,True,euler,1.000013789089937,-1.5271630954950384,-1.4486232791552935,stability-verified-in-model
outputs/hou_time_refinement_v1,hou_time_refinement_v1,hou_time_refinement_v1/nr65/nz128/level_index=2/requested_dt=1.5e-07,65,128,level_index=2;requested_dt=1.5e-07,10875.0,0.001631197158157983,1.4999514098001642e-07,0.0005,236.42607397419334,182.98388553458264,0.015625,0.0078125,0.002269616787015099,0.003513176794602357,4.9150407796331785e-06,0.096,1.0,0.0,0.0,True,euler,1.0000138164301573,-1.5271630954950384,-1.4486232791552935,stability-verified-in-model
outputs/hou_time_refinement_v1,hou_time_refinement_v1,hou_time_refinement_v1/nr65/nz128/level_index=2/requested_dt=1.5e-07,65,128,level_index=2;requested_dt=1.5e-07,10900.0,0.0016349470366824857,1.4999514098001642e-07,0.0005,236.75324510271392,183.06711144298745,0.015625,0.0078125,0.0022727575281061094,0.003514774680280996,4.9150407796331785e-06,0.096,1.0,0.0,0.0,True,euler,1.0000138436277226,-1.5271630954950384,-1.4486232791552935,stability-verified-in-model
outputs/hou_time_refinement_v1,hou_time_refinement_v1,hou_time_refinement_v1/nr65/nz128/level_index=2/requested_dt=1.5e-07,65,128,level_index=2;requested_dt=1.5e-07,10925.0,0.0016386969152069884,1.4999514098001642e-07,0.0005,237.07776737703935,183.15011962986992,0.015625,0.0078125,0.0022758728410205795,0.003516368385841819,4.9150407796331785e-06,0.096,1.0,0.0,0.0,True,euler,1.0000138706772366,-1.5271630954950384,-1.4486232791552935,stability-verified-in-model
outputs/hou_time_refinement_v1,hou_time_refinement_v1,hou_time_refinement_v1/nr65/nz128/level_index=2/requested_dt=1.5e-07,65,128,level_index=2;requested_dt=1.5e-07,10950.0,0.001642446793731491,1.4999514098001642e-07,0.0005,237.39954436067245,183.23291210209834,0.015625,0.0078125,0.0022789617999981267,0.0035179579498154493,4.9150407796331785e-06,0.096,1.0,0.0,0.0,True,euler,1.0000138975731667,-1.5271630954950384,-1.4486232791552935,stability-verified-in-model
outputs/hou_time_refinement_v1,hou_time_refinement_v1,hou_time_refinement_v1/nr65/nz128/level_index=2/requested_dt=1.5e-07,65,128,level_index=2;requested_dt=1.5e-07,10975.0,0.0016461966722559937,1.4999514098001642e-07,0.0005,237.71847745125723,183.31549083915488,0.015625,0.0078125,0.0022820234584867956,0.0035195434102067128,4.9150407796331785e-06,0.096,1.0,0.0,0.0,True,euler,1.0000139243098458,-1.5271630954950384,-1.4486232791552935,stability-verified-in-model
outputs/hou_time_refinement_v1,hou_time_refinement_v1,hou_time_refinement_v1/nr65/nz128/level_index=2/requested_dt=1.5e-07,65,128,level_index=2;requested_dt=1.5e-07,11000.0,0.0016499465507804963,1.4999514098001642e-07,0.0005,238.0344658415304,183.39785779337228,0.015625,0.0078125,0.002285056848768208,0.0035211248044991848,4.9150407796331785e-06,0.096,1.0,0.0,0.0,True,euler,1.0000139508814656,-1.5271630954950384,-1.4486232791552935,stability-verified-in-model
outputs/hou_time_refinement_v1,hou_time_refinement_v1,hou_time_refinement_v1/nr65/nz128/level_index=2/requested_dt=1.5e-07,65,128,level_index=2;requested_dt=1.5e-07,11025.0,0.001653696429304999,1.4999514098001642e-07,0.0005,238.34740647994596,183.48001489016474,0.015625,0.0078125,0.0022880609815795695,0.0035227021696596188,4.9150407796331785e-06,0.096,1.0,0.0,0.0,True,euler,1.0000139772820777,-1.5271630954950384,-1.4486232791552935,stability-verified-in-model
outputs/hou_time_refinement_v1,hou_time_refinement_v1,hou_time_refinement_v1/nr65/nz128/level_index=2/requested_dt=1.5e-07,65,128,level_index=2;requested_dt=1.5e-07,11050.0,0.0016574463078295016,1.4999514098001642e-07,0.0005,238.65719403099297,183.5619640282464,0.015625,0.0078125,0.002291034845732731,0.0035242755421421466,4.9150407796331785e-06,0.096,1.0,0.0,0.0,True,euler,1.000014003505589,-1.5271630954950384,-1.4486232791552935,stability-verified-in-model
outputs/hou_time_refinement_v1,hou_time_refinement_v1,hou_time_refinement_v1/nr65/nz128/level_index=2/requested_dt=1.5e-07,65,128,level_index=2;requested_dt=1.5e-07,11075.0,0.0016611961863540043,1.4999514098001642e-07,0.0005,238.96372083522965,183.6437070798436,0.015625,0.0078125,0.0022939774077305316,0.00352584495789235,4.9150407796331785e-06,0.096,1.0,0.0,0.0,True,euler,1.0000140295457611,-1.5271630954950384,-1.4486232791552935,stability-verified-in-model
outputs/hou_time_refinement_v1,hou_time_refinement_v1,hou_time_refinement_v1/nr65/nz128/level_index=2/requested_dt=1.5e-07,65,128,level_index=2;requested_dt=1.5e-07,11100.0,0.001664946064878507,1.4999514098001642e-07,0.0005,239.2668768690575,183.72524589089625,0.015625,0.0078125,0.0022968876113806406,0.0035274104523511252,4.9150407796331785e-06,0.096,1.0,0.0,0.0,True,euler,1.0000140553962062,-1.5271630954950384,-1.4486232791552935,stability-verified-in-model
outputs/hou_time_refinement_v1,hou_time_refinement_v1,hou_time_refinement_v1/nr65/nz128/level_index=2/requested_dt=1.5e-07,65,128,level_index=2;requested_dt=1.5e-07,11125.0,0.0016686959434030096,1.4999514098001642e-07,0.0005,239.56654970426047,183.80658228125117,0.015625,0.0078125,0.0022997643774071465,0.003528972060458401,4.9150407796331785e-06,0.096,1.0,0.0,0.0,True,euler,1.0000140810503857,-1.5271630954950384,-1.4486232791552935,stability-verified-in-model
outputs/hou_time_refinement_v1,hou_time_refinement_v1,hou_time_refinement_v1/nr65/nz128/level_index=2/requested_dt=1.5e-07,65,128,level_index=2;requested_dt=1.5e-07,11150.0,0.0016724458219275122,1.4999514098001642e-07,0.0005,239.8626244673385,183.88771804484688,0.015625,0.0078125,0.0023026066030601713,0.0035305298166566808,4.9150407796331785e-06,0.096,1.0,0.0,0.0,True,euler,1.0000141065016075,-1.5271630954950384,-1.4486232791552935,stability-verified-in-model
outputs/hou_time_refinement_v1,hou_time_refinement_v1,hou_time_refinement_v1/nr65/nz128/level_index=2/requested_dt=1.5e-07,65,128,level_index=2;requested_dt=1.5e-07,11175.0,0.0016761957004520149,1.4999514098001642e-07,0.0005,240.15498379866455,183.96865494989058,0.015625,0.0078125,0.002305413161723792,0.0035320837548944426,4.9150407796331785e-06,0.096,1.0,0.0,0.0,True,euler,1.0000141317430242,-1.5271630954950384,-1.4486232791552935,stability-verified-in-model
outputs/hou_time_refinement_v1,hou_time_refinement_v1,hou_time_refinement_v1/nr65/nz128/level_index=2/requested_dt=1.5e-07,65,128,level_index=2;requested_dt=1.5e-07,11200.0,0.0016799455789765175,1.4999514098001642e-07,0.0005,240.4435078114982,184.04939473902581,0.015625,0.0078125,0.0023081829025225825,0.0035336339086293593,4.9150407796331785e-06,0.096,1.0,0.0,0.0,True,euler,1.0000141567676295,-1.5271630954950384,-1.4486232791552935,stability-verified-in-model
outputs/hou_time_refinement_v1,hou_time_refinement_v1,hou_time_refinement_v1/nr65/nz128/level_index=2/requested_dt=1.5e-07,65,128,level_index=2;requested_dt=1.5e-07,11225.0,0.0016836954575010202,1.4999514098001642e-07,0.0005,240.72807405089034,184.1299391294942,0.015625,0.0078125,0.0023109146499271124,0.0035351803108314016,4.9150407796331785e-06,0.096,1.0,0.0,0.0,True,euler,1.0000141815682575,-1.5271630954950384,-1.4486232791552935,stability-verified-in-model
outputs/hou_time_refinement_v1,hou_time_refinement_v1,hou_time_refinement_v1/nr65/nz128/level_index=2/requested_dt=1.5e-07,65,128,level_index=2;requested_dt=1.5e-07,11250.0,0.0016874453360255228,1.4999514098001642e-07,0.0005,241.0085574525162,184.21028981328863,0.015625,0.0078125,0.0023136072033587553,0.0035367229939857804,4.9150407796331785e-06,0.096,1.0,0.0,0.0,True,euler,1.0000142061375787,-1.5271630954950384,-1.4486232791552935,stability-verified-in-model
outputs/hou_time_refinement_v1,hou_time_refinement_v1,hou_time_refinement_v1/nr65/nz128/level_index=2/requested_dt=1.5e-07,65,128,level_index=2;requested_dt=1.5e-07,11275.0,0.0016911952145500255,1.4999514098001642e-07,0.0005,241.2848303014767,184.2904484573006,0.015625,0.0078125,0.0023162593367941973,0.0035382619900957766,4.9150407796331785e-06,0.096,1.0,0.0,0.0,True,euler,1.0000142304680983,-1.5271630954950384,-1.4486232791552935,stability-verified-in-model
outputs/hou_time_refinement_v1,hou_time_refinement_v1,hou_time_refinement_v1/nr65/nz128/level_index=2/requested_dt=1.5e-07,65,128,level_index=2;requested_dt=1.5e-07,11300.0,0.0016949450930745281,1.4999514098001642e-07,0.0005,241.55676219111106,184.3704167034596,0.015625,0.0078125,0.0023188697983700483,0.003539797330685414,4.9150407796331785e-06,0.096,1.0,0.0,0.0,True,euler,1.000014254552155,-1.5271630954950384,-1.4486232791552935,stability-verified-in-model
outputs/hou_time_refinement_v1,hou_time_refinement_v1,hou_time_refinement_v1/nr65/nz128/level_index=2/requested_dt=1.5e-07,65,128,level_index=2;requested_dt=1.5e-07,11325.0,0.0016986949715990308,1.4999514098001642e-07,0.0005,241.82421998186578,184.45019616886904,0.015625,0.0078125,0.0023214373099879975,0.0035413290468020732,4.9150407796331785e-06,0.096,1.0,0.0,0.0,True,euler,1.0000142783819166,-1.5271630954950384,-1.4486232791552935,stability-verified-in-model
outputs/hou_time_refinement_v1,hou_time_refinement_v1,hou_time_refinement_v1/nr65/nz128/level_index=2/requested_dt=1.5e-07,65,128,level_index=2;requested_dt=1.5e-07,11350.0,0.0017024448501235334,1.4999514098001642e-07,0.0005,242.08706776026793,184.5297884459346,0.015625,0.0078125,0.0023239605669209715,0.0035428571690189524,4.9150407796331785e-06,0.096,1.0,0.0,0.0,True,euler,1.000014301949379,-1.5271630954950384,-1.4486232791552935,stability-verified-in-model
outputs/hou_time_refinement_v1,hou_time_refinement_v1,hou_time_refinement_v1/nr65/nz128/level_index=2/requested_dt=1.5e-07,65,128,level_index=2;requested_dt=1.5e-07,11375.0,0.001706194728648036,1.4999514098001642e-07,0.0005,242.34516679805603,184.60919510248922,0.015625,0.0078125,0.0023264382374208006,0.0035443817274374693,4.9150407796331785e-06,0.096,1.0,0.0,0.0,True,euler,1.0000143252463647,-1.5271630954950384,-1.4486232791552935,stability-verified-in-model
outputs/hou_time_refinement_v1,hou_time_refinement_v1,hou_time_refinement_v1/nr65/nz128/level_index=2/requested_dt=1.5e-07,65,128,level_index=2;requested_dt=1.5e-07,11400.0,0.0017099446071725387,1.4999514098001642e-07,0.0005,242.59837551152165,184.68841768191353,0.015625,0.0078125,0.002328868962327914,0.0035459027516895718,4.9150407796331785e-06,0.096,1.0,0.0,0.0,True,euler,1.0000143482645183,-1.5271630954950384,-1.4486232791552935,stability-verified-in-model
outputs/hou_time_refinement_v1,hou_time_refinement_v1,hou_time_refinement_v1/nr65/nz128/level_index=2/requested_dt=1.5e-07,65,128,level_index=2;requested_dt=1.5e-07,11425.0,0.0017136944856970414,1.4999514098001642e-07,0.0005,242.8465494211202,184.7674577032524,0.015625,0.0078125,0.0023312513546836127,0.0035474202709399765,4.9150407796331785e-06,0.096,1.0,0.0,0.0,True,euler,1.0000143709953069,-1.5271630954950384,-1.4486232791552935,stability-verified-in-model
outputs/hou_time_refinement_v1,hou_time_refinement_v1,hou_time_refinement_v1/nr65/nz128/level_index=2/requested_dt=1.5e-07,65,128,level_index=2;requested_dt=1.5e-07,11450.0,0.001717444364221544,1.4999514098001642e-07,0.0005,243.08954111141335,184.8463166613298,0.015625,0.0078125,0.0023335839993455323,0.003548934313888374,4.9150407796331785e-06,0.096,1.0,0.0,0.0,True,euler,1.0000143934517682,-1.5271630954950384,-1.457349925415265,stability-verified-in-model
outputs/hou_time_refinement_v1,hou_time_refinement_v1,hou_time_refinement_v1/nr65/nz128/level_index=2/requested_dt=1.5e-07,65,128,level_index=2;requested_dt=1.5e-07,11475.0,0.0017211942427460467,1.4999514098001642e-07,0.0005,243.32720019140788,184.92499602686053,0.015625,0.0078125,0.002335865452606906,0.003550444908771574,4.9150407796331785e-06,0.096,1.0,0.0,0.0,True,euler,1.0000144156043393,-1.5271630954950384,-1.457349925415265,stability-verified-in-model
outputs/hou_time_refinement_v1,hou_time_refinement_v1,hou_time_refinement_v1/nr65/nz128/level_index=2/requested_dt=1.5e-07,65,128,level_index=2;requested_dt=1.5e-07,11500.0,0.0017249441212705493,1.4999514098001642e-07,0.0005,243.55937325535947,185.0034972465609,0.015625,0.0078125,0.0023380942418202936,0.0035519520833656297,4.9150407796331785e-06,0.096,1.0,0.0,0.0,True,euler,1.0000144374426398,-1.5271630954950384,-1.457349925415265,stability-verified-in-model
outputs/hou_time_refinement_v1,hou_time_refinement_v1,hou_time_refinement_v1/nr65/nz128/level_index=2/requested_dt=1.5e-07,65,128,level_index=2;requested_dt=1.5e-07,11525.0,0.001728693999795052,1.4999514098001642e-07,0.0005,243.7859038441158,185.08182174325924,0.015625,0.0078125,0.0023402688650264883,0.0035534558649879602,4.9150407796331785e-06,0.096,1.0,0.0,0.0,True,euler,1.000014458957396,-1.5271630954950384,-1.457349925415265,stability-verified-in-model
outputs/hou_time_refinement_v1,hou_time_refinement_v1,hou_time_refinement_v1/nr65/nz128/level_index=2/requested_dt=1.5e-07,65,128,level_index=2;requested_dt=1.5e-07,11550.0,0.0017324438783195546,1.4999514098001642e-07,0.0005,244.00663240707456,185.15997091600624,0.015625,0.0078125,0.0023423877905893245,0.0035549562804994684,4.9150407796331785e-06,0.096,1.0,0.0,0.0,True,euler,1.0000144801391453,-1.5271630954950384,-1.457349925415265,stability-verified-in-model
outputs/hou_time_refinement_v1,hou_time_refinement_v1,hou_time_refinement_v1/nr65/nz128/level_index=2/requested_dt=1.5e-07,65,128,level_index=2;requested_dt=1.5e-07,11575.0,0.0017361937568440573,1.4999514098001642e-07,0.0005,244.2213962648396,185.2379461401864,0.015625,0.0078125,0.0023444494568371885,0.0035564533563066814,4.9150407796331785e-06,0.096,1.0,0.0,0.0,True,euler,1.000014500978235,-1.5271630954950384,-1.457349925415265,stability-verified-in-model
outputs/hou_time_refinement_v1,hou_time_refinement_v1,hou_time_refinement_v1/nr65/nz128/level_index=2/requested_dt=1.5e-07,65,128,level_index=2;requested_dt=1.5e-07,11600.0,0.00173994363536856,1.4999514098001642e-07,0.0005,244.43002957265725,185.31574876763122,0.015625,0.0078125,0.00234645227171202,0.0035579471183639234,4.9150407796331785e-06,0.096,1.0,0.0,0.0,True,euler,1.0000145214648204,-1.5271630954950384,-1.457349925415265,stability-verified-in-model
outputs/hou_time_refinement_v1,hou_time_refinement_v1,hou_time_refinement_v1/nr65/nz128/level_index=2/requested_dt=1.5e-07,65,128,level_index=2;requested_dt=1.5e-07,11625.0,0.0017436935138930626,1.4999514098001642e-07,0.0005,244.6323632847288,185.39338012673488,0.015625,0.0078125,0.0023483946124267193,0.003559437592175536,4.9150407796331785e-06,0.096,1.0,0.0,0.0,True,euler,1.000014541588862,-1.5271630954950384,-1.457349925415265,stability-verified-in-model
outputs/hou_time_refinement_v1,hou_time_refinement_v1,hou_time_refinement_v1/nr65/nz128/level_index=2/requested_dt=1.5e-07,65,128,level_index=2;requested_dt=1.5e-07,11650.0,0.0017474433924175652,1.4999514098001642e-07,0.0005,244.828225119488,185.47084152257338,0.015625,0.0078125,0.0023502748251318273,0.003560924802798167,4.9150407796331785e-06,0.096,1.0,0.0,0.0,True,euler,1.0000145613401266,-1.5271630954950384,-1.457349925415265,stability-verified-in-model
outputs/hou_time_refinement_v1,hou_time_refinement_v1,hou_time_refinement_v1/nr65/nz128/level_index=2/requested_dt=1.5e-07,65,128,level_index=2;requested_dt=1.5e-07,11675.0,0.0017511932709420679,1.4999514098001642e-07,0.0005,245.01743952594722,185.54813423702785,0.015625,0.0078125,0.0023520912245924546,0.0035624087748431367,4.9150407796331785e-06,0.096,1.0,0.0,0.0,True,euler,1.0000145807081837,-1.5271630954950384,-1.457349925415265,stability-verified-in-model
outputs/hou_time_refinement_v1,hou_time_refinement_v1,hou_time_refinement_v1/nr65/nz128/level_index=2/requested_dt=1.5e-07,65,128,level_index=2;requested_dt=1.5e-07,11700.0,0.0017549431494665705,1.4999514098001642e-07,0.0005,245.1998276512153,185.62525952891278,0.015625,0.0078125,0.002353842093876465,0.0035638895324789006,4.9150407796331785e-06,0.096,1.0,0.0,0.0,True,euler,1.000014599682405,-1.5271630954950384,-1.457349925415265,stability-verified-in-model
outputs/hou_time_refinement_v1,hou_time_refinement_v1,hou_time_refinement_v1/nr65/nz128/level_index=2/requested_dt=1.5e-07,65,128,level_index=2;requested_dt=1.5e-07,11725.0,0.0017586930279910732,1.4999514098001642e-07,0.0005,245.37520730929782,185.70221863410976,0.015625,0.0078125,0.0023555256840549687,0.003565367099433616,4.9150407796331785e-06,0.096,1.0,0.0,0.0,True,euler,1.0000146182519631,-1.5271630954950384,-1.457349925415265,stability-verified-in-model
outputs/hou_time_refinement_v1,hou_time_refinement_v1,hou_time_refinement_v1/nr65/nz128/level_index=2/requested_dt=1.5e-07,65,128,level_index=2;requested_dt=1.5e-07,11750.0,0.0017624429065155758,1.4999514098001642e-07,0.0005,245.54339295129395,185.77901276570734,0.015625,0.0078125,0.0023571402139162183,0.0035668414989978295,4.9150407796331785e-06,0.096,1.0,0.0,0.0,True,euler,1.0000146364058313,-1.5271630954950384,-1.457349925415265,stability-verified-in-model
outputs/hou_time_refinement_v1,hou_time_refinement_v1,hou_time_refinement_v1/nr65/nz128/level_index=2/requested_dt=1.5e-07,65,128,level_index=2;requested_dt=1.5e-07,11775.0,0.0017661927850400785,1.4999514098001642e-07,0.0005,245.70419563711187,185.85564311414845,0.015625,0.0078125,0.0023586838696940883,0.0035683127540273043,4.9150407796331785e-06,0.096,1.0,0.0,0.0,True,euler,1.0000146541327812,-1.5271630954950384,-1.457349925415265,stability-verified-in-model
outputs/hou_time_refinement_v1,hou_time_refinement_v1,hou_time_refinement_v1/nr65/nz128/level_index=2/requested_dt=1.5e-07,65,128,level_index=2;requested_dt=1.5e-07,11800.0,0.0017699426635645811,1.4999514098001642e-07,0.0005,246.10578585594905,185.93211084738505,0.015625,0.0078125,0.002362539010909492,0.0035697808869459917,4.9150407796331785e-06,0.096,1.0,0.0,0.0,True,euler,1.0000146854909304,-1.5271630954950384,-1.457349925415265,stability-verified-in-model
outputs/hou_time_refinement_v1,hou_time_refinement_v1,hou_time_refinement_v1/nr65/nz128/level_index=2/requested_dt=1.5e-07,65,128,level_index=2;requested_dt=1.5e-07,11825.0,0.0017736925420890838,1.4999514098001642e-07,0.0005,246.6737291999854,186.0084171110409,0.015625,0.0078125,0.002367991090394765,0.0035712459197491555,4.9150407796331785e-06,0.096,1.0,0.0,0.0,True,euler,1.0000147262944663,-1.5271630954950384,-1.457349925415265,stability-verified-in-model
outputs/hou_time_refinement_v1,hou_time_refinement_v1,hou_time_refinement_v1/nr65/nz128/level_index=2/requested_dt=1.5e-07,65,128,level_index=2;requested_dt=1.5e-07,11850.0,0.0017774424206135864,1.4999514098001642e-07,0.0005,247.24038022229195,186.08456302858266,0.015625,0.0078125,0.002373430763993315,0.003572707874006657,4.9150407796331785e-06,0.096,1.0,0.0,0.0,True,euler,1.0000147670541364,-1.5271630954950384,-1.457349925415265,stability-verified-in-model
outputs/hou_time_refinement_v1,hou_time_refinement_v1,hou_time_refinement_v1/nr65/nz128/level_index=2/requested_dt=1.5e-07,65,128,level_index=2;requested_dt=1.5e-07,11875.0,0.001781192299138089,1.4999514098001642e-07,0.0005,247.80559991942573,186.16054970150162,0.015625,0.0078125,0.0023788566973153157,0.0035741667708664437,4.9150407796331785e-06,0.096,1.0,0.0,0.0,True,euler,1.0000148077618425,-1.5271630954950384,-1.457349925415265,stability-verified-in-model
outputs/hou_time_refinement_v1,hou_time_refinement_v1,hou_time_refinement_v1/nr65/nz128/level_index=2/requested_dt=1.5e-07,65,128,level_index=2;requested_dt=1.5e-07,11900.0,0.0017849421776625918,1.4999514098001642e-07,0.0005,248.36924435061115,186.2363782095027,0.015625,0.0078125,0.002384267508574084,0.003575622631058178,4.9150407796331785e-06,0.096,1.0,0.0,0.0,True,euler,1.0000148484091675,-1.5271630954950384,-1.457349925415265,stability-verified-in-model
outputs/hou_time_refinement_v1,hou_time_refinement_v1,hou_time_refinement_v1/nr65/nz128/level_index=2/requested_dt=1.5e-07,65,128,level_index=2;requested_dt=1.5e-07,11925.0,0.0017886920561870944,1.4999514098001642e-07,0.0005,248.93116449044794,186.31204961070486,0.015625,0.0078125,0.0023896617671721214,0.003577075474897087,4.9150407796331785e-06,0.096,1.0,0.0,0.0,True,euler,1.0000148889873661,-1.5271630954950384,-1.457349925415265,stability-verified-in-model
outputs/hou_time_refinement_v1,hou_time_refinement_v1,hou_time_refinement_v1/nr65/nz128/level_index=2/requested_dt=1.5e-07,65,128,level_index=2;requested_dt=1.5e-07,11950.0,0.001792441934711597,1.4999514098001642e-07,0.0005,249.49120607894093,186.38756494185043,0.015625,0.0078125,0.002395037992261445,0.003578525322287977,4.9150407796331785e-06,0.096,1.0,0.0,0.0,True,euler,1.0000149294873542,-1.5271630954950384,-1.457349925415265,stability-verified-in-model
outputs/hou_time_refinement_v1,hou_time_refinement_v1,hou_time_refinement_v1/nr65/nz128/level_index=2/requested_dt=1.5e-07,65,128,level_index=2;requested_dt=1.5e-07,11975.0,0.0017961918132360997,1.4999514098001642e-07,0.0005,250.0492094688932,186.46292521852502,0.015625,0.0078125,0.0024003946512786106,0.0035799721927294616,4.9150407796331785e-06,0.096,1.0,0.0,0.0,True,euler,1.000014969899699,-1.5271630954950384,-1.457349925415265,stability-verified-in-model
outputs/hou_time_refinement_v1,hou_time_refinement_v1,hou_time_refinement_v1/nr65/nz128/level_index=2/requested_dt=1.5e-07,65,128,level_index=2;requested_dt=1.5e-07,12000.0,0.0017999416917606024,1.4999514098001642e-07,0.0005,250.6050094707044,186.53813143538738,0.015625,0.0078125,0.002405730158454826,0.00358141610531837,4.9150407796331785e-06,0.096,1.0,0.0,0.0,True,euler,1.0000150102146088,-1.5271630954950384,-1.457349925415265,stability-verified-in-model
outputs/hou_time_refinement_v1,hou_time_refinement_v1,hou_time_refinement_v1/nr65/nz128/level_index=2/requested_dt=1.5e-07,65,128,level_index=2;requested_dt=1.5e-07,12025.0,0.001803691570285105,1.4999514098001642e-07,0.0005,251.15843519462263,186.61318456640842,0.015625,0.0078125,0.0024110428733016154,0.003582857078754337,4.9150407796331785e-06,0.096,1.0,0.0,0.0,True,euler,1.0000150504219225,-1.5271630954950384,-1.457349925415265,stability-verified-in-model
outputs/hou_time_refinement_v1,hou_time_refinement_v1,hou_time_refinement_v1/nr65/nz128/level_index=2/requested_dt=1.5e-07,65,128,level_index=2;requested_dt=1.5e-07,12050.0,0.0018074414488096077,1.4999514098001642e-07,0.0005,251.7093098904984,186.68808556512073,0.015625,0.0078125,0.0024163310990725087,0.0035842951313445957,4.9150407796331785e-06,0.096,1.0,0.0,0.0,True,euler,1.0000150905110992,-1.5271630954950384,-1.457349925415265,stability-verified-in-model
outputs/hou_time_refinement_v1,hou_time_refinement_v1,hou_time_refinement_v1/nr65/nz128/level_index=2/requested_dt=1.5e-07,65,128,level_index=2;requested_dt=1.5e-07,12075.0,0.0018111913273341103,1.4999514098001642e-07,0.0005,252.25745078509274,186.76283536487657,0.015625,0.0078125,0.0024215930812012507,0.003585730281008929,4.9150407796331785e-06,0.096,1.0,0.0,0.0,True,euler,1.0000151304712073,-1.5271630954950384,-1.457349925415265,stability-verified-in-model
outputs/hou_time_refinement_v1,hou_time_refinement_v1,hou_time_refinement_v1/nr65/nz128/level_index=2/requested_dt=1.5e-07,65,128,level_index=2;requested_dt=1.5e-07,12100.0,0.001814941205858613,1.4999514098001642e-07,0.0005,252.80266891699526,186.8374348791155,0.015625,0.0078125,0.002426827005717064,0.0035871625452848087,4.9150407796331785e-06,0.096,1.0,0.0,0.0,True,euler,1.0000151702909132,-1.5271630954950384,-1.457349925415265,stability-verified-in-model
outputs/hou_time_refinement_v1,hou_time_refinement_v1,hou_time_refinement_v1/nr65/nz128/level_index=2/requested_dt=1.5e-07,65,128,level_index=2;requested_dt=1.5e-07,12125.0,0.0018186910843831156,1.4999514098001642e-07,0.0005,253.34476896920842,186.911885001639,0.015625,0.0078125,0.0024320309976375108,0.003588591941332667,4.9150407796331785e-06,0.096,1.0,0.0,0.0,True,euler,1.0000152099584707,-1.5271630954950384,-1.457349925415265,stability-verified-in-model
outputs/hou_time_refinement_v1,hou_time_refinement_v1,hou_time_refinement_v1/nr65/nz128/level_index=2/requested_dt=1.5e-07,65,128,level_index=2;requested_dt=1.5e-07,12150.0,0.0018224409629076183,1.4999514098001642e-07,0.0005,253.8835490994602,186.98618660689357,0.015625,0.0078125,0.002437203119339549,0.0035900184859413323,4.9150407796331785e-06,0.096,1.0,0.0,0.0,True,euler,1.00001524946171,-1.5271630954950384,-1.457349925415265,stability-verified-in-model
outputs/hou_time_refinement_v1,hou_time_refinement_v1,hou_time_refinement_v1/nr65/nz128/level_index=2/requested_dt=1.5e-07,65,128,level_index=2;requested_dt=1.5e-07,12175.0,0.001826190841432121,1.4999514098001642e-07,0.0005,254.41880076830725,187.06034055025953,0.015625,0.0078125,0.0024423413689093733,0.0035914421955335757,4.9150407796331785e-06,0.096,1.0,0.0,0.0,True,euler,1.0000152887880256,-1.5271630954950384,-1.457349925415265,stability-verified-in-model
outputs/hou_time_refinement_v1,hou_time_refinement_v1,hou_time_refinement_v1/nr65/nz128/level_index=2/requested_dt=1.5e-07,65,128,level_index=2;requested_dt=1.5e-07,12200.0,0.0018299407199566236,1.4999514098001642e-07,0.0005,254.95030856509572,187.13434766834598,0.015625,0.0078125,0.0024474436784716943,0.0035928630861717715,4.9150407796331785e-06,0.096,1.0,0.0,0.0,True,euler,1.0000153279243653,-1.5271630954950384,-1.457349925415265,stability-verified-in-model
outputs/hou_time_refinement_v1,hou_time_refinement_v1,hou_time_refinement_v1/nr65/nz128/level_index=2/requested_dt=1.5e-07,65,128,level_index=2;requested_dt=1.5e-07,12225.0,0.0018336905984811262,1.4999514098001642e-07,0.0005,255.47785003184936,187.20820877928986,0.015625,0.0078125,0.0024525079124991193,0.003594281173563639,4.9150407796331785e-06,0.096,1.0,0.0,0.0,True,euler,1.0000153668572194,-1.5271630954950384,-1.457349925415265,stability-verified-in-model
outputs/hou_time_refinement_v1,hou_time_refinement_v1,hou_time_refinement_v1/nr65/nz128/level_index=2/requested_dt=1.5e-07,65,128,level_index=2;requested_dt=1.5e-07,12250.0,0.0018374404770056289,1.4999514098001642e-07,0.0005,256.0011954851574,187.28192468305804,0.015625,0.0078125,0.002457531866102331,0.003595696473068046,4.9150407796331785e-06,0.096,1.0,0.0,0.0,True,euler,1.0000154055726076,-1.5271630954950384,-1.457349925415265,stability-verified-in-model
outputs/hou_time_refinement_v1,hou_time_refinement_v1,hou_time_refinement_v1/nr65/nz128/level_index=2/requested_dt=1.5e-07,65,128,level_index=2;requested_dt=1.5e-07,12275.0,0.0018411903555301315,1.4999514098001642e-07,0.0005,256.52010783614037,187.3554961617515,0.015625,0.0078125,0.002462513263301817,0.0035971089997008437,4.9150407796331785e-06,0.096,1.0,0.0,0.0,True,euler,1.000015444056069,-1.5271630954950384,-1.457349925415265,stability-verified-in-model
outputs/hou_time_refinement_v1,hou_time_refinement_v1,hou_time_refinement_v1/nr65/nz128/level_index=2/requested_dt=1.5e-07,65,128,level_index=2;requested_dt=1.5e-07,12300.0,0.0018449402340546342,1.4999514098001642e-07,0.0005,257.0343424085728,187.42892397990985,0.015625,0.0078125,0.0024674497552819004,0.003598518768140718,4.9150407796331785e-06,0.096,1.0,0.0,0.0,True,euler,1.0000154822926481,-1.5271630954950384,-1.457349925415265,stability-verified-in-model
outputs/hou_time_refinement_v1,hou_time_refinement_v1,hou_time_refinement_v1/nr65/nz128/level_index=2/requested_dt=1.5e-07,65,128,level_index=2;requested_dt=1.5e-07,12325.0,0.0018486901125791368,1.4999514098001642e-07,0.0005,257.5436467552504,187.5022088848134,0.015625,0.0078125,0.002472338918627925,0.0035999257927349856,4.9150407796331785e-06,0.096,1.0,0.0,0.0,True,euler,1.0000155202668857,-1.5271630954950384,-1.457349925415265,stability-verified-in-model
outputs/hou_time_refinement_v1,hou_time_refinement_v1,hou_time_refinement_v1/nr65/nz128/level_index=2/requested_dt=1.5e-07,65,128,level_index=2;requested_dt=1.5e-07,12350.0,0.0018524399911036395,1.4999514098001642e-07,0.0005,258.04776047269115,187.57535160678404,0.015625,0.0078125,0.0024771782535474443,0.0036013300875053725,4.9150407796331785e-06,0.096,1.0,0.0,0.0,True,euler,1.000015557962804,-1.5271630954950384,-1.457349925415265,stability-verified-in-model
outputs/hou_time_refinement_v1,hou_time_refinement_v1,hou_time_refinement_v1/nr65/nz128/level_index=2/requested_dt=1.5e-07,65,128,level_index=2;requested_dt=1.5e-07,12375.0,0.0018561898696281421,1.4999514098001642e-07,0.0005,258.54641501426755,187.64835285947942,0.015625,0.0078125,0.0024819651820763454,0.003602731666153662,4.9150407796331785e-06,0.096,1.0,0.0,0.0,True,euler,1.0000155953638974,-1.5271630954950384,-1.457349925415265,stability-verified-in-model
outputs/hou_time_refinement_v1,hou_time_refinement_v1,hou_time_refinement_v1/nr65/nz128/level_index=2/requested_dt=1.5e-07,65,128,level_index=2;requested_dt=1.5e-07,12400.0,0.0018599397481526448,1.4999514098001642e-07,0.0005,259.0393335018724,187.72121334018175,0.015625,0.0078125,0.002486697046270902,0.0036041305420672384,4.9150407796331785e-06,0.096,1.0,0.0,0.0,True,euler,1.0000156324531182,-1.5271630954950384,-1.457349925415265,stability-verified-in-model
outputs/hou_time_refinement_v1,hou_time_refinement_v1,hou_time_refinement_v1/nr65/nz128/level_index=2/requested_dt=1.5e-07,65,128,level_index=2;requested_dt=1.5e-07,12425.0,0.0018636896266771474,1.4999514098001642e-07,0.0005,259.5262305362294,187.79393373007653,0.015625,0.0078125,0.002491371106386814,0.0036055267283244406,4.9150407796331785e-06,0.096,1.0,0.0,0.0,True,euler,1.0000156692128668,-1.5271630954950384,-1.457349925415265,stability-verified-in-model
outputs/hou_time_refinement_v1,hou_time_refinement_v1,hou_time_refinement_v1/nr65/nz128/level_index=2/requested_dt=1.5e-07,65,128,level_index=2;requested_dt=1.5e-07,12450.0,0.00186743950520165,1.4999514098001642e-07,0.0005,260.00681200596637,187.86651469452127,0.015625,0.0078125,0.0024959845390463715,0.003606920237699718,4.9150407796331785e-06,0.096,1.0,0.0,0.0,True,euler,1.000015705624977,-1.5271630954950384,-1.457349925415265,stability-verified-in-model
outputs/hou_time_refinement_v1,hou_time_refinement_v1,hou_time_refinement_v1/nr65/nz128/level_index=2/requested_dt=1.5e-07,65,128,level_index=2;requested_dt=1.5e-07,12475.0,0.0018711893837261527,1.4999514098001642e-07,0.0005,260.4807748955817,187.93895688330116,0.015625,0.0078125,0.0025005344353949887,0.003608311082668542,4.9150407796331785e-06,0.096,1.0,0.0,0.0,True,euler,1.0000157416707072,-1.5271630954950384,-1.457349925415265,stability-verified-in-model
outputs/hou_time_refinement_v1,hou_time_refinement_v1,hou_time_refinement_v1/nr65/nz128/level_index=2/requested_dt=1.5e-07,65,128,level_index=2;requested_dt=1.5e-07,12500.0,0.0018749392622506554,1.4999514098001642e-07,0.0005,260.94780709244094,188.01126093086947,0.015625,0.0078125,0.0025050177992484357,0.003609699275412022,4.9150407796331785e-06,0.096,1.0,0.0,0.0,True,euler,1.0000157773307257,-1.5271630954950384,-1.457349925415265,stability-verified-in-model
outputs/hou_time_refinement_v1,hou_time_refinement_v1,hou_time_refinement_v1/nr65/nz128/level_index=2/requested_dt=1.5e-07,65,128,level_index=2;requested_dt=1.5e-07,12525.0,0.001878689140775158,1.4999514098001642e-07,0.0005,261.4075871929566,188.08342745656978,0.015625,0.0078125,0.0025094315452322217,0.003611084827821168,4.9150407796331785e-06,0.096,1.0,0.0,0.0,True,euler,1.0000158125851002,-1.5271630954950384,-1.457349925415265,stability-verified-in-model
outputs/hou_time_refinement_v1,hou_time_refinement_v1,hou_time_refinement_v1/nr65/nz128/level_index=2/requested_dt=1.5e-07,65,128,level_index=2;requested_dt=1.5e-07,12550.0,0.0018824390192996607,1.4999514098001642e-07,0.0005,261.8597843081167,188.15545706484096,0.015625,0.0078125,0.00251377249691473,0.0036124677515008315,4.9150407796331785e-06,0.096,1.0,0.0,0.0,True,euler,1.0000158474132863,-1.5271630954950384,-1.457349925415265,stability-verified-in-model
outputs/hou_time_refinement_v1,hou_time_refinement_v1,hou_time_refinement_v1/nr65/nz128/level_index=2/requested_dt=1.5e-07,65,128,level_index=2;requested_dt=1.5e-07,12575.0,0.0018861888978241633,1.4999514098001642e-07,0.0005,262.304057868542,188.2273503453974,0.015625,0.0078125,0.0025180373849358296,0.003613848057773162,4.9150407796331785e-06,0.096,1.0,0.0,0.0,True,euler,1.0000158817941145,-1.5271630954950384,-1.457349925415265,stability-verified-in-model
outputs/hou_time_refinement_v1,hou_time_refinement_v1,hou_time_refinement_v1/nr65/nz128/level_index=2/requested_dt=1.5e-07,65,128,level_index=2;requested_dt=1.5e-07,12600.0,0.001889938776348666,1.4999514098001642e-07,0.0005,262.7400574292715,188.29910787338855,0.015625,0.0078125,0.0025222228451328758,0.00361522575768067,4.9150407796331785e-06,0.096,1.0,0.0,0.0,True,euler,1.0000159157057797,-1.5271630954950384,-1.457349925415265,stability-verified-in-model
outputs/hou_time_refinement_v1,hou_time_refinement_v1,hou_time_refinement_v1/nr65/nz128/level_index=2/requested_dt=1.5e-07,65,128,level_index=2;requested_dt=1.5e-07,12625.0,0.0018936886548731686,1.4999514098001642e-07,0.0005,263.1674224744936,188.3707302095302,0.015625,0.0078125,0.0025263254166661897,0.0036166008619887514,4.9150407796331785e-06,0.096,1.0,0.0,0.0,True,euler,1.0000159491258294,-1.5271630954950384,-1.457349925415265,stability-verified-in-model
outputs/hou_time_refinement_v1,hou_time_refinement_v1,hou_time_refinement_v1/nr65/nz128/level_index=2/requested_dt=1.5e-07,65,128,level_index=2;requested_dt=1.5e-07,12650.0,0.0018974385333976713,1.4999514098001642e-07,0.0005,263.58578222246183,188.44221790020882,0.015625,0.0078125,0.0025303415401463085,0.003617973381187686,4.9150407796331785e-06,0.096,1.0,0.0,0.0,True,euler,1.0000159820311525,-1.5271630954950384,-1.457349925415265,stability-verified-in-model
outputs/hou_time_refinement_v1,hou_time_refinement_v1,hou_time_refinement_v1/nr65/nz128/level_index=2/requested_dt=1.5e-07,65,128,level_index=2;requested_dt=1.5e-07,12675.0,0.001901188411922174,1.4999514098001642e-07,0.0005,263.9947554308599,188.51357147755593,0.015625,0.0078125,0.0025342675557655544,0.0036193433254940676,4.9150407796331785e-06,0.096,1.0,0.0,0.0,True,euler,1.0000160143979684,-1.5271630954950384,-1.457349925415265,stability-verified-in-model
outputs/hou_time_refinement_v1,hou_time_refinement_v1,hou_time_refinement_v1/nr65/nz128/level_index=2/requested_dt=1.5e-07,65,128,level_index=2;requested_dt=1.5e-07,12700.0,0.0019049382904466766,1.4999514098001642e-07,0.0005,264.3939502029061,188.58479145949093,0.015625,0.0078125,0.002538099701436694,0.0036207107048516272,4.9150407796331785e-06,0.096,1.0,0.0,0.0,True,euler,1.0000160462018155,-1.5271630954950384,-1.457349925415265,stability-verified-in-model
outputs/hou_time_refinement_v1,hou_time_refinement_v1,hou_time_refinement_v1/nr65/nz128/level_index=2/requested_dt=1.5e-07,65,128,level_index=2;requested_dt=1.5e-07,12725.0,0.0019086881689711792,1.4999514098001642e-07,0.0005,264.7829637945156,188.65587834972973,0.015625,0.0078125,0.002541834110941757,0.003622075528931397,4.9150407796331785e-06,0.096,1.0,0.0,0.0,True,euler,1.000016077417542,-1.5271630954950384,-1.457349925415265,stability-verified-in-model
outputs/hou_time_refinement_v1,hou_time_refinement_v1,hou_time_refinement_v1/nr65/nz128/level_index=2/requested_dt=1.5e-07,65,128,level_index=2;requested_dt=1.5e-07,12750.0,0.001912438047495682,1.4999514098001642e-07,0.0005,265.16138242287406,188.7268326377599,0.015625,0.0078125,0.0025454668120944027,0.0036234378071312336,4.9150407796331785e-06,0.096,1.0,0.0,0.0,True,euler,1.0000161080225245,-1.53588974175501,-1.457349925415265,stability-verified-in-model
outputs/hou_time_refinement_v1,hou_time_refinement_v1,hou_time_refinement_v1/nr65/nz128/level_index=2/requested_dt=1.5e-07,65,128,level_index=2;requested_dt=1.5e-07,12775.0,0.0019161879260201845,1.4999514098001642e-07,0.0005,265.5287810768082,188.7976547987778,0.015625,0.0078125,0.0025489937249195366,0.0036247975485746114,4.9150407796331785e-06,0.096,1.0,0.0,0.0,True,euler,1.0000161379954218,-1.53588974175501,-1.457349925415265,stability-verified-in-model
outputs/hou_time_refinement_v1,hou_time_refinement_v1,hou_time_refinement_v1/nr65/nz128/level_index=2/requested_dt=1.5e-07,65,128,level_index=2;requested_dt=1.5e-07,12800.0,0.0019199378045446872,1.4999514098001642e-07,0.0005,265.88472332938073,188.86834529358947,0.015625,0.0078125,0.00255241065985428,0.00362615476210872,4.9150407796331785e-06,0.096,1.0,0.0,0.0,True,euler,1.0000161673001775,-1.53588974175501,-1.457349925415265,stability-verified-in-model
outputs/hou_time_refinement_v1,hou_time_refinement_v1,hou_time_refinement_v1/nr65/nz128/level_index=2/requested_dt=1.5e-07,65,128,level_index=2;requested_dt=1.5e-07,12825.0,0.0019236876830691898,1.4999514098001642e-07,0.0005,266.22876115317405,188.93890456847237,0.015625,0.0078125,0.0025557133159747497,0.003627509456301809,4.9150407796331785e-06,0.096,1.0,0.0,0.0,True,euler,1.0000161959087632,-1.53588974175501,-1.457349925415265,stability-verified-in-model
outputs/hou_time_refinement_v1,hou_time_refinement_v1,hou_time_refinement_v1/nr65/nz128/level_index=2/requested_dt=1.5e-07,65,128,level_index=2;requested_dt=1.5e-07,12850.0,0.0019274375615936925,1.4999514098001642e-07,0.0005,266.5604347387781,189.00933305499885,0.015625,0.0078125,0.002558897279253599,0.003628861639439799,4.9150407796331785e-06,0.096,1.0,0.0,0.0,True,euler,1.0000162237924135,-1.53588974175501,-1.457349925415265,stability-verified-in-model
outputs/hou_time_refinement_v1,hou_time_refinement_v1,hou_time_refinement_v1/nr65/nz128/level_index=2/requested_dt=1.5e-07,65,128,level_index=2;requested_dt=1.5e-07,12875.0,0.0019311874401181952,1.4999514098001642e-07,0.0005,266.8792723170426,189.0796311698181,0.015625,0.0078125,0.002561958020853696,0.003630211319522096,4.9150407796331785e-06,0.096,1.0,0.0,0.0,True,euler,1.0000162509216153,-1.53588974175501,-1.457349925415265,stability-verified-in-model
outputs/hou_time_refinement_v1,hou_time_refinement_v1,hou_time_refinement_v1/nr65/nz128/level_index=2/requested_dt=1.5e-07,65,128,level_index=2;requested_dt=1.5e-07,12900.0,0.0019349373186426978,1.4999514098001642e-07,0.0005,267.1847899857059,189.14979931440084,0.015625,0.0078125,0.00256489089546381,0.003631558504256687,4.9150407796331785e-06,0.096,1.0,0.0,0.0,True,euler,1.0000162772661023,-1.53588974175501,-1.457349925415265,stability-verified-in-model
outputs/hou_time_refinement_v1,hou_time_refinement_v1,hou_time_refinement_v1/nr65/nz128/level_index=2/requested_dt=1.5e-07,65,128,level_index=2;requested_dt=1.5e-07,12925.0,0.0019386871971672005,1.4999514098001642e-07,0.0005,267.47649154107273,189.21983787474184,0.015625,0.0078125,0.002567691139682776,0.0036329032010544325,4.9150407796331785e-06,0.096,1.0,0.0,0.0,True,euler,1.0000163028004132,-1.53588974175501,-1.4660765716752369,stability-verified-in-model
outputs/hou_time_refinement_v1,hou_time_refinement_v1,hou_time_refinement_v1/nr65/nz128/level_index=2/requested_dt=1.5e-07,65,128,level_index=2;requested_dt=1.5e-07,12950.0,0.001942437075691703,1.4999514098001642e-07,0.0005,267.75386831546854,189.28974722102433,0.015625,0.0078125,0.002570353870459101,0.0036342454170226195,4.9150407796331785e-06,0.096,1.0,0.0,0.0,True,euler,1.000016327503299,-1.53588974175501,-1.4660765716752369,stability-verified-in-model
outputs/hou_time_refinement_v1,hou_time_refinement_v1,hou_time_refinement_v1/nr65/nz128/level_index=2/requested_dt=1.5e-07,65,128,level_index=2;requested_dt=1.5e-07,12975.0,0.0019461869542162058,1.4999514098001642e-07,0.0005,268.0163990212636,189.35952770724498,0.015625,0.0078125,0.0025728740835936495,0.0036355851589577647,4.9150407796331785e-06,0.096,1.0,0.0,0.0,True,euler,1.0000163513255835,-1.53588974175501,-1.4660765716752369,stability-verified-in-model
outputs/hou_time_refinement_v1,hou_time_refinement_v1,hou_time_refinement_v1/nr65/nz128/level_index=2/requested_dt=1.5e-07,65,128,level_index=2;requested_dt=1.5e-07,13000.0,0.0019499368327407084,1.4999514098001642e-07,0.0005,268.2635496023282,189.4291796708018,0.015625,0.0078125,0.0025752466523136543,0.0036369224333376994,4.9150407796331785e-06,0.096,1.0,0.0,0.0,True,euler,1.0000163742339097,-1.53588974175501,-1.4660765716752369,stability-verified-in-model
outputs/hou_time_refinement_v1,hou_time_refinement_v1,hou_time_refinement_v1/nr65/nz128/level_index=2/requested_dt=1.5e-07,65,128,level_index=2;requested_dt=1.5e-07,13025.0,0.001953686711265211,1.4999514098001642e-07,0.0005,268.49477309385003,189.49870343204435,0.015625,0.0078125,0.0025774663259270116,0.0036382572463129364,4.9150407796331785e-06,0.096,1.0,0.0,0.0,True,euler,1.0000163961941415,-1.53588974175501,-1.4660765716752369,stability-verified-in-model
outputs/hou_time_refinement_v1,hou_time_refinement_v1,hou_time_refinement_v1/nr65/nz128/level_index=2/requested_dt=1.5e-07,65,128,level_index=2;requested_dt=1.5e-07,13050.0,0.0019574365897897135,1.4999514098001642e-07,0.0005,268.7095094915184,189.56809929378994,0.015625,0.0078125,0.0025795277285664874,0.003639589603697379,4.9150407796331785e-06,0.096,1.0,0.0,0.0,True,euler,1.0000164171713615,-1.53588974175501,-1.4660765716752369,stability-verified-in-model
outputs/hou_time_refinement_v1,hou_time_refinement_v1,hou_time_refinement_v1/nr65/nz128/level_index=2/requested_dt=1.5e-07,65,128,level_index=2;requested_dt=1.5e-07,13075.0,0.001961186468314216,1.4999514098001642e-07,0.0005,268.9071856311605,189.63736754080702,0.015625,0.0078125,0.0025814253580342633,0.003640919510958405,4.9150407796331785e-06,0.096,1.0,0.0,0.0,True,euler,1.0000164371298708,-1.53588974175501,-1.4660765716752369,stability-verified-in-model
outputs/hou_time_refinement_v1,hou_time_refinement_v1,hou_time_refinement_v1/nr65/nz128/level_index=2/requested_dt=1.5e-07,65,128,level_index=2;requested_dt=1.5e-07,13100.0,0.001964936346838719,1.4999514098001642e-07,0.0005,269.0872150799944,189.70650843926643,0.015625,0.0078125,0.0025831535847580006,0.003642246973206329,4.9150407796331785e-06,0.096,1.0,0.0,0.0,True,euler,1.000016456033188,-1.53588974175501,-1.4660765716752369,stability-verified-in-model
outputs/hou_time_refinement_v1,hou_time_refinement_v1,hou_time_refinement_v1/nr65/nz128/level_index=2/requested_dt=1.5e-07,65,128,level_index=2;requested_dt=1.5e-07,13125.0,0.0019686862253632214,1.4999514098001642e-07,0.0005,269.24899804074624,189.77552223616692,0.015625,0.0078125,0.0025847066508703936,0.0036435719951833727,4.9150407796331785e-06,0.096,1.0,0.0,0.0,True,euler,1.000016473844052,-1.53588974175501,-1.4660765716752369,stability-verified-in-model
outputs/hou_time_refinement_v1,hou_time_refinement_v1,hou_time_refinement_v1/nr65/nz128/level_index=2/requested_dt=1.5e-07,65,128,level_index=2;requested_dt=1.5e-07,13150.0,0.001972436103887724,1.4999514098001642e-07,0.0005,269.39192126997,189.844409158732,0.015625,0.0078125,0.0025860786694250648,0.0036448945812520865,4.9150407796331785e-06,0.096,1.0,0.0,0.0,True,euler,1.0000164905244247,-1.53588974175501,-1.4660765716752369,stability-verified-in-model
outputs/hou_time_refinement_v1,hou_time_refinement_v1,hou_time_refinement_v1/nr65/nz128/level_index=2/requested_dt=1.5e-07,65,128,level_index=2;requested_dt=1.5e-07,13175.0,0.0019761859824122267,1.4999514098001642e-07,0.0005,269.5153580119919,189.91316941378773,0.015625,0.0078125,0.002587263623762453,0.0036462147353834027,4.9150407796331785e-06,0.096,1.0,0.0,0.0,True,euler,1.0000165060354957,-1.53588974175501,-1.4660765716752369,stability-verified-in-model
outputs/hou_time_refinement_v1,hou_time_refinement_v1,hou_time_refinement_v1/nr65/nz128/level_index=2/requested_dt=1.5e-07,65,128,level_index=2;requested_dt=1.5e-07,13200.0,0.0019799358609367294,1.4999514098001642e-07,0.0005,269.618667949997,189.98180318712008,0.015625,0.0078125,0.0025882553670402587,0.0036475324611442957,4.9150407796331785e-06,0.096,1.0,0.0,0.0,True,euler,1.0000165203376887,-1.53588974175501,-1.4660765716752369,stability-verified-in-model
outputs/hou_time_refinement_v1,hou_time_refinement_v1,hou_time_refinement_v1/nr65/nz128/level_index=2/requested_dt=1.5e-07,65,128,level_index=2;requested_dt=1.5e-07,13225.0,0.001983685739461232,1.4999514098001642e-07,0.0005,269.70119717586556,190.05031064281783,0.015625,0.0078125,0.0025890476219438824,0.0036488477616851683,4.9150407796331785e-06,0.096,1.0,0.0,0.0,True,euler,1.0000165333906703,-1.53588974175501,-1.4660765716752369,stability-verified-in-model
outputs/hou_time_refinement_v1,hou_time_refinement_v1,hou_time_refinement_v1/nr65/nz128/level_index=2/requested_dt=1.5e-07,65,128,level_index=2;requested_dt=1.5e-07,13250.0,0.0019874356179857347,1.4999514098001642e-07,0.0005,269.7622781804602,190.11869192260343,0.015625,0.0078125,0.0025896339805931866,0.003650160639727003,4.9150407796331785e-06,0.096,1.0,0.0,0.0,True,euler,1.0000165451533594,-1.53588974175501,-1.4660765716752369,stability-verified-in-model
outputs/hou_time_refinement_v1,hou_time_refinement_v1,hou_time_refinement_v1/nr65/nz128/level_index=2/requested_dt=1.5e-07,65,128,level_index=2;requested_dt=1.5e-07,13275.0,0.0019911854965102374,1.4999514098001642e-07,0.0005,269.80122986615834,190.1869471451585,0.015625,0.0078125,0.002590007904662799,0.0036514710975484137,4.9150407796331785e-06,0.096,1.0,0.0,0.0,True,euler,1.0000165555839404,-1.53588974175501,-1.4660765716752369,stability-verified-in-model
outputs/hou_time_refinement_v1,hou_time_refinement_v1,hou_time_refinement_v1/nr65/nz128/level_index=2/requested_dt=1.5e-07,65,128,level_index=2;requested_dt=1.5e-07,13300.0,0.00199493537503474,1.4999514098001642e-07,0.0005,270.0659101747664,190.25507640544413,0.015625,0.0078125,0.002592548753315874,0.0036527791369725935,4.9150407796331785e-06,0.096,1.0,0.0,0.0,True,euler,1.0000165794799503,-1.53588974175501,-1.4660765716752369,stability-verified-in-model
outputs/hou_time_refinement_v1,hou_time_refinement_v1,hou_time_refinement_v1/nr65/nz128/level_index=2/requested_dt=1.5e-07,65,128,level_index=2;requested_dt=1.5e-07,13325.0,0.0019986852535592427,1.4999514098001642e-07,0.0005,270.99683193533394,190.32307977402553,0.015625,0.0078125,0.002601485312721807,0.0036540847593543517,4.9150407796331785e-06,0.096,1.0,0.0,0.0,True,euler,1.0000166432068982,-1.53588974175501,-1.4660765716752369,stability-verified-in-model
outputs/hou_time_refinement_v1,hou_time_refinement_v1,hou_time_refinement_v1/nr65/nz128/level_index=2/requested_dt=1.5e-07,65,128,level_index=2;requested_dt=1.5e-07,13350.0,0.0020024351320837453,1.4999514098001642e-07,0.0005,271.92451847617616,190.3909572963998,0.015625,0.0078125,0.002610390815024456,0.003655387965567203,4.9150407796331785e-06,0.096,1.0,0.0,0.0,True,euler,1.0000167068296457,-1.53588974175501,-1.4660765716752369,stability-verified-in-model
outputs/hou_time_refinement_v1,hou_time_refinement_v1,hou_time_refinement_v1/nr65/nz128/level_index=2/requested_dt=1.5e-07,65,128,level_index=2;requested_dt=1.5e-07,13375.0,0.002006185010608248,1.4999514098001642e-07,0.0005,272.84849979425593,190.458708992338,0.015625,0.0078125,0.0026192607483408255,0.0036566887559907404,4.9150407796331785e-06,0.096,1.0,0.0,0.0,True,euler,1.0000167703189657,-1.53588974175501,-1.4660765716752369,stability-verified-in-model
outputs/hou_time_refinement_v1,hou_time_refinement_v1,hou_time_refinement_v1/nr65/nz128/level_index=2/requested_dt=1.5e-07,65,128,level_index=2;requested_dt=1.5e-07,13400.0,0.0020099348891327506,1.4999514098001642e-07,0.0005,273.7682827461073,190.52633485523882,0.015625,0.0078125,0.0026280903786469988,0.0036579871304982226,4.9150407796331785e-06,0.096,1.0,0.0,0.0,True,euler,1.00001683364406,-1.53588974175501,-1.4660765716752369,stability-verified-in-model
outputs/hou_time_refinement_v1,hou_time_refinement_v1,hou_time_refinement_v1/nr65/nz128/level_index=2/requested_dt=1.5e-07,65,128,level_index=2;requested_dt=1.5e-07,13425.0,0.0020136847676572533,1.4999514098001642e-07,0.0005,274.6833500986643,190.59383485150522,0.015625,0.0078125,0.0026368747406663906,0.0036592830884446073,4.9150407796331785e-06,0.096,1.0,0.0,0.0,True,euler,1.0000168967724896,-1.53588974175501,-1.4660765716752369,stability-verified-in-model
outputs/hou_time_refinement_v1,hou_time_refinement_v1,hou_time_refinement_v1/nr65/nz128/level_index=2/requested_dt=1.5e-07,65,128,level_index=2;requested_dt=1.5e-07,13450.0,0.002017434646181756,1.4999514098001642e-07,0.0005,275.59315955095207,190.66120891994368,0.015625,0.0078125,0.0026456086284782857,0.0036605766286550165,4.9150407796331785e-06,0.096,1.0,0.0,0.0,True,euler,1.000016959670107,-1.53588974175501,-1.4660765716752369,stability-verified-in-model
outputs/hou_time_refinement_v1,hou_time_refinement_v1,hou_time_refinement_v1/nr65/nz128/level_index=2/requested_dt=1.5e-07,65,128,level_index=2;requested_dt=1.5e-07,13475.0,0.0020211845247062586,1.4999514098001642e-07,0.0005,276.49714272646037,190.7284569711939,0.015625,0.0078125,0.0026542865858449373,0.003661867749413789,4.9150407796331785e-06,0.096,1.0,0.0,0.0,True,euler,1.0000170223009859,-1.53588974175501,-1.4660765716752369,stability-verified-in-model
outputs/hou_time_refinement_v1,hou_time_refinement_v1,hou_time_refinement_v1/nr65/nz128/level_index=2/requested_dt=1.5e-07,65,128,level_index=2;requested_dt=1.5e-07,13500.0,0.002024934403230761,1.4999514098001642e-07,0.0005,277.3947041360967,190.79557888718944,0.015625,0.0078125,0.0026629028962562415,0.0036631564484541214,4.9150407796331785e-06,0.096,1.0,0.0,0.0,True,euler,1.000017084627349,-1.53588974175501,-1.4660765716752369,stability-verified-in-model
outputs/hou_time_refinement_v1,hou_time_refinement_v1,hou_time_refinement_v1/nr65/nz128/level_index=2/requested_dt=1.5e-07,65,128,level_index=2;requested_dt=1.5e-07,13525.0,0.002028684281755264,1.4999514098001642e-07,0.0005,278.28522011171515,190.8625745206579,0.015625,0.0078125,0.0026714515726919434,0.0036644427229484762,4.9150407796331785e-06,0.096,1.0,0.0,0.0,True,euler,1.000017146609494,-1.53588974175501,-1.4660765716752369,stability-verified-in-model
outputs/hou_time_refinement_v1,hou_time_refinement_v1,hou_time_refinement_v1/nr65/nz128/level_index=2/requested_dt=1.5e-07,65,128,level_index=2;requested_dt=1.5e-07,13550.0,0.0020324341602797665,1.4999514098001642e-07,0.0005,279.16803771031823,190.92944369466122,0.015625,0.0078125,0.0026799263471023183,0.0036657265694997527,4.9150407796331785e-06,0.096,1.0,0.0,0.0,True,euler,1.0000172082057166,-1.53588974175501,-1.4660765716752369,stability-verified-in-model
outputs/hou_time_refinement_v1,hou_time_refinement_v1,hou_time_refinement_v1/nr65/nz128/level_index=2/requested_dt=1.5e-07,65,128,level_index=2;requested_dt=1.5e-07,13575.0,0.002036184038804269,1.4999514098001642e-07,0.0005,280.04247358915956,190.9961862021797,0.015625,0.0078125,0.0026883206596095047,0.003667007984133301,4.9150407796331785e-06,0.096,1.0,0.0,0.0,True,euler,1.0000172693722342,-1.53588974175501,-1.4660765716752369,stability-verified-in-model
outputs/hou_time_refinement_v1,hou_time_refinement_v1,hou_time_refinement_v1/nr65/nz128/level_index=2/requested_dt=1.5e-07,65,128,level_index=2;requested_dt=1.5e-07,13600.0,0.002039933917328772,1.4999514098001642e-07,0.0005,280.90781285210414,191.06280180574535,0.015625,0.0078125,0.0026966276474329237,0.003668286962289883,4.9150407796331785e-06,0.096,1.0,0.0,0.0,True,euler,1.0000173300631061,-1.53588974175501,-1.4660765716752369,stability-verified-in-model
outputs/hou_time_refinement_v1,hou_time_refinement_v1,hou_time_refinement_v1/nr65/nz128/level_index=2/requested_dt=1.5e-07,65,128,level_index=2;requested_dt=1.5e-07,13625.0,0.0020436837958532745,1.4999514098001642e-07,0.0005,281.7633078677677,191.12929023712462,0.015625,0.0078125,0.0027048401335437815,0.003669563498819582,4.9150407796331785e-06,0.096,1.0,0.0,0.0,True,euler,1.0000173902301521,-1.53588974175501,-1.4660765716752369,stability-verified-in-model
outputs/hou_time_refinement_v1,hou_time_refinement_v1,hou_time_refinement_v1/nr65/nz128/level_index=2/requested_dt=1.5e-07,65,128,level_index=2;requested_dt=1.5e-07,13650.0,0.002047433674377777,1.4999514098001642e-07,0.0005,282.6081770601245,191.1956511970534,0.015625,0.0078125,0.002712950615055284,0.003670837587976713,4.9150407796331785e-06,0.096,1.0,0.0,0.0,True,euler,1.0000174498228713,-1.53588974175501,-1.4660765716752369,stability-verified-in-model
outputs/hou_time_refinement_v1,hou_time_refinement_v1,hou_time_refinement_v1/nr65/nz128/level_index=2/requested_dt=1.5e-07,65,128,level_index=2;requested_dt=1.5e-07,13675.0,0.0020511835529022798,1.4999514098001642e-07,0.0005,283.4416036724739,191.26188435502866,0.015625,0.0078125,0.0027209512513570984,0.0036721092234158234,4.9150407796331785e-06,0.096,1.0,0.0,0.0,True,euler,1.0000175087883583,-1.53588974175501,-1.4660765716752369,stability-verified-in-model
outputs/hou_time_refinement_v1,hou_time_refinement_v1,hou_time_refinement_v1/nr65/nz128/level_index=2/requested_dt=1.5e-07,65,128,level_index=2;requested_dt=1.5e-07,13700.0,0.0020549334314267824,1.4999514098001642e-07,0.0005,284.26273450587,191.32798934915405,0.015625,0.0078125,0.002728833852004669,0.0036733783981887287,4.9150407796331785e-06,0.096,1.0,0.0,0.0,True,euler,1.0000175670712181,-1.53588974175501,-1.4660765716752369,stability-verified-in-model
outputs/hou_time_refinement_v1,hou_time_refinement_v1,hou_time_refinement_v1/nr65/nz128/level_index=2/requested_dt=1.5e-07,65,128,level_index=2;requested_dt=1.5e-07,13725.0,0.002058683309951285,1.4999514098001642e-07,0.0005,285.0706786333626,191.39396578604337,0.015625,0.0078125,0.0027365898643763316,0.003674645104742658,4.9150407796331785e-06,0.096,1.0,0.0,0.0,True,euler,1.000017624613481,-1.53588974175501,-1.4660765716752369,stability-verified-in-model
outputs/hou_time_refinement_v1,hou_time_refinement_v1,hou_time_refinement_v1/nr65/nz128/level_index=2/requested_dt=1.5e-07,65,128,level_index=2;requested_dt=1.5e-07,13750.0,0.0020624331884757877,1.4999514098001642e-07,0.0005,285.8645060916644,191.45981324078102,0.015625,0.0078125,0.0027442103611137257,0.003675909334919496,4.9150407796331785e-06,0.096,1.0,0.0,0.0,True,euler,1.0000176813545167,-1.53588974175501,-1.4660765716752369,stability-verified-in-model
outputs/hou_time_refinement_v1,hou_time_refinement_v1,hou_time_refinement_v1/nr65/nz128/level_index=2/requested_dt=1.5e-07,65,128,level_index=2;requested_dt=1.5e-07,13775.0,0.0020661830670002904,1.4999514098001642e-07,0.0005,286.6432465521536,191.52553125693882,0.015625,0.0078125,0.0027516860273638327,0.0036771710799561063,4.9150407796331785e-06,0.096,1.0,0.0,0.0,True,euler,1.000017737230947,-1.53588974175501,-1.4660765716752369,stability-verified-in-model
outputs/hou_time_refinement_v1,hou_time_refinement_v1,hou_time_refinement_v1/nr65/nz128/level_index=2/requested_dt=1.5e-07,65,128,level_index=2;requested_dt=1.5e-07,13800.0,0.002069932945524793,1.4999514098001642e-07,0.0005,287.40588797344446,191.5911193466488,0.015625,0.0078125,0.002759007147844071,0.003678430330485727,4.9150407796331785e-06,0.096,1.0,0.0,0.0,True,euler,1.000017792176559,-1.53588974175501,-1.4660765716752369,stability-verified-in-model
outputs/hou_time_refinement_v1,hou_time_refinement_v1,hou_time_refinement_v1/nr65/nz128/level_index=2/requested_dt=1.5e-07,65,128,level_index=2;requested_dt=1.5e-07,13825.0,0.0020736828240492957,1.4999514098001642e-07,0.0005,288.1513752381149,191.6565769907292,0.015625,0.0078125,0.002766163593755306,0.0036796870765403904,4.9150407796331785e-06,0.096,1.0,0.0,0.0,True,euler,1.0000178461222187,-1.53588974175501,-1.4660765716752369,stability-verified-in-model
outputs/hou_time_refinement_v1,hou_time_refinement_v1,hou_time_refinement_v1/nr65/nz128/level_index=2/requested_dt=1.5e-07,65,128,level_index=2;requested_dt=1.5e-07,13850.0,0.0020774327025737983,1.4999514098001642e-07,0.0005,288.8786087765634,191.7219036388643,0.015625,0.0078125,0.002773144809571305,0.0036809413075543774,4.9150407796331785e-06,0.096,1.0,0.0,0.0,True,euler,1.0000178989957857,-1.53588974175501,-1.4660765716752369,stability-verified-in-model
outputs/hou_time_refinement_v1,hou_time_refinement_v1,hou_time_refinement_v1/nr65/nz128/level_index=2/requested_dt=1.5e-07,65,128,level_index=2;requested_dt=1.5e-07,13875.0,0.002081182581098301,1.4999514098001642e-07,0.0005,289.58644318139386,191.78709870983033,0.015625,0.0078125,0.00277993979973726,0.003682193012368554,4.9150407796331785e-06,0.096,1.0,0.0,0.0,True,euler,1.0000179507220255,-1.53588974175501,-1.4660765716752369,stability-verified-in-model
outputs/hou_time_refinement_v1,hou_time_refinement_v1,hou_time_refinement_v1/nr65/nz128/level_index=2/requested_dt=1.5e-07,65,128,level_index=2;requested_dt=1.5e-07,13900.0,0.0020849324596228036,1.4999514098001642e-07,0.0005,290.2736858161787,191.85216159176898,0.015625,0.0078125,0.00278653711531435,0.0036834421792356197,4.9150407796331785e-06,0.096,1.0,0.0,0.0,True,euler,1.000018001222528,-1.53588974175501,-1.4660765716752369,stability-verified-in-model
outputs/hou_time_refinement_v1,hou_time_refinement_v1,hou_time_refinement_v1/nr65/nz128/level_index=2/requested_dt=1.5e-07,65,128,level_index=2;requested_dt=1.5e-07,13925.0,0.0020886823381473063,1.4999514098001642e-07,0.0005,290.93909542295256,191.91709164250062,0.015625,0.0078125,0.0027929248406121103,0.0036846887958261266,4.9150407796331785e-06,0.096,1.0,0.0,0.0,True,euler,1.0000180504156235,-1.53588974175501,-1.4660765716752369,stability-verified-in-model
outputs/hou_time_refinement_v1,hou_time_refinement_v1,hou_time_refinement_v1/nr65/nz128/level_index=2/requested_dt=1.5e-07,65,128,level_index=2;requested_dt=1.5e-07,13950.0,0.002092432216671809,1.4999514098001642e-07,0.0005,291.58138073331463,191.9818881898747,0.015625,0.0078125,0.0027990905798554477,0.0036859328492352007,4.9150407796331785e-06,0.096,1.0,0.0,0.0,True,euler,1.0000180982163043,-1.53588974175501,-1.4660765716752369,stability-verified-in-model
outputs/hou_time_refinement_v1,hou_time_refinement_v1,hou_time_refinement_v1/nr65/nz128/level_index=2/requested_dt=1.5e-07,65,128,level_index=2;requested_dt=1.5e-07,13975.0,0.0020961820951963116,1.4999514098001642e-07,0.0005,292.19919908860055,192.04655053215023,0.015625,0.0078125,0.0028050214439387217,0.0036871743259898524,4.9150407796331785e-06,0.096,1.0,0.0,0.0,True,euler,1.000018144536147,-1.53588974175501,-1.4660765716752369,stability-verified-in-model
outputs/hou_time_refinement_v1,hou_time_refinement_v1,hou_time_refinement_v1/nr65/nz128/level_index=2/requested_dt=1.5e-07,65,128,level_index=2;requested_dt=1.5e-07,14000.0,0.0020999319737208142,1.4999514098001642e-07,0.0005,292.7911550751958,192.11107793840182,0.015625,0.0078125,0.002810704037325174,0.0036884132120567686,4.9150407796331785e-06,0.096,1.0,0.0,0.0,True,euler,1.0000181892832392,-1.53588974175501,-1.4660765716752369,stability-verified-in-model
outputs/hou_time_refinement_v1,hou_time_refinement_v1,hou_time_refinement_v1/nr65/nz128/level_index=2/requested_dt=1.5e-07,65,128,level_index=2;requested_dt=1.5e-07,14025.0,0.002103681852245317,1.4999514098001642e-07,0.0005,293.35579918172186,192.17546964894353,0.015625,0.0078125,0.0028161244451563364,0.0036896494928504516,4.9150407796331785e-06,0.096,1.0,0.0,0.0,True,euler,1.0000182323621112,-1.53588974175501,-1.4660765716752369,stability-verified-in-model
outputs/hou_time_refinement_v1,hou_time_refinement_v1,hou_time_refinement_v1/nr65/nz128/level_index=2/requested_dt=1.5e-07,65,128,level_index=2;requested_dt=1.5e-07,14050.0,0.0021074317307698195,1.4999514098001642e-07,0.0005,293.8916264855328,192.23972487576407,0.015625,0.0078125,0.002821268220642805,0.0036908831532415746,4.9150407796331785e-06,0.096,1.0,0.0,0.0,True,euler,1.000018273673672,-1.53588974175501,-1.4660765716752369,stability-verified-in-model
outputs/hou_time_refinement_v1,hou_time_refinement_v1,hou_time_refinement_v1/nr65/nz128/level_index=2/requested_dt=1.5e-07,65,128,level_index=2;requested_dt=1.5e-07,14075.0,0.002111181609294322,1.4999514098001642e-07,0.0005,294.39707537669926,192.30384280296698,0.015625,0.0078125,0.002826120372814882,0.0036921141775654335,4.9150407796331785e-06,0.096,1.0,0.0,0.0,True,euler,1.0000183131151514,-1.53588974175501,-1.4660765716752369,stability-verified-in-model
outputs/hou_time_refinement_v1,hou_time_refinement_v1,hou_time_refinement_v1/nr65/nz128/level_index=2/requested_dt=1.5e-07,65,128,level_index=2;requested_dt=1.5e-07,14100.0,0.002114931487818825,1.4999514098001642e-07,0.0005,294.8705263284529,192.36782258720424,0.015625,0.0078125,0.002830665354719228,0.0036933425496302706,4.9150407796331785e-06,0.096,1.0,0.0,0.0,True,euler,1.0000183505800488,-1.53588974175501,-1.4660765716752369,stability-verified-in-model
outputs/hou_time_refinement_v1,hou_time_refinement_v1,hou_time_refinement_v1/nr65/nz128/level_index=2/requested_dt=1.5e-07,65,128,level_index=2;requested_dt=1.5e-07,14125.0,0.0021186813663433275,1.4999514098001642e-07,0.0005,295.31030072389274,192.43166335810048,0.015625,0.0078125,0.0028348870521556057,0.0036945682527254197,4.9150407796331785e-06,0.096,1.0,0.0,0.0,True,euler,1.0000183859580904,-1.53588974175501,-1.4660765716752369,stability-verified-in-model
outputs/hou_time_refinement_v1,hou_time_refinement_v1,hou_time_refinement_v1/nr65/nz128/level_index=2/requested_dt=1.5e-07,65,128,level_index=2;requested_dt=1.5e-07,14150.0,0.00212243124486783,1.4999514098001642e-07,0.0005,295.7146597496299,192.49536421865406,0.015625,0.0078125,0.002838768773056213,0.003695791269629008,4.9150407796331785e-06,0.096,1.0,0.0,0.0,True,euler,1.000018419135195,-1.53588974175501,-1.4660765716752369,stability-verified-in-model
outputs/hou_time_refinement_v1,hou_time_refinement_v1,hou_time_refinement_v1/nr65/nz128/level_index=2/requested_dt=1.5e-07,65,128,level_index=2;requested_dt=1.5e-07,14175.0,0.002126181123392333,1.4999514098001642e-07,0.0005,296.0818033679651,192.55892424561023,0.015625,0.0078125,0.0028422932376189073,0.003697011582615118,4.9150407796331785e-06,0.096,1.0,0.0,0.0,True,euler,1.0000184499934497,-1.53588974175501,-1.4660765716752369,stability-verified-in-model
outputs/hou_time_refinement_v1,hou_time_refinement_v1,hou_time_refinement_v1/nr65/nz128/level_index=2/requested_dt=1.5e-07,65,128,level_index=2;requested_dt=1.5e-07,14200.0,0.0021299310019168355,1.4999514098001642e-07,0.0005,296.4098693801417,192.62234248979402,0.015625,0.0078125,0.0028454425693147265,0.0036982291734601806,4.9150407796331785e-06,0.096,1.0,0.0,0.0,True,euler,1.0000184784110968,-1.53588974175501,-1.4660765716752369,stability-verified-in-model
outputs/hou_time_refinement_v1,hou_time_refinement_v1,hou_time_refinement_v1/nr65/nz128/level_index=2/requested_dt=1.5e-07,65,128,level_index=2;requested_dt=1.5e-07,14225.0,0.002133680880441338,1.4999514098001642e-07,0.0005,296.69693259420734,192.68561797639666,0.015625,0.0078125,0.0028481982868996196,0.003699444023448474,4.9150407796331785e-06,0.096,1.0,0.0,0.0,True,euler,1.0000185042625351,-1.53588974175501,-1.4660765716752369,stability-verified-in-model
outputs/hou_time_refinement_v1,hou_time_refinement_v1,hou_time_refinement_v1/nr65/nz128/level_index=2/requested_dt=1.5e-07,65,128,level_index=2;requested_dt=1.5e-07,14250.0,0.0021374307589658408,1.4999514098001642e-07,0.0005,296.9410041120334,192.7496065834389,0.015625,0.0078125,0.0028505412975700535,0.003700672564905679,4.9150407796331785e-06,0.096,1.0,0.0,0.0,True,euler,1.0000185275251712,-1.53588974175501,-1.4660765716752369,stability-verified-in-model
outputs/hou_time_refinement_v1,hou_time_refinement_v1,hou_time_refinement_v1/nr65/nz128/level_index=2/requested_dt=1.5e-07,65,128,level_index=2;requested_dt=1.5e-07,14275.0,0.0021411806374903434,1.4999514098001642e-07,0.0005,297.1400307510835,192.82131883511278,0.015625,0.0078125,0.0028524518914121717,0.003702049395536056,4.9150407796331785e-06,0.096,1.0,0.0,0.0,True,euler,1.000018548940591,-1.53588974175501,-1.4660765716752369,stability-verified-in-model
outputs/hou_time_refinement_v1,hou_time_refinement_v1,hou_time_refinement_v1/nr65/nz128/level_index=2/requested_dt=1.5e-07,65,128,level_index=2;requested_dt=1.5e-07,14300.0,0.002144930516014846,1.4999514098001642e-07,0.0005,297.291894617582,192.89291578467746,0.015625,0.0078125,0.0028539097373043456,0.003703424012437649,4.9150407796331785e-06,0.096,1.0,0.0,0.0,True,euler,1.0000185673948603,-1.53588974175501,-1.4660765716752369,stability-verified-in-model
outputs/hou_time_refinement_v1,hou_time_refinement_v1,hou_time_refinement_v1/nr65/nz128/level_index=2/requested_dt=1.5e-07,65,128,level_index=2;requested_dt=1.5e-07,14325.0,0.0021486803945393487,1.4999514098001642e-07,0.0005,297.3944128488072,192.9643960518337,0.015625,0.0078125,0.0028548938804432667,0.0037047963891095703,4.9150407796331785e-06,0.096,1.0,0.0,0.0,True,euler,1.0000185827470265,-1.53588974175501,-1.4660765716752369,stability-verified-in-model
outputs/hou_time_refinement_v1,hou_time_refinement_v1,hou_time_refinement_v1/nr65/nz128/level_index=2/requested_dt=1.5e-07,65,128,level_index=2;requested_dt=1.5e-07,14350.0,0.0021524302730638514,1.4999514098001642e-07,0.0005,297.4453375432988,193.03575822924626,0.015625,0.0078125,0.0028553827416739636,0.00370616649853186,4.9150407796331785e-06,0.096,1.0,0.0,0.0,True,euler,1.0000185948525144,-1.53588974175501,-1.4660765716752369,stability-verified-in-model
outputs/hou_time_refinement_v1,hou_time_refinement_v1,hou_time_refinement_v1/nr65/nz128/level_index=2/requested_dt=1.5e-07,65,128,level_index=2;requested_dt=1.5e-07,14375.0,0.002156180151588354,1.4999514098001642e-07,0.0005,297.4423558988393,193.10700088229999,0.015625,0.0078125,0.002855354118814376,0.003707534313160799,4.9150407796331785e-06,0.096,1.0,0.0,0.0,True,euler,1.0000186035632328,-1.53588974175501,-1.4660765716752369,stability-verified-in-model
outputs/hou_time_refinement_v1,hou_time_refinement_v1,hou_time_refinement_v1/nr65/nz128/level_index=2/requested_dt=1.5e-07,65,128,level_index=2;requested_dt=1.5e-07,14400.0,0.0021599300301128567,1.4999514098001642e-07,0.0005,297.38309057909754,193.178122548729,0.015625,0.0078125,0.0028547851901750227,0.0037088998049217914,4.9150407796331785e-06,0.096,1.0,0.0,0.0,True,euler,1.0000186087277059,-1.53588974175501,-1.4660765716752369,stability-verified-in-model
outputs/hou_time_refinement_v1,hou_time_refinement_v1,hou_time_refinement_v1/nr65/nz128/level_index=2/requested_dt=1.5e-07,65,128,level_index=2;requested_dt=1.5e-07,14425.0,0.0021636799086373593,1.4999514098001642e-07,0.0005,297.2651003308315,193.24912173810685,0.015625,0.0078125,0.002853652520483955,0.003710262945199577,4.9150407796331785e-06,0.096,1.0,0.0,0.0,True,euler,1.0000186101912272,-1.53588974175501,-1.4660765716752369,stability-verified-in-model
outputs/hou_time_refinement_v1,hou_time_refinement_v1,hou_time_refinement_v1/nr65/nz128/level_index=2/requested_dt=1.5e-07,65,128,level_index=2;requested_dt=1.5e-07,14450.0,0.002167429787161862,1.4999514098001642e-07,0.0005,297.08588087448805,193.3199969311911,0.015625,0.0078125,0.002851932069436237,0.003711623704825645,4.9150407796331785e-06,0.096,1.0,0.0,0.0,True,euler,1.0000186077960442,-1.53588974175501,-1.4660765716752369,stability-verified-in-model
outputs/hou_time_refinement_v1,hou_time_refinement_v1,hou_time_refinement_v1/nr65/nz128/level_index=2/requested_dt=1.5e-07,65,128,level_index=2;requested_dt=1.5e-07,14475.0,0.0021711796656863646,1.4999514098001642e-07,0.0005,296.8428660919126,193.39074657911206,0.015625,0.0078125,0.002849599203095588,0.0037129820540626616,4.9150407796331785e-06,0.096,1.0,0.0,0.0,True,euler,1.0000186013815715,-1.53588974175501,-1.4660765716752369,stability-verified-in-model
outputs/hou_time_refinement_v1,hou_time_refinement_v1,hou_time_refinement_v1/nr65/nz128/level_index=2/requested_dt=1.5e-07,65,128,level_index=2;requested_dt=1.5e-07,14500.0,0.0021749295442108673,1.4999514098001642e-07,0.0005,296.5334295356602,193.4613691024007,0.015625,0.0078125,0.0028466287083833038,0.0037143379625858034,4.9150407796331785e-06,0.096,1.0,0.0,0.0,True,euler,1.000018590784633,-1.53588974175501,-1.4660765716752369,stability-verified-in-model
outputs/hou_time_refinement_v1,hou_time_refinement_v1,hou_time_refinement_v1/nr65/nz128/level_index=2/requested_dt=1.5e-07,65,128,level_index=2;requested_dt=1.5e-07,14525.0,0.00217867942273537,1.4999514098001642e-07,0.0005,296.1548862850598,193.5318628898457,0.015625,0.0078125,0.0028429948108958897,0.003715691399460815,4.9150407796331785e-06,0.096,1.0,0.0,0.0,True,euler,1.0000185758397417,-1.53588974175501,-1.4660765716752369,stability-verified-in-model
outputs/hou_time_refinement_v1,hou_time_refinement_v1,hou_time_refinement_v1/nr65/nz128/level_index=2/requested_dt=1.5e-07,65,128,level_index=2;requested_dt=1.5e-07,14550.0,0.0021824293012598726,1.4999514098001642e-07,0.0005,295.7044951747049,193.60222629717381,0.015625,0.0078125,0.0028386711962978847,0.0037170423331186727,4.9150407796331785e-06,0.096,1.0,0.0,0.0,True,euler,1.0000185563794108,-1.53588974175501,-1.4660765716752369,stability-verified-in-model
outputs/hou_time_refinement_v1,hou_time_refinement_v1,hou_time_refinement_v1/nr65/nz128/level_index=2/requested_dt=1.5e-07,65,128,level_index=2;requested_dt=1.5e-07,14575.0,0.0021861791797843752,1.4999514098001642e-07,0.0005,295.1794614213878,193.67245764554886,0.015625,0.0078125,0.0028336310355396087,0.0037183907313267663,4.9150407796331785e-06,0.096,1.0,0.0,0.0,True,euler,1.000018532234503,-1.53588974175501,-1.4660765716752369,stability-verified-in-model
outputs/hou_time_refinement_v1,hou_time_refinement_v1,hou_time_refinement_v1/nr65/nz128/level_index=2/requested_dt=1.5e-07,65,128,level_index=2;requested_dt=1.5e-07,14600.0,0.002189929058308878,1.4999514098001642e-07,0.0005,294.5769396756459,193.7425552198821,0.015625,0.0078125,0.0028278470141510593,0.0037197365611564585,4.9150407796331785e-06,0.096,1.0,0.0,0.0,True,euler,1.0000185032346183,-1.53588974175501,-1.4660765716752369,stability-verified-in-model
outputs/hou_time_refinement_v1,hou_time_refinement_v1,hou_time_refinement_v1/nr65/nz128/level_index=2/requested_dt=1.5e-07,65,128,level_index=2;requested_dt=1.5e-07,14612.0,0.002191729,1.4999514034086045e-07,0.0005,294.25935789188867,193.77615402571746,0.015625,0.0078125,0.0028247983157507406,0.0037203816214783593,4.915040758689316e-06,0.096,1.0,0.0,0.0,True,euler,1.0000184875397564,-1.53588974175501,-1.4660765716752369,stability-verified-in-model
